tract,no_vehicle_pct,sup_dist,csa,spa,ESRI_OID,Shape__Area,Shape__Length
06037101110,12.9,District 5,Los Angeles - Tujunga,SPA 2 - San Fernando,4842,12329806.21,14765.649
06037101122,0.7,District 5,Los Angeles - Tujunga,SPA 2 - San Fernando,4843,29088657.19,30028.21377
06037101220,5.4,District 5,Los Angeles - Tujunga,SPA 2 - San Fernando,4844,7532651.157,12504.55213
06037101221,14.8,District 5,Los Angeles - Tujunga,SPA 2 - San Fernando,4845,3874399.421,8938.421349
06037101222,21,District 5,Los Angeles - Tujunga,SPA 2 - San Fernando,4846,3090537.726,9750.96042
06037101300,2.6,District 5,Los Angeles - Tujunga,SPA 2 - San Fernando,4847,27694822.41,28700.87057
06037101400,14,District 5,Los Angeles - Tujunga,SPA 2 - San Fernando,4848,67867979.11,41887.33237
06037102103,10.2,District 5,Los Angeles - Sun Valley,SPA 2 - San Fernando,4849,12811195.38,16198.55183
06037102104,4.7,District 5,Los Angeles - Sun Valley,SPA 2 - San Fernando,4850,17933361.96,27118.70816
06037102105,1.3,District 5,Los Angeles - Sun Valley,SPA 2 - San Fernando,4851,5257057.125,9952.664202
06037102107,1.7,District 5,Los Angeles - Sunland,SPA 2 - San Fernando,4852,139121771.7,63442.65649
06037103101,2.4,District 5,Los Angeles - Sunland,SPA 2 - San Fernando,4853,21327764.94,24165.76692
06037103102,8.5,District 5,Los Angeles - Sunland,SPA 2 - San Fernando,4854,13323875.88,16273.24131
06037103201,12.5,District 5,Los Angeles - Sunland,SPA 2 - San Fernando,4855,21040409.23,18173.22396
06037103202,0,District 5,Los Angeles - Lakeview Terrace,SPA 2 - San Fernando,4856,51185007.79,44562.15066
06037103300,5.7,District 5,Los Angeles - Shadow Hills,SPA 2 - San Fernando,4857,66024681.05,37007.09802
06037103401,5,District 5,Los Angeles - Sunland,SPA 2 - San Fernando,4858,15045317.26,20208.48097
06037103402,1.5,District 5,Los Angeles - Sunland,SPA 2 - San Fernando,4859,11987350.84,14259.84716
06037104103,2,District 5,Los Angeles - Lakeview Terrace,SPA 2 - San Fernando,4860,10007491.69,12992.03731
06037104105,5.6,District 3,Los Angeles - Pacoima,SPA 2 - San Fernando,4861,6295469.401,11639.69689
06037104108,16.1,District 3,Los Angeles - Pacoima,SPA 2 - San Fernando,4862,11698537.27,18498.00494
06037104124,1.6,District 5,Unincorporated - Kagel/Lopez Canyons,SPA 2 - San Fernando,4863,47953358.18,37473.81413
06037104201,1,District 3,Los Angeles - Pacoima,SPA 2 - San Fernando,4864,11778994.4,14691.89725
06037104203,6.9,District 3,Los Angeles - Pacoima,SPA 2 - San Fernando,4865,7619758.298,11052.52665
06037104204,1.5,District 5,Los Angeles - Lakeview Terrace,SPA 2 - San Fernando,4866,28691700.75,29780.43111
06037104310,0.5,District 3,Los Angeles - Pacoima,SPA 2 - San Fernando,4867,16008672.98,19026.18369
06037104321,29.7,District 3,Los Angeles - Pacoima,SPA 2 - San Fernando,4868,5595372.672,10641.69763
06037104322,6.3,District 3,Los Angeles - Pacoima,SPA 2 - San Fernando,4869,7498677.063,14606.38334
06037104401,10,District 3,Los Angeles - Pacoima,SPA 2 - San Fernando,4870,7474268.694,12419.64432
06037104403,7.8,District 3,Los Angeles - Pacoima,SPA 2 - San Fernando,4871,7398381.782,16067.75816
06037104404,11.9,District 3,Los Angeles - Pacoima,SPA 2 - San Fernando,4872,5808075.994,10935.70719
06037104500,5.3,District 3,Los Angeles - Pacoima,SPA 2 - San Fernando,4873,5715318.893,11300.66448
06037104610,8.7,District 3,Los Angeles - Pacoima,SPA 2 - San Fernando,4874,6371675.476,11599.24179
06037104620,4.1,District 3,Los Angeles - Pacoima,SPA 2 - San Fernando,4875,5716579.417,11300.43604
06037104701,9.4,District 3,Los Angeles - Pacoima,SPA 2 - San Fernando,4876,5925369.99,11097.72724
06037104703,6.5,District 3,Los Angeles - Pacoima,SPA 2 - San Fernando,4877,12497379.48,15258.61299
06037104704,2.6,District 3,Los Angeles - Pacoima,SPA 2 - San Fernando,4878,17921965.63,16919.19649
06037104821,4.6,District 3,Los Angeles - Pacoima,SPA 2 - San Fernando,4879,5724316.278,11302.24063
06037104822,23.6,District 3,Los Angeles - Pacoima,SPA 2 - San Fernando,4880,6475210.704,13768.63873
06037104823,6.6,District 3,Los Angeles - Pacoima,SPA 2 - San Fernando,4881,5718934.258,11300.80232
06037104824,2.2,District 3,Los Angeles - Pacoima,SPA 2 - San Fernando,4882,6374083.489,11599.67794
06037106010,2.2,District 3,Los Angeles - Sylmar,SPA 2 - San Fernando,4883,27335436.66,23881.06548
06037106020,0,District 3,Los Angeles - Sylmar,SPA 2 - San Fernando,4884,21441404.4,22165.12784
06037106111,3.2,District 3,Los Angeles - Sylmar,SPA 2 - San Fernando,4885,29954716.93,27404.36261
06037106112,1.2,District 3,Los Angeles - Sylmar,SPA 2 - San Fernando,4886,34795935.41,48958.70633
06037106113,1.1,District 3,Los Angeles - Sylmar,SPA 2 - San Fernando,4887,15561539.03,19777.67377
06037106114,4.5,District 3,Los Angeles - Sylmar,SPA 2 - San Fernando,4888,10988107.55,17058.26613
06037106403,4.7,District 3,Los Angeles - Sylmar,SPA 2 - San Fernando,4889,11902775.6,14300.03873
06037106405,5,District 3,Los Angeles - Sylmar,SPA 2 - San Fernando,4890,12580823.13,14491.03906
06037106406,3.5,District 3,Los Angeles - Sylmar,SPA 2 - San Fernando,4891,21572409.72,20945.55233
06037106407,20.2,District 3,Los Angeles - Sylmar,SPA 2 - San Fernando,4892,2497837.99,6355.491211
06037106408,5.2,District 3,Los Angeles - Sylmar,SPA 2 - San Fernando,4893,2465520.919,6295.508312
06037106510,0.4,District 3,Los Angeles - Sylmar,SPA 2 - San Fernando,4894,62138891.18,36810.41741
06037106520,2,District 3,Los Angeles - Sylmar,SPA 2 - San Fernando,4895,23742776.98,19779.18918
06037106603,3.4,District 3,Los Angeles - Granada Hills,SPA 2 - San Fernando,4896,111070288.8,48129.24643
06037106604,6.2,District 3,Los Angeles - Sylmar,SPA 2 - San Fernando,4897,28109094.61,26134.1978
06037106641,5.8,District 3,Los Angeles - Granada Hills,SPA 2 - San Fernando,4898,12439769.27,18205.31843
06037106642,2.4,District 3,Los Angeles - Granada Hills,SPA 2 - San Fernando,4899,16922656.17,19793.7826
06037106643,4.1,District 3,Los Angeles - Granada Hills,SPA 2 - San Fernando,4900,46652067.06,31847.06604
06037106645,0,District 3,Los Angeles - Granada Hills,SPA 2 - San Fernando,4901,26946666.13,29643.97058
06037106646,6.6,District 3,Los Angeles - Granada Hills,SPA 2 - San Fernando,4902,16141372.48,23002.46204
06037106648,4.5,District 3,Los Angeles - Sylmar,SPA 2 - San Fernando,4903,8770048.66,12817.02777
06037106649,2,District 3,Los Angeles - Sylmar,SPA 2 - San Fernando,4904,11900113.87,19875.86876
06037107010,4.7,District 3,Los Angeles - Sylmar,SPA 2 - San Fernando,4905,7378650.451,12969.89638
06037107020,2.8,District 3,Los Angeles - Sylmar,SPA 2 - San Fernando,4906,10674902.78,14598.59404
06037108101,2.1,District 3,Los Angeles - Porter Ranch,SPA 2 - San Fernando,4907,12266855.57,14442.51737
06037108102,0.5,District 3,Los Angeles - Porter Ranch,SPA 2 - San Fernando,4908,23081371,18310.67394
06037108103,0.9,District 3,Los Angeles - Porter Ranch,SPA 2 - San Fernando,4909,27776643.05,35922.72608
06037108104,2.7,District 3,Los Angeles - Porter Ranch,SPA 2 - San Fernando,4910,9009471.142,14606.20621
06037108202,2.5,District 3,Los Angeles - Porter Ranch,SPA 2 - San Fernando,4911,64178248.46,35709.88314
06037108203,1.4,District 3,Los Angeles - Porter Ranch,SPA 2 - San Fernando,4912,14381515.49,16269.5127
06037108204,9.7,District 3,Los Angeles - Porter Ranch,SPA 2 - San Fernando,4913,16049102.46,21734.98786
06037125404,6.3,District 5,Los Angeles - North Hollywood,SPA 2 - San Fernando,4914,2465982.475,8590.474625
06037109100,17.6,District 3,Los Angeles - Mission Hills,SPA 2 - San Fernando,4915,29181021.1,26282.80403
06037109200,5.7,District 3,Los Angeles - Granada Hills,SPA 2 - San Fernando,4916,10956303.38,15922.32808
06037109300,4,District 3,Los Angeles - Granada Hills,SPA 2 - San Fernando,4917,13116617.8,17334.50857
06037109400,0.8,District 3,Los Angeles - Mission Hills,SPA 2 - San Fernando,4918,13685638.04,17525.93422
06037109500,2.3,District 3,Los Angeles - Mission Hills,SPA 2 - San Fernando,4919,12907395.88,20454.36251
06037109601,1.3,District 3,Los Angeles - Mission Hills,SPA 2 - San Fernando,4920,24327553.33,20047.86501
06037109603,1.9,District 3,Los Angeles - Mission Hills,SPA 2 - San Fernando,4921,10751151.08,13424.2797
06037109604,3.8,District 3,Los Angeles - Mission Hills,SPA 2 - San Fernando,4922,12653709.9,14351.5983
06037109700,3.7,District 3,Los Angeles - Granada Hills,SPA 2 - San Fernando,4923,17187332.43,17925.40263
06037109800,6.4,District 3,Los Angeles - North Hills,SPA 2 - San Fernando,4924,15020694.49,16573.98343
06037111100,3,District 3,Los Angeles - Granada Hills,SPA 2 - San Fernando,4925,11389460.57,13559.38417
06037111201,2.8,District 3,Los Angeles - Granada Hills,SPA 2 - San Fernando,4926,20422124.82,25160.05717
06037111202,7.3,District 3,Los Angeles - Granada Hills,SPA 2 - San Fernando,4927,20088990.96,20750.45952
06037111204,3.2,District 3,Los Angeles - Porter Ranch,SPA 2 - San Fernando,4928,35796838.01,25671.76214
06037111205,1.3,District 3,Los Angeles - Northridge,SPA 2 - San Fernando,4929,12510977.32,14704.34641
06037111206,3.4,District 3,Los Angeles - Porter Ranch,SPA 2 - San Fernando,4930,28254587.38,24017.99552
06037111302,8.5,District 3,Los Angeles - Northridge,SPA 2 - San Fernando,4931,16688621.92,17841.32572
06037111303,0.6,District 3,Los Angeles - Granada Hills,SPA 2 - San Fernando,4932,16839648.47,18128.37846
06037111304,5.6,District 3,Los Angeles - Granada Hills,SPA 2 - San Fernando,4933,4698362.545,8760.475771
06037111401,6,District 3,Los Angeles - North Hills,SPA 2 - San Fernando,4934,9088755.961,12350.69038
06037111402,20.7,District 3,Los Angeles - Granada Hills,SPA 2 - San Fernando,4935,10445291.08,13232.48319
06037113101,3.8,District 3,Los Angeles - Chatsworth,SPA 2 - San Fernando,4936,24470864.6,21320.4416
06037113102,2,District 3,Los Angeles - Chatsworth,SPA 2 - San Fernando,4937,39188167.32,24707.08243
06037113211,0.6,District 3,Los Angeles - Chatsworth,SPA 2 - San Fernando,4938,78523164.81,37624.86644
06037113212,3,District 3,Los Angeles - Chatsworth,SPA 2 - San Fernando,4939,10616259.82,14122.74479
06037113213,2.9,District 3,Los Angeles - Chatsworth,SPA 2 - San Fernando,4940,13967351.9,16838.92016
06037113231,3.1,District 3,Unincorporated - West Chatsworth,SPA 2 - San Fernando,4941,44809082.17,42106.62003
06037113232,1.2,District 3,Los Angeles - West Hills,SPA 2 - San Fernando,4942,22012355.67,23299.91358
06037113234,9.7,District 3,Los Angeles - Canoga Park,SPA 2 - San Fernando,4943,10966615.47,16773.9241
06037113235,2.5,District 3,Unincorporated - Lake Manor,SPA 2 - San Fernando,4944,14701757.33,28345.56872
06037113237,0.6,District 3,Los Angeles - Chatsworth,SPA 2 - San Fernando,4945,51197742.85,36157.59535
06037113238,3.7,District 3,Los Angeles - Canoga Park,SPA 2 - San Fernando,4946,7593954.897,10850.40387
06037113239,22.8,District 3,Los Angeles - Canoga Park,SPA 2 - San Fernando,4947,4738085.323,9738.977585
06037113301,8.7,District 3,Los Angeles - Northridge,SPA 2 - San Fernando,4948,24238364.24,22493.92837
06037113303,11.6,District 3,Los Angeles - Chatsworth,SPA 2 - San Fernando,4949,44020903.97,30964.71779
06037113322,6.7,District 3,Los Angeles - Chatsworth,SPA 2 - San Fernando,4950,19184402.54,20113.50464
06037113323,1.3,District 3,Los Angeles - Chatsworth,SPA 2 - San Fernando,4951,7772517.09,11011.51806
06037113324,2,District 3,Los Angeles - Chatsworth,SPA 2 - San Fernando,4952,3492130.756,7928.509102
06037113423,0.7,District 3,Los Angeles - Winnetka,SPA 2 - San Fernando,4953,7649753.998,11075.11342
06037113424,10.1,District 3,Los Angeles - Northridge,SPA 2 - San Fernando,4954,18738326.06,20657.64851
06037113425,5.8,District 3,Los Angeles - Canoga Park,SPA 2 - San Fernando,4955,3667047.218,7971.434526
06037113426,6.1,District 3,Los Angeles - Winnetka,SPA 2 - San Fernando,4956,20184714.21,21371.76088
06037113427,9.3,District 3,Los Angeles - Winnetka,SPA 2 - San Fernando,4957,2806211.801,9023.970781
06037113428,3,District 3,Los Angeles - Winnetka,SPA 2 - San Fernando,4958,13673423.43,15162.19034
06037115101,7.5,District 3,Los Angeles - Northridge,SPA 2 - San Fernando,4959,41812047.57,26388.35168
06037115103,0,District 3,Los Angeles - Northridge,SPA 2 - San Fernando,4960,16329320.55,22141.57499
06037115104,11.6,District 3,Los Angeles - Northridge,SPA 2 - San Fernando,4961,10987102.3,20179.61958
06037115202,3.9,District 3,Los Angeles - Northridge,SPA 2 - San Fernando,4962,18737607.28,18731.27431
06037115203,18.9,District 3,Los Angeles - Northridge,SPA 2 - San Fernando,4963,6509971.807,13182.09383
06037115204,5.4,District 3,Los Angeles - Northridge,SPA 2 - San Fernando,4964,8315380.188,12879.1262
06037115301,3.6,District 3,Los Angeles - Northridge,SPA 2 - San Fernando,4965,17666228.55,21836.1221
06037115302,5.5,District 3,Los Angeles - Northridge,SPA 2 - San Fernando,4966,9022175.252,12561.15885
06037115401,0.8,District 3,Los Angeles - Northridge,SPA 2 - San Fernando,4967,20506906.82,20433.09307
06037115403,4.2,District 3,Los Angeles - Northridge,SPA 2 - San Fernando,4968,7553347.384,11099.65801
06037115404,0.8,District 3,Los Angeles - Northridge,SPA 2 - San Fernando,4969,10269140.59,13011.35039
06037117101,1.9,District 3,Los Angeles - North Hills,SPA 2 - San Fernando,4970,8417799.516,11698.77861
06037117102,1.1,District 3,Los Angeles - North Hills,SPA 2 - San Fernando,4971,11085612.24,13712.40895
06037117201,13.5,District 3,Los Angeles - North Hills,SPA 2 - San Fernando,4972,8548198.588,13679.09814
06037117202,14.1,District 3,Los Angeles - North Hills,SPA 2 - San Fernando,4973,19495302.2,18086.12664
06037117301,3.7,District 3,Los Angeles - North Hills,SPA 2 - San Fernando,4974,14300314.57,16164.72326
06037117302,6.6,District 3,Los Angeles - Northridge,SPA 2 - San Fernando,4975,22083316.98,26163.4458
06037117303,0.6,District 3,Los Angeles - North Hills,SPA 2 - San Fernando,4976,19439671.83,18085.44918
06037117404,2,District 3,Los Angeles - North Hills,SPA 2 - San Fernando,4977,19003941.51,17700.65016
06037117405,7.9,District 3,Los Angeles - North Hills,SPA 2 - San Fernando,4978,2175619.733,5942.664158
06037117407,10.8,District 3,Los Angeles - North Hills,SPA 2 - San Fernando,4979,2148931.082,5890.476017
06037117408,7.7,District 3,Los Angeles - North Hills,SPA 2 - San Fernando,4980,4052405.316,8246.916226
06037117510,8.1,District 3,Los Angeles - North Hills,SPA 2 - San Fernando,4981,3630267.362,8174.741777
06037117520,11.7,District 3,Los Angeles - North Hills,SPA 2 - San Fernando,4982,3460512.1,7761.730093
06037117530,14.9,District 3,Los Angeles - North Hills,SPA 2 - San Fernando,4983,6033893.434,9945.462601
06037119001,5.5,District 3,Los Angeles - Arleta,SPA 2 - San Fernando,4984,11577313.02,13962.1321
06037119003,0,District 3,Los Angeles - Arleta,SPA 2 - San Fernando,4985,9152043.432,12877.01196
06037119004,14.6,District 3,Los Angeles - Arleta,SPA 2 - San Fernando,4986,9171707.169,12938.02035
06037119201,8.1,District 3,Los Angeles - Arleta,SPA 2 - San Fernando,4987,10255257.79,12946.54491
06037119202,4,District 3,Los Angeles - Arleta,SPA 2 - San Fernando,4988,10447385.45,16853.7463
06037119310,6.9,District 3,Los Angeles - Panorama City,SPA 2 - San Fernando,4989,4722462.245,10015.24943
06037119320,9,District 3,Los Angeles - Panorama City,SPA 2 - San Fernando,4990,5316856.909,9350.184752
06037119340,10.7,District 3,Los Angeles - Panorama City,SPA 2 - San Fernando,4991,1314702.023,4632.278682
06037134305,16,District 3,Los Angeles - Canoga Park,SPA 2 - San Fernando,4992,3847935.067,8097.008377
06037119341,11,District 3,Los Angeles - Panorama City,SPA 2 - San Fernando,4993,3525028.256,8359.247923
06037119342,5,District 3,Los Angeles - Panorama City,SPA 2 - San Fernando,4994,2358150.679,6104.943427
06037119400,0.9,District 3,Los Angeles - Arleta,SPA 2 - San Fernando,4995,12059419.3,14162.64371
06037119700,2.4,District 3,Los Angeles - Panorama City,SPA 2 - San Fernando,4996,14175400.05,20291.45782
06037119801,1.6,District 3,Los Angeles - Arleta,SPA 2 - San Fernando,4997,6592586.727,11988.36052
06037119802,2,District 3,Los Angeles - Arleta,SPA 2 - San Fernando,4998,6776188.169,12322.14787
06037119900,1,District 3,Los Angeles - Panorama City,SPA 2 - San Fernando,4999,11327616.82,14582.86762
06037120010,3.7,District 3,Los Angeles - Panorama City,SPA 2 - San Fernando,5000,6102212.857,10220.15775
06037120020,13.4,District 3,Los Angeles - Panorama City,SPA 2 - San Fernando,5001,5732451.138,12179.88556
06037120030,19.9,District 3,Los Angeles - Panorama City,SPA 2 - San Fernando,5002,4042047.867,8097.730164
06037120103,28.3,District 3,Los Angeles - Panorama City,SPA 2 - San Fernando,5003,1531762.03,5627.791275
06037120104,19.5,District 3,Los Angeles - Panorama City,SPA 2 - San Fernando,5004,4855892.523,10161.97132
06037120105,23.3,District 3,Los Angeles - Panorama City,SPA 2 - San Fernando,5005,5888904.732,15689.31436
06037120106,14.1,District 3,Los Angeles - Panorama City,SPA 2 - San Fernando,5006,2207511.566,6070.970861
06037120107,12.7,District 3,Los Angeles - Panorama City,SPA 2 - San Fernando,5007,2219500.237,6074.748534
06037120108,6.7,District 3,Los Angeles - Panorama City,SPA 2 - San Fernando,5008,4153196.155,8437.982894
06037120300,8.6,District 3,Los Angeles - Panorama City,SPA 2 - San Fernando,5009,18625291.36,18461.26126
06037120400,12.1,District 3,Los Angeles - Panorama City,SPA 2 - San Fernando,5010,11342990.48,17252.73188
06037121010,5.6,District 3,Los Angeles - Sun Valley,SPA 2 - San Fernando,5011,21938724.67,19439.94947
06037121020,7.4,District 3,Los Angeles - North Hollywood,SPA 2 - San Fernando,5012,8862824.786,13123.59415
06037121101,6.1,District 5,Los Angeles - Sun Valley,SPA 2 - San Fernando,5013,5017307.981,10718.79019
06037121102,4.5,District 5,Los Angeles - Sun Valley,SPA 2 - San Fernando,5014,81202249.67,37430.51872
06037121210,9.3,District 3,Los Angeles - Sun Valley,SPA 2 - San Fernando,5015,21747744.59,18363.61001
06037121221,6,District 3,Los Angeles - Sun Valley,SPA 2 - San Fernando,5016,5368645.641,11031.14633
06037121222,10.6,District 3,Los Angeles - Sun Valley,SPA 2 - San Fernando,5017,14360591.98,18205.72883
06037121600,5.3,District 3,Los Angeles - North Hollywood,SPA 2 - San Fernando,5018,12226265.65,16319.34645
06037121801,8.1,District 3,Los Angeles - North Hollywood,SPA 2 - San Fernando,5019,5227906.449,10560.21305
06037121802,10.9,District 3,Los Angeles - North Hollywood,SPA 2 - San Fernando,5020,10313355.24,14870.69408
06037121900,0,District 3,Los Angeles - Sun Valley,SPA 2 - San Fernando,5021,18151567.54,20085.67411
06037122000,6,District 3,Los Angeles - North Hollywood,SPA 2 - San Fernando,5022,35127759.93,30433.99308
06037122120,5.5,District 3,Los Angeles - Sun Valley,SPA 2 - San Fernando,5023,7747526.699,13223.72533
06037122121,4.2,District 3,Los Angeles - Sun Valley,SPA 2 - San Fernando,5024,4433690.193,11866.00721
06037122122,8.3,District 3,Los Angeles - Sun Valley,SPA 2 - San Fernando,5025,11169110.21,15319.43212
06037122200,5.7,District 5,Los Angeles - Sun Valley,SPA 2 - San Fernando,5026,18360451.81,19414.81346
06037122410,9.6,District 3,Los Angeles - North Hollywood,SPA 2 - San Fernando,5027,7614170.008,11116.67676
06037122420,7.5,District 3,Los Angeles - North Hollywood,SPA 2 - San Fernando,5028,9284627.349,12386.80263
06037123010,5.8,District 3,Los Angeles - Sun Valley,SPA 2 - San Fernando,5029,10934072.27,13636.39262
06037123020,3.6,District 3,Los Angeles - Sun Valley,SPA 2 - San Fernando,5030,6044749.938,9824.427487
06037123103,5.6,District 5,Los Angeles - North Hollywood,SPA 2 - San Fernando,5031,9700340.048,13343.62713
06037123104,10.8,District 5,Los Angeles - North Hollywood,SPA 2 - San Fernando,5032,8398918.358,11502.42116
06037123203,5.3,District 3,Los Angeles - North Hollywood,SPA 2 - San Fernando,5033,6324973.649,12755.87253
06037123204,4.1,District 3,Los Angeles - North Hollywood,SPA 2 - San Fernando,5034,3489441.034,7926.034363
06037123205,5,District 3,Los Angeles - North Hollywood,SPA 2 - San Fernando,5035,8155803.27,11532.58669
06037123206,13,District 3,Los Angeles - North Hollywood,SPA 2 - San Fernando,5036,6488814.033,10269.80692
06037123301,7.9,District 3,Los Angeles - North Hollywood,SPA 2 - San Fernando,5037,14044397.72,17672.23487
06037123303,4.3,District 3,Los Angeles - North Hollywood,SPA 2 - San Fernando,5038,6799869.66,13016.25167
06037123304,20.8,District 3,Los Angeles - North Hollywood,SPA 2 - San Fernando,5039,9447370.322,13402.34955
06037123410,13.9,District 3,Los Angeles - North Hollywood,SPA 2 - San Fernando,5040,5327906.847,9495.326607
06037123420,13.2,District 3,Los Angeles - Valley Glen,SPA 2 - San Fernando,5041,8476029.851,14726.85717
06037123510,15.2,District 3,Los Angeles - Van Nuys,SPA 2 - San Fernando,5042,8603575.376,12258.47996
06037123520,1.8,District 3,Los Angeles - Valley Glen,SPA 2 - San Fernando,5043,5504854.454,12484.65911
06037123601,9.6,District 3,Los Angeles - Valley Glen,SPA 2 - San Fernando,5044,16517551.72,18181.93275
06037123602,12.3,District 3,Los Angeles - Valley Glen,SPA 2 - San Fernando,5045,9916166.487,14181.49642
06037123700,16.5,District 3,Los Angeles - North Hollywood,SPA 2 - San Fernando,5046,10250517,13103.93224
06037123800,7.9,District 3,Los Angeles - North Hollywood,SPA 2 - San Fernando,5047,13919787.92,17428.70676
06037123901,1.9,District 3,Los Angeles - North Hollywood,SPA 2 - San Fernando,5048,13875662.38,15019.32018
06037123902,4.2,District 5,Los Angeles - North Hollywood,SPA 2 - San Fernando,5049,7141609.658,11686.01327
06037124000,10.6,District 5,Los Angeles - Valley Village,SPA 2 - San Fernando,5050,14496033.26,16685.90943
06037124102,3.2,District 5,Los Angeles - North Hollywood,SPA 2 - San Fernando,5051,6987058.818,10573.06068
06037124103,7.9,District 3,Los Angeles - North Hollywood,SPA 2 - San Fernando,5052,3486434.334,7921.975436
06037124104,11,District 5,Los Angeles - North Hollywood,SPA 2 - San Fernando,5053,3492293.159,7927.116402
06037124105,9.8,District 5,Los Angeles - North Hollywood,SPA 2 - San Fernando,5054,3493092.95,7929.038325
06037124201,7.3,District 5,Los Angeles - North Hollywood,SPA 2 - San Fernando,5055,10468066.33,13209.63681
06037124203,9.1,District 5,Los Angeles - North Hollywood,SPA 2 - San Fernando,5056,3490837.555,7927.097669
06037124204,4.6,District 5,Los Angeles - North Hollywood,SPA 2 - San Fernando,5057,3491071.053,7925.261391
06037124300,9,District 5,Los Angeles - North Hollywood,SPA 2 - San Fernando,5058,9590084.12,12560.9068
06037124400,7.8,District 3,Los Angeles - North Hollywood,SPA 2 - San Fernando,5059,10416361.87,13080.23848
06037124500,7.8,District 3,Los Angeles - Sherman Oaks,SPA 2 - San Fernando,5060,8816160.092,14044.06444
06037124600,4.7,District 3,Los Angeles - Sherman Oaks,SPA 2 - San Fernando,5061,12032142.83,14288.9998
06037124700,6.1,District 3,Los Angeles - Sherman Oaks,SPA 2 - San Fernando,5062,14717341.71,17847.45168
06037124902,14.6,District 5,Los Angeles - Valley Village,SPA 2 - San Fernando,5063,3655267.716,8060.471781
06037124903,9.1,District 5,Los Angeles - Valley Village,SPA 2 - San Fernando,5064,3341025.856,7810.203187
06037125101,3.1,District 5,Los Angeles - Valley Village,SPA 2 - San Fernando,5065,6993775.369,10577.59141
06037125102,7.6,District 5,Los Angeles - Valley Village,SPA 2 - San Fernando,5066,6983782.579,10570.90317
06037125200,6.1,District 5,Los Angeles - Valley Village,SPA 2 - San Fernando,5067,14025049.87,15858.56
06037125310,6.2,District 5,Los Angeles - North Hollywood,SPA 2 - San Fernando,5068,11345427,19246.44543
06037125321,5.5,District 5,Los Angeles - North Hollywood,SPA 2 - San Fernando,5069,2794430.714,6880.716989
06037125322,28.3,District 5,Los Angeles - North Hollywood,SPA 2 - San Fernando,5070,4016692.221,8863.494638
06037143605,4.5,District 5,Los Angeles - North Hollywood,SPA 2 - San Fernando,5071,3482450.308,8221.098886
06037125402,3.7,District 5,Los Angeles - North Hollywood,SPA 2 - San Fernando,5072,7870336.813,11261.8644
06037125403,7.5,District 5,Los Angeles - North Hollywood,SPA 2 - San Fernando,5073,1812286.288,6036.392693
06037125501,7.6,District 5,Los Angeles - North Hollywood,SPA 2 - San Fernando,5074,4997337.829,9227.596439
06037125502,9,District 5,Los Angeles - Toluca Lake,SPA 2 - San Fernando,5075,5667867.689,9620.832664
06037125600,2.7,District 5,Los Angeles - Toluca Woods,SPA 2 - San Fernando,5076,10980245.72,14762.51436
06037127102,3.6,District 3,Los Angeles - Van Nuys,SPA 2 - San Fernando,5077,9245400.714,12295.99978
06037127103,8.1,District 3,Los Angeles - Van Nuys,SPA 2 - San Fernando,5078,3094236.278,7528.845238
06037127104,4.1,District 3,Los Angeles - Van Nuys,SPA 2 - San Fernando,5079,7664571.445,11264.99525
06037127210,13.9,District 3,Los Angeles - Van Nuys,SPA 2 - San Fernando,5080,16562017.96,19659.82976
06037127220,17.7,District 3,Los Angeles - Van Nuys,SPA 2 - San Fernando,5081,7041150.375,10593.44981
06037127300,7.8,District 3,Los Angeles - Van Nuys,SPA 2 - San Fernando,5082,11463045.17,15054.07152
06037127400,13.8,District 3,Los Angeles - Van Nuys,SPA 2 - San Fernando,5083,23325864,25020.89356
06037127520,21.4,District 3,Los Angeles - Van Nuys,SPA 2 - San Fernando,5084,3908348.791,7974.717137
06037127603,10,District 3,Los Angeles - Lake Balboa,SPA 2 - San Fernando,5085,4663222.818,9720.505977
06037127604,12.9,District 3,Los Angeles - Lake Balboa,SPA 2 - San Fernando,5086,4661902.935,9870.072153
06037127605,16.7,District 3,Los Angeles - Lake Balboa,SPA 2 - San Fernando,5087,6980882.938,10568.6403
06037127606,2.3,District 3,Los Angeles - Lake Balboa,SPA 2 - San Fernando,5088,5874677.684,9732.358575
06037127711,0,District 3,Los Angeles - Van Nuys,SPA 2 - San Fernando,5089,10174730.46,13541.69011
06037127712,11.8,District 3,Los Angeles - Van Nuys,SPA 2 - San Fernando,5090,6130171.129,9823.678174
06037127803,16.3,District 3,Los Angeles - Van Nuys,SPA 2 - San Fernando,5091,6890571.521,10517.37976
06037127804,7,District 3,Los Angeles - Van Nuys,SPA 2 - San Fernando,5092,6868927.561,10483.5683
06037127805,15.1,District 3,Los Angeles - Van Nuys,SPA 2 - San Fernando,5093,6614220.419,13204.82627
06037127806,9.3,District 3,Los Angeles - Van Nuys,SPA 2 - San Fernando,5094,7353268.59,13484.5339
06037127910,15.3,District 3,Los Angeles - Van Nuys,SPA 2 - San Fernando,5095,6989137.45,10580.19862
06037127920,6.2,District 3,Los Angeles - Van Nuys,SPA 2 - San Fernando,5096,6982341.024,10569.20605
06037128101,6.7,District 3,Los Angeles - Valley Glen,SPA 2 - San Fernando,5097,6984145.009,10570.7572
06037128102,11,District 3,Los Angeles - Van Nuys,SPA 2 - San Fernando,5098,6983390.891,10570.69664
06037128210,12.8,District 3,Los Angeles - Van Nuys,SPA 2 - San Fernando,5099,5919213.022,9764.437397
06037128220,13.4,District 3,Los Angeles - Valley Glen,SPA 2 - San Fernando,5100,5997641.554,10037.13321
06037128302,11.7,District 3,Los Angeles - Van Nuys,SPA 2 - San Fernando,5101,7414446.906,12437.52393
06037128303,11.1,District 3,Los Angeles - Van Nuys,SPA 2 - San Fernando,5102,4455088.683,9765.85863
06037128400,1.8,District 3,Los Angeles - Sherman Oaks,SPA 2 - San Fernando,5103,18646159.85,22560.5559
06037128500,9.5,District 3,Los Angeles - Sherman Oaks,SPA 2 - San Fernando,5104,10467036.72,13208.37044
06037128601,9,District 3,Los Angeles - Sherman Oaks,SPA 2 - San Fernando,5105,7321239.762,13837.70789
06037128602,4.2,District 3,Los Angeles - Sherman Oaks,SPA 2 - San Fernando,5106,12209123.11,14527.21347
06037128703,3.4,District 3,Los Angeles - Sherman Oaks,SPA 2 - San Fernando,5107,8810829.062,11742.44811
06037128704,4.1,District 3,Los Angeles - Sherman Oaks,SPA 2 - San Fernando,5108,8972420.952,12103.18724
06037128801,1.2,District 3,Los Angeles - Sherman Oaks,SPA 2 - San Fernando,5109,5203157.265,9434.476581
06037128802,11.1,District 3,Los Angeles - Sherman Oaks,SPA 2 - San Fernando,5110,10467798.97,13207.67592
06037128910,1,District 3,Los Angeles - Sherman Oaks,SPA 2 - San Fernando,5111,14370378.17,17392.25709
06037131021,22.2,District 3,Los Angeles - Reseda,SPA 2 - San Fernando,5112,6073826.876,10587.13653
06037131022,5.6,District 3,Los Angeles - Reseda,SPA 2 - San Fernando,5113,5429101.015,10053.97233
06037131023,0,District 3,Los Angeles - Reseda,SPA 2 - San Fernando,5114,6331632.888,10094.99011
06037131024,4.3,District 3,Los Angeles - Reseda,SPA 2 - San Fernando,5115,9118250.623,12239.29269
06037131100,3.2,District 3,Los Angeles - Lake Balboa,SPA 2 - San Fernando,5116,11864796.79,14173.5117
06037131200,7,District 3,Los Angeles - Northridge,SPA 2 - San Fernando,5117,12145468.08,14480.98997
06037131300,6.1,District 3,Los Angeles - Reseda,SPA 2 - San Fernando,5118,12032453.03,14396.22511
06037131400,5.8,District 3,Los Angeles - Reseda,SPA 2 - San Fernando,5119,11915892.79,14307.22044
06037131600,1.5,District 3,Los Angeles - Reseda Ranch,SPA 2 - San Fernando,5120,23559471.76,19403.91291
06037131701,2.7,District 3,Los Angeles - Reseda,SPA 2 - San Fernando,5121,7099637.321,10658.47859
06037131702,2.7,District 3,Los Angeles - Reseda,SPA 2 - San Fernando,5122,7771595.112,11154.73156
06037131801,18.1,District 3,Los Angeles - Reseda,SPA 2 - San Fernando,5123,7063739.493,10631.43453
06037131802,0.9,District 3,Los Angeles - Reseda,SPA 2 - San Fernando,5124,7096069.907,10655.79818
06037131900,0,District 3,Los Angeles - Lake Balboa,SPA 2 - San Fernando,5125,14187245.79,15934.64848
06037132001,8.4,District 3,Los Angeles - Lake Balboa,SPA 2 - San Fernando,5126,10424529.96,13176.72264
06037132002,1.8,District 3,Los Angeles - Lake Balboa,SPA 2 - San Fernando,5127,17223436.46,21045.82543
06037132101,6.5,District 3,Los Angeles - Lake Balboa,SPA 2 - San Fernando,5128,8723771.464,11887.88208
06037132102,8.6,District 3,Los Angeles - Lake Balboa,SPA 2 - San Fernando,5129,14599728,18690.00079
06037132301,18.6,District 3,Los Angeles - Reseda,SPA 2 - San Fernando,5130,6792462.154,13144.34005
06037132302,0,District 3,Los Angeles - Reseda,SPA 2 - San Fernando,5131,6970676.296,13199.8556
06037132501,1.6,District 3,Los Angeles - Reseda,SPA 2 - San Fernando,5132,7580198.861,11007.91465
06037132502,10.9,District 3,Los Angeles - Reseda,SPA 2 - San Fernando,5133,6813829.428,10928.75898
06037132700,9.7,District 3,Los Angeles - Reseda,SPA 2 - San Fernando,5134,14206216.03,15685.49385
06037132900,7,District 3,Los Angeles - Reseda,SPA 2 - San Fernando,5135,12974677.75,18087.08909
06037133000,4.6,District 3,Los Angeles - Reseda,SPA 2 - San Fernando,5136,10838546.63,14143.60246
06037133101,4.6,District 3,Los Angeles - Reseda,SPA 2 - San Fernando,5137,7116624.658,10968.55967
06037133102,20,District 3,Los Angeles - Reseda,SPA 2 - San Fernando,5138,9208922.936,12060.50903
06037134001,5.6,District 3,Los Angeles - Canoga Park,SPA 2 - San Fernando,5139,6275474.118,12140.54872
06037134002,11.1,District 3,Los Angeles - Winnetka,SPA 2 - San Fernando,5140,8228881.407,13601.04237
06037134101,3.4,District 3,Los Angeles - Winnetka,SPA 2 - San Fernando,5141,11471143.34,13966.12306
06037134103,14,District 3,Los Angeles - Winnetka,SPA 2 - San Fernando,5142,11265887.63,17398.49112
06037134104,6.2,District 3,Los Angeles - Winnetka,SPA 2 - San Fernando,5143,6973918.341,10562.54372
06037134201,1.5,District 3,Los Angeles - Canoga Park,SPA 2 - San Fernando,5144,15828437.05,16417.64749
06037134302,11.4,District 3,Los Angeles - West Hills,SPA 2 - San Fernando,5145,14067419.67,15258.57276
06037134303,4,District 3,Los Angeles - Canoga Park,SPA 2 - San Fernando,5146,17073583.52,17156.56986
06037134304,6.1,District 3,Los Angeles - Canoga Park,SPA 2 - San Fernando,5147,10983003.27,13572.09121
06037134306,5.5,District 3,Los Angeles - Canoga Park,SPA 2 - San Fernando,5148,6671214.886,10337.39906
06037134421,0.8,District 3,Los Angeles - West Hills,SPA 2 - San Fernando,5149,23249694.05,19067.91781
06037134422,4.5,District 3,Los Angeles - West Hills,SPA 2 - San Fernando,5150,25041439.53,25361.69915
06037134423,19.9,District 3,Los Angeles - West Hills,SPA 2 - San Fernando,5151,16881769.4,18387.03279
06037134424,1.3,District 3,Los Angeles - West Hills,SPA 2 - San Fernando,5152,39659478.9,27004.58348
06037134520,17.6,District 3,Los Angeles - Canoga Park,SPA 2 - San Fernando,5153,10410714.69,13162.39725
06037134521,14.8,District 3,Los Angeles - Canoga Park,SPA 2 - San Fernando,5154,3797111.131,8182.967078
06037134522,13.3,District 3,Los Angeles - Canoga Park,SPA 2 - San Fernando,5155,6612044.559,10272.33889
06037134710,10.9,District 3,Los Angeles - Winnetka,SPA 2 - San Fernando,5156,6140959.56,9944.670079
06037134720,3.4,District 3,Los Angeles - Winnetka,SPA 2 - San Fernando,5157,10651197.93,13301.2921
06037134801,1.5,District 3,Los Angeles - Winnetka,SPA 2 - San Fernando,5158,9864936.81,12990.93721
06037134802,8,District 3,Los Angeles - Winnetka,SPA 2 - San Fernando,5159,10211080.88,12881.79142
06037134901,0.9,District 3,Los Angeles - Reseda,SPA 2 - San Fernando,5160,11386617.93,15163.5502
06037134904,4.7,District 3,Los Angeles - Winnetka,SPA 2 - San Fernando,5161,11172450.51,15663.03857
06037134905,2,District 3,Los Angeles - Woodland Hills,SPA 2 - San Fernando,5162,27819995.77,21977.53671
06037134906,5.4,District 3,Los Angeles - Canoga Park,SPA 2 - San Fernando,5163,1885234.134,7329.200328
06037134907,4.6,District 3,Los Angeles - Canoga Park,SPA 2 - San Fernando,5164,4216468.501,9405.279276
06037135102,3.1,District 3,Los Angeles - West Hills,SPA 2 - San Fernando,5165,17942127.31,18910.38555
06037135111,2.3,District 3,Los Angeles - Canoga Park,SPA 2 - San Fernando,5166,11197069.84,13433.34376
06037135113,6,District 3,Los Angeles - Woodland Hills,SPA 2 - San Fernando,5167,6904515.109,13067.29568
06037135115,9.1,District 3,Los Angeles - Woodland Hills,SPA 2 - San Fernando,5168,3603924.267,8171.351269
06037135116,16.2,District 3,Los Angeles - Canoga Park,SPA 2 - San Fernando,5169,10079214.47,13024.322
06037135201,6.1,District 3,Los Angeles - West Hills,SPA 2 - San Fernando,5170,16462038.76,18522.88826
06037135202,3.7,District 3,Los Angeles - West Hills,SPA 2 - San Fernando,5171,18984751.79,17789.15032
06037135204,0,District 3,Los Angeles - West Hills,SPA 2 - San Fernando,5172,19985579.96,18644.50114
06037135205,0,District 3,Los Angeles - West Hills,SPA 2 - San Fernando,5173,28614430.72,24462.09198
06037137000,1.6,District 3,Los Angeles - Woodland Hills,SPA 2 - San Fernando,5174,32554692.44,32427.83493
06037137103,2,District 3,Los Angeles - Woodland Hills,SPA 2 - San Fernando,5175,8198246.758,11739.7151
06037137104,1.4,District 3,Los Angeles - Woodland Hills,SPA 2 - San Fernando,5176,27545341.39,23292.56286
06037137202,16.9,District 3,Los Angeles - Woodland Hills,SPA 2 - San Fernando,5177,9423331.616,12952.78139
06037137203,6.4,District 3,Los Angeles - Woodland Hills,SPA 2 - San Fernando,5178,12090783.22,14492.16273
06037137301,0,District 3,Los Angeles - Woodland Hills,SPA 2 - San Fernando,5179,17235208.66,20112.81993
06037137302,2.6,District 3,Los Angeles - Woodland Hills,SPA 2 - San Fernando,5180,26225229.58,24375.07221
06037137401,2.4,District 3,Los Angeles - Woodland Hills,SPA 2 - San Fernando,5181,25691208.69,25174.11578
06037137402,6.3,District 3,Los Angeles - Woodland Hills,SPA 2 - San Fernando,5182,32986560.42,29618.65097
06037137501,5.1,District 3,Los Angeles - Woodland Hills,SPA 2 - San Fernando,5183,26943805.37,23995.96587
06037137502,6.9,District 3,Los Angeles - Woodland Hills,SPA 2 - San Fernando,5184,22636838.43,19152.2936
06037137504,3.3,District 3,Los Angeles - Woodland Hills,SPA 2 - San Fernando,5185,41277317.39,32298.32411
06037138000,0.5,District 3,Los Angeles - Woodland Hills,SPA 2 - San Fernando,5186,48095974.48,30901.33393
06037139001,1,District 3,Los Angeles - Encino,SPA 2 - San Fernando,5187,13388296.33,17664.23624
06037139200,3.6,District 3,Los Angeles - Encino,SPA 2 - San Fernando,5188,12294728.53,13946.33515
06037139301,4.1,District 3,Los Angeles - Tarzana,SPA 2 - San Fernando,5189,30973940.17,26880.7375
06037139302,9,District 3,Los Angeles - Tarzana,SPA 2 - San Fernando,5190,3643952.748,7958.201291
06037139303,18.2,District 3,Los Angeles - Tarzana,SPA 2 - San Fernando,5191,4472695.75,9037.012898
06037139401,17.9,District 3,Los Angeles - Tarzana,SPA 2 - San Fernando,5192,9822149.369,12394.07897
06037139402,1.1,District 3,Los Angeles - Tarzana,SPA 2 - San Fernando,5193,26588044.46,28064.69665
06037139502,6,District 3,Los Angeles - Tarzana,SPA 2 - San Fernando,5194,11171287.45,16552.00742
06037139504,10.4,District 3,Los Angeles - Encino,SPA 2 - San Fernando,5195,3106946.718,8097.412067
06037139505,23.7,District 3,Los Angeles - Encino,SPA 2 - San Fernando,5196,1814371.677,6640.63266
06037139506,2.8,District 3,Los Angeles - Encino,SPA 2 - San Fernando,5197,1968980.279,6279.635363
06037139600,4.5,District 3,Los Angeles - Encino,SPA 2 - San Fernando,5198,26655855.39,20667.28013
06037139701,4.9,District 3,Los Angeles - Encino,SPA 2 - San Fernando,5199,36516758.75,32246.64294
06037139703,0.9,District 3,Los Angeles - Encino,SPA 2 - San Fernando,5200,51244719.32,39235.64302
06037139704,5.1,District 3,Los Angeles - Encino,SPA 2 - San Fernando,5201,68275860.85,41927.11056
06037139705,5.5,District 3,Los Angeles - Encino,SPA 2 - San Fernando,5202,32444079.01,36767.39904
06037139801,0.7,District 3,Los Angeles - Tarzana,SPA 2 - San Fernando,5203,39346808.13,27312.58857
06037139802,0,District 3,Los Angeles - Tarzana,SPA 2 - San Fernando,5204,64925677.7,45122.63576
06037141101,4.2,District 3,Los Angeles - Sherman Oaks,SPA 2 - San Fernando,5205,8194002.02,11726.8578
06037141102,5.3,District 3,Los Angeles - Sherman Oaks,SPA 2 - San Fernando,5206,8406401.581,15222.01258
06037141201,2.6,District 3,Los Angeles - Sherman Oaks,SPA 2 - San Fernando,5207,7585711.695,12063.51122
06037141202,1.1,District 3,Los Angeles - Sherman Oaks,SPA 2 - San Fernando,5208,7587090.263,12201.35271
06037141303,11.2,District 3,Los Angeles - Sherman Oaks,SPA 2 - San Fernando,5209,2866072.503,7091.738231
06037141304,13,District 3,Los Angeles - Sherman Oaks,SPA 2 - San Fernando,5210,7478128.125,13831.64263
06037141305,4.8,District 3,Los Angeles - Sherman Oaks,SPA 2 - San Fernando,5211,7457784.32,11405.72858
06037141306,8.7,District 3,Los Angeles - Sherman Oaks,SPA 2 - San Fernando,5212,6502251.449,12090.48545
06037141400,13.1,District 3,Los Angeles - Encino,SPA 2 - San Fernando,5213,21282997.5,19138.27033
06037141500,1,District 3,Los Angeles - Encino,SPA 2 - San Fernando,5214,35511126.74,30210.22232
06037141600,2.2,District 3,Los Angeles - Sherman Oaks,SPA 2 - San Fernando,5215,41998689.63,36002.18905
06037141700,1.6,District 3,Los Angeles - Sherman Oaks,SPA 2 - San Fernando,5216,34863214.77,29123.88617
06037143101,13.1,District 5,Los Angeles - Toluca Lake,SPA 2 - San Fernando,5217,14595691.84,18180.6488
06037143102,1.1,District 5,Los Angeles - Toluca Lake,SPA 2 - San Fernando,5218,4280402.778,8421.727244
06037143200,4.2,District 5,Los Angeles - North Hollywood,SPA 2 - San Fernando,5219,10324169.99,13964.44121
06037143301,2.2,District 5,Los Angeles - Valley Village,SPA 2 - San Fernando,5220,6228281.801,13101.89727
06037143302,0.7,District 5,Los Angeles - Studio City,SPA 2 - San Fernando,5221,11156481.32,16033.24838
06037143401,16.1,District 3,Los Angeles - Sherman Oaks,SPA 2 - San Fernando,5222,11925260.32,14981.47504
06037143402,3.8,District 5,Los Angeles - Sherman Oaks,SPA 2 - San Fernando,5223,6976385.061,10582.34133
06037143500,3.4,District 3,Los Angeles - Sherman Oaks,SPA 2 - San Fernando,5224,13476236.59,18716.48939
06037143602,2.6,District 5,Los Angeles - Studio City,SPA 2 - San Fernando,5225,13047969.45,16639.81672
06037143603,1.9,District 5,Los Angeles - Studio City,SPA 2 - San Fernando,5226,5679363.895,13393.07042
06037143606,3.2,District 5,Los Angeles - Studio City,SPA 2 - San Fernando,5227,2705570.305,12274.68381
06037143700,0.5,District 5,Los Angeles - Hollywood Hills,SPA 2 - San Fernando,5228,35796201.25,32454.4531
06037143801,5,District 5,Los Angeles - Studio City,SPA 2 - San Fernando,5229,15629506.65,19473.10636
06037143802,7.8,District 5,Los Angeles - Studio City,SPA 2 - San Fernando,5230,12161826.96,27489.08716
06037143901,2.9,District 3,Los Angeles - Studio City,SPA 2 - San Fernando,5231,56865348.74,39622.36072
06037143902,3.7,District 3,Los Angeles - Sherman Oaks,SPA 2 - San Fernando,5232,27090992.14,30930.32547
06037181000,6,District 1,Los Angeles - Eagle Rock,SPA 4 - Metro,5233,44448995.23,37014.56487
06037181300,2.3,District 1,Los Angeles - Eagle Rock,SPA 4 - Metro,5234,15605643.67,19883.49368
06037181400,5.9,District 1,Los Angeles - Eagle Rock,SPA 4 - Metro,5235,9425720.289,14270.34
06037181500,4,District 1,Los Angeles - Eagle Rock,SPA 4 - Metro,5236,11760770.47,17618.24516
06037181600,12.1,District 1,Los Angeles - Eagle Rock,SPA 4 - Metro,5237,13360638.2,17197.1239
06037183101,5.4,District 1,Los Angeles - Highland Park,SPA 4 - Metro,5238,10607809.58,16423.54448
06037183103,8.2,District 1,Los Angeles - Highland Park,SPA 4 - Metro,5239,7244202.957,19003.06015
06037183104,7.7,District 1,Los Angeles - Highland Park,SPA 4 - Metro,5240,6726843.806,15127.03496
06037183220,7,District 1,Los Angeles - Highland Park,SPA 4 - Metro,5241,5876242.414,12529.56248
06037183221,9,District 1,Los Angeles - Eagle Rock,SPA 4 - Metro,5242,7556623.378,11919.91973
06037183222,7.2,District 1,Los Angeles - Eagle Rock,SPA 4 - Metro,5243,9910024.888,16262.52674
06037183300,7.3,District 1,Los Angeles - Eagle Rock,SPA 4 - Metro,5244,5867829.605,10063.00206
06037183401,12,District 1,Los Angeles - Eagle Rock,SPA 4 - Metro,5245,5344581.567,10175.2714
06037183402,7.2,District 1,Los Angeles - Eagle Rock,SPA 4 - Metro,5246,5662655.355,10718.81764
06037183510,3.7,District 1,Los Angeles - Highland Park,SPA 4 - Metro,5247,5247216.662,10222.89794
06037183520,10,District 1,Los Angeles - Highland Park,SPA 4 - Metro,5248,4701674.387,9080.127189
06037183610,6.4,District 1,Los Angeles - Highland Park,SPA 4 - Metro,5249,4014651.394,9658.449062
06037183620,7,District 1,Los Angeles - Highland Park,SPA 4 - Metro,5250,5605125.851,9297.165099
06037183701,10.8,District 1,Los Angeles - Highland Park,SPA 4 - Metro,5251,5759863.952,12281.67837
06037183702,3.5,District 1,Los Angeles - Highland Park,SPA 4 - Metro,5252,9524021.356,16581.69776
06037183810,14.8,District 1,Los Angeles - Highland Park,SPA 4 - Metro,5253,4841193.906,10223.55753
06037183820,9.9,District 1,Los Angeles - Highland Park,SPA 4 - Metro,5254,3348964.757,10238.05253
06037185101,1.8,District 1,Los Angeles - Mt. Washington,SPA 4 - Metro,5255,8706618.617,16955.17586
06037185102,1.2,District 1,Los Angeles - Mt. Washington,SPA 4 - Metro,5256,15935927.76,25632.9479
06037185202,8.2,District 1,Los Angeles - Mt. Washington,SPA 4 - Metro,5257,13003386.15,16277.41762
06037185203,6.8,District 1,Los Angeles - Mt. Washington,SPA 4 - Metro,5258,5849916.313,11295.92411
06037185204,1.9,District 1,Los Angeles - Mt. Washington,SPA 4 - Metro,5259,10302996.29,15511.26766
06037185310,9.2,District 1,Los Angeles - Mt. Washington,SPA 4 - Metro,5260,4461664.139,11883.46184
06037185320,9.2,District 1,Los Angeles - Elysian Valley,SPA 4 - Metro,5261,6087527.244,12706.77963
06037186100,2.5,District 1,Los Angeles - Glassell Park,SPA 4 - Metro,5262,14122828.86,20374.1402
06037186201,17.3,District 1,Los Angeles - Glassell Park,SPA 4 - Metro,5263,5351125.641,11939.78841
06037186202,5.3,District 1,Los Angeles - Glassell Park,SPA 4 - Metro,5264,4556332.902,10534.94403
06037186203,0.9,District 1,Los Angeles - Glassell Park,SPA 4 - Metro,5265,9091855.962,15362.24224
06037186301,6.1,District 1,Los Angeles - Glassell Park,SPA 4 - Metro,5266,12733089.02,17741.03288
06037186302,1.6,District 1,Los Angeles - Glassell Park,SPA 4 - Metro,5267,18285481.25,17522.48693
06037186401,14,District 1,Los Angeles - Glassell Park,SPA 4 - Metro,5268,10153015.2,17566.23625
06037186403,9.1,District 1,Los Angeles - Glassell Park,SPA 4 - Metro,5269,5905691.162,11856.93659
06037186404,5.9,District 1,Los Angeles - Glassell Park,SPA 4 - Metro,5270,4284252.167,8709.723834
06037187101,6.9,District 1,Los Angeles - Atwater Village,SPA 4 - Metro,5271,8510001.009,12901.79778
06037187102,1.9,District 1,Los Angeles - Atwater Village,SPA 4 - Metro,5272,23601872.39,38158.38678
06037187200,2.8,District 1,Los Angeles - Silverlake,SPA 4 - Metro,5273,10210252.38,15467.57802
06037187300,2.5,District 1,Los Angeles - Silverlake,SPA 4 - Metro,5274,12573329.33,19425.395
06037188100,5.6,District 1,Los Angeles - Atwater Village,SPA 4 - Metro,5275,22650892.64,25920.7016
06037188201,3.6,District 5,Los Angeles - Los Feliz,SPA 4 - Metro,5276,8583742.654,16919.48808
06037188202,0.7,District 5,Los Angeles - Los Feliz,SPA 4 - Metro,5277,8230132.954,11771.53901
06037188300,6.5,District 1,Los Angeles - Atwater Village,SPA 4 - Metro,5278,9856462.605,12658.97398
06037189101,12.6,District 5,Los Angeles - Los Feliz,SPA 4 - Metro,5279,4253805.294,8256.535988
06037189102,3.7,District 5,Los Angeles - Los Feliz,SPA 4 - Metro,5280,6905576.161,12037.64268
06037189201,20.9,District 5,Los Angeles - Los Feliz,SPA 4 - Metro,5281,3506033.15,7950.823968
06037189202,3.4,District 5,Los Angeles - Los Feliz,SPA 4 - Metro,5282,11036873.87,16286.49026
06037189300,7.3,District 5,Los Angeles - Los Feliz,SPA 4 - Metro,5283,20565714.22,24814.66324
06037189400,2.2,District 5,Los Angeles - Hollywood Hills,SPA 4 - Metro,5284,15507607.53,23706.4366
06037189501,6.2,District 5,Los Angeles - Hollywood Hills,SPA 4 - Metro,5285,3813790.654,8060.133875
06037189502,25.7,District 5,Los Angeles - Hollywood Hills,SPA 4 - Metro,5286,2663667.326,6911.334448
06037189600,8.9,District 5,Los Angeles - Hollywood Hills,SPA 4 - Metro,5287,11513193.68,18537.86658
06037189702,12,District 5,Los Angeles - Hollywood Hills,SPA 4 - Metro,5288,15623394.37,21310.44228
06037189703,3.2,District 5,Los Angeles - Hollywood Hills,SPA 4 - Metro,5289,35757590.59,39992.79944
06037189704,0,District 5,Los Angeles - Hollywood Hills,SPA 4 - Metro,5290,11045948.98,22924.24202
06037189801,13.6,District 3,Los Angeles - Hollywood,SPA 4 - Metro,5291,4463763.625,9921.861297
06037189802,11.7,District 3,Los Angeles - Hollywood,SPA 4 - Metro,5292,3406698.649,7860.661236
06037189903,9.3,District 3,Los Angeles - Hollywood,SPA 4 - Metro,5293,911068.4502,4147.043296
06037189904,13.2,District 3,Los Angeles - Hollywood,SPA 4 - Metro,5294,1717995.097,5282.078075
06037189905,8,District 3,Los Angeles - Hollywood,SPA 4 - Metro,5295,2781471.508,6976.504928
06037189906,5,District 3,Los Angeles - Hollywood,SPA 4 - Metro,5296,2180620.14,5943.032652
06037189907,8.8,District 3,Los Angeles - Hollywood,SPA 4 - Metro,5297,1746419.551,5286.484129
06037190101,22.4,District 3,Los Angeles - Hollywood,SPA 4 - Metro,5298,2408287.255,6809.254856
06037190202,34.9,District 3,Los Angeles - Hollywood,SPA 4 - Metro,5299,2268330.934,6272.847416
06037190102,9.1,District 3,Los Angeles - Hollywood,SPA 4 - Metro,5300,4050079.622,8766.03717
06037190201,48.2,District 3,Los Angeles - Hollywood,SPA 4 - Metro,5301,2414905.833,6702.511792
06037205110,15.4,District 1,Los Angeles - Boyle Heights,SPA 4 - Metro,5302,2956008.295,9068.867215
06037190302,16.8,District 3,Los Angeles - Hollywood,SPA 4 - Metro,5303,2672677.898,9399.590726
06037190303,47.2,District 3,Los Angeles - Hollywood,SPA 4 - Metro,5304,1758851.837,5299.096549
06037206020,1.1,District 1,Los Angeles - Wholesale District,SPA 4 - Metro,5305,9395603.394,11938.55636
06037190401,30.8,District 1,Los Angeles - Thai Town,SPA 4 - Metro,5306,1794718.619,5352.38817
06037190402,21.7,District 1,Los Angeles - Thai Town,SPA 4 - Metro,5307,1703419.563,5220.962615
06037190510,21.6,District 3,Los Angeles - Hollywood,SPA 4 - Metro,5308,3431162.772,7980.935922
06037190520,29.8,District 1,Los Angeles - Thai Town,SPA 4 - Metro,5309,2623817.315,6611.946125
06037190701,36,District 3,Los Angeles - Hollywood,SPA 4 - Metro,5310,4762913.411,9891.611917
06037190702,17,District 3,Los Angeles - Hollywood,SPA 4 - Metro,5311,2152980.215,5909.328017
06037190801,34.9,District 3,Los Angeles - Hollywood,SPA 4 - Metro,5312,3489354.941,7925.329311
06037190802,18.3,District 3,Los Angeles - Hollywood,SPA 4 - Metro,5313,5239434.938,9249.698493
06037190901,27.7,District 3,Los Angeles - Hollywood,SPA 4 - Metro,5314,5276728.264,9290.815101
06037190902,23.8,District 3,Los Angeles - Hollywood,SPA 4 - Metro,5315,5241444.3,9257.052349
06037191000,16.6,District 3,Los Angeles - Hollywood,SPA 4 - Metro,5316,6889316.932,11150.2882
06037191110,33.4,District 1,Los Angeles - Little Armenia,SPA 4 - Metro,5317,2935781.978,7507.322159
06037191120,18.3,District 1,Los Angeles - Little Armenia,SPA 4 - Metro,5318,4086207.511,8373.028582
06037206303,77.1,District 1,Los Angeles - Wholesale District,SPA 4 - Metro,5319,4692073.156,10612.52856
06037191201,26.3,District 1,Los Angeles - East Hollywood,SPA 4 - Metro,5320,6159856.799,9951.803389
06037191203,29.7,District 1,Los Angeles - East Hollywood,SPA 4 - Metro,5321,2208647.539,5985.146278
06037207307,69.2,District 1,Los Angeles - Downtown,SPA 4 - Metro,5322,527160.0469,2910.616691
06037191204,11.6,District 1,Los Angeles - East Hollywood,SPA 4 - Metro,5323,2164440.775,5918.994441
06037191301,28.9,District 1,Los Angeles - East Hollywood,SPA 4 - Metro,5324,2943320.985,8516.894451
06037191302,14.1,District 1,Los Angeles - East Hollywood,SPA 4 - Metro,5325,4550186.103,9354.956612
06037191410,29.6,District 1,Los Angeles - East Hollywood,SPA 4 - Metro,5326,3351834.153,7438.615027
06037191420,12.4,District 1,Los Angeles - East Hollywood,SPA 4 - Metro,5327,2445342.204,6614.972479
06037191500,12.9,District 1,Los Angeles - East Hollywood,SPA 4 - Metro,5328,6905191.907,10328.41683
06037191610,24.5,District 3,Los Angeles - Melrose,SPA 4 - Metro,5329,4516467.598,9408.296297
06037191620,27.8,District 3,Los Angeles - Melrose,SPA 4 - Metro,5330,2445220.929,7017.168055
06037191710,41.5,District 3,Los Angeles - Melrose,SPA 4 - Metro,5331,7627194.529,13209.02715
06037191720,35.4,District 3,Los Angeles - Melrose,SPA 4 - Metro,5332,2845306.476,6946.316352
06037191810,19.1,District 3,Los Angeles - Melrose,SPA 4 - Metro,5333,4350630.715,9234.497787
06037191820,13,District 3,Los Angeles - Melrose,SPA 4 - Metro,5334,4356997.034,9240.099245
06037207308,15.3,District 1,Los Angeles - Downtown,SPA 4 - Metro,5335,492573.751,2815.257443
06037191901,13.3,District 3,Los Angeles - Melrose,SPA 4 - Metro,5336,8323634.666,11867.31917
06037191902,2.4,District 3,Los Angeles - Melrose,SPA 4 - Metro,5337,7818740.748,11569.20775
06037192001,18.7,District 3,Los Angeles - Melrose,SPA 4 - Metro,5338,5713216.985,11592.71507
06037192002,4.7,District 3,Los Angeles - Melrose,SPA 4 - Metro,5339,9235858.898,12792.96101
06037192300,17.8,District 3,Los Angeles - Melrose,SPA 4 - Metro,5340,9456509.244,12470.62227
06037192410,4.6,District 3,Los Angeles - Melrose,SPA 4 - Metro,5341,7360628.904,10853.93426
06037192420,5,District 3,Los Angeles - Melrose,SPA 4 - Metro,5342,3494301.186,7935.384087
06037192510,13.6,District 3,Los Angeles - Melrose,SPA 4 - Metro,5343,3676220.52,8083.487154
06037192520,10,District 3,Los Angeles - Melrose,SPA 4 - Metro,5344,3307689.511,7772.457267
06037192610,18.7,District 3,Los Angeles - Melrose,SPA 4 - Metro,5345,4469637.643,9148.63121
06037192620,17,District 3,Los Angeles - Melrose,SPA 4 - Metro,5346,2621282.093,7268.933306
06037192700,15.6,District 1,Los Angeles - Silverlake,SPA 4 - Metro,5347,5724862.038,9589.41664
06037194101,9.2,District 3,Los Angeles - Hollywood Hills,SPA 4 - Metro,5348,27180830.03,31075.05626
06037194102,7.4,District 3,Los Angeles - Hollywood Hills,SPA 4 - Metro,5349,37645454.39,34914.69752
06037194200,2.3,District 3,Los Angeles - Hollywood,SPA 4 - Metro,5350,28373047.38,25984.2625
06037194300,1.4,District 3,Los Angeles - Hollywood,SPA 4 - Metro,5351,26227895.59,30785.97294
06037194401,8.9,District 3,Los Angeles - Melrose,SPA 4 - Metro,5352,5154787.685,9246.950612
06037194402,3.2,District 3,Los Angeles - Melrose,SPA 4 - Metro,5353,6337662.805,14182.45849
06037194500,9.6,District 3,Los Angeles - Melrose,SPA 4 - Metro,5354,7266523.675,14479.90367
06037195100,5.9,District 1,Los Angeles - Silverlake,SPA 4 - Metro,5355,20453803.89,21319.03327
06037195201,4.8,District 1,Los Angeles - Silverlake,SPA 4 - Metro,5356,6368770.976,13708.09692
06037195202,2.8,District 1,Los Angeles - Silverlake,SPA 4 - Metro,5357,9353385.49,14469.56877
06037195300,12.3,District 1,Los Angeles - Silverlake,SPA 4 - Metro,5358,6250975.548,11070.14042
06037195400,11.9,District 1,Los Angeles - Silverlake,SPA 4 - Metro,5359,10992588.21,16204.9071
06037195500,5.2,District 1,Los Angeles - Silverlake,SPA 4 - Metro,5360,13164198.9,19218.2547
06037195600,13.8,District 1,Los Angeles - Silverlake,SPA 4 - Metro,5361,5712584.264,10997.16684
06037195710,13.6,District 1,Los Angeles - Temple-Beaudry,SPA 4 - Metro,5362,5192040.212,9745.730029
06037195720,14.7,District 1,Los Angeles - Temple-Beaudry,SPA 4 - Metro,5363,3067002.278,8340.768198
06037195802,11.8,District 1,Los Angeles - Temple-Beaudry,SPA 4 - Metro,5364,4341880.869,9929.551367
06037195803,12,District 1,Los Angeles - Temple-Beaudry,SPA 4 - Metro,5365,4074198.948,9002.277082
06037195804,9.3,District 1,Los Angeles - Temple-Beaudry,SPA 4 - Metro,5366,3621379.552,7702.845186
06037195901,19.8,District 1,Los Angeles - Silverlake,SPA 4 - Metro,5367,3167895.595,7993.588992
06037195902,4.4,District 1,Los Angeles - Silverlake,SPA 4 - Metro,5368,3659790.434,8148.34835
06037195903,6,District 1,Los Angeles - Silverlake,SPA 4 - Metro,5369,2560973.891,6617.766511
06037197200,13.1,District 1,Los Angeles - Elysian Valley,SPA 4 - Metro,5370,8254417.317,14769.06805
06037197300,15.3,District 1,Los Angeles - Echo Park,SPA 4 - Metro,5371,6852261.595,14683.68498
06037197410,2.5,District 1,Los Angeles - Elysian Valley,SPA 4 - Metro,5372,14961791.12,17855.05973
06037197420,5.9,District 1,Los Angeles - Echo Park,SPA 4 - Metro,5373,6662696.074,11589.35682
06037197500,13.9,District 1,Los Angeles - Echo Park,SPA 4 - Metro,5374,6903041.98,10403.77306
06037197600,5,District 1,Los Angeles - Angelino Heights,SPA 4 - Metro,5375,4213783.379,10380.06474
06037197700,15.9,District 1,Los Angeles - Elysian Park,SPA 4 - Metro,5376,7539991.258,13637.86331
06037199001,14.1,District 1,Los Angeles - Lincoln Heights,SPA 4 - Metro,5377,2823832.105,7991.60286
06037199002,10.4,District 1,Los Angeles - Lincoln Heights,SPA 4 - Metro,5378,14153143.55,20590.57379
06037199110,12,District 1,Los Angeles - Lincoln Heights,SPA 4 - Metro,5379,9922886.959,13487.68986
06037199120,18.7,District 1,Los Angeles - Lincoln Heights,SPA 4 - Metro,5380,10366630.68,16430.64353
06037199201,23.8,District 1,Los Angeles - Lincoln Heights,SPA 4 - Metro,5381,4272810.895,8743.52631
06037199202,20.4,District 1,Los Angeles - Lincoln Heights,SPA 4 - Metro,5382,10262323.06,17337.62623
06037199300,16.3,District 1,Los Angeles - Lincoln Heights,SPA 4 - Metro,5383,27667373.48,30528.99057
06037199400,13.1,District 1,Los Angeles - Mt. Washington,SPA 4 - Metro,5384,7705435.548,16525.89308
06037199700,11,District 1,Los Angeles - Wholesale District,SPA 4 - Metro,5385,10410497.46,13808.46324
06037199801,12.9,District 1,Los Angeles - Lincoln Heights,SPA 4 - Metro,5386,3724106.854,9459.391827
06037199802,8.1,District 1,Los Angeles - Lincoln Heights,SPA 4 - Metro,5387,3296128.605,8868.744225
06037199900,26.3,District 1,Los Angeles - Lincoln Heights,SPA 4 - Metro,5388,4782360.923,10141.72802
06037201110,6.9,District 1,Los Angeles - El Sereno,SPA 4 - Metro,5389,10992458.06,15893.38364
06037201120,4.8,District 1,Los Angeles - El Sereno,SPA 4 - Metro,5390,8477293.326,13504.91777
06037201200,6.7,District 1,Los Angeles - El Sereno,SPA 4 - Metro,5391,4612278.714,10208.95052
06037201301,10.6,District 1,Los Angeles - El Sereno,SPA 4 - Metro,5392,9414202.778,18595.38854
06037201302,3.2,District 1,Los Angeles - Highland Park,SPA 4 - Metro,5393,10671943.71,14894.76655
06037201401,8.3,District 1,Los Angeles - El Sereno,SPA 4 - Metro,5394,14162701.11,15449.76247
06037201402,8.4,District 1,Los Angeles - El Sereno,SPA 4 - Metro,5395,20831565.22,18870.58277
06037201501,5.2,District 1,Los Angeles - El Sereno,SPA 4 - Metro,5396,9520485.641,14185.08924
06037201503,13.2,District 1,Los Angeles - El Sereno,SPA 4 - Metro,5397,4712856.253,9121.14428
06037201504,7,District 1,Los Angeles - El Sereno,SPA 4 - Metro,5398,3937450.052,9476.656464
06037201601,9.1,District 1,Los Angeles - El Sereno,SPA 4 - Metro,5399,5989464.779,10928.04197
06037201602,7.9,District 1,Los Angeles - El Sereno,SPA 4 - Metro,5400,11481095.91,18567.40448
06037201700,3,District 1,Los Angeles - University Hills,SPA 4 - Metro,5401,18289606.43,20636.56683
06037203100,11.4,District 1,Los Angeles - Boyle Heights,SPA 4 - Metro,5402,7129819.722,11829.9124
06037203200,9.7,District 1,Los Angeles - Boyle Heights,SPA 4 - Metro,5403,5493896.245,10209.55033
06037207400,8,District 1,Los Angeles - Downtown,SPA 4 - Metro,5404,9422939.104,15058.8006
06037203300,23.9,District 1,Los Angeles - Boyle Heights,SPA 4 - Metro,5405,15937496.74,15581.48376
06037203500,24.7,District 1,Los Angeles - Wholesale District,SPA 4 - Metro,5406,17896885.27,18825.82275
06037203601,14.1,District 1,Los Angeles - Boyle Heights,SPA 4 - Metro,5407,3595069.32,12438.14153
06037203602,13.8,District 1,Los Angeles - Boyle Heights,SPA 4 - Metro,5408,2435445.706,6781.753097
06037203710,9.9,District 1,Los Angeles - Boyle Heights,SPA 4 - Metro,5409,3036028.593,7623.779313
06037203720,14.4,District 1,Los Angeles - Boyle Heights,SPA 4 - Metro,5410,3456064.821,7965.718684
06037203800,19.6,District 1,Los Angeles - Boyle Heights,SPA 4 - Metro,5411,5236904.258,9426.913001
06037203900,12.2,District 1,Los Angeles - Boyle Heights,SPA 4 - Metro,5412,4820099.333,12064.04431
06037204110,20,District 1,Los Angeles - Boyle Heights,SPA 4 - Metro,5413,6496519.905,10204.59609
06037204120,17.5,District 1,Los Angeles - Boyle Heights,SPA 4 - Metro,5414,2822350.298,6970.228706
06037204200,17.1,District 1,Los Angeles - Boyle Heights,SPA 4 - Metro,5415,3242329.508,7623.72919
06037204300,25.8,District 1,Los Angeles - Boyle Heights,SPA 4 - Metro,5416,6926376.474,10887.97958
06037204410,26.4,District 1,Los Angeles - Boyle Heights,SPA 4 - Metro,5417,3196327.399,7592.69194
06037204420,21.2,District 1,Los Angeles - Boyle Heights,SPA 4 - Metro,5418,3252575.081,7655.412427
06037204600,18,District 1,Los Angeles - Boyle Heights,SPA 4 - Metro,5419,6201551.645,12222.88796
06037204700,11.8,District 1,Los Angeles - Boyle Heights,SPA 4 - Metro,5420,10907423.23,13331.46153
06037204810,12.4,District 1,Los Angeles - Boyle Heights,SPA 4 - Metro,5421,8327932.845,11953.62
06037204820,11.1,District 1,Los Angeles - Boyle Heights,SPA 4 - Metro,5422,3446622.072,8345.427607
06037204910,26.5,District 1,Los Angeles - Boyle Heights,SPA 4 - Metro,5423,5538623.95,9616.40759
06037204920,15.9,District 1,Los Angeles - Boyle Heights,SPA 4 - Metro,5424,9771951.948,12570.57535
06037205120,16.8,District 1,Los Angeles - Boyle Heights,SPA 4 - Metro,5425,15952710.96,19218.25358
06037206010,24.9,District 1,Los Angeles - Wholesale District,SPA 4 - Metro,5426,15714297.73,20599.43119
06037206050,26.5,District 1,Los Angeles - Wholesale District,SPA 4 - Metro,5427,19183090.33,25485.7002
06037206051,9.5,District 1,Los Angeles - Wholesale District,SPA 4 - Metro,5428,40408764.94,29476.26196
06037206052,8.9,District 1,Los Angeles - Wholesale District,SPA 4 - Metro,5429,9776925.704,13446.59477
06037206053,37.5,District 1,Los Angeles - Wholesale District,SPA 4 - Metro,5430,6331758.787,10803.13034
06037206054,9.4,District 1,Los Angeles - Wholesale District,SPA 4 - Metro,5431,4502153.559,9300.340514
06037206201,25.9,District 1,Los Angeles - Little Tokyo,SPA 4 - Metro,5432,2156821.986,6937.901771
06037206202,56.7,District 1,Los Angeles - Little Tokyo,SPA 4 - Metro,5433,4114009.19,9646.074276
06037206301,80.2,District 1,Los Angeles - Wholesale District,SPA 4 - Metro,5434,1467235.076,4941.872097
06037206302,82.1,District 1,Los Angeles - Wholesale District,SPA 4 - Metro,5435,483653.2412,3603.263688
06037207101,17.5,District 1,Los Angeles - Chinatown,SPA 4 - Metro,5436,3165333.106,7693.962372
06037207102,30.9,District 1,Los Angeles - Chinatown,SPA 4 - Metro,5437,4502100.257,9892.578697
06037207103,32,District 1,Los Angeles - Chinatown,SPA 4 - Metro,5438,3388155.936,9522.763573
06037207303,41.7,District 1,Los Angeles - Downtown,SPA 4 - Metro,5439,1888040.552,5575.259069
06037207304,62.7,District 1,Los Angeles - Downtown,SPA 4 - Metro,5440,541446.2529,3459.976863
06037207305,38.2,District 1,Los Angeles - Downtown,SPA 4 - Metro,5441,2182714.78,8262.43864
06037207306,43.4,District 1,Los Angeles - Downtown,SPA 4 - Metro,5442,1736073.656,5646.000822
06037207501,14.7,District 1,Los Angeles - Downtown,SPA 4 - Metro,5443,1460154.432,4739.840356
06037207502,53.2,District 1,Los Angeles - Downtown,SPA 4 - Metro,5444,4463490.012,9079.039955
06037208001,4.8,District 1,Los Angeles - Temple-Beaudry,SPA 4 - Metro,5445,6277025.371,11140.08552
06037207711,10.8,District 1,Los Angeles - Downtown,SPA 4 - Metro,5446,7428549.182,14671.25667
06037207712,36.2,District 1,Los Angeles - Downtown,SPA 4 - Metro,5447,4383784.372,9437.955472
06037207901,25,District 1,Los Angeles - Downtown,SPA 4 - Metro,5448,2128884.62,6828.323144
06037207902,12.2,District 1,Los Angeles - Downtown,SPA 4 - Metro,5449,7634284.114,11075.60027
06037208502,22.8,District 1,Los Angeles - Temple-Beaudry,SPA 4 - Metro,5450,2796254.319,6766.576918
06037208002,18.4,District 1,Los Angeles - Temple-Beaudry,SPA 4 - Metro,5451,4063649.021,8994.419852
06037208301,33,District 1,Los Angeles - Temple-Beaudry,SPA 4 - Metro,5452,1059097.596,5122.536346
06037209104,42.6,District 1,Los Angeles - Westlake,SPA 4 - Metro,5453,735766.4385,3760.813998
06037208302,30.6,District 1,Los Angeles - Historic Filipinotown,SPA 4 - Metro,5454,4716446.304,9773.07262
06037208401,32.8,District 1,Los Angeles - Temple-Beaudry,SPA 4 - Metro,5455,2469648.369,6288.091978
06037209105,50.6,District 1,Los Angeles - Westlake,SPA 4 - Metro,5456,892285.9023,3984.962068
06037208402,24.8,District 1,Los Angeles - Historic Filipinotown,SPA 4 - Metro,5457,3704274.592,8618.234565
06037208501,10.2,District 1,Los Angeles - Historic Filipinotown,SPA 4 - Metro,5458,2614754.837,6561.528141
06037208610,14.4,District 1,Los Angeles - Historic Filipinotown,SPA 4 - Metro,5459,3802019.996,8257.266395
06037208620,18.1,District 1,Los Angeles - Temple-Beaudry,SPA 4 - Metro,5460,3490954.759,8191.681167
06037208710,16.5,District 1,Los Angeles - Westlake,SPA 4 - Metro,5461,1824918.229,5646.281765
06037208720,34.6,District 1,Los Angeles - Westlake,SPA 4 - Metro,5462,1753988.314,6905.126175
06037208801,48.3,District 1,Los Angeles - Westlake,SPA 4 - Metro,5463,2902686.711,7792.473191
06037208802,34.6,District 1,Los Angeles - Westlake,SPA 4 - Metro,5464,2279363.023,7692.527836
06037208902,56.3,District 1,Los Angeles - Westlake,SPA 4 - Metro,5465,1980055.598,5658.493038
06037208903,39.8,District 1,Los Angeles - Westlake,SPA 4 - Metro,5466,1714545.078,7038.479644
06037208904,54,District 1,Los Angeles - Westlake,SPA 4 - Metro,5467,1224138.453,4504.137119
06037209103,47.3,District 1,Los Angeles - Westlake,SPA 4 - Metro,5468,1337574.158,4685.369347
06037209106,30.2,District 1,Los Angeles - Westlake,SPA 4 - Metro,5469,2381529.056,6257.329915
06037209201,13.8,District 1,Los Angeles - Westlake,SPA 4 - Metro,5470,1818530.864,5562.088306
06037209202,27.8,District 1,Los Angeles - Westlake,SPA 4 - Metro,5471,2667667.431,6511.253069
06037209300,42.9,District 1,Los Angeles - Westlake,SPA 4 - Metro,5472,3296967.586,7931.18045
06037209401,48.9,District 1,Los Angeles - Westlake,SPA 4 - Metro,5473,2323375.792,6370.637612
06037209510,17,District 1,Los Angeles - Pico-Union,SPA 4 - Metro,5474,1963614.684,5807.605825
06037209402,63,District 1,Los Angeles - Westlake,SPA 4 - Metro,5475,1466622.382,4849.886726
06037209403,58.5,District 1,Los Angeles - Westlake,SPA 4 - Metro,5476,1487585.052,4882.443192
06037209520,47.1,District 1,Los Angeles - Pico-Union,SPA 4 - Metro,5477,2499111.244,6466.563304
06037209810,27.6,District 1,Los Angeles - Pico-Union,SPA 4 - Metro,5478,1660660.461,5390.00072
06037211202,38.3,District 2,Los Angeles - Wilshire Center,SPA 4 - Metro,5479,1927075.493,5559.421455
06037209820,30.4,District 1,Los Angeles - Pico-Union,SPA 4 - Metro,5480,1936268.193,5687.974114
06037210010,44.9,District 1,Los Angeles - Pico-Union,SPA 4 - Metro,5481,4448567.779,8896.547478
06037211000,0.9,District 2,Los Angeles - Hancock Park,SPA 4 - Metro,5482,28608477.82,25105.85213
06037211121,10.6,District 2,Los Angeles - Wilshire Center,SPA 4 - Metro,5483,2315992.818,7544.02039
06037211122,30.3,District 2,Los Angeles - Wilshire Center,SPA 4 - Metro,5484,3930365.132,8273.446548
06037211123,14.9,District 2,Los Angeles - Wilshire Center,SPA 4 - Metro,5485,1850526.14,6797.212181
06037211124,23.5,District 2,Los Angeles - Wilshire Center,SPA 4 - Metro,5486,4228641.481,8167.548078
06037211201,13.2,District 2,Los Angeles - Wilshire Center,SPA 4 - Metro,5487,1501881.869,4915.684313
06037211310,26.1,District 2,Los Angeles - Wilshire Center,SPA 4 - Metro,5488,1549860.715,4995.205104
06037211320,47.7,District 2,Los Angeles - Wilshire Center,SPA 4 - Metro,5489,2004122.247,5671.305411
06037211804,15.6,District 2,Los Angeles - Little Bangladesh,SPA 4 - Metro,5490,2001589.043,5672.182614
06037211410,13.4,District 2,Los Angeles - Wilshire Center,SPA 4 - Metro,5491,2915308.277,7500.754606
06037211420,24.4,District 2,Los Angeles - Wilshire Center,SPA 4 - Metro,5492,4101420.132,8393.562243
06037211500,6.7,District 2,Los Angeles - Hancock Park,SPA 4 - Metro,5493,9760679.48,13076.57339
06037211701,8.3,District 2,Los Angeles - Hancock Park,SPA 4 - Metro,5494,7007753.876,10536.05785
06037211703,20.1,District 2,Los Angeles - Wilshire Center,SPA 4 - Metro,5495,1986718.893,5648.97182
06037211704,23.9,District 2,Los Angeles - Wilshire Center,SPA 4 - Metro,5496,1990668.861,5698.519763
06037211802,24,District 2,Los Angeles - Little Bangladesh,SPA 4 - Metro,5497,3502571.777,7938.570623
06037211803,11.6,District 2,Los Angeles - Little Bangladesh,SPA 4 - Metro,5498,1501763.785,4915.856574
06037211910,17.6,District 2,Los Angeles - Little Bangladesh,SPA 4 - Metro,5499,1484978.667,4890.398949
06037211921,21,District 2,Los Angeles - Little Bangladesh,SPA 4 - Metro,5500,997424.3301,4152.132568
06037211922,23.9,District 2,Los Angeles - Little Bangladesh,SPA 4 - Metro,5501,999743.7441,4155.338167
06037212101,25.6,District 2,Los Angeles - Little Bangladesh,SPA 4 - Metro,5502,1999890.327,5670.097463
06037212102,28.3,District 2,Los Angeles - Little Bangladesh,SPA 4 - Metro,5503,1492508.618,4902.631746
06037222700,30.1,District 2,Los Angeles - Exposition Park,SPA 6 - South,5504,9012061.973,13506.62373
06037212202,31.5,District 2,Los Angeles - Wilshire Center,SPA 4 - Metro,5505,2225899.926,6481.887987
06037212203,40.9,District 2,Los Angeles - Wilshire Center,SPA 4 - Metro,5506,1141073.354,4500.610378
06037212204,28.5,District 2,Los Angeles - Wilshire Center,SPA 4 - Metro,5507,2300387.561,6142.686441
06037212303,32.4,District 2,Los Angeles - Koreatown,SPA 4 - Metro,5508,1675272.862,5219.253902
06037212304,53.4,District 2,Los Angeles - Koreatown,SPA 4 - Metro,5509,2218468.734,6304.991861
06037212305,32,District 2,Los Angeles - Koreatown,SPA 4 - Metro,5510,1168773.146,4355.764526
06037212306,22.7,District 2,Los Angeles - Koreatown,SPA 4 - Metro,5511,1742806.878,5316.960787
06037212410,25.1,District 2,Los Angeles - Koreatown,SPA 4 - Metro,5512,1687088.938,5550.262489
06037236206,18.7,District 2,Los Angeles - Baldwin Hills,SPA 6 - South,5513,2978346.147,9561.08838
06037212420,38,District 2,Los Angeles - Koreatown,SPA 4 - Metro,5514,1538332.868,4954.122473
06037212501,27.1,District 2,Los Angeles - Koreatown,SPA 4 - Metro,5515,856375.3359,3804.123564
06037212502,32.7,District 2,Los Angeles - Koreatown,SPA 4 - Metro,5516,3069436.973,8256.676374
06037212610,20,District 2,Los Angeles - Koreatown,SPA 4 - Metro,5517,3837077.169,8373.506661
06037212620,23.7,District 2,Los Angeles - Koreatown,SPA 4 - Metro,5518,3112104.208,7947.75922
06037212701,8.8,District 2,Los Angeles - Country Club Park,SPA 4 - Metro,5519,5137695.229,10446.12242
06037212702,3.3,District 2,Los Angeles - Country Club Park,SPA 4 - Metro,5520,9432433.528,13436.74067
06037212800,14.8,District 2,Los Angeles - Country Club Park,SPA 4 - Metro,5521,8454048.389,11698.38976
06037212900,19.3,District 2,Los Angeles - Country Club Park,SPA 4 - Metro,5522,3940299.25,8740.439585
06037213100,10.8,District 2,Los Angeles - Koreatown,SPA 4 - Metro,5523,5781514.454,10486.30028
06037213201,20.3,District 2,Los Angeles - Koreatown,SPA 4 - Metro,5524,3589230.659,8182.676888
06037213202,19.3,District 2,Los Angeles - Koreatown,SPA 4 - Metro,5525,3637201.032,8141.435081
06037213310,19,District 2,Los Angeles - Koreatown,SPA 4 - Metro,5526,3346140.252,7793.971041
06037213320,39.3,District 2,Los Angeles - Koreatown,SPA 4 - Metro,5527,3380926.981,7845.38107
06037213401,21.7,District 2,Los Angeles - Pico-Union,SPA 4 - Metro,5528,2108256.961,6326.463376
06037213402,14.9,District 2,Los Angeles - Pico-Union,SPA 4 - Metro,5529,4220536.427,8304.775772
06037265304,27.4,District 3,Los Angeles - Westwood,SPA 5 - West,5530,1394810.988,5790.8978
06037214000,9.5,District 3,Los Angeles - Melrose,SPA 4 - Metro,5531,10878898.99,13349.83203
06037214100,2.7,District 2,Los Angeles - Hancock Park,SPA 4 - Metro,5532,11954015.66,14119.43583
06037214400,10.3,District 3,Los Angeles - Melrose,SPA 4 - Metro,5533,3705387.516,7957.455978
06037214501,8.7,District 2,Los Angeles - Park La Brea,SPA 4 - Metro,5534,8104648.127,13972.62344
06037214503,9.4,District 2,Los Angeles - Park La Brea,SPA 4 - Metro,5535,2452371.028,6833.362906
06037214504,10,District 2,Los Angeles - Park La Brea,SPA 4 - Metro,5536,1310617.075,5783.538301
06037214505,4.7,District 2,Los Angeles - Park La Brea,SPA 4 - Metro,5537,1510257.356,6781.700024
06037214600,6.4,District 3,Los Angeles - Carthay,SPA 4 - Metro,5538,6255496.017,10110.46669
06037214700,13.1,District 3,Los Angeles - Carthay,SPA 4 - Metro,5539,6384452.137,10225.82031
06037214800,6.5,District 3,Los Angeles - Carthay,SPA 4 - Metro,5540,6204448.755,11233.31398
06037214902,4.5,District 3,Los Angeles - Carthay,SPA 4 - Metro,5541,5572430.15,9450.679172
06037214903,15.4,District 3,Los Angeles - Carthay,SPA 4 - Metro,5542,1465902.784,5280.136711
06037214904,7.7,District 3,Los Angeles - Carthay,SPA 4 - Metro,5543,1828968.399,5357.674288
06037215101,22,District 2,Los Angeles - Miracle Mile,SPA 4 - Metro,5544,3809331.648,10263.4839
06037215102,9.1,District 2,Los Angeles - Miracle Mile,SPA 4 - Metro,5545,2874435.639,7853.989229
06037216100,0.5,District 2,Los Angeles - Miracle Mile,SPA 4 - Metro,5546,7258622.613,11137.22826
06037216201,3.7,District 2,Los Angeles - Miracle Mile,SPA 4 - Metro,5547,4885807.69,10090.45657
06037216202,2.6,District 2,Los Angeles - Miracle Mile,SPA 4 - Metro,5548,5435377.364,10155.33577
06037216301,3,District 2,Los Angeles - Miracle Mile,SPA 4 - Metro,5549,6049546.787,11309.81632
06037216302,3.4,District 2,Los Angeles - Miracle Mile,SPA 4 - Metro,5550,7612845.067,11326.86204
06037216401,8,District 3,Los Angeles - South Carthay,SPA 5 - West,5551,4453771.929,8573.050905
06037216402,15.3,District 3,Los Angeles - South Carthay,SPA 5 - West,5552,2454486.62,6352.559841
06037216700,8.9,District 2,Los Angeles - Crestview,SPA 4 - Metro,5553,8359985.127,11708.38862
06037216800,5.9,District 2,Los Angeles - South Carthay,SPA 4 - Metro,5554,7970666.101,11541.43513
06037216901,6.9,District 2,Los Angeles - Mid-city,SPA 4 - Metro,5555,7529393.079,12049.57402
06037216902,10,District 2,Los Angeles - Mid-city,SPA 4 - Metro,5556,4207215.775,9158.065431
06037217001,10,District 3,Los Angeles - Crestview,SPA 5 - West,5557,5932737.093,10781.49167
06037217002,11.6,District 3,Los Angeles - Crestview,SPA 5 - West,5558,8310430.762,11537.25747
06037217101,12.2,District 2,Los Angeles - Mid-city,SPA 4 - Metro,5559,4274959.882,9355.779926
06037217102,9.8,District 2,Los Angeles - Mid-city,SPA 4 - Metro,5560,5389199.599,9500.850443
06037217200,9.8,District 2,Los Angeles - Mid-city,SPA 4 - Metro,5561,9910637.518,15000.92524
06037218110,14.9,District 2,Los Angeles - Victoria Park,SPA 4 - Metro,5562,6462720.51,12750.58451
06037218120,18.6,District 2,Los Angeles - Victoria Park,SPA 4 - Metro,5563,4789315.242,8883.841242
06037218210,23.8,District 2,Los Angeles - St Elmo Village,SPA 4 - Metro,5564,4174755.21,8767.262446
06037218220,7.7,District 2,Los Angeles - Lafayette Square,SPA 4 - Metro,5565,7202036.963,11673.24427
06037218300,9.3,District 2,Los Angeles - Cloverdale/Cochran,SPA 4 - Metro,5566,9721211.265,17303.9296
06037218400,12.4,District 2,Los Angeles - Cloverdale/Cochran,SPA 6 - South,5567,6980031.273,12172.12756
06037218500,13.5,District 2,Los Angeles - Cloverdale/Cochran,SPA 6 - South,5568,5644938.34,10970.17719
06037218600,16.6,District 2,Los Angeles - Longwood,SPA 6 - South,5569,4579166.224,8896.786943
06037218701,16.8,District 2,Los Angeles - Wellington Square,SPA 6 - South,5570,5970334.19,10677.08646
06037218702,8.3,District 2,Los Angeles - Wellington Square,SPA 6 - South,5571,3863251.223,10277.68971
06037218800,4.3,District 2,Los Angeles - West Adams,SPA 6 - South,5572,4408954.67,9003.460742
06037218900,18.4,District 2,Los Angeles - West Adams,SPA 6 - South,5573,7590636.39,11501.14015
06037219010,9.7,District 2,Los Angeles - Jefferson Park,SPA 6 - South,5574,4746129.565,9379.451136
06037219020,11.6,District 2,Los Angeles - Jefferson Park,SPA 6 - South,5575,7814189.071,11235.00058
06037219300,8.1,District 2,Los Angeles - Crenshaw District,SPA 6 - South,5576,7032522.358,11229.4923
06037219500,7.4,District 2,Los Angeles - Crenshaw District,SPA 6 - South,5577,5980859.906,10424.03707
06037219700,9.4,District 2,Los Angeles - Exposition,SPA 6 - South,5578,11747848.22,16573.54475
06037219800,10.5,District 2,Los Angeles - Alsace,SPA 6 - South,5579,4802367.251,9731.285899
06037219901,13.5,District 2,Los Angeles - Alsace,SPA 6 - South,5580,5688670.425,10072.62767
06037219902,9.4,District 2,Los Angeles - Alsace,SPA 6 - South,5581,8665149.896,13255.38859
06037220000,17.3,District 2,Los Angeles - Crenshaw District,SPA 6 - South,5582,10481820.83,12777.39618
06037220100,16.1,District 2,Los Angeles - Baldwin Hills,SPA 6 - South,5583,10553580.63,16872.26255
06037221110,26.3,District 1,Los Angeles - Pico-Union,SPA 4 - Metro,5584,2543189.478,6917.142183
06037221120,19.1,District 1,Los Angeles - Pico-Union,SPA 4 - Metro,5585,3461839.033,7508.702186
06037221210,14.4,District 2,Los Angeles - Harvard Heights,SPA 4 - Metro,5586,3886574.75,8400.448346
06037221220,23,District 2,Los Angeles - Harvard Heights,SPA 4 - Metro,5587,7061620.8,10517.00659
06037221302,22.5,District 2,Los Angeles - Harvard Heights,SPA 4 - Metro,5588,4979090.126,10182.99783
06037221303,26.6,District 2,Los Angeles - Harvard Heights,SPA 4 - Metro,5589,2529230.908,6479.802078
06037221304,15.3,District 2,Los Angeles - Harvard Heights,SPA 4 - Metro,5590,2439438.5,6306.027579
06037221401,19.6,District 2,Los Angeles - West Adams,SPA 6 - South,5591,5807308.304,9622.084149
06037221402,18.5,District 2,Los Angeles - West Adams,SPA 6 - South,5592,5758103.041,12851.78756
06037221500,28.2,District 2,Los Angeles - West Adams,SPA 6 - South,5593,4097488.707,8382.655715
06037221601,26.2,District 2,Los Angeles - West Adams,SPA 6 - South,5594,3980776.46,8298.425995
06037221602,16.6,District 2,Los Angeles - West Adams,SPA 6 - South,5595,5577270.451,11987.07714
06037221710,32.3,District 2,Los Angeles - West Adams,SPA 6 - South,5596,3536802.525,8105.219435
06037221810,31.6,District 2,Los Angeles - University Park,SPA 6 - South,5597,3275873.116,7474.754211
06037221820,29.5,District 2,Los Angeles - University Park,SPA 6 - South,5598,2200173.892,5840.162706
06037221900,37,District 2,Los Angeles - University Park,SPA 6 - South,5599,4403034.389,10551.99092
06037222001,11.5,District 2,Los Angeles - Exposition Park,SPA 6 - South,5600,5104919.046,9152.508792
06037222002,22.4,District 2,Los Angeles - Exposition Park,SPA 6 - South,5601,7060516.012,10841.46998
06037222100,10.6,District 2,Los Angeles - Adams-Normandie,SPA 6 - South,5602,5152775.115,10486.62202
06037222200,9.7,District 2,Los Angeles - Adams-Normandie,SPA 6 - South,5603,5186450.168,10532.84285
06037222500,5.8,District 2,Los Angeles - Exposition Park,SPA 6 - South,5604,7020978.229,10605.3248
06037222600,17.4,District 2,Los Angeles - Exposition Park,SPA 6 - South,5605,7012275.474,10584.98626
06037224010,36.8,District 1,Los Angeles - Downtown,SPA 4 - Metro,5606,8935641.598,13793.16181
06037224020,30.5,District 1,Los Angeles - Downtown,SPA 4 - Metro,5607,13274685.4,15194.74541
06037980010,16.1,District 1,Los Angeles - Elysian Park,SPA 4 - Metro,5608,41576170.86,34977.57638
06037224200,27.4,District 1,Los Angeles - Pico-Union,SPA 4 - Metro,5609,4048361.072,8617.785777
06037224310,26.3,District 1,Los Angeles - Pico-Union,SPA 4 - Metro,5610,1829472.242,6639.978812
06037980011,0,District 4,City of Long Beach,SPA 8 - South Bay,5611,14668888.93,17562.24832
06037224320,35.3,District 1,Los Angeles - Pico-Union,SPA 4 - Metro,5612,3148559.907,8337.933606
06037224410,22,District 2,Los Angeles - University Park,SPA 6 - South,5613,4725219.912,10260.67537
06037980012,,District 4,City of Downey,SPA 7 - East,5614,9903053.646,15069.52169
06037224420,36.3,District 2,Los Angeles - University Park,SPA 6 - South,5615,3967094.944,8686.500402
06037224600,21.8,District 2,Los Angeles - University Park,SPA 6 - South,5616,7717302.547,11199.31188
06037980013,,District 2,City of El Segundo,SPA 8 - South Bay,5617,57052445.93,33824.62398
06037224701,51.3,District 2,Los Angeles - University Park,SPA 6 - South,5618,2557086.5,7567.399637
06037224702,47.6,District 2,Los Angeles - University Park,SPA 6 - South,5619,4249936.354,9717.867464
06037226001,27.5,District 1,Los Angeles - Wholesale District,SPA 4 - Metro,5620,11262506.09,19000.49175
06037226002,50,District 1,Los Angeles - Wholesale District,SPA 4 - Metro,5621,27454967.1,21360.59037
06037226410,24.1,District 2,Los Angeles - Central,SPA 6 - South,5622,3020288.669,7061.801017
06037980014,0,District 4,Los Angeles - Wilmington,SPA 8 - South Bay,5623,80461949.76,67612.0054
06037226420,16.7,District 2,Los Angeles - Central,SPA 6 - South,5624,4595354.354,8778.891445
06037226701,4.8,District 2,Los Angeles - Central,SPA 6 - South,5625,4036350.901,9176.572268
06037226702,13.8,District 2,Los Angeles - Central,SPA 6 - South,5626,4406073.594,11981.42995
06037227010,14.7,District 2,Los Angeles - Central,SPA 6 - South,5627,6216997.725,11488.35724
06037227020,7.2,District 2,Los Angeles - Central,SPA 6 - South,5628,4614952.896,8995.564673
06037228100,2.2,District 2,Los Angeles - Vernon Central,SPA 6 - South,5629,10984093.92,14969.74278
06037228210,15,District 2,Los Angeles - Central,SPA 6 - South,5630,4507252.899,9082.69698
06037228220,15.8,District 2,Los Angeles - Vernon Central,SPA 6 - South,5631,3933562.866,9102.119002
06037228310,17.6,District 2,Los Angeles - Central,SPA 6 - South,5632,5963185.02,10969.79396
06037228320,7.8,District 2,Los Angeles - Vernon Central,SPA 6 - South,5633,3529045.539,9981.913447
06037228410,4.8,District 2,Los Angeles - Central,SPA 6 - South,5634,2993552.682,7099.980284
06037228420,13.2,District 2,Los Angeles - South Park,SPA 6 - South,5635,2985814.795,7921.095236
06037228500,9.1,District 2,Los Angeles - South Park,SPA 6 - South,5636,4884458.176,9075.608058
06037228600,13.1,District 2,Los Angeles - Vernon Central,SPA 6 - South,5637,5686621.625,9583.531071
06037228710,13.2,District 2,Los Angeles - Vernon Central,SPA 6 - South,5638,4362081.152,9256.62522
06037228720,9.2,District 2,Los Angeles - Vernon Central,SPA 6 - South,5639,4355249.906,9244.494358
06037228800,8.4,District 2,Los Angeles - Vernon Central,SPA 6 - South,5640,9091598.738,12294.38847
06037228900,20.7,District 2,Los Angeles - Vernon Central,SPA 6 - South,5641,5560833.44,9591.920222
06037229100,19.3,District 2,Los Angeles - Vernon Central,SPA 6 - South,5642,5110877.335,9150.048857
06037229200,14.9,District 2,Los Angeles - Vernon Central,SPA 6 - South,5643,4777352.965,8918.160825
06037229300,15.3,District 2,Los Angeles - South Park,SPA 6 - South,5644,5361360.493,9403.799068
06037229410,9.8,District 2,Los Angeles - South Park,SPA 6 - South,5645,5839057.293,9706.987164
06037229420,20.2,District 2,Los Angeles - Vernon Central,SPA 6 - South,5646,6294942.099,10050.53192
06037231100,26.8,District 2,Los Angeles - Exposition Park,SPA 6 - South,5647,9467086.087,12847.4099
06037231210,10.6,District 2,Los Angeles - Exposition Park,SPA 6 - South,5648,3444734.555,7919.442019
06037231220,32.6,District 2,Los Angeles - Exposition Park,SPA 6 - South,5649,10408962.84,13170.38885
06037231301,19.4,District 2,Los Angeles - Exposition Park,SPA 6 - South,5650,2518039.383,7081.842675
06037231302,8,District 2,Los Angeles - Exposition Park,SPA 6 - South,5651,4559947.977,10645.17008
06037231400,17.7,District 2,Los Angeles - Exposition Park,SPA 6 - South,5652,6683376.849,10350.62654
06037231500,8.2,District 2,Los Angeles - West Vernon,SPA 6 - South,5653,9886748.925,12797.04841
06037231601,2.3,District 2,Los Angeles - West Vernon,SPA 6 - South,5654,3446476.848,7853.763482
06037231602,3.8,District 2,Los Angeles - West Vernon,SPA 6 - South,5655,3395683.698,7818.01295
06037231603,21.8,District 2,Los Angeles - West Vernon,SPA 6 - South,5656,3442922.355,7867.478801
06037231710,21.7,District 2,Los Angeles - West Vernon,SPA 6 - South,5657,3484295.735,7941.436139
06037231720,27.2,District 2,Los Angeles - West Vernon,SPA 6 - South,5658,5082200.788,9119.793892
06037231800,18.4,District 2,Los Angeles - South Park,SPA 6 - South,5659,5600675.429,9533.126035
06037231901,11.6,District 2,Los Angeles - South Park,SPA 6 - South,5660,2588562.601,6562.286117
06037231902,22.7,District 2,Los Angeles - South Park,SPA 6 - South,5661,3443782.558,9939.811263
06037232110,18.9,District 2,Los Angeles - West Vernon,SPA 6 - South,5662,4089411.65,8787.53225
06037232120,18.3,District 2,Los Angeles - West Vernon,SPA 6 - South,5663,5662639.109,9729.128873
06037232200,26.8,District 2,Los Angeles - Vermont Square,SPA 6 - South,5664,5628749.463,10868.64075
06037232300,10.5,District 2,Los Angeles - Vermont Square,SPA 6 - South,5665,6767725.02,11548.122
06037232401,11.8,District 2,Los Angeles - West Vernon,SPA 6 - South,5666,6132389.532,11911.30221
06037232402,6.6,District 2,Los Angeles - West Vernon,SPA 6 - South,5667,5847553.988,11262.2419
06037232500,13.9,District 2,Los Angeles - West Vernon,SPA 6 - South,5668,8278204.669,11953.55898
06037232601,10.4,District 2,Los Angeles - West Vernon,SPA 6 - South,5669,2829224.069,6995.454076
06037232602,11.1,District 2,Los Angeles - West Vernon,SPA 6 - South,5670,5717382.138,9605.282971
06037232701,12.4,District 2,Los Angeles - West Vernon,SPA 6 - South,5671,2986948.066,7152.589976
06037232702,17.9,District 2,Los Angeles - West Vernon,SPA 6 - South,5672,4880011.484,8854.570671
06037232800,17.2,District 2,Los Angeles - South Park,SPA 6 - South,5673,4643362.64,8648.316981
06037234001,12.5,District 2,Los Angeles - Leimert Park,SPA 6 - South,5674,7211328.698,15620.89687
06037234002,5.8,District 2,Los Angeles - Leimert Park,SPA 6 - South,5675,6177447.263,13218.79243
06037234200,4.7,District 2,Los Angeles - Crenshaw District,SPA 6 - South,5676,9553866.941,12926.12396
06037234301,16.2,District 2,Los Angeles - Leimert Park,SPA 6 - South,5677,5376254.301,9391.180113
06037234302,9.7,District 2,Los Angeles - Leimert Park,SPA 6 - South,5678,3925948.759,9225.642912
06037234501,6,District 2,Los Angeles - Leimert Park,SPA 6 - South,5679,8201487.552,12601.52403
06037234502,22.3,District 2,Los Angeles - Leimert Park,SPA 6 - South,5680,5870200.311,11641.76288
06037234600,15,District 2,Los Angeles - Hyde Park,SPA 6 - South,5681,14005780.67,17543.29649
06037234700,9.8,District 2,Los Angeles - Hyde Park,SPA 6 - South,5682,8008087.941,14743.31483
06037234800,11,District 2,Los Angeles - Hyde Park,SPA 6 - South,5683,7041478.189,10614.46053
06037234901,27.9,District 2,Los Angeles - Hyde Park,SPA 6 - South,5684,3502662.124,7934.899496
06037234902,39.8,District 2,Los Angeles - Hyde Park,SPA 6 - South,5685,4820942.614,9961.988517
06037235100,5.2,District 2,Los Angeles - View Heights,SPA 6 - South,5686,12641574.44,17923.81641
06037235201,10.7,District 2,Los Angeles - Hyde Park,SPA 6 - South,5687,7063869.286,10605.22121
06037235202,22.8,District 2,Los Angeles - Hyde Park,SPA 6 - South,5688,9155251.666,13208.50644
06037236001,6,District 2,Los Angeles - Baldwin Hills,SPA 6 - South,5689,23649209.74,27665.38061
06037236101,26.9,District 2,Los Angeles - Baldwin Hills,SPA 6 - South,5690,6700471.337,11551.61355
06037236102,15.4,District 2,Los Angeles - Baldwin Hills,SPA 6 - South,5691,5497542.319,11854.51342
06037236203,21.4,District 2,Los Angeles - Baldwin Hills,SPA 6 - South,5692,3636276.613,10600.56599
06037236204,24.9,District 2,Los Angeles - Baldwin Hills,SPA 6 - South,5693,2449353.236,6658.90137
06037236205,29,District 2,Los Angeles - Baldwin Hills,SPA 6 - South,5694,1826340.072,6036.843506
06037236400,4.3,District 2,Los Angeles - Baldwin Hills,SPA 6 - South,5695,14351405.03,19215.06628
06037237101,17.8,District 2,Los Angeles - Harvard Park,SPA 6 - South,5696,6727302.867,10336.7248
06037237102,22.3,District 2,Los Angeles - Harvard Park,SPA 6 - South,5697,4920014.795,9010.338548
06037237201,3.8,District 2,Los Angeles - Harvard Park,SPA 6 - South,5698,4880577.703,8888.391119
06037237202,28.8,District 2,Los Angeles - Harvard Park,SPA 6 - South,5699,11940267.73,14382.6784
06037237300,16.1,District 2,Los Angeles - Harvard Park,SPA 6 - South,5700,10718169.98,13449.6601
06037237401,9.6,District 2,Los Angeles - Harvard Park,SPA 6 - South,5701,5561774.039,9556.73321
06037237402,17,District 2,Los Angeles - Harvard Park,SPA 6 - South,5702,5611790.888,9623.635119
06037237500,22.4,District 2,Los Angeles - Harvard Park,SPA 6 - South,5703,3662843.743,8228.373977
06037237600,19.1,District 2,Los Angeles - Harvard Park,SPA 6 - South,5704,5478030.376,9466.709615
06037237710,6.3,District 2,Los Angeles - Vermont Knolls,SPA 6 - South,5705,4650006.13,9396.96216
06037237720,18,District 2,Los Angeles - Vermont Knolls,SPA 6 - South,5706,3494748.205,8723.91326
06037237800,0.8,District 2,Los Angeles - Vermont Knolls,SPA 6 - South,5707,10357981.06,13044.51156
06037237900,8.2,District 2,Los Angeles - Manchester Square,SPA 6 - South,5708,10549986.76,13264.7375
06037238000,8.3,District 2,Los Angeles - Gramercy Place,SPA 6 - South,5709,17906006.83,21142.16258
06037238100,11.8,District 2,Los Angeles - Manchester Square,SPA 6 - South,5710,10587598.23,13269.94775
06037238200,18.6,District 2,Los Angeles - Vermont Knolls,SPA 6 - South,5711,11157102.07,13782.31494
06037238310,24.2,District 2,Los Angeles - Vermont Vista,SPA 6 - South,5712,4320028.733,9246.137526
06037238320,23.7,District 2,Los Angeles - Vermont Vista,SPA 6 - South,5713,5012874.553,9624.82653
06037238400,9.8,District 2,Los Angeles - Gramercy Place,SPA 6 - South,5714,14006761.88,15894.45505
06037239201,12.2,District 2,Los Angeles - Florence-Firestone,SPA 6 - South,5715,4877789.477,8888.218725
06037239202,14.3,District 2,Los Angeles - Florence-Firestone,SPA 6 - South,5716,13691595.88,15791.43859
06037239310,15.3,District 2,Los Angeles - Florence-Firestone,SPA 6 - South,5717,5699809.414,9677.899669
06037239320,14.9,District 2,Los Angeles - Florence-Firestone,SPA 6 - South,5718,3736299.67,8282.410829
06037239330,10.5,District 2,Los Angeles - Florence-Firestone,SPA 6 - South,5719,10580761.64,13361.73846
06037239501,12.3,District 2,Los Angeles - Florence-Firestone,SPA 6 - South,5720,5082167.457,10513.23601
06037239502,9.8,District 2,Los Angeles - Florence-Firestone,SPA 6 - South,5721,5530770.928,10756.17062
06037239601,13.4,District 2,Los Angeles - Florence-Firestone,SPA 6 - South,5722,4545280.953,9594.699211
06037239602,13.4,District 2,Los Angeles - Florence-Firestone,SPA 6 - South,5723,3845027.535,9271.751531
06037239701,9.5,District 2,Los Angeles - Vermont Vista,SPA 6 - South,5724,4508003.287,9360.696452
06037239702,13.2,District 2,Los Angeles - Florence-Firestone,SPA 6 - South,5725,5144301.436,9931.145516
06037239801,16,District 2,Los Angeles - Florence-Firestone,SPA 6 - South,5726,3980807.759,9958.624807
06037239802,13.4,District 2,Los Angeles - Florence-Firestone,SPA 6 - South,5727,6561812.222,11250.57117
06037240010,21.9,District 2,Los Angeles - Green Meadows,SPA 6 - South,5728,6336452.79,12212.73333
06037240020,10.8,District 2,Los Angeles - Green Meadows,SPA 6 - South,5729,7790629.781,12722.97234
06037240200,20.1,District 2,Los Angeles - Vermont Vista,SPA 6 - South,5730,8032877.476,11276.47419
06037240301,16.2,District 2,Los Angeles - Vermont Vista,SPA 6 - South,5731,5093418.442,9216.504838
06037240302,5.1,District 2,Los Angeles - Vermont Vista,SPA 6 - South,5732,3686435.283,8051.170763
06037240401,13.7,District 2,Los Angeles - Vermont Vista,SPA 6 - South,5733,7425477.242,11308.99534
06037240402,9,District 2,Los Angeles - Vermont Vista,SPA 6 - South,5734,6501801.419,11122.67031
06037240500,15.4,District 2,Los Angeles - Vermont Vista,SPA 6 - South,5735,8737575.608,12255.23531
06037240600,14.4,District 2,Los Angeles - Green Meadows,SPA 6 - South,5736,7263550.409,11288.20658
06037240700,6.9,District 2,Los Angeles - Green Meadows,SPA 6 - South,5737,12880469.29,14724.81115
06037240800,20.3,District 2,Los Angeles - Century Palms/Cove,SPA 6 - South,5738,7005454.231,13445.69997
06037240901,4.6,District 2,Los Angeles - Century Palms/Cove,SPA 6 - South,5739,3800170.604,10910.43695
06037240902,10.7,District 2,Los Angeles - Century Palms/Cove,SPA 6 - South,5740,7585305.742,12509.38919
06037241001,8.4,District 2,Los Angeles - Century Palms/Cove,SPA 6 - South,5741,9747047.557,18114.17898
06037241002,15.9,District 2,Los Angeles - Century Palms/Cove,SPA 6 - South,5742,7571743.702,12800.30497
06037241110,5.4,District 2,Los Angeles - Century Palms/Cove,SPA 6 - South,5743,5238107.035,10529.70539
06037241120,34.5,District 2,Los Angeles - Century Palms/Cove,SPA 6 - South,5744,7149192.079,11601.41601
06037241201,10.3,District 2,Los Angeles - Figueroa Park Square,SPA 6 - South,5745,5231320.475,10180.36548
06037241202,20.3,District 2,Los Angeles - Figueroa Park Square,SPA 6 - South,5746,12518667.22,14029.29288
06037241300,10.5,District 2,Los Angeles - Figueroa Park Square,SPA 6 - South,5747,5630605.659,9955.382884
06037241400,8.9,District 2,Los Angeles - Century Palms/Cove,SPA 6 - South,5748,6166191.255,10706.63839
06037242000,17.4,District 2,Los Angeles - Watts,SPA 6 - South,5749,6922020.083,10404.69973
06037242100,28.3,District 2,Los Angeles - Watts,SPA 6 - South,5750,4942033.328,9051.641872
06037980015,2.9,District 4,Los Angeles - Harbor City,SPA 8 - South Bay,5751,57231543.7,34862.58838
06037242201,14,District 2,Los Angeles - Watts,SPA 6 - South,5752,4409735.492,8470.714115
06037242202,20.7,District 2,Los Angeles - Watts,SPA 6 - South,5753,4348043.472,11300.80035
06037980023,,District 3,Los Angeles - West Hills,SPA 2 - San Fernando,5754,56920985.92,39154.63678
06037242300,23,District 2,Los Angeles - Watts,SPA 6 - South,5755,6883493.048,11108.15658
06037242600,40.3,District 2,Los Angeles - Watts,SPA 6 - South,5756,5116646.268,9151.556857
06037980030,,District 2,City of El Segundo,SPA 8 - South Bay,5757,44758041.43,28958.11733
06037242700,14.1,District 2,Los Angeles - Watts,SPA 6 - South,5758,10940401.47,14365.05703
06037243001,5.4,District 2,Los Angeles - Watts,SPA 6 - South,5759,3722265.811,8165.628941
06037980031,0,District 4,Los Angeles - San Pedro,SPA 8 - South Bay,5760,278485786.9,79769.84994
06037243002,2.1,District 2,Los Angeles - Watts,SPA 6 - South,5761,4195637.162,8644.360033
06037243100,16.2,District 2,Los Angeles - Watts,SPA 6 - South,5762,6304772.771,10561.39852
06037980033,0,District 4,City of Long Beach,SPA 8 - South Bay,5763,306139105.6,76112.96418
06037261102,0.8,District 3,Los Angeles - Beverly Crest,SPA 5 - West,5764,85407661.25,51227.15786
06037261103,3,District 3,Los Angeles - Beverly Crest,SPA 5 - West,5765,22597179.56,25395.64697
06037980034,0,District 4,City of Santa Fe Springs,SPA 7 - East,5766,69574593.87,60488.93612
06037261104,7.7,District 3,Los Angeles - Beverly Crest,SPA 5 - West,5767,49580283.87,40730.72615
06037261200,1.9,District 3,Los Angeles - Beverly Crest,SPA 5 - West,5768,82038321.54,56064.16523
06037980038,,District 2,Unincorporated - Ladera Heights,SPA 5 - West,5769,48526563.49,42566.84017
06037262100,3.1,District 3,Los Angeles - Bel Air,SPA 5 - West,5770,94268460.67,66231.93803
06037262200,2.6,District 3,Los Angeles - Bel Air,SPA 5 - West,5771,92556288.24,51023.03124
06037980039,,District 5,Unincorporated - Universal City,SPA 2 - San Fernando,5772,14640173.39,17601.67833
06037262301,2,District 3,Los Angeles - Brentwood,SPA 5 - West,5773,140668877.1,70786.55679
06037262302,3,District 3,Los Angeles - Brentwood,SPA 5 - West,5774,33189565.13,31673.58828
06037262303,1.2,District 3,Los Angeles - Brentwood,SPA 5 - West,5775,27867591.14,27207.24354
06037262400,6.2,District 3,Los Angeles - Mandeville Canyon,SPA 5 - West,5776,121143587.9,72274.41007
06037262501,0.7,District 3,Los Angeles - Pacific Palisades,SPA 5 - West,5777,17477545.71,19392.94341
06037262601,0.5,District 3,Los Angeles - Palisades Highlands,SPA 5 - West,5778,39178592.96,34168.35976
06037262604,3.6,District 3,Los Angeles - Pacific Palisades,SPA 5 - West,5779,60968352.43,50692.93846
06037262704,1.9,District 3,Los Angeles - Pacific Palisades,SPA 5 - West,5780,19521291.02,24493.05013
06037262706,4.4,District 3,Los Angeles - Pacific Palisades,SPA 5 - West,5781,23157872.03,21210.20583
06037262802,0.9,District 3,Los Angeles - Pacific Palisades,SPA 5 - West,5782,35627253.87,36744.70469
06037264000,0.6,District 3,Los Angeles - Brentwood,SPA 5 - West,5783,20114439.2,22839.60365
06037264102,10.1,District 3,Los Angeles - Brentwood,SPA 5 - West,5784,4343038.615,10171.08101
06037264103,5.4,District 3,Los Angeles - Brentwood,SPA 5 - West,5785,2490260.745,7354.991688
06037264303,4.3,District 3,Los Angeles - Brentwood,SPA 5 - West,5786,2261081.603,6586.023665
06037264304,6.3,District 3,Los Angeles - Brentwood,SPA 5 - West,5787,2225741.226,7198.827025
06037264305,6,District 3,Los Angeles - Brentwood,SPA 5 - West,5788,14595887.88,19041.33218
06037264306,13.1,District 3,Los Angeles - Brentwood,SPA 5 - West,5789,3884954.243,8953.877187
06037265100,23,District 3,Los Angeles - Westwood,SPA 5 - West,5790,25359898.28,23623.53091
06037265201,15,District 3,Los Angeles - Westwood,SPA 5 - West,5791,4644328.417,11660.50755
06037265203,14.4,District 3,Los Angeles - Westwood,SPA 5 - West,5792,3384581.377,8364.391716
06037265204,21.3,District 3,Los Angeles - Westwood,SPA 5 - West,5793,2769406.648,7451.480282
06037265301,,District 3,Los Angeles - Westwood,SPA 5 - West,5794,17371241.08,20071.7787
06037265303,18.9,District 3,Los Angeles - Westwood,SPA 5 - West,5795,1594116.397,5706.964201
06037265306,20.5,District 3,Los Angeles - Westwood,SPA 5 - West,5796,961217.959,4565.474167
06037265307,36.6,District 3,Los Angeles - Westwood,SPA 5 - West,5797,2468513.828,7795.626288
06037265410,0,District 3,Los Angeles - Brentwood,SPA 5 - West,5798,7638860,15973.55043
06037265420,1.7,District 3,Los Angeles - Westwood,SPA 5 - West,5799,7849221.043,12202.56918
06037265521,15.4,District 3,Los Angeles - Westwood,SPA 5 - West,5800,1452625.41,5481.341594
06037265522,18.8,District 3,Los Angeles - Westwood,SPA 5 - West,5801,2667208.061,7734.379654
06037265523,4.1,District 3,Los Angeles - Westwood,SPA 5 - West,5802,3627106.281,7646.927365
06037265524,4.3,District 3,Los Angeles - Westwood,SPA 5 - West,5803,4685379.452,8662.149005
06037265601,9.7,District 3,Los Angeles - Westwood,SPA 5 - West,5804,6758653.258,11344.17226
06037265602,13.4,District 3,Los Angeles - Westwood,SPA 5 - West,5805,3614948.774,9204.148606
06037265701,0,District 3,Los Angeles - Westwood,SPA 5 - West,5806,9188262.399,15334.42196
06037265702,10.8,District 3,Los Angeles - Westwood,SPA 5 - West,5807,4106623.735,8615.57387
06037267101,13.1,District 3,Los Angeles - Century City,SPA 5 - West,5808,5094799.387,9328.174997
06037267102,15.8,District 3,Los Angeles - Century City,SPA 5 - West,5809,6863044.904,10650.81457
06037267201,1.2,District 3,Los Angeles - West Los Angeles,SPA 5 - West,5810,6481656.113,10588.18163
06037267202,6.3,District 3,Los Angeles - West Los Angeles,SPA 5 - West,5811,6201058.955,10207.76052
06037267300,9.1,District 3,Los Angeles - West Los Angeles,SPA 5 - West,5812,4635901.661,8676.108354
06037267403,8,District 3,Los Angeles - West Los Angeles,SPA 5 - West,5813,2520972.807,7862.052938
06037267404,9.4,District 3,Los Angeles - West Los Angeles,SPA 5 - West,5814,3117365.174,7231.285046
06037267405,7.3,District 3,Los Angeles - West Los Angeles,SPA 5 - West,5815,2296740.305,6131.808205
06037267406,12.2,District 3,Los Angeles - West Los Angeles,SPA 5 - West,5816,2315701.022,6320.039917
06037267502,8.6,District 3,Los Angeles - West Los Angeles,SPA 5 - West,5817,4726561.771,8729.490095
06037267503,2.1,District 3,Los Angeles - West Los Angeles,SPA 5 - West,5818,2126539.041,6123.395473
06037267504,16.6,District 3,Los Angeles - West Los Angeles,SPA 5 - West,5819,2703197.729,6798.486556
06037267600,19.8,District 3,Los Angeles - West Los Angeles,SPA 5 - West,5820,13667713.11,15004.27221
06037267700,8.1,District 3,Los Angeles - West Los Angeles,SPA 5 - West,5821,8734385.959,12174.94339
06037267800,9.6,District 3,Los Angeles - Rancho Park,SPA 5 - West,5822,12404027.43,14893.81666
06037267901,12.1,District 3,Los Angeles - Century City,SPA 5 - West,5823,12154628.45,14915.09957
06037267902,3.7,District 3,Los Angeles - Century City,SPA 5 - West,5824,8318198.167,12819.58562
06037269000,0,District 3,Los Angeles - Cheviot Hills,SPA 5 - West,5825,24591678.83,28595.84586
06037269100,8.9,District 3,Los Angeles - Beverlywood,SPA 5 - West,5826,8969469.213,12201.32087
06037269300,3,District 3,Los Angeles - Cheviot Hills,SPA 5 - West,5827,23755281.81,20156.5348
06037269500,3,District 3,Los Angeles - Beverlywood,SPA 5 - West,5828,15097437.58,17754.26659
06037269601,11.8,District 3,Los Angeles - Cadillac-Corning,SPA 5 - West,5829,3605287.201,7562.597271
06037269602,9.7,District 3,Los Angeles - Cadillac-Corning,SPA 5 - West,5830,3114965.695,7320.276583
06037269700,8.9,District 3,Los Angeles - Reynier Village,SPA 5 - West,5831,9754783.439,14608.48803
06037269800,7.5,District 3,Los Angeles - Beverlywood,SPA 5 - West,5832,4851981.453,11975.26718
06037269903,4.8,District 3,Los Angeles - Palms,SPA 5 - West,5833,3055382.617,7705.9089
06037269905,8.8,District 3,Los Angeles - Palms,SPA 5 - West,5834,2470914.906,7675.65245
06037269906,5.4,District 3,Los Angeles - Palms,SPA 5 - West,5835,2228641.223,7454.922561
06037269907,4.8,District 3,Los Angeles - Palms,SPA 5 - West,5836,2960305.259,7579.40613
06037269908,20.1,District 3,Los Angeles - Palms,SPA 5 - West,5837,1797698.932,6587.591176
06037269909,2.7,District 3,Los Angeles - Palms,SPA 5 - West,5838,1828606.28,5970.59759
06037270101,4.2,District 3,Los Angeles - Palms,SPA 5 - West,5839,4196370.653,11752.12179
06037270102,3,District 3,Los Angeles - Palms,SPA 5 - West,5840,2092525.324,7567.682571
06037270200,7.7,District 3,Los Angeles - Regent Square,SPA 5 - West,5841,8055280.752,14099.76265
06037270300,5.8,District 2,Los Angeles - Faircrest Heights,SPA 4 - Metro,5842,10522641.7,13635.12891
06037271100,10.3,District 3,Los Angeles - Rancho Park,SPA 5 - West,5843,8635387.598,14142.14818
06037271200,7.5,District 3,Los Angeles - Mar Vista,SPA 5 - West,5844,5725637.534,13655.43978
06037271300,4,District 3,Los Angeles - Mar Vista,SPA 5 - West,5845,15813444.84,19320.26651
06037271400,3.4,District 3,Los Angeles - Mar Vista,SPA 5 - West,5846,12357799.94,14485.36906
06037271500,1.1,District 3,Los Angeles - Mar Vista,SPA 5 - West,5847,9788883.352,13020.2634
06037271600,2.8,District 3,Los Angeles - Mar Vista,SPA 5 - West,5848,9781377.46,12555.05532
06037271702,9.9,District 3,Los Angeles - Palms,SPA 5 - West,5849,7592156.966,13322.76181
06037271703,2.1,District 3,Los Angeles - Palms,SPA 5 - West,5850,4857322.573,12232.24298
06037271704,14,District 3,Los Angeles - Palms,SPA 5 - West,5851,5847606.827,11867.45108
06037271801,11.6,District 3,Los Angeles - Palms,SPA 5 - West,5852,5287108.352,9478.417508
06037271803,8.9,District 3,Los Angeles - Palms,SPA 5 - West,5853,2487168.62,6329.047143
06037271804,3.2,District 3,Los Angeles - Palms,SPA 5 - West,5854,3637620.843,9969.112947
06037271901,0.7,District 3,Los Angeles - Mar Vista,SPA 5 - West,5855,7067853.59,10703.52823
06037271902,4.6,District 3,Los Angeles - Mar Vista,SPA 5 - West,5856,9898373.583,12730.5976
06037272100,3.3,District 3,Los Angeles - Mar Vista,SPA 5 - West,5857,12914516.27,14801.81808
06037272201,8.4,District 3,Los Angeles - Mar Vista,SPA 5 - West,5858,2785886.081,6699.030056
06037272202,8.3,District 3,Los Angeles - Mar Vista,SPA 5 - West,5859,3307453.459,8738.049693
06037272301,7.2,District 3,Los Angeles - Mar Vista,SPA 5 - West,5860,6629158.594,12451.38945
06037272302,15.2,District 3,Los Angeles - Mar Vista,SPA 5 - West,5861,5447958.462,10544.9361
06037273100,4.9,District 3,Los Angeles - Venice,SPA 5 - West,5862,12686074.6,15511.84639
06037273200,10.4,District 3,Los Angeles - Venice,SPA 5 - West,5863,6916004.714,11504.13812
06037273300,14.5,District 3,Los Angeles - Venice,SPA 5 - West,5864,6143477.657,11182.44264
06037273403,22.9,District 3,Los Angeles - Venice,SPA 5 - West,5865,2869621.473,8586.103161
06037273404,12.6,District 3,Los Angeles - Venice,SPA 5 - West,5866,2649389.503,7992.827182
06037273502,15.1,District 3,Los Angeles - Venice,SPA 5 - West,5867,5716706.652,10126.25233
06037273600,1.6,District 3,Los Angeles - Venice,SPA 5 - West,5868,6348192.077,10763.6352
06037273700,3.9,District 3,Los Angeles - Venice,SPA 5 - West,5869,7435177.848,11006.16878
06037273800,7.7,District 3,Los Angeles - Venice,SPA 5 - West,5870,8023533.623,16413.49336
06037273902,3.5,District 3,Los Angeles - Venice,SPA 5 - West,5871,9576339.776,13366.1325
06037274100,8.9,District 2,Los Angeles - Venice,SPA 5 - West,5872,6710901.958,14042.09869
06037274202,5.8,District 2,Los Angeles - Marina Peninsula,SPA 5 - West,5873,10042123.13,16499.65565
06037275101,6,District 2,Los Angeles - Del Rey,SPA 5 - West,5874,3633314.11,9774.928491
06037275102,13.1,District 2,Los Angeles - Del Rey,SPA 5 - West,5875,6837186.461,11952.48387
06037275200,11.9,District 2,Los Angeles - Del Rey,SPA 5 - West,5876,4985019.028,10518.58275
06037275311,7.1,District 2,Los Angeles - Del Rey,SPA 5 - West,5877,13882947.7,17011.1005
06037275312,3,District 2,Los Angeles - Del Rey,SPA 5 - West,5878,8815611.148,14279.50457
06037275313,2.4,District 2,Los Angeles - Del Rey,SPA 5 - West,5879,10505094.61,15860.02897
06037275400,14.8,District 2,Los Angeles - Del Rey,SPA 5 - West,5880,8095239.055,13033.99558
06037275500,12.1,District 2,Los Angeles - Del Rey,SPA 5 - West,5881,8448458.588,11616.75128
06037275603,6.8,District 2,Los Angeles - Playa Vista,SPA 5 - West,5882,11017801.67,16764.59073
06037275604,1.8,District 2,Los Angeles - Playa Vista,SPA 5 - West,5883,16679064,25351.30796
06037275605,6.3,District 2,Los Angeles - Playa Vista,SPA 5 - West,5884,11233416.46,17377.22284
06037276000,3.8,District 2,Los Angeles - Westchester,SPA 5 - West,5885,25266210.1,22460.21379
06037276101,2.4,District 2,Los Angeles - Westchester,SPA 5 - West,5886,3546770.922,10389.58355
06037276102,7.2,District 2,Los Angeles - Westchester,SPA 5 - West,5887,7033821.765,20268.91765
06037276400,2.1,District 2,Los Angeles - Westchester,SPA 5 - West,5888,13719925.2,16195.9133
06037276500,2.6,District 2,Los Angeles - Westchester,SPA 5 - West,5889,12850240.88,15352.74519
06037276601,1,District 2,Los Angeles - Westchester,SPA 5 - West,5890,24148517.66,23190.2286
06037276605,1.3,District 2,Los Angeles - Westchester,SPA 5 - West,5891,2509882.214,7961.153762
06037276606,0.6,District 2,Los Angeles - Westchester,SPA 5 - West,5892,2360108.007,7249.355994
06037276607,5,District 2,Los Angeles - Westchester,SPA 5 - West,5893,5038397.596,11123.21889
06037276608,4.6,District 2,Los Angeles - Westchester,SPA 5 - West,5894,3821364.407,8504.297988
06037277000,0.6,District 2,Los Angeles - Westchester,SPA 5 - West,5895,24690966.81,21806.32643
06037277100,0,District 2,Los Angeles - Westchester,SPA 5 - West,5896,13342441.11,15079.62518
06037277200,10.6,District 2,Los Angeles - Westchester,SPA 5 - West,5897,11329446.29,15060.50753
06037277400,20.3,District 2,Los Angeles - Westchester,SPA 5 - West,5898,6827588.645,10436.44065
06037302401,8.6,District 5,City of Glendale,SPA 2 - San Fernando,5899,14602025.89,17870.37453
06037278001,13.2,District 2,Los Angeles - Westchester,SPA 5 - West,5900,17423890.38,25039.05785
06037278102,0.6,District 2,Los Angeles - Playa Del Rey,SPA 5 - West,5901,16249113.28,24720.60778
06037980002,,District 2,City of Carson,SPA 8 - South Bay,5902,75079609.06,37687.14769
06037291110,18.7,District 2,Los Angeles - Harbor Gateway,SPA 8 - South Bay,5903,7638453.653,11541.83161
06037291120,15,District 2,Los Angeles - Harbor Gateway,SPA 8 - South Bay,5904,7550421.375,10995.04169
06037980003,,District 5,Unincorporated - South Edwards,SPA 1 - Antelope Valley,5905,2082304898,272360.4905
06037291130,6.5,District 2,Los Angeles - Harbor Gateway,SPA 8 - South Bay,5906,13899073.27,15716.62246
06037291210,4.6,District 2,Los Angeles - Harbor Gateway,SPA 8 - South Bay,5907,13398098.6,15541.93495
06037980004,,District 5,City of Palmdale,SPA 1 - Antelope Valley,5908,385849268.4,88089.8957
06037291220,9,District 2,Los Angeles - Harbor Gateway,SPA 8 - South Bay,5909,8858200.562,12160.69404
06037291300,3.6,District 2,Los Angeles - Harbor Gateway,SPA 8 - South Bay,5910,25887162.18,31571.61202
06037980005,,District 4,City of Torrance,SPA 8 - South Bay,5911,43631570.89,31657.99088
06037292001,9,District 2,Los Angeles - Harbor Gateway,SPA 8 - South Bay,5912,37918953.35,29138.51042
06037292002,0,District 2,Los Angeles - Harbor Gateway,SPA 8 - South Bay,5913,5061207.344,9234.410814
06037980006,,District 4,City of Long Beach,SPA 8 - South Bay,5914,36204422.08,38004.97626
06037293203,1.8,District 2,Los Angeles - Harbor Gateway,SPA 8 - South Bay,5915,5040975.885,9621.545707
06037293204,9,District 2,Los Angeles - Harbor Gateway,SPA 8 - South Bay,5916,6513320.208,13400.47575
06037980007,,District 4,City of Long Beach,SPA 8 - South Bay,5917,29099378.99,24048.95628
06037293205,6.7,District 2,Los Angeles - Harbor Gateway,SPA 8 - South Bay,5918,6862977.638,11403.71437
06037293206,12.3,District 2,Los Angeles - Harbor Gateway,SPA 8 - South Bay,5919,4486000.358,9171.075824
06037293301,0,District 4,Los Angeles - Harbor City,SPA 8 - South Bay,5920,9201180.934,14207.00328
06037293302,2.1,District 4,Los Angeles - Harbor City,SPA 8 - South Bay,5921,11916286.95,14902.26578
06037293304,4.9,District 4,Los Angeles - Harbor City,SPA 8 - South Bay,5922,6129119.721,9931.980263
06037293306,1.5,District 4,Los Angeles - Harbor Pines,SPA 8 - South Bay,5923,6577544.685,11134.25396
06037293307,4.7,District 4,Los Angeles - Harbor City,SPA 8 - South Bay,5924,3662958.826,9131.003426
06037294110,4.5,District 4,Los Angeles - Wilmington,SPA 8 - South Bay,5925,10590939.69,16400.14794
06037294120,0.8,District 4,Los Angeles - Wilmington,SPA 8 - South Bay,5926,16869759.7,16832.97864
06037294200,11,District 4,Los Angeles - Wilmington,SPA 8 - South Bay,5927,10296592.89,12893.74993
06037294301,3.6,District 4,Los Angeles - Wilmington,SPA 8 - South Bay,5928,7888044.33,11446.65753
06037294302,3.4,District 4,Los Angeles - Wilmington,SPA 8 - South Bay,5929,9600668.138,14220.25783
06037294410,14.7,District 4,Los Angeles - Harbor City,SPA 8 - South Bay,5930,8910405.156,12587.13201
06037294421,9.5,District 4,Los Angeles - Harbor City,SPA 8 - South Bay,5931,7382310.451,16256.87273
06037294510,7.6,District 4,Los Angeles - Wilmington,SPA 8 - South Bay,5932,5571337.524,9763.351004
06037294520,10.1,District 4,Los Angeles - Wilmington,SPA 8 - South Bay,5933,5211929.556,9449.877702
06037294610,13.3,District 4,Los Angeles - Wilmington,SPA 8 - South Bay,5934,8849634.171,11869.43364
06037294620,3.9,District 4,Los Angeles - Wilmington,SPA 8 - South Bay,5935,9134217.612,12417.88618
06037294701,25.3,District 4,Los Angeles - Wilmington,SPA 8 - South Bay,5936,18796388.04,19485.13394
06037294810,9.3,District 4,Los Angeles - Wilmington,SPA 8 - South Bay,5937,3444865.449,7566.387481
06037294820,15.2,District 4,Los Angeles - Wilmington,SPA 8 - South Bay,5938,4127825.862,8204.368617
06037294830,7.2,District 4,Los Angeles - Wilmington,SPA 8 - South Bay,5939,9464022.268,13633.24889
06037294900,9.1,District 4,Los Angeles - Wilmington,SPA 8 - South Bay,5940,7285357.002,13394.83877
06037295103,8,District 4,Los Angeles - Harbor City,SPA 8 - South Bay,5941,22074575.05,24938.12652
06037296210,13.3,District 4,Los Angeles - San Pedro,SPA 8 - South Bay,5942,5981280.233,9557.876294
06037296220,25.5,District 4,Los Angeles - San Pedro,SPA 8 - South Bay,5943,5785855.365,9581.655235
06037296300,6.4,District 4,Los Angeles - San Pedro,SPA 8 - South Bay,5944,11738505.41,16601.1257
06037296401,3.8,District 4,Los Angeles - San Pedro,SPA 8 - South Bay,5945,10681000.44,13434.51962
06037296402,2.7,District 4,Los Angeles - San Pedro,SPA 8 - South Bay,5946,11357464.06,16116.82199
06037296500,10,District 4,Los Angeles - San Pedro,SPA 8 - South Bay,5947,9789058.328,13598.19044
06037296600,22.3,District 4,Los Angeles - San Pedro,SPA 8 - South Bay,5948,9063585.313,12269.87048
06037296901,9,District 4,Los Angeles - San Pedro,SPA 8 - South Bay,5949,6646845.772,11354.58825
06037296902,8.2,District 4,Los Angeles - San Pedro,SPA 8 - South Bay,5950,5307206.017,12001.51081
06037297001,0,District 4,Los Angeles - San Pedro,SPA 8 - South Bay,5951,7727721.953,13925.10222
06037297002,1.4,District 4,Los Angeles - San Pedro,SPA 8 - South Bay,5952,8142216.159,12365.45782
06037297110,17.8,District 4,Los Angeles - San Pedro,SPA 8 - South Bay,5953,5247384.733,9163.59535
06037297120,8.8,District 4,Los Angeles - San Pedro,SPA 8 - South Bay,5954,4725188.269,9976.874341
06037297201,7.9,District 4,Los Angeles - San Pedro,SPA 8 - South Bay,5955,4350600.562,8255.811567
06037297202,12.5,District 4,Los Angeles - San Pedro,SPA 8 - South Bay,5956,6198576.314,9987.20326
06037297300,2.3,District 4,Los Angeles - San Pedro,SPA 8 - South Bay,5957,13002515.01,18304.11237
06037297400,5,District 4,Los Angeles - San Pedro,SPA 8 - South Bay,5958,21748189.81,20186.89098
06037297501,7.8,District 4,Los Angeles - San Pedro,SPA 8 - South Bay,5959,11662627.66,20684.30045
06037297502,11.5,District 4,Los Angeles - San Pedro,SPA 8 - South Bay,5960,10264962.33,17170.93397
06037297601,1.3,District 4,Los Angeles - San Pedro,SPA 8 - South Bay,5961,7882240.131,18202.0294
06037297602,7.8,District 4,Los Angeles - San Pedro,SPA 8 - South Bay,5962,6574072.356,12185.29497
06037300100,4.7,District 5,Unincorporated - La Crescenta-Montrose,SPA 2 - San Fernando,5963,50630231.29,29108.23072
06037300200,8.4,District 5,Unincorporated - La Crescenta-Montrose,SPA 2 - San Fernando,5964,20837820.04,21680.36018
06037300301,1.3,District 5,City of Glendale,SPA 2 - San Fernando,5965,66005815.61,40754.61304
06037300400,0.5,District 5,City of Glendale,SPA 2 - San Fernando,5966,21730494.88,23706.55403
06037300501,5.1,District 5,Unincorporated - La Crescenta-Montrose,SPA 2 - San Fernando,5967,13649413.26,19872.27771
06037300503,2.1,District 5,Unincorporated - La Crescenta-Montrose,SPA 2 - San Fernando,5968,11694890.02,15544.89285
06037300601,10,District 5,City of Glendale,SPA 2 - San Fernando,5969,7845815.159,16812.22668
06037300602,7.1,District 5,City of Glendale,SPA 2 - San Fernando,5970,16291737.69,23229.16379
06037300701,3.2,District 5,City of Glendale,SPA 2 - San Fernando,5971,144236000.8,64161.42675
06037300702,6.8,District 5,City of Glendale,SPA 2 - San Fernando,5972,123675265.8,65800.8594
06037300800,3,District 5,City of Glendale,SPA 2 - San Fernando,5973,65833219.54,44428.45112
06037300901,2,District 5,City of Glendale,SPA 2 - San Fernando,5974,74916984.64,42058.82635
06037300902,0.7,District 5,City of Glendale,SPA 2 - San Fernando,5975,46938618.1,36143.00039
06037980008,0,District 3,Los Angeles - Van Nuys,SPA 2 - San Fernando,5976,36520470.25,33527.73666
06037301000,4.5,District 5,City of Glendale,SPA 2 - San Fernando,5977,22416556,20656.06776
06037301100,4.4,District 5,City of Glendale,SPA 2 - San Fernando,5978,14379263.82,18268.59564
06037980009,,District 5,Los Angeles - Los Feliz,SPA 4 - Metro,5979,228426493.8,78138.60174
06037301203,12.3,District 5,City of Glendale,SPA 2 - San Fernando,5980,5858005.725,10508.18847
06037301204,11.5,District 5,City of Glendale,SPA 2 - San Fernando,5981,4440368.949,8676.58345
06037301205,7.9,District 5,City of Glendale,SPA 2 - San Fernando,5982,8346100.029,12788.32699
06037301206,11,District 5,City of Glendale,SPA 2 - San Fernando,5983,8886947.813,13369.6078
06037301300,1.2,District 5,City of Glendale,SPA 2 - San Fernando,5984,12607146.07,18862.7009
06037301400,1.7,District 5,City of Glendale,SPA 2 - San Fernando,5985,17216963.66,19081.82059
06037301501,6.8,District 5,City of Glendale,SPA 2 - San Fernando,5986,6522353.1,14080.93088
06037301502,14.7,District 5,City of Glendale,SPA 2 - San Fernando,5987,7276905.863,15094.37939
06037301601,28,District 5,City of Glendale,SPA 2 - San Fernando,5988,24223119.68,25957.08266
06037301602,4.7,District 5,City of Glendale,SPA 2 - San Fernando,5989,10834400.92,15313.74578
06037301701,10.5,District 5,City of Glendale,SPA 2 - San Fernando,5990,10152082.54,15491.42428
06037301702,12,District 5,City of Glendale,SPA 2 - San Fernando,5991,8902944.94,12255.07793
06037301801,9.8,District 5,City of Glendale,SPA 2 - San Fernando,5992,7768177.19,11130.71877
06037301802,5.7,District 5,City of Glendale,SPA 2 - San Fernando,5993,5105460.74,9429.200085
06037301901,4.2,District 5,City of Glendale,SPA 2 - San Fernando,5994,4955932.398,9778.063373
06037301902,11,District 5,City of Glendale,SPA 2 - San Fernando,5995,6808225.885,12623.49992
06037302002,11.6,District 5,City of Glendale,SPA 2 - San Fernando,5996,5417587.646,9619.991396
06037302003,13.3,District 5,City of Glendale,SPA 2 - San Fernando,5997,2544760.936,6616.422467
06037302004,12.8,District 5,City of Glendale,SPA 2 - San Fernando,5998,3654738.13,7714.901916
06037302102,10.7,District 5,City of Glendale,SPA 2 - San Fernando,5999,11202904.77,17922.64182
06037302103,18,District 5,City of Glendale,SPA 2 - San Fernando,6000,5929508.31,9558.607277
06037302104,10.7,District 5,City of Glendale,SPA 2 - San Fernando,6001,6180959.604,12259.22029
06037302201,32.1,District 5,City of Glendale,SPA 2 - San Fernando,6002,5358036.83,10678.2494
06037302202,21.2,District 5,City of Glendale,SPA 2 - San Fernando,6003,5501323.357,10954.15269
06037302301,15.9,District 5,City of Glendale,SPA 2 - San Fernando,6004,7553840.751,13007.89142
06037302302,16.4,District 5,City of Glendale,SPA 2 - San Fernando,6005,6883613.493,11786.80556
06037302503,20.4,District 5,City of Glendale,SPA 2 - San Fernando,6006,3510769.629,9965.307807
06037302504,18.2,District 5,City of Glendale,SPA 2 - San Fernando,6007,4054922.616,11446.00505
06037302505,22.2,District 5,City of Glendale,SPA 2 - San Fernando,6008,5957601.315,15531.78669
06037302506,17.5,District 5,City of Glendale,SPA 2 - San Fernando,6009,9636277.055,14878.52321
06037310100,0,District 5,City of Burbank,SPA 2 - San Fernando,6010,140962898.2,57067.51758
06037310201,3.5,District 5,City of Burbank,SPA 2 - San Fernando,6011,11796359.64,13936.71231
06037310202,6.4,District 5,City of Burbank,SPA 2 - San Fernando,6012,9770842.137,13449.11883
06037310300,0.9,District 5,City of Burbank,SPA 2 - San Fernando,6013,11360593.6,18596.26485
06037310400,2.1,District 5,City of Burbank,SPA 2 - San Fernando,6014,15082475.89,20217.80777
06037310501,7.4,District 5,City of Burbank,SPA 2 - San Fernando,6015,20963422.02,24827.42813
06037310601,10.3,District 5,City of Burbank,SPA 2 - San Fernando,6016,11177502.23,18706.74485
06037310602,4.4,District 5,City of Burbank,SPA 2 - San Fernando,6017,9484828.124,13309.73872
06037310701,30.3,District 5,City of Burbank,SPA 2 - San Fernando,6018,5677341.239,11300.70862
06037310703,16,District 5,City of Burbank,SPA 2 - San Fernando,6019,10636926.6,16037.11281
06037310704,22,District 5,City of Burbank,SPA 2 - San Fernando,6020,5333001.329,9704.479749
06037310705,35.5,District 5,City of Burbank,SPA 2 - San Fernando,6021,5979763.365,10127.25781
06037310800,10.7,District 5,City of Burbank,SPA 2 - San Fernando,6022,23099262.66,23535.00767
06037310900,2.6,District 5,City of Burbank,SPA 2 - San Fernando,6023,23368248.25,21420.28099
06037311000,6.2,District 5,City of Burbank,SPA 2 - San Fernando,6024,14246451.77,15607.49739
06037311100,3.3,District 5,City of Burbank,SPA 2 - San Fernando,6025,18355393.49,18011.4663
06037311200,1.3,District 5,City of Burbank,SPA 2 - San Fernando,6026,10652167.72,13819.9565
06037311300,3.1,District 5,City of Burbank,SPA 2 - San Fernando,6027,13153921.17,14547.12276
06037311400,5.1,District 5,City of Burbank,SPA 2 - San Fernando,6028,10104705.75,15208.45971
06037311500,1.5,District 5,City of Burbank,SPA 2 - San Fernando,6029,16117973.79,16059.79898
06037311601,1,District 5,City of Burbank,SPA 2 - San Fernando,6030,18452308.28,18330.46493
06037311602,13,District 5,City of Burbank,SPA 2 - San Fernando,6031,12179364.98,16988.62225
06037311700,2.6,District 5,City of Burbank,SPA 2 - San Fernando,6032,25268821.69,20833.79305
06037311801,3.8,District 5,City of Burbank,SPA 2 - San Fernando,6033,6630448.227,11856.33499
06037311802,7.8,District 5,City of Burbank,SPA 2 - San Fernando,6034,8840830.958,12277.88582
06037320101,4,District 3,City of San Fernando,SPA 2 - San Fernando,6035,7238442.627,10705.30701
06037320102,3.2,District 3,City of San Fernando,SPA 2 - San Fernando,6036,13134937.15,16192.77464
06037320201,10.8,District 3,City of San Fernando,SPA 2 - San Fernando,6037,9919370.219,16377.30771
06037320202,0.7,District 3,City of San Fernando,SPA 2 - San Fernando,6038,17403343.13,18454.84924
06037320300,9,District 3,City of San Fernando,SPA 2 - San Fernando,6039,18311304.69,18133.03806
06037400205,0,District 5,City of Claremont,SPA 3 - San Gabriel,6040,257269945.4,83970.914
06037400206,0.8,District 5,City of Claremont,SPA 3 - San Gabriel,6041,36012647.43,31630.95704
06037400207,0,District 5,City of La Verne,SPA 3 - San Gabriel,6042,53926703.7,54737.76135
06037400208,0,District 5,City of La Verne,SPA 3 - San Gabriel,6043,8927767.327,13629.6612
06037400209,5.7,District 5,City of La Verne,SPA 3 - San Gabriel,6044,73713619.68,40033.74386
06037400304,2.4,District 5,City of San Dimas,SPA 3 - San Gabriel,6045,34275675.25,32601.82562
06037400402,1.1,District 5,City of Glendora,SPA 3 - San Gabriel,6046,46905463.61,39761.22989
06037400403,3.8,District 5,City of San Dimas,SPA 3 - San Gabriel,6047,141579543.5,57452.26708
06037400404,0,District 5,City of Glendora,SPA 3 - San Gabriel,6048,174187213.8,69528.98594
06037400501,2.5,District 5,City of Glendora,SPA 3 - San Gabriel,6049,126474664.7,53849.26562
06037400602,0,District 1,City of Azusa,SPA 3 - San Gabriel,6050,16399655.42,21216.46292
06037400603,1.6,District 1,City of Azusa,SPA 3 - San Gabriel,6051,98796139.92,63990.88575
06037400605,2.4,District 1,City of Azusa,SPA 3 - San Gabriel,6052,53741797.8,36422.72476
06037400801,1.1,District 5,City of Glendora,SPA 3 - San Gabriel,6053,38549539.07,26429.4017
06037401001,0.7,District 5,City of Glendora,SPA 3 - San Gabriel,6054,15614639.76,15801.73146
06037401002,5.9,District 5,City of Glendora,SPA 3 - San Gabriel,6055,15796677.2,15899.9406
06037401101,3.5,District 5,City of Glendora,SPA 3 - San Gabriel,6056,32252018.57,24742.77499
06037401102,0.9,District 5,City of Glendora,SPA 3 - San Gabriel,6057,13990094.43,15706.16632
06037401201,3.1,District 5,City of Glendora,SPA 3 - San Gabriel,6058,25203725.19,23432.11697
06037401202,0.6,District 5,City of Glendora,SPA 3 - San Gabriel,6059,34313906.07,25872.45919
06037401203,4.8,District 5,City of Glendora,SPA 3 - San Gabriel,6060,20569307.97,18831.29835
06037401303,6.1,District 5,City of San Dimas,SPA 3 - San Gabriel,6061,62135563.86,41210.1444
06037401304,1.8,District 5,City of San Dimas,SPA 3 - San Gabriel,6062,106496020.9,67410.02092
06037401311,3.3,District 5,City of San Dimas,SPA 3 - San Gabriel,6063,46100076.39,31360.4798
06037401312,10.6,District 5,City of San Dimas,SPA 3 - San Gabriel,6064,30386408.34,24195.22509
06037401500,1.6,District 1,City of La Verne,SPA 3 - San Gabriel,6065,50922073.73,45255.88194
06037401601,5.8,District 5,City of La Verne,SPA 3 - San Gabriel,6066,27887783.16,28929.60642
06037401602,5.7,District 5,City of La Verne,SPA 3 - San Gabriel,6067,21834475.18,18976.64372
06037401705,5,District 5,City of Claremont,SPA 3 - San Gabriel,6068,17315583.38,21552.55515
06037401706,11.1,District 1,City of Pomona,SPA 3 - San Gabriel,6069,13313677.58,18816.57404
06037401707,13.6,District 1,City of Pomona,SPA 3 - San Gabriel,6070,22827240.31,24435.54162
06037401801,3.6,District 5,City of Claremont,SPA 3 - San Gabriel,6071,38314920.02,25332.79623
06037401802,4.1,District 5,City of Claremont,SPA 3 - San Gabriel,6072,26326798.86,20507.68198
06037401901,13.4,District 5,City of Claremont,SPA 3 - San Gabriel,6073,18501398.78,18352.01428
06037401902,13.6,District 5,City of Claremont,SPA 3 - San Gabriel,6074,28658505.56,24752.41567
06037402001,1.1,District 5,City of Claremont,SPA 3 - San Gabriel,6075,15719655.88,18508.05313
06037402002,10.4,District 5,City of Claremont,SPA 3 - San Gabriel,6076,17796846.78,17628.02113
06037402101,0.6,District 1,City of Pomona,SPA 3 - San Gabriel,6077,12898882.08,17651.95535
06037402102,1.1,District 1,City of Pomona,SPA 3 - San Gabriel,6078,24758097.97,20813.04675
06037402200,2.5,District 1,City of Pomona,SPA 3 - San Gabriel,6079,68339407.14,45424.85887
06037402301,8,District 1,City of Pomona,SPA 3 - San Gabriel,6080,14469730.06,16679.63588
06037402303,6.6,District 1,City of Pomona,SPA 3 - San Gabriel,6081,9997929.029,13504.33884
06037402304,8.2,District 1,City of Pomona,SPA 3 - San Gabriel,6082,7510602.438,14803.96057
06037402403,5.5,District 1,City of Pomona,SPA 3 - San Gabriel,6083,21958282.42,31657.25253
06037402404,0,District 1,Unincorporated - Pomona,SPA 3 - San Gabriel,6084,44195676.09,35663.18588
06037402405,2.3,District 1,City of Pomona,SPA 3 - San Gabriel,6085,10899580.94,17359.63532
06037402406,3.4,District 1,City of Pomona,SPA 3 - San Gabriel,6086,12578590.39,14323.57975
06037402501,14.4,District 1,City of Pomona,SPA 3 - San Gabriel,6087,11216841.37,15458.75971
06037402503,1.7,District 1,City of Pomona,SPA 3 - San Gabriel,6088,9438048.982,12811.70884
06037402504,11.6,District 1,City of Pomona,SPA 3 - San Gabriel,6089,6460042.31,10587.26896
06037402601,13.3,District 1,City of Pomona,SPA 3 - San Gabriel,6090,11117136.64,17688.93684
06037402602,10.4,District 1,City of Pomona,SPA 3 - San Gabriel,6091,13517328.39,15292.90344
06037402702,13.8,District 1,City of Pomona,SPA 3 - San Gabriel,6092,16103320.32,18394.94377
06037402703,3.9,District 1,City of Pomona,SPA 3 - San Gabriel,6093,11462214.83,18753.89371
06037402705,0.4,District 1,City of Pomona,SPA 3 - San Gabriel,6094,9314329.827,12971.27103
06037402706,11.3,District 1,City of Pomona,SPA 3 - San Gabriel,6095,11470814.47,13790.52151
06037402801,10.4,District 1,City of Pomona,SPA 3 - San Gabriel,6096,19570734.17,22076.28776
06037402803,4.4,District 1,City of Pomona,SPA 3 - San Gabriel,6097,6782161.097,10582.13901
06037402804,5.2,District 1,City of Pomona,SPA 3 - San Gabriel,6098,14173729.1,16157.1581
06037402902,9.3,District 1,City of Pomona,SPA 3 - San Gabriel,6099,19841932.17,20582.38302
06037402903,12.2,District 1,City of Pomona,SPA 3 - San Gabriel,6100,17098139.44,16949.88044
06037402904,3.3,District 1,City of Pomona,SPA 3 - San Gabriel,6101,20545177.44,20768.15254
06037403000,8.5,District 1,City of Pomona,SPA 3 - San Gabriel,6102,25935118.1,25674.65416
06037403305,0.9,District 1,City of Diamond Bar,SPA 3 - San Gabriel,6103,15852928.93,16169.60514
06037403316,1.8,District 1,City of Diamond Bar,SPA 3 - San Gabriel,6104,31227870.43,28407.35141
06037403317,2.5,District 1,City of Pomona,SPA 3 - San Gabriel,6105,45249838.15,38495.64754
06037403318,0.9,District 1,City of Pomona,SPA 3 - San Gabriel,6106,36313472.56,30162.66179
06037403319,4.6,District 1,City of Diamond Bar,SPA 3 - San Gabriel,6107,23949384.99,19902.26046
06037403320,0.9,District 1,City of Diamond Bar,SPA 3 - San Gabriel,6108,42268290.52,28539.83007
06037403321,7.4,District 1,City of Diamond Bar,SPA 3 - San Gabriel,6109,68491573.22,40641.07392
06037403323,1.2,District 1,City of Diamond Bar,SPA 3 - San Gabriel,6110,33794601.77,26854.33916
06037403324,0.6,District 1,City of Diamond Bar,SPA 3 - San Gabriel,6111,85652892.21,45729.97643
06037403325,2.3,District 1,Unincorporated - Rowland Heights,SPA 3 - San Gabriel,6112,184120306.1,82994.06112
06037403326,5.4,District 1,City of Diamond Bar,SPA 3 - San Gabriel,6113,20893976.2,27695.63947
06037403327,2.2,District 1,City of Industry,SPA 3 - San Gabriel,6114,95594101.14,58739.23266
06037403328,3.8,District 1,City of Diamond Bar,SPA 3 - San Gabriel,6115,30156996.16,30930.70102
06037403401,1.9,District 1,City of Walnut,SPA 3 - San Gabriel,6116,24291577.82,31329.9466
06037403402,2.2,District 1,City of Walnut,SPA 3 - San Gabriel,6117,18571800.98,17426.78449
06037403403,1,District 1,City of Walnut,SPA 3 - San Gabriel,6118,42248763.23,42482.96124
06037403404,1.1,District 1,City of Walnut,SPA 3 - San Gabriel,6119,25501443.04,24508.94091
06037403407,0.9,District 1,City of Walnut,SPA 3 - San Gabriel,6120,50545933.39,36577.1984
06037403408,1.4,District 1,City of Walnut,SPA 3 - San Gabriel,6121,34523037.86,25578.82773
06037403409,5.6,District 1,City of Walnut,SPA 3 - San Gabriel,6122,50692519.39,37923.91967
06037403500,14.8,District 1,Unincorporated - Covina,SPA 3 - San Gabriel,6123,52900904.69,37011.72066
06037403601,0.8,District 1,City of Covina,SPA 3 - San Gabriel,6124,52804692.11,37368.84743
06037403702,1.7,District 1,City of Covina,SPA 3 - San Gabriel,6125,18411294.79,18679.93088
06037403703,6.7,District 5,City of San Dimas,SPA 3 - San Gabriel,6126,23344441.35,22187.89671
06037403721,7.8,District 1,City of Covina,SPA 3 - San Gabriel,6127,20400845.76,20593.09047
06037403722,0.7,District 1,City of Covina,SPA 3 - San Gabriel,6128,19439753.58,18579.5406
06037403801,4,District 5,Unincorporated - Covina (Charter Oak),SPA 3 - San Gabriel,6129,20296824.08,21430.16348
06037403802,2.6,District 5,Unincorporated - Covina (Charter Oak),SPA 3 - San Gabriel,6130,13957913.56,15924.85067
06037403901,0.6,District 5,City of Glendora,SPA 3 - San Gabriel,6131,13577493.94,16931.34091
06037403902,1.8,District 5,City of Glendora,SPA 3 - San Gabriel,6132,22760108.85,18615.39248
06037404000,12.4,District 1,Unincorporated - Azusa,SPA 3 - San Gabriel,6133,14226603.91,16068.91529
06037404100,1.2,District 1,Unincorporated - Azusa,SPA 3 - San Gabriel,6134,14636993.53,16139.93707
06037404201,7.9,District 1,City of Azusa,SPA 3 - San Gabriel,6135,9956456.542,13460.79382
06037404203,4.4,District 1,Unincorporated - Azusa,SPA 3 - San Gabriel,6136,6947296.411,10555.76688
06037404301,7.4,District 1,City of Azusa,SPA 3 - San Gabriel,6137,11991064.21,13912.43624
06037404302,0,District 1,City of Azusa,SPA 3 - San Gabriel,6138,6618697.209,10268.01239
06037404401,2.4,District 1,City of Azusa,SPA 3 - San Gabriel,6139,15575096.47,19965.33741
06037404402,4.3,District 1,City of Azusa,SPA 3 - San Gabriel,6140,36232074.3,27947.17185
06037404501,1.5,District 1,City of Azusa,SPA 3 - San Gabriel,6141,8564304.777,13739.64305
06037404503,4.8,District 1,City of Azusa,SPA 3 - San Gabriel,6142,7056612.66,10647.91702
06037404504,15.6,District 1,City of Azusa,SPA 3 - San Gabriel,6143,7107181.997,10608.75666
06037404600,8.9,District 1,City of Irwindale,SPA 3 - San Gabriel,6144,267656400,128183.1697
06037404701,2.3,District 1,City of Baldwin Park,SPA 3 - San Gabriel,6145,18209431.4,18131.46396
06037404702,3.3,District 1,City of Baldwin Park,SPA 3 - San Gabriel,6146,12499953.1,16182.22787
06037404703,3.5,District 1,City of Baldwin Park,SPA 3 - San Gabriel,6147,14092403.35,23492.77524
06037404804,1.7,District 1,City of Baldwin Park,SPA 3 - San Gabriel,6148,10191726.28,13759.99486
06037404805,12.9,District 1,City of Baldwin Park,SPA 3 - San Gabriel,6149,4861665.609,8754.577215
06037404806,4.9,District 1,City of Baldwin Park,SPA 3 - San Gabriel,6150,16506072.07,18910.77634
06037404901,0,District 1,City of Baldwin Park,SPA 3 - San Gabriel,6151,12261346.62,14494.80118
06037404902,4.4,District 1,City of Baldwin Park,SPA 3 - San Gabriel,6152,7467003.619,11500.05563
06037404903,1.9,District 1,City of Baldwin Park,SPA 3 - San Gabriel,6153,5973562.22,10489.37231
06037405001,2.3,District 1,City of Baldwin Park,SPA 3 - San Gabriel,6154,18308765.09,19200.33912
06037405002,1.4,District 1,City of Baldwin Park,SPA 3 - San Gabriel,6155,9499941.085,12525.37763
06037405101,1.9,District 1,City of Baldwin Park,SPA 3 - San Gabriel,6156,12048533.37,14746.61828
06037405102,13.5,District 1,City of Baldwin Park,SPA 3 - San Gabriel,6157,10230304.54,15430.37686
06037405201,1.5,District 1,City of Baldwin Park,SPA 3 - San Gabriel,6158,14562064.83,17731.31359
06037405202,11.5,District 1,City of Baldwin Park,SPA 3 - San Gabriel,6159,10257609.03,13372.34647
06037405203,1.2,District 1,City of Baldwin Park,SPA 3 - San Gabriel,6160,7682965.538,13607.06701
06037405301,8.7,District 1,City of West Covina,SPA 3 - San Gabriel,6161,8901118.332,19148.15382
06037405302,2.5,District 1,City of West Covina,SPA 3 - San Gabriel,6162,19352429.78,21880.95601
06037405400,2.1,District 1,Unincorporated - Covina,SPA 3 - San Gabriel,6163,14249791.42,20318.20097
06037405500,3.1,District 1,City of West Covina,SPA 3 - San Gabriel,6164,20070042.91,20060.00387
06037405600,11,District 1,City of West Covina,SPA 3 - San Gabriel,6165,22900755.59,23550.19411
06037405701,1.6,District 1,Unincorporated - Covina,SPA 3 - San Gabriel,6166,11004308.15,14380.35112
06037405702,2.8,District 1,City of Covina,SPA 3 - San Gabriel,6167,14814917,16435.01535
06037405800,0.6,District 1,City of Covina,SPA 3 - San Gabriel,6168,20434025.33,20932.96609
06037405900,5.8,District 1,City of Covina,SPA 3 - San Gabriel,6169,14218395.24,15922.84585
06037406000,3.6,District 1,City of Covina,SPA 3 - San Gabriel,6170,20536047.93,26184.28894
06037406101,3.6,District 1,City of Covina,SPA 3 - San Gabriel,6171,14936056.64,17571.64306
06037406103,6.6,District 1,City of Covina,SPA 3 - San Gabriel,6172,23750734.05,23873.69393
06037406201,18.8,District 1,City of West Covina,SPA 3 - San Gabriel,6173,8581586.149,15669.74693
06037406300,1.5,District 1,City of West Covina,SPA 3 - San Gabriel,6174,57981527.64,34015.20306
06037406413,5.3,District 1,City of West Covina,SPA 3 - San Gabriel,6175,34177560.24,27657.34796
06037406500,1.3,District 1,City of West Covina,SPA 3 - San Gabriel,6176,22005239.18,20242.9818
06037406601,10.1,District 1,City of West Covina,SPA 3 - San Gabriel,6177,21186357.71,18623.57766
06037406602,7.1,District 1,City of West Covina,SPA 3 - San Gabriel,6178,17123035.59,18516.28978
06037406701,1.6,District 1,City of West Covina,SPA 3 - San Gabriel,6179,10148195.44,13554.25651
06037406702,1.9,District 1,City of West Covina,SPA 3 - San Gabriel,6180,30469700.02,24007.95109
06037406801,3.9,District 1,City of West Covina,SPA 3 - San Gabriel,6181,18663501.11,23849.54455
06037406903,6.8,District 1,Unincorporated - Bassett,SPA 3 - San Gabriel,6182,21082529.91,19519.81253
06037407001,3.2,District 1,Unincorporated - Bassett,SPA 3 - San Gabriel,6183,10738739.59,14062.23387
06037407002,3.6,District 1,City of Industry,SPA 3 - San Gabriel,6184,34111705.14,25658.35217
06037407101,10.7,District 1,City of La Puente,SPA 3 - San Gabriel,6185,12251102.2,15224.6002
06037407102,2.5,District 1,City of La Puente,SPA 3 - San Gabriel,6186,9930178.492,14539.61686
06037407201,1.8,District 1,City of La Puente,SPA 3 - San Gabriel,6187,6955646.683,11309.02337
06037407202,2.4,District 1,City of La Puente,SPA 3 - San Gabriel,6188,8682556.024,13374.51423
06037407301,5.5,District 1,Unincorporated - West Puente Valley,SPA 3 - San Gabriel,6189,10633047.61,15254.57865
06037407302,10.5,District 1,Unincorporated - West Puente Valley,SPA 3 - San Gabriel,6190,8679660.535,12141.73957
06037407400,1.9,District 1,City of West Covina,SPA 3 - San Gabriel,6191,6534892.613,10297.42925
06037407501,1.5,District 1,Unincorporated - Valinda,SPA 3 - San Gabriel,6192,12165499.52,16937.95859
06037407502,0.7,District 1,Unincorporated - Valinda,SPA 3 - San Gabriel,6193,11081593.42,15717.26347
06037407601,5,District 1,City of La Puente,SPA 3 - San Gabriel,6194,8434235.212,11670.33266
06037407602,3.2,District 1,City of La Puente,SPA 3 - San Gabriel,6195,9948071.741,13193.08283
06037407701,6.1,District 1,City of La Puente,SPA 3 - San Gabriel,6196,12402985.58,15424.4692
06037407702,2.8,District 1,City of La Puente,SPA 3 - San Gabriel,6197,21579956.12,22626.27325
06037407801,1.8,District 1,Unincorporated - Valinda,SPA 3 - San Gabriel,6198,11508847.83,13102.53337
06037407802,2.3,District 1,City of Industry,SPA 3 - San Gabriel,6199,33598565.57,30414.80785
06037407901,1.2,District 1,Unincorporated - Valinda,SPA 3 - San Gabriel,6200,11102395.96,14077.81264
06037407902,4,District 1,City of West Covina,SPA 3 - San Gabriel,6201,5075594.794,9633.17854
06037408003,1.8,District 1,City of West Covina,SPA 3 - San Gabriel,6202,14617723.33,16432.88777
06037408004,3.2,District 1,City of West Covina,SPA 3 - San Gabriel,6203,6762442.373,11757.12827
06037408005,0.9,District 1,City of West Covina,SPA 3 - San Gabriel,6204,39705386.86,26695.98414
06037408006,2.8,District 1,City of West Covina,SPA 3 - San Gabriel,6205,35671275.76,25331.50754
06037408133,6.4,District 1,City of West Covina,SPA 3 - San Gabriel,6206,11451613.42,17531.24035
06037408134,5.2,District 1,City of West Covina,SPA 3 - San Gabriel,6207,9391676.954,12118.16583
06037408135,6.1,District 1,City of West Covina,SPA 3 - San Gabriel,6208,12112464.08,17385.47763
06037408136,6.9,District 1,City of West Covina,SPA 3 - San Gabriel,6209,10811237.01,16953.062
06037408137,1.3,District 1,City of West Covina,SPA 3 - San Gabriel,6210,9039334.938,14124.37752
06037408138,0.6,District 1,Unincorporated - San Jose Hills,SPA 3 - San Gabriel,6211,9710533.652,16122.83222
06037408139,2.9,District 1,Unincorporated - San Jose Hills,SPA 3 - San Gabriel,6212,8478988.303,13014.62965
06037408140,2.7,District 1,Unincorporated - San Jose Hills,SPA 3 - San Gabriel,6213,9852174.779,13150.97195
06037408141,0,District 1,Unincorporated - San Jose Hills,SPA 3 - San Gabriel,6214,11978519.32,17054.03052
06037408212,4.6,District 1,Unincorporated - Rowland Heights,SPA 3 - San Gabriel,6215,30721179.52,22583.0572
06037408213,3.8,District 1,Unincorporated - Rowland Heights,SPA 3 - San Gabriel,6216,16529677.15,20672.71342
06037408301,4.8,District 1,Unincorporated - Avocado Heights,SPA 3 - San Gabriel,6217,29130110.1,30399.55917
06037408302,1.3,District 1,Unincorporated - North Whittier,SPA 3 - San Gabriel,6218,36734534.75,31927.59634
06037408303,0.7,District 1,Unincorporated - North Whittier,SPA 3 - San Gabriel,6219,20941704.29,27335.31795
06037408401,3.2,District 1,Unincorporated - Hacienda Heights,SPA 3 - San Gabriel,6220,12356910.46,16970.12473
06037408402,2.3,District 1,Unincorporated - Hacienda Heights,SPA 3 - San Gabriel,6221,124530839.5,59661.77024
06037408503,0.8,District 1,Unincorporated - Hacienda Heights,SPA 3 - San Gabriel,6222,45276197.36,37524.28753
06037408504,3.8,District 1,Unincorporated - Hacienda Heights,SPA 3 - San Gabriel,6223,15275206.99,18573.2696
06037408505,3.2,District 1,Unincorporated - Hacienda Heights,SPA 3 - San Gabriel,6224,21638099.58,21531.96782
06037408623,3,District 1,Unincorporated - Hacienda Heights,SPA 3 - San Gabriel,6225,10382928.08,13507.10824
06037408624,4.4,District 1,Unincorporated - Hacienda Heights,SPA 3 - San Gabriel,6226,15031500.3,18032.41686
06037408625,2.5,District 1,Unincorporated - Hacienda Heights,SPA 3 - San Gabriel,6227,22934940.31,20313.16733
06037408626,4.9,District 1,Unincorporated - Rowland Heights,SPA 3 - San Gabriel,6228,26743582.36,25473.89202
06037408627,2.9,District 1,Unincorporated - Rowland Heights,SPA 3 - San Gabriel,6229,33702222.24,31416.25159
06037408628,6.4,District 1,Unincorporated - Hacienda Heights,SPA 3 - San Gabriel,6230,25303591.21,26148.35402
06037408629,3.3,District 1,Unincorporated - Hacienda Heights,SPA 3 - San Gabriel,6231,18973272.31,19444.05219
06037408631,3.5,District 1,Unincorporated - Hacienda Heights,SPA 3 - San Gabriel,6232,15959625.17,16563.01524
06037408703,0.5,District 1,Unincorporated - Rowland Heights,SPA 3 - San Gabriel,6233,183419538.9,69529.07866
06037408705,5.2,District 1,Unincorporated - Rowland Heights,SPA 3 - San Gabriel,6234,20534367.21,19007.95122
06037408707,1,District 1,Unincorporated - Rowland Heights,SPA 3 - San Gabriel,6235,53625311.98,38180.36644
06037408722,1,District 1,Unincorporated - Rowland Heights,SPA 3 - San Gabriel,6236,22936442.08,21349.28687
06037408724,4.4,District 1,Unincorporated - Rowland Heights,SPA 3 - San Gabriel,6237,5964600.646,9881.149904
06037408725,6,District 1,Unincorporated - Rowland Heights,SPA 3 - San Gabriel,6238,20856279.18,25546.12177
06037408800,6,District 1,City of Pomona,SPA 3 - San Gabriel,6239,19151068.95,19795.83762
06037408900,10,District 5,City of La Verne,SPA 3 - San Gabriel,6240,34067697.67,24093.51075
06037409000,3.3,District 1,City of Pomona,SPA 3 - San Gabriel,6241,84555857.29,58547.50124
06037409100,7.1,District 1,Unincorporated - Hacienda Heights,SPA 3 - San Gabriel,6242,16908574.98,23901.45264
06037430003,2.8,District 5,City of Duarte,SPA 3 - San Gabriel,6243,128470313.8,75095.74207
06037430004,13.2,District 5,City of Duarte,SPA 3 - San Gabriel,6244,12275811.56,16466.01196
06037430005,6.3,District 5,City of Duarte,SPA 3 - San Gabriel,6245,11164329.4,15470.68464
06037430101,16.8,District 5,City of Duarte,SPA 3 - San Gabriel,6246,21334324.66,19937.5989
06037430102,6.9,District 5,City of Duarte,SPA 3 - San Gabriel,6247,13790608.88,18807.31416
06037430200,9.8,District 5,City of Bradbury,SPA 3 - San Gabriel,6248,55677513.49,35859.97519
06037430301,0,District 5,City of Monrovia,SPA 3 - San Gabriel,6249,262616702,84409.31341
06037430302,4.2,District 5,City of Monrovia,SPA 3 - San Gabriel,6250,20898099.7,23242.88949
06037430400,0.5,District 5,City of Arcadia,SPA 3 - San Gabriel,6251,38951140.32,34400.62548
06037430501,0.7,District 5,City of Sierra Madre,SPA 3 - San Gabriel,6252,50611274.39,32607.77693
06037430502,3.3,District 5,City of Sierra Madre,SPA 3 - San Gabriel,6253,31695553.25,25000.61115
06037430600,0,District 5,City of Arcadia,SPA 3 - San Gabriel,6254,39839200.23,35196.7427
06037430701,5.8,District 5,City of Arcadia,SPA 3 - San Gabriel,6255,31955337.33,26919.97251
06037430721,1.6,District 5,City of Arcadia,SPA 3 - San Gabriel,6256,44239847.22,31482.39221
06037430723,4.3,District 5,City of Arcadia,SPA 3 - San Gabriel,6257,5198971.974,12804.09758
06037430724,4.9,District 5,City of Arcadia,SPA 3 - San Gabriel,6258,6209857.326,13340.65093
06037430801,2.3,District 5,City of Arcadia,SPA 3 - San Gabriel,6259,18401339.19,17780.47094
06037430802,0.9,District 5,City of Arcadia,SPA 3 - San Gabriel,6260,20068335.78,19340.71444
06037430803,0.9,District 5,City of Arcadia,SPA 3 - San Gabriel,6261,24495328.47,21553.18212
06037430901,13.9,District 5,City of Monrovia,SPA 3 - San Gabriel,6262,12525290.85,14926.95634
06037430902,2.8,District 5,City of Monrovia,SPA 3 - San Gabriel,6263,12629616.99,16643.72618
06037431002,10.3,District 5,City of Monrovia,SPA 3 - San Gabriel,6264,14578624.38,17048.64185
06037431003,2,District 5,City of Monrovia,SPA 3 - San Gabriel,6265,9192794.113,13223.46296
06037431004,3.6,District 5,City of Monrovia,SPA 3 - San Gabriel,6266,9758643.193,13607.27217
06037431100,3.4,District 5,City of Monrovia,SPA 3 - San Gabriel,6267,32357450.28,26266.46844
06037431200,5.4,District 5,Unincorporated - Duarte,SPA 3 - San Gabriel,6268,16009333.51,20104.4155
06037431300,0,District 5,Unincorporated - Monrovia,SPA 3 - San Gabriel,6269,8810571.037,14328.74529
06037431400,7.8,District 5,Unincorporated - Arcadia,SPA 3 - San Gabriel,6270,19603461.15,19642.53723
06037431501,4.7,District 5,City of Temple City,SPA 3 - San Gabriel,6271,11284105.59,14510.76367
06037431502,3.9,District 5,Unincorporated - Arcadia,SPA 3 - San Gabriel,6272,21890318.19,22471.30061
06037431600,8.5,District 5,City of Arcadia,SPA 3 - San Gabriel,6273,22891921.21,21427.06331
06037431701,5.2,District 5,City of Arcadia,SPA 3 - San Gabriel,6274,35328793.7,25271.95493
06037431800,4.6,District 5,City of Temple City,SPA 3 - San Gabriel,6275,14615008.83,16208.30307
06037431900,4.6,District 5,City of Temple City,SPA 3 - San Gabriel,6276,10680704.02,13982.02792
06037432001,5.2,District 5,City of Temple City,SPA 3 - San Gabriel,6277,7896812.445,11904.14054
06037432002,3,District 5,City of Temple City,SPA 3 - San Gabriel,6278,16279361.96,16723.47086
06037432101,1.6,District 5,City of Temple City,SPA 3 - San Gabriel,6279,12438970.77,14572.35447
06037432102,0,District 5,City of Temple City,SPA 3 - San Gabriel,6280,20163550.14,18499.48072
06037432201,5.3,District 1,City of Rosemead,SPA 3 - San Gabriel,6281,13120576.62,15008.47399
06037432202,6.5,District 1,City of Rosemead,SPA 3 - San Gabriel,6282,14204910.7,15699.25301
06037432300,6.6,District 1,City of El Monte,SPA 3 - San Gabriel,6283,21533801.88,20390.41236
06037432401,7.2,District 1,City of El Monte,SPA 3 - San Gabriel,6284,11421760.93,17833.63208
06037432402,8.2,District 1,City of El Monte,SPA 3 - San Gabriel,6285,16225572.97,18785.51367
06037432501,6.7,District 1,City of El Monte,SPA 3 - San Gabriel,6286,11375621.33,15989.27598
06037432502,8.1,District 1,City of El Monte,SPA 3 - San Gabriel,6287,18990685.2,20914.53428
06037432601,3.8,District 1,City of El Monte,SPA 3 - San Gabriel,6288,15138682.54,17299.38323
06037432602,3.8,District 1,City of El Monte,SPA 3 - San Gabriel,6289,11561443.64,14738.65969
06037432700,7.9,District 1,City of El Monte,SPA 3 - San Gabriel,6290,20032261.01,22452.49792
06037432801,34.4,District 1,City of El Monte,SPA 3 - San Gabriel,6291,8667596.315,13359.0725
06037432802,10.8,District 1,City of El Monte,SPA 3 - San Gabriel,6292,6409066.047,12016.92888
06037432901,2.8,District 1,City of Rosemead,SPA 3 - San Gabriel,6293,12191993.66,14071.96775
06037432902,3.9,District 1,City of Rosemead,SPA 3 - San Gabriel,6294,11673345.25,14825.15046
06037433103,7.4,District 1,City of El Monte,SPA 3 - San Gabriel,6295,22674165.28,23734.22784
06037433200,14.6,District 1,City of El Monte,SPA 3 - San Gabriel,6296,19243626.73,22801.01259
06037433302,16.8,District 1,City of El Monte,SPA 3 - San Gabriel,6297,9148823.429,16702.11983
06037433304,9.4,District 1,City of El Monte,SPA 3 - San Gabriel,6298,8566096.965,12728.4808
06037433305,17.6,District 1,City of El Monte,SPA 3 - San Gabriel,6299,5494034.056,12347.36222
06037433306,1.9,District 1,City of El Monte,SPA 3 - San Gabriel,6300,4666767.137,12126.74656
06037433307,1.5,District 1,City of El Monte,SPA 3 - San Gabriel,6301,4675145.629,12635.05991
06037433402,12.2,District 1,City of El Monte,SPA 3 - San Gabriel,6302,6133236.049,9717.235786
06037433403,7.2,District 1,City of El Monte,SPA 3 - San Gabriel,6303,7593592.201,11906.20866
06037433505,6.7,District 1,City of El Monte,SPA 3 - San Gabriel,6304,8353814.826,15363.26504
06037433506,10.2,District 1,City of South El Monte,SPA 3 - San Gabriel,6305,17400160.7,19510.90519
06037433601,4.8,District 1,City of Rosemead,SPA 3 - San Gabriel,6306,12049537.85,14390.62799
06037433602,9.7,District 1,City of Rosemead,SPA 3 - San Gabriel,6307,10836359.26,15963.12275
06037433803,5.3,District 1,City of South El Monte,SPA 3 - San Gabriel,6308,12971774.48,21467.39078
06037433804,6.2,District 1,City of South El Monte,SPA 3 - San Gabriel,6309,16180828.08,18123.98792
06037433901,6.5,District 1,City of El Monte,SPA 3 - San Gabriel,6310,7763236.604,11238.83928
06037433903,4.6,District 1,City of El Monte,SPA 3 - San Gabriel,6311,9693252.258,13208.21796
06037434001,2.6,District 1,City of El Monte,SPA 3 - San Gabriel,6312,11357758.32,16263.7453
06037434003,5.1,District 1,City of El Monte,SPA 3 - San Gabriel,6313,10306616.08,15880.49746
06037434004,10.9,District 1,City of South El Monte,SPA 3 - San Gabriel,6314,7314010.366,11904.194
06037434100,7.5,District 1,City of South El Monte,SPA 3 - San Gabriel,6315,26883533.27,24141.27483
06037460001,0,District 5,Unincorporated - Kinneloa Mesa,SPA 3 - San Gabriel,6316,55898764.33,48331.61039
06037460002,1.2,District 5,City of Pasadena,SPA 3 - San Gabriel,6317,16833839.39,20910.51914
06037460101,0.7,District 5,Unincorporated - Altadena,SPA 3 - San Gabriel,6318,61611925.71,43874.71426
06037460200,0.7,District 5,Unincorporated - Altadena,SPA 3 - San Gabriel,6319,34223676.76,26580.54562
06037460301,1.3,District 5,Unincorporated - Altadena,SPA 3 - San Gabriel,6320,53030337.88,39458.79607
06037460302,4.3,District 5,Unincorporated - Altadena,SPA 3 - San Gabriel,6321,14120738.33,17543.75055
06037460401,2.9,District 5,City of Pasadena,SPA 3 - San Gabriel,6322,58084160.96,80640.93618
06037460501,2,District 5,City of La Canada Flintridge,SPA 2 - San Fernando,6323,80132856.4,56457.91474
06037460502,0.3,District 5,City of La Canada Flintridge,SPA 2 - San Fernando,6324,27931932.71,30109.91241
06037460601,1.3,District 5,City of La Canada Flintridge,SPA 2 - San Fernando,6325,52699188.47,41666.58914
06037460700,2.4,District 5,City of La Canada Flintridge,SPA 2 - San Fernando,6326,80180946.51,43805.63485
06037460800,1.1,District 5,City of Pasadena,SPA 3 - San Gabriel,6327,72962766.72,41639.37139
06037460900,4.5,District 5,City of Pasadena,SPA 3 - San Gabriel,6328,26585435.53,24840.96478
06037461000,8.3,District 5,Unincorporated - Altadena,SPA 3 - San Gabriel,6329,19031866.95,20734.83734
06037461100,4.8,District 5,Unincorporated - Altadena,SPA 3 - San Gabriel,6330,21043338.3,19627.15748
06037461200,2.9,District 5,Unincorporated - Altadena,SPA 3 - San Gabriel,6331,26191845.98,27476.19483
06037461300,4.6,District 5,Unincorporated - Altadena,SPA 3 - San Gabriel,6332,20902469.41,28238.49978
06037461400,11.1,District 5,City of Pasadena,SPA 3 - San Gabriel,6333,10989542.83,15147.32759
06037461501,14.9,District 5,City of Pasadena,SPA 3 - San Gabriel,6334,10807760.32,13636.86442
06037461502,14.2,District 5,City of Pasadena,SPA 3 - San Gabriel,6335,12616574.59,14633.12872
06037461600,7.9,District 5,City of Pasadena,SPA 3 - San Gabriel,6336,17855749.05,17782.17406
06037461700,1.3,District 5,City of Pasadena,SPA 3 - San Gabriel,6337,23687036.28,27347.53872
06037461901,22.1,District 5,City of Pasadena,SPA 3 - San Gabriel,6338,9449256.034,13415.35801
06037461902,26.9,District 5,City of Pasadena,SPA 3 - San Gabriel,6339,8983693.041,12373.18359
06037462001,9.1,District 5,City of Pasadena,SPA 3 - San Gabriel,6340,5511006.356,10802.72392
06037462002,33.8,District 5,City of Pasadena,SPA 3 - San Gabriel,6341,5508891.683,10785.58043
06037462100,14.6,District 5,City of Pasadena,SPA 3 - San Gabriel,6342,11273053.28,13715.59115
06037462201,33.9,District 5,City of Pasadena,SPA 3 - San Gabriel,6343,5766319.344,9687.05388
06037462202,8.3,District 5,City of Pasadena,SPA 3 - San Gabriel,6344,6115347.243,9952.317382
06037462301,7.7,District 5,City of Pasadena,SPA 3 - San Gabriel,6345,6793086.765,10720.63731
06037462302,13.8,District 5,City of Pasadena,SPA 3 - San Gabriel,6346,7563810.202,11246.34733
06037462400,4.2,District 5,City of Pasadena,SPA 3 - San Gabriel,6347,14128500.24,15477.16617
06037462500,2.8,District 5,City of Pasadena,SPA 3 - San Gabriel,6348,27792728.96,30199.85488
06037462600,0.7,District 5,City of Pasadena,SPA 3 - San Gabriel,6349,11326996.03,15505.78938
06037462700,4.5,District 5,City of Pasadena,SPA 3 - San Gabriel,6350,17936278.73,17398.02308
06037462800,4.4,District 5,City of Pasadena,SPA 3 - San Gabriel,6351,12226095.95,14971.48603
06037462900,0.5,District 5,City of Pasadena,SPA 3 - San Gabriel,6352,25101005.75,21219.09537
06037463000,3.8,District 5,City of Pasadena,SPA 3 - San Gabriel,6353,19551604.05,18109.09932
06037463103,2.9,District 5,Unincorporated - East Pasadena,SPA 3 - San Gabriel,6354,39787027.65,39436.53133
06037463200,2.4,District 5,City of Pasadena,SPA 3 - San Gabriel,6355,17344787.25,22679.84811
06037463300,3,District 5,Unincorporated - San Pasqual,SPA 3 - San Gabriel,6356,7158948.273,12847.77803
06037463400,4.1,District 5,City of Pasadena,SPA 3 - San Gabriel,6357,20621946.44,24317.32371
06037463500,9.8,District 5,City of Pasadena,SPA 3 - San Gabriel,6358,18209125.1,17399.08421
06037463601,13,District 5,City of Pasadena,SPA 3 - San Gabriel,6359,10003126.35,12788.1726
06037463602,10.5,District 5,City of Pasadena,SPA 3 - San Gabriel,6360,9972639.023,12756.73709
06037463700,3.5,District 5,City of Pasadena,SPA 3 - San Gabriel,6361,18598627.48,17865.14049
06037463800,2.4,District 5,City of Pasadena,SPA 3 - San Gabriel,6362,31183979.89,28673.97948
06037463900,6.5,District 5,City of Pasadena,SPA 3 - San Gabriel,6363,20298733.81,19157.91458
06037464000,2,District 5,City of Pasadena,SPA 3 - San Gabriel,6364,33924665.6,26064.2354
06037464101,3.2,District 5,City of San Marino,SPA 3 - San Gabriel,6365,34375318.27,32849.23272
06037464102,0,District 5,City of San Marino,SPA 3 - San Gabriel,6366,33122193.69,40248.76885
06037464200,0,District 5,City of San Marino,SPA 3 - San Gabriel,6367,37252616.1,25786.68975
06037480002,5.5,District 5,Unincorporated - Northeast San Gabriel,SPA 3 - San Gabriel,6368,15092792.81,17214.7648
06037480011,4.3,District 5,Unincorporated - Northeast San Gabriel,SPA 3 - San Gabriel,6369,12178930.19,13982.32193
06037480012,5.4,District 5,Unincorporated - Northeast San Gabriel,SPA 3 - San Gabriel,6370,13774917.03,15220.15738
06037480101,1.1,District 5,City of Temple City,SPA 3 - San Gabriel,6371,12266706.07,14462.27607
06037480102,5.2,District 5,Unincorporated - Northeast San Gabriel,SPA 3 - San Gabriel,6372,13202875.27,14849.32976
06037480201,2.3,District 1,City of San Gabriel,SPA 3 - San Gabriel,6373,16327747.16,19207.51378
06037480202,1.5,District 1,City of San Gabriel,SPA 3 - San Gabriel,6374,16363185.03,16205.81383
06037480302,11.6,District 1,City of Alhambra,SPA 3 - San Gabriel,6375,11402276.58,14941.91414
06037480303,5.5,District 1,City of Alhambra,SPA 3 - San Gabriel,6376,4865326.182,8952.018081
06037480304,12.6,District 1,City of Alhambra,SPA 3 - San Gabriel,6377,4694539.04,8991.739428
06037480400,1.5,District 1,City of Alhambra,SPA 3 - San Gabriel,6378,13808255.52,17477.3825
06037480500,4.3,District 5,City of South Pasadena,SPA 3 - San Gabriel,6379,22824045.75,24170.37292
06037480601,0,District 5,City of South Pasadena,SPA 3 - San Gabriel,6380,7344859.692,13537.43582
06037480602,4,District 5,City of South Pasadena,SPA 3 - San Gabriel,6381,18050824.53,21828.91265
06037480702,0.5,District 5,City of South Pasadena,SPA 3 - San Gabriel,6382,23608651.35,21334.54842
06037480703,1.4,District 5,City of South Pasadena,SPA 3 - San Gabriel,6383,11939537.61,21344.6673
06037480704,4.6,District 5,City of South Pasadena,SPA 3 - San Gabriel,6384,11628654.53,17392.3802
06037480802,5,District 1,City of Alhambra,SPA 3 - San Gabriel,6385,18486501.7,17604.17052
06037480803,10.1,District 1,City of Alhambra,SPA 3 - San Gabriel,6386,11850820.72,14202.89022
06037480804,5.4,District 1,City of Alhambra,SPA 3 - San Gabriel,6387,8950019.605,14968.29355
06037480901,7.9,District 1,City of Alhambra,SPA 3 - San Gabriel,6388,10257085.25,12994.86649
06037480902,2.3,District 1,City of Alhambra,SPA 3 - San Gabriel,6389,5550072.507,10233.33263
06037480903,9.3,District 1,City of Alhambra,SPA 3 - San Gabriel,6390,8658927.794,11773.76476
06037481001,18.6,District 1,City of Alhambra,SPA 3 - San Gabriel,6391,11291113.36,15887.23386
06037481002,6,District 1,City of Alhambra,SPA 3 - San Gabriel,6392,10088321.65,13721.2227
06037481101,9.3,District 1,City of San Gabriel,SPA 3 - San Gabriel,6393,9550338.188,13242.10363
06037481102,6.3,District 1,City of San Gabriel,SPA 3 - San Gabriel,6394,6610932.245,11769.33172
06037481103,14.3,District 1,City of San Gabriel,SPA 3 - San Gabriel,6395,15116503.3,16981.27428
06037481201,3.5,District 5,City of Temple City,SPA 3 - San Gabriel,6396,11138071.93,16410.95809
06037481203,3.9,District 1,Unincorporated - Northeast San Gabriel,SPA 3 - San Gabriel,6397,16788772.27,17183.59304
06037481300,7,District 1,City of Rosemead,SPA 3 - San Gabriel,6398,9501497.764,13761.74887
06037481401,7.8,District 1,City of San Gabriel,SPA 3 - San Gabriel,6399,13007009.11,16272.00075
06037481403,0,District 1,City of San Gabriel,SPA 3 - San Gabriel,6400,8808698.204,17774.02854
06037481404,5.6,District 1,City of San Gabriel,SPA 3 - San Gabriel,6401,10939977.32,14306.50108
06037481500,6.5,District 1,City of Alhambra,SPA 3 - San Gabriel,6402,23733951.24,23926.87431
06037481603,12,District 1,City of Alhambra,SPA 3 - San Gabriel,6403,7082685.703,11968.86198
06037481604,4.2,District 1,City of Alhambra,SPA 3 - San Gabriel,6404,6717656.048,11092.42136
06037481605,1.7,District 1,City of Alhambra,SPA 3 - San Gabriel,6405,8160540.813,13790.53955
06037481606,7.7,District 1,City of Alhambra,SPA 3 - San Gabriel,6406,9275185.536,14834.24663
06037481711,15.8,District 1,City of Monterey Park,SPA 3 - San Gabriel,6407,4817702.83,8918.761703
06037481712,18.9,District 1,City of Monterey Park,SPA 3 - San Gabriel,6408,7783052.329,12224.19413
06037481713,7.2,District 1,City of Monterey Park,SPA 3 - San Gabriel,6409,5001888.171,10225.28407
06037481714,21,District 1,City of Monterey Park,SPA 3 - San Gabriel,6410,4879897.647,10193.67424
06037481800,7.8,District 1,City of Alhambra,SPA 3 - San Gabriel,6411,8928693.496,12643.50219
06037481901,2.7,District 1,City of Alhambra,SPA 3 - San Gabriel,6412,19796459.92,19561.74057
06037481902,5.8,District 1,City of Alhambra,SPA 3 - San Gabriel,6413,9464454.206,17643.95994
06037482001,14.5,District 1,City of Monterey Park,SPA 3 - San Gabriel,6414,31740089.57,25455.0456
06037482002,3.7,District 1,City of Monterey Park,SPA 3 - San Gabriel,6415,26801534.73,22586.98064
06037482101,12,District 1,City of Monterey Park,SPA 3 - San Gabriel,6416,12324529.6,16501.55914
06037482102,2.2,District 1,City of Monterey Park,SPA 3 - San Gabriel,6417,11793123.28,14776.99714
06037482201,21.7,District 1,City of Monterey Park,SPA 3 - San Gabriel,6418,8362194.5,11964.94597
06037482202,6.2,District 1,City of Monterey Park,SPA 3 - San Gabriel,6419,6959529.276,10544.48404
06037482301,7.6,District 1,City of San Gabriel,SPA 3 - San Gabriel,6420,9437947.706,17053.33442
06037482303,5.1,District 1,City of Rosemead,SPA 3 - San Gabriel,6421,10623862.13,14783.85335
06037482304,20.2,District 1,City of Rosemead,SPA 3 - San Gabriel,6422,6688063.469,12815.21103
06037482401,6.2,District 1,City of Rosemead,SPA 3 - San Gabriel,6423,9109162.884,12332.79833
06037482403,2.1,District 1,City of Rosemead,SPA 3 - San Gabriel,6424,10286122.48,13086.52454
06037482404,6.8,District 1,City of Rosemead,SPA 3 - San Gabriel,6425,10284266.71,15005.49171
06037482502,4.8,District 1,City of Rosemead,SPA 3 - San Gabriel,6426,6871732.942,10475.70115
06037482503,5.2,District 1,City of Rosemead,SPA 3 - San Gabriel,6427,7911506.792,11314.37958
06037482521,3,District 1,Unincorporated - South San Gabriel,SPA 3 - San Gabriel,6428,16714454.2,18531.80344
06037482522,1.6,District 1,City of Montebello,SPA 7 - East,6429,17724396.1,19070.14104
06037482600,5.6,District 1,City of Monterey Park,SPA 3 - San Gabriel,6430,30470119.39,24280.77045
06037482701,11.5,District 1,City of Monterey Park,SPA 3 - San Gabriel,6431,13231983.61,25034.52628
06037482702,8.1,District 1,City of Monterey Park,SPA 3 - San Gabriel,6432,7762416.049,13723.92096
06037482801,3.6,District 1,City of Monterey Park,SPA 3 - San Gabriel,6433,34033731.14,30235.57925
06037500100,4.1,District 4,City of La Habra Heights,SPA 7 - East,6434,108664660.6,50434.60593
06037500202,3.5,District 4,City of Whittier,SPA 7 - East,6435,68470239.95,40918.05287
06037500203,1,District 4,City of Whittier,SPA 7 - East,6436,20227645.42,22708.7445
06037500204,9.2,District 4,City of La Habra Heights,SPA 7 - East,6437,57205334.07,39351.02374
06037500300,1.1,District 4,Unincorporated - Whittier,SPA 7 - East,6438,95886637.44,44549.41176
06037500402,4.7,District 4,City of Pico Rivera,SPA 7 - East,6439,14350764.88,15350.41937
06037500403,14.3,District 4,City of Pico Rivera,SPA 7 - East,6440,23460662.59,30314.81972
06037500404,1.2,District 4,City of Pico Rivera,SPA 7 - East,6441,12678405.71,14823.55731
06037500500,4,District 4,City of Pico Rivera,SPA 7 - East,6442,7379755.248,11311.34363
06037500600,2.9,District 4,City of Pico Rivera,SPA 7 - East,6443,12724259.98,14569.55967
06037500700,12.5,District 4,City of Pico Rivera,SPA 7 - East,6444,35241370.25,25373.15177
06037500800,5.8,District 4,City of Pico Rivera,SPA 7 - East,6445,20975062.78,18941.37897
06037500900,17.8,District 4,City of Pico Rivera,SPA 7 - East,6446,17221472.5,17003.41929
06037501001,4.6,District 4,Unincorporated - West Whittier/Los Nietos,SPA 7 - East,6447,7582501.59,11518.79663
06037501002,1.4,District 4,Unincorporated - West Whittier/Los Nietos,SPA 7 - East,6448,15811345.86,16611.42767
06037501200,0.8,District 4,City of Whittier,SPA 7 - East,6449,15040517,17175.30694
06037501301,5.8,District 4,City of Whittier,SPA 7 - East,6450,9372790.71,15675.69017
06037501302,6,District 4,City of Whittier,SPA 7 - East,6451,12331579.04,15170.12432
06037501400,9.7,District 4,City of Whittier,SPA 7 - East,6452,11501230.69,15043.69673
06037501501,0.7,District 4,Unincorporated - Whittier,SPA 7 - East,6453,68589129.55,47278.68888
06037501503,6.7,District 4,City of Whittier,SPA 7 - East,6454,8646074.903,12364.78041
06037501504,22.3,District 4,City of Whittier,SPA 7 - East,6455,8017253.678,12470.47192
06037501600,4.2,District 4,City of Whittier,SPA 7 - East,6456,111025321.4,49247.81864
06037501700,12.4,District 4,City of Whittier,SPA 7 - East,6457,14999159.84,17073.74548
06037501802,8.9,District 4,City of Whittier,SPA 7 - East,6458,8442812.893,13909.92286
06037501803,9.9,District 4,City of Whittier,SPA 7 - East,6459,6334499.943,11114.47072
06037501804,8.7,District 4,City of Whittier,SPA 7 - East,6460,5723007.609,11130.78935
06037501900,2.2,District 4,City of Whittier,SPA 7 - East,6461,14987292.5,16924.25367
06037502003,3.7,District 4,City of Whittier,SPA 7 - East,6462,6903407.809,10649.51292
06037502004,4.1,District 4,City of Whittier,SPA 7 - East,6463,14456303.84,17517.71081
06037502005,3.4,District 4,Unincorporated - South Whittier,SPA 7 - East,6464,11226423.1,16147.7963
06037502100,9,District 4,City of Whittier,SPA 7 - East,6465,20833904.97,21138.41851
06037502200,4.2,District 4,Unincorporated - West Whittier/Los Nietos,SPA 7 - East,6466,18747085.87,18222.43108
06037502303,5,District 4,Unincorporated - West Whittier/Los Nietos,SPA 7 - East,6467,25464835.49,21621.86636
06037502401,8.9,District 4,City of Pico Rivera,SPA 7 - East,6468,10123449.32,13238.43787
06037502402,1.8,District 4,City of Pico Rivera,SPA 7 - East,6469,9789499.468,12943.99705
06037502500,4.7,District 4,City of Pico Rivera,SPA 7 - East,6470,41276040.41,28169.62439
06037502602,2.3,District 4,City of Pico Rivera,SPA 7 - East,6471,13680196.69,16374.16857
06037502603,1,District 4,City of Pico Rivera,SPA 7 - East,6472,10626447.24,14097.64052
06037502604,1.5,District 4,City of Pico Rivera,SPA 7 - East,6473,10443184.69,16994.47089
06037502700,3.1,District 4,City of Santa Fe Springs,SPA 7 - East,6474,74263853.97,43855.3254
06037502801,1.1,District 4,City of Santa Fe Springs,SPA 7 - East,6475,23981384.43,19713.53549
06037502901,5.2,District 4,Unincorporated - South Whittier,SPA 7 - East,6476,13399371.01,15020.26365
06037503000,1.2,District 4,Unincorporated - South Whittier,SPA 7 - East,6477,14255367.12,15974.31966
06037503103,3.2,District 4,Unincorporated - South Whittier,SPA 7 - East,6478,11546056.89,15328.9245
06037503104,1.3,District 4,Unincorporated - South Whittier,SPA 7 - East,6479,5939774.964,10922.84945
06037503105,7,District 4,Unincorporated - South Whittier,SPA 7 - East,6480,12024455.69,16757.92354
06037503106,8.2,District 4,Unincorporated - South Whittier,SPA 7 - East,6481,9955305.315,14490.24652
06037503201,2.3,District 4,Unincorporated - South Whittier,SPA 7 - East,6482,14511048.77,15123.5329
06037503202,7.4,District 4,Unincorporated - South Whittier,SPA 7 - East,6483,12228344.44,15934.29199
06037503301,2.7,District 4,City of Whittier,SPA 7 - East,6484,11752729.26,14411.91703
06037503302,2.9,District 4,Unincorporated - South Whittier,SPA 7 - East,6485,16708658.4,17775.0221
06037503401,2.7,District 4,City of Whittier,SPA 7 - East,6486,20919123.27,18842.90724
06037503402,1.9,District 4,City of Whittier,SPA 7 - East,6487,17406354.46,17797.17714
06037503501,3,District 4,Unincorporated - South Whittier,SPA 7 - East,6488,16526922.89,22218.47816
06037503502,3.5,District 4,Unincorporated - South Whittier,SPA 7 - East,6489,13190219.07,17642.9501
06037503601,1.9,District 4,City of La Mirada,SPA 7 - East,6490,14943398.05,16682.93215
06037503602,1.9,District 4,City of La Mirada,SPA 7 - East,6491,35502820.29,25552.99257
06037503701,6.4,District 4,Unincorporated - East Whittier,SPA 7 - East,6492,12519805.8,15392.11508
06037503702,2,District 4,Unincorporated - East La Mirada,SPA 7 - East,6493,17932281.99,18758.25732
06037503704,10.6,District 4,City of La Mirada,SPA 7 - East,6494,16189897.01,18014.58013
06037503705,2.3,District 4,City of La Mirada,SPA 7 - East,6495,12812635.26,17409.87225
06037503801,1.2,District 4,City of La Mirada,SPA 7 - East,6496,13789329.54,18355.57286
06037503802,3.1,District 4,City of La Mirada,SPA 7 - East,6497,14218243.62,15633.61701
06037503901,3.7,District 4,City of La Mirada,SPA 7 - East,6498,9759385.365,16071.76216
06037503902,1.8,District 4,City of La Mirada,SPA 7 - East,6499,56693931.23,34973.31453
06037504001,9.3,District 4,City of La Mirada,SPA 7 - East,6500,15090849.54,18033.84066
06037504002,0.7,District 4,City of La Mirada,SPA 7 - East,6501,16449847.22,17788.62061
06037504101,8.1,District 4,City of La Mirada,SPA 7 - East,6502,13067334.2,15757.71073
06037504200,10.3,District 4,City of Santa Fe Springs,SPA 7 - East,6503,83220431.65,54763.09313
06037530005,4.3,District 1,City of Montebello,SPA 7 - East,6504,24768868.99,30015.23537
06037530006,4.4,District 1,City of Montebello,SPA 7 - East,6505,7084666.027,13235.32258
06037530007,2.9,District 1,City of Montebello,SPA 7 - East,6506,52057093.4,30328.48468
06037530101,13.4,District 1,City of Montebello,SPA 7 - East,6507,10951028.95,13893.34611
06037530102,18.4,District 1,City of Montebello,SPA 7 - East,6508,14243977.61,15895.92935
06037530202,11.6,District 1,City of Montebello,SPA 7 - East,6509,19440227.43,21031.70895
06037530203,9.8,District 1,City of Montebello,SPA 7 - East,6510,7957759.807,14183.79514
06037530204,6.5,District 1,City of Montebello,SPA 7 - East,6511,7157763.813,11495.21868
06037530301,11.4,District 1,Unincorporated - East Los Angeles,SPA 7 - East,6512,6271789.847,11082.83827
06037530302,5.8,District 1,Unincorporated - East Los Angeles,SPA 7 - East,6513,9174976.056,13387.54065
06037530400,11.6,District 1,City of Monterey Park,SPA 7 - East,6514,16582333.31,18690.54826
06037530500,14.7,District 1,Unincorporated - East Los Angeles,SPA 7 - East,6515,9613039.104,12655.03378
06037530603,6.2,District 1,Unincorporated - East Los Angeles,SPA 7 - East,6516,13376169.99,16685.41357
06037530700,8,District 1,Unincorporated - East Los Angeles,SPA 4 - Metro,6517,11206081.37,17515.60632
06037530801,4.7,District 1,Unincorporated - East Los Angeles,SPA 7 - East,6518,8211637.071,12878.70033
06037530802,7.7,District 1,Unincorporated - East Los Angeles,SPA 7 - East,6519,6097529.297,12564.60498
06037530901,6.2,District 1,Unincorporated - East Los Angeles,SPA 7 - East,6520,4800493.602,8728.278055
06037530902,28.6,District 1,Unincorporated - East Los Angeles,SPA 7 - East,6521,5735064.026,11636.53354
06037531000,5.6,District 1,Unincorporated - East Los Angeles,SPA 7 - East,6522,10694643,15485.21575
06037531101,8.8,District 1,Unincorporated - East Los Angeles,SPA 7 - East,6523,7557497.76,12127.6583
06037531102,16.3,District 1,Unincorporated - East Los Angeles,SPA 7 - East,6524,5432011.057,9703.349992
06037531201,8.3,District 1,Unincorporated - East Los Angeles,SPA 7 - East,6525,6104600.528,10854.75633
06037531202,2.7,District 1,Unincorporated - East Los Angeles,SPA 7 - East,6526,4669260.132,10291.02965
06037531301,10.8,District 1,Unincorporated - East Los Angeles,SPA 7 - East,6527,8545131.57,15254.52472
06037531302,16.2,District 1,Unincorporated - East Los Angeles,SPA 7 - East,6528,9501832.923,15611.4532
06037531502,7.5,District 1,Unincorporated - East Los Angeles,SPA 7 - East,6529,4697939.87,8969.056571
06037531503,15.7,District 1,Unincorporated - East Los Angeles,SPA 7 - East,6530,12552275.76,14510.0159
06037531504,11.6,District 1,Unincorporated - East Los Angeles,SPA 7 - East,6531,5395804.872,10712.99161
06037531602,14.9,District 1,Unincorporated - East Los Angeles,SPA 7 - East,6532,4828888.014,10203.15198
06037531603,8,District 1,Unincorporated - East Los Angeles,SPA 7 - East,6533,4703083.792,8703.972869
06037531604,15.6,District 1,Unincorporated - East Los Angeles,SPA 7 - East,6534,3952303.322,8092.159122
06037531701,9.8,District 1,Unincorporated - East Los Angeles,SPA 7 - East,6535,6857956.68,11506.25927
06037531702,10.6,District 1,Unincorporated - East Los Angeles,SPA 7 - East,6536,7243521.82,12124.44986
06037531800,9.6,District 1,Unincorporated - East Los Angeles,SPA 7 - East,6537,6692258.718,13057.96582
06037531901,9,District 1,Unincorporated - East Los Angeles,SPA 7 - East,6538,8342119.654,11468.80229
06037531902,2.5,District 1,Unincorporated - East Los Angeles,SPA 7 - East,6539,7615212.695,11208.15006
06037532001,8.3,District 1,City of Montebello,SPA 7 - East,6540,14563204.25,16733.04263
06037532002,5.1,District 1,City of Montebello,SPA 7 - East,6541,9023796.679,14964.09889
06037532101,5.8,District 1,City of Montebello,SPA 7 - East,6542,15386672.5,15578.39611
06037532102,0.7,District 1,City of Montebello,SPA 7 - East,6543,10659483.45,13200.74248
06037532200,7.2,District 1,City of Montebello,SPA 7 - East,6544,29836197.75,26774.17013
06037532302,6.3,District 4,City of Commerce,SPA 7 - East,6545,35655247.13,31072.29716
06037532303,13.2,District 4,City of Commerce,SPA 7 - East,6546,81270259.48,44900.04596
06037532304,11.8,District 4,City of Commerce,SPA 7 - East,6547,87568307.49,47458.59528
06037532500,10.8,District 4,City of Huntington Park,SPA 7 - East,6548,10909830,18902.70711
06037532605,20.4,District 4,City of Huntington Park,SPA 7 - East,6549,5650011.391,10365.43167
06037532606,20.2,District 4,City of Huntington Park,SPA 7 - East,6550,3001379.99,7848.88369
06037532607,11.6,District 4,City of Huntington Park,SPA 7 - East,6551,11765648.14,13944.29259
06037532700,7.4,District 2,Unincorporated - Florence-Firestone,SPA 7 - East,6552,6211866.112,12139.25918
06037532800,8.9,District 2,Unincorporated - Florence-Firestone,SPA 6 - South,6553,5952004.419,9888.400599
06037532900,15.9,District 2,Unincorporated - Florence-Firestone,SPA 6 - South,6554,8225695.107,11777.41381
06037533001,12.8,District 2,Unincorporated - Florence-Firestone,SPA 7 - East,6555,5203240.315,10868.11589
06037533002,7.8,District 2,Unincorporated - Florence-Firestone,SPA 7 - East,6556,3093781.365,7574.140311
06037533103,13.8,District 4,City of Huntington Park,SPA 7 - East,6557,5897831.754,10851.07588
06037533104,23.5,District 4,City of Huntington Park,SPA 7 - East,6558,3679068.131,7694.186705
06037533105,3.4,District 4,City of Huntington Park,SPA 7 - East,6559,2053259.369,5797.095517
06037533108,13.8,District 4,City of Huntington Park,SPA 7 - East,6560,6899182.257,13270.90151
06037533201,6.6,District 4,City of Huntington Park,SPA 7 - East,6561,3999298.187,9241.077605
06037533204,4.9,District 4,City of Huntington Park,SPA 7 - East,6562,7664977.51,13191.65378
06037533300,9.6,District 4,City of Maywood,SPA 7 - East,6563,3768087.381,8308.333314
06037533401,10.2,District 4,City of Maywood,SPA 7 - East,6564,5213174.663,10865.58556
06037533402,15.3,District 4,City of Maywood,SPA 7 - East,6565,5225923.203,9804.490806
06037533403,14.7,District 4,City of Maywood,SPA 7 - East,6566,4871516.29,11655.65305
06037533501,12.9,District 4,City of Huntington Park,SPA 7 - East,6567,4527722.744,8618.755017
06037533504,13.3,District 4,City of Huntington Park,SPA 7 - East,6568,4419670.215,8278.401619
06037533601,13.3,District 4,City of Bell,SPA 7 - East,6569,5922802.471,12260.53243
06037533602,1.6,District 4,City of Bell,SPA 7 - East,6570,7667209.674,14152.76643
06037533603,19.8,District 4,City of Bell,SPA 7 - East,6571,8634894.122,15081.48316
06037533701,14,District 4,City of Maywood,SPA 7 - East,6572,4307957.074,8280.809099
06037533702,6,District 4,City of Maywood,SPA 7 - East,6573,3437028.228,7438.725334
06037533703,1.1,District 4,City of Maywood,SPA 7 - East,6574,5941750.29,10763.59195
06037533803,3.3,District 4,City of Bell,SPA 7 - East,6575,8477170.652,15437.45907
06037533804,10.2,District 4,City of Bell,SPA 7 - East,6576,5551646.935,11193.49753
06037533805,5.3,District 4,City of Bell,SPA 7 - East,6577,4799002.123,11063.73131
06037533806,5,District 4,City of Bell,SPA 7 - East,6578,10089338.73,17688.67186
06037533901,9.5,District 4,City of Bell Gardens,SPA 7 - East,6579,8229122.761,15599.60995
06037533902,2.4,District 4,City of Bell Gardens,SPA 7 - East,6580,8215965.222,14442.16231
06037534001,7.3,District 4,City of Bell Gardens,SPA 7 - East,6581,8522472.502,13407.78974
06037534002,6.3,District 4,City of Bell Gardens,SPA 7 - East,6582,9717601.787,16682.37376
06037534101,1.6,District 4,City of Bell Gardens,SPA 7 - East,6583,5467231.655,14364.34394
06037534102,6.5,District 4,City of Bell Gardens,SPA 7 - East,6584,8597154.032,14758.24812
06037534201,4.4,District 4,City of Bell Gardens,SPA 7 - East,6585,5532808.374,10254.55159
06037534202,10.7,District 4,City of Bell Gardens,SPA 7 - East,6586,6245978.58,11468.32062
06037534203,16.4,District 4,City of Bell Gardens,SPA 7 - East,6587,8254399.312,14537.47004
06037534301,8.2,District 4,City of Cudahy,SPA 7 - East,6588,9326809.739,14084.1499
06037534302,4.2,District 4,City of Cudahy,SPA 7 - East,6589,6733234.618,12424.02569
06037534403,2.5,District 4,City of Cudahy,SPA 7 - East,6590,3500154.171,8226.13127
06037534404,3.5,District 4,City of Cudahy,SPA 7 - East,6591,4374794.478,8741.460936
06037534405,4.5,District 4,City of Cudahy,SPA 7 - East,6592,5706714.814,10492.67318
06037534406,11.4,District 4,City of Cudahy,SPA 7 - East,6593,4864411.569,9478.752876
06037534501,14.8,District 4,City of Huntington Park,SPA 7 - East,6594,7235218.459,10735.341
06037534502,5.6,District 4,City of Huntington Park,SPA 7 - East,6595,6055201.074,13430.00939
06037534700,7.6,District 4,Unincorporated - Walnut Park,SPA 7 - East,6596,5995111.559,9911.048434
06037534802,11.7,District 4,Unincorporated - Walnut Park,SPA 7 - East,6597,4348961.737,8741.508209
06037534803,9.6,District 4,Unincorporated - Walnut Park,SPA 7 - East,6598,6578579.157,13976.32339
06037534804,6.5,District 4,Unincorporated - Walnut Park,SPA 7 - East,6599,3974705.112,9061.820859
06037534900,5.2,District 2,Unincorporated - Florence-Firestone,SPA 6 - South,6600,11300618.15,14945.22471
06037535001,7.5,District 2,Unincorporated - Florence-Firestone,SPA 6 - South,6601,4840075.363,8858.267154
06037535002,9.7,District 2,Unincorporated - Florence-Firestone,SPA 6 - South,6602,5131359.563,9151.096298
06037535101,6.6,District 2,Unincorporated - Florence-Firestone,SPA 6 - South,6603,12280132.33,16147.74079
06037535102,9.6,District 2,Unincorporated - Florence-Firestone,SPA 6 - South,6604,6331760.771,12145.56054
06037535200,4.7,District 2,Unincorporated - Florence-Firestone,SPA 6 - South,6605,9222744.181,17274.13472
06037535300,8.4,District 2,Unincorporated - Florence-Firestone,SPA 6 - South,6606,11644959.31,16705.23782
06037535400,2.1,District 2,Unincorporated - Florence-Firestone,SPA 6 - South,6607,8323411.39,15991.40362
06037535501,14.4,District 4,City of South Gate,SPA 7 - East,6608,5255116.738,11708.95175
06037535502,10.6,District 4,City of South Gate,SPA 7 - East,6609,5098912.177,8945.644324
06037535503,12.4,District 4,City of South Gate,SPA 7 - East,6610,3432901.687,7663.168988
06037535603,6.7,District 4,City of South Gate,SPA 7 - East,6611,8464808.177,15262.82807
06037535604,3.7,District 4,City of South Gate,SPA 7 - East,6612,4754889.287,9739.588515
06037535605,8.4,District 4,City of South Gate,SPA 7 - East,6613,5055926.079,9024.054113
06037535606,18,District 4,City of South Gate,SPA 7 - East,6614,2008256.802,7507.394935
06037535607,2.9,District 4,City of South Gate,SPA 7 - East,6615,10187615.63,13749.364
06037535701,9.6,District 4,City of South Gate,SPA 7 - East,6616,8294404.525,12500.90874
06037535702,8.5,District 4,City of South Gate,SPA 7 - East,6617,10497743.05,13524.89829
06037535802,9.5,District 4,City of South Gate,SPA 7 - East,6618,8391119.329,12103.75093
06037535803,6.8,District 4,City of South Gate,SPA 7 - East,6619,4553486.285,8613.227583
06037535804,1.7,District 4,City of South Gate,SPA 7 - East,6620,5288366.115,9663.014405
06037535901,8.5,District 4,City of South Gate,SPA 7 - East,6621,9060493.945,13205.05477
06037535902,7.4,District 4,City of South Gate,SPA 7 - East,6622,10888500.57,13459.5305
06037536000,14.8,District 4,City of South Gate,SPA 7 - East,6623,14069000.74,16146.07361
06037536102,1.3,District 4,City of South Gate,SPA 7 - East,6624,33040609.53,27490.51919
06037536103,2.5,District 4,City of South Gate,SPA 7 - East,6625,12693454.58,16298.59394
06037536104,5.7,District 4,City of South Gate,SPA 7 - East,6626,21172212.07,25612.2138
06037536201,8.1,District 4,City of South Gate,SPA 7 - East,6627,16114744.68,21133.74433
06037536202,10.6,District 4,City of South Gate,SPA 7 - East,6628,9922320.667,18942.34831
06037540000,6.2,District 4,City of Lynwood,SPA 6 - South,6629,15731993.85,17358.56222
06037540101,11.2,District 4,City of Lynwood,SPA 6 - South,6630,13515705.48,17137.79303
06037540102,4.1,District 4,City of Lynwood,SPA 6 - South,6631,13430162.23,15514.74389
06037540201,11.6,District 4,City of Lynwood,SPA 6 - South,6632,2916699.362,9320.433964
06037540202,5.5,District 4,City of Lynwood,SPA 6 - South,6633,8143642.642,12475.47377
06037540203,6,District 4,City of Lynwood,SPA 6 - South,6634,9713671.874,13102.72833
06037540300,3.2,District 4,City of Lynwood,SPA 6 - South,6635,16607624.84,21765.82876
06037540400,11.8,District 2,Unincorporated - Willowbrook,SPA 6 - South,6636,3656503.843,8136.360487
06037540501,7.7,District 4,City of Lynwood,SPA 6 - South,6637,15339808.38,18692.54784
06037540502,18,District 4,City of Lynwood,SPA 6 - South,6638,6467856.243,11050.2697
06037540600,20.8,District 2,Unincorporated - Willowbrook,SPA 6 - South,6639,10115875.44,12908.27123
06037540700,8.9,District 2,Unincorporated - Willowbrook,SPA 6 - South,6640,12451365.88,16110.91493
06037540800,10.9,District 2,Unincorporated - Willowbrook,SPA 6 - South,6641,21474173.15,26165.60772
06037540901,3.1,District 2,Unincorporated - Athens Village,SPA 6 - South,6642,12526769.52,15464.56332
06037540902,14.5,District 2,Unincorporated - Willowbrook,SPA 6 - South,6643,27087853.21,20788.55173
06037541003,0.7,District 2,City of Carson,SPA 8 - South Bay,6644,65071048.4,36459.82196
06037541100,16.9,District 2,Unincorporated - Rosewood/West Rancho Dominguez,SPA 6 - South,6645,13400387.33,15487.69609
06037541200,9.9,District 2,City of Compton,SPA 6 - South,6646,22820622.37,22847.36332
06037541300,7.2,District 2,City of Compton,SPA 6 - South,6647,14735994.78,15720.00295
06037541401,20.3,District 2,Unincorporated - Willowbrook,SPA 6 - South,6648,6084084.043,10710.88361
06037541402,1.5,District 2,Unincorporated - Willowbrook,SPA 6 - South,6649,3682481.503,8042.941348
06037541500,14.2,District 2,Unincorporated - Willowbrook,SPA 6 - South,6650,9177606.307,13093.50932
06037541603,12.2,District 2,City of Compton,SPA 6 - South,6651,13744580.57,20299.32913
06037541604,11.8,District 2,City of Compton,SPA 6 - South,6652,8878693.574,12166.59587
06037541605,3,District 2,City of Compton,SPA 6 - South,6653,9383094.684,13902.43807
06037541606,9.9,District 2,City of Compton,SPA 6 - South,6654,3681001.56,8136.357603
06037541700,1.9,District 4,City of Lynwood,SPA 6 - South,6655,15059394.03,17372.4877
06037541801,6.1,District 4,City of Lynwood,SPA 6 - South,6656,7791244.052,12002.18768
06037541802,3.6,District 4,City of Lynwood,SPA 6 - South,6657,11836458.51,14198.02679
06037542000,5.4,District 2,City of Compton,SPA 6 - South,6658,10501366.1,13785.6147
06037542103,7.6,District 2,Unincorporated - East Rancho Dominguez,SPA 6 - South,6659,6167477.343,11079.60163
06037542104,3.1,District 2,Unincorporated - East Rancho Dominguez,SPA 6 - South,6660,6239375.569,10735.42885
06037542105,6.1,District 2,City of Compton,SPA 6 - South,6661,6709867.091,12005.13249
06037542106,17.5,District 2,City of Compton,SPA 6 - South,6662,9583062.318,16999.66946
06037542200,4.9,District 2,City of Compton,SPA 6 - South,6663,14980517.8,16778.85533
06037542401,3.8,District 2,City of Compton,SPA 6 - South,6664,13922828.24,15742.73311
06037542402,6.1,District 2,City of Compton,SPA 6 - South,6665,17983197.74,22638.55205
06037542501,2.6,District 2,City of Compton,SPA 6 - South,6666,6222795.686,11644.25262
06037542502,12.3,District 2,City of Compton,SPA 6 - South,6667,10751027.94,14202.85159
06037542601,10.4,District 2,City of Compton,SPA 6 - South,6668,5864446.157,10075.82488
06037542602,1.4,District 2,City of Compton,SPA 6 - South,6669,9360508.707,12374.4854
06037542700,6.2,District 2,City of Compton,SPA 6 - South,6670,10676429.37,13363.83436
06037542800,6.1,District 2,City of Compton,SPA 6 - South,6671,8542413.09,11753.62056
06037542900,4.3,District 2,City of Compton,SPA 6 - South,6672,8734476.884,13911.18318
06037543000,6.5,District 2,City of Compton,SPA 6 - South,6673,14177088.14,15190.98824
06037543100,3.6,District 2,City of Carson,SPA 6 - South,6674,31059357.14,25180.87382
06037543201,4.5,District 2,City of Compton,SPA 6 - South,6675,10855904.63,13363.44155
06037543203,12.9,District 2,City of Compton,SPA 6 - South,6676,39985216.08,33939.50659
06037543304,1.2,District 2,City of Carson,SPA 8 - South Bay,6677,17370649.38,16698.67316
06037543305,5.7,District 2,Unincorporated - Rancho Dominguez,SPA 8 - South Bay,6678,90247497.52,38036.12612
06037543306,3.8,District 2,City of Carson,SPA 8 - South Bay,6679,38410282.46,28572.2977
06037543321,2,District 2,City of Carson,SPA 8 - South Bay,6680,45647166.9,29986.82048
06037543322,3.6,District 2,City of Carson,SPA 8 - South Bay,6681,21166127.32,18208.16865
06037543400,2.4,District 2,City of Carson,SPA 8 - South Bay,6682,33472169.66,26965.36751
06037543501,10.8,District 2,City of Carson,SPA 8 - South Bay,6683,28831354.55,34340.78442
06037543502,1.7,District 2,Unincorporated - West Carson,SPA 8 - South Bay,6684,12005626.3,15777.53692
06037543503,11.2,District 2,Unincorporated - West Carson,SPA 8 - South Bay,6685,18095579,20112.76494
06037543601,1.4,District 2,City of Carson,SPA 8 - South Bay,6686,6967519.402,10900.04771
06037543603,3.6,District 2,Unincorporated - West Carson,SPA 8 - South Bay,6687,15995866.33,17181.80979
06037543605,0.7,District 2,Unincorporated - West Carson,SPA 8 - South Bay,6688,10286251.51,13161.43064
06037543606,2.4,District 2,Unincorporated - West Carson,SPA 8 - South Bay,6689,7224725.906,11223.06968
06037543607,1.7,District 2,City of Carson,SPA 8 - South Bay,6690,14282053.01,14957.08224
06037543701,1.9,District 2,City of Carson,SPA 8 - South Bay,6691,6837383.099,11135.55573
06037543703,10.4,District 2,City of Carson,SPA 8 - South Bay,6692,11144587.73,13566.89505
06037543704,3.7,District 2,City of Carson,SPA 8 - South Bay,6693,7104616.123,15020.79794
06037543705,1.8,District 2,City of Carson,SPA 8 - South Bay,6694,7062509.018,10481.89205
06037543801,3.8,District 2,City of Carson,SPA 8 - South Bay,6695,23623890.32,22464.67
06037543803,7,District 2,City of Carson,SPA 8 - South Bay,6696,8248912.931,15335.02595
06037543804,6.8,District 2,City of Carson,SPA 8 - South Bay,6697,6369823.431,12702.89665
06037543903,7.8,District 2,City of Carson,SPA 8 - South Bay,6698,14631638.58,21536.38733
06037543905,1.7,District 2,City of Carson,SPA 8 - South Bay,6699,29543102.83,24229.60951
06037544001,4.3,District 2,City of Carson,SPA 8 - South Bay,6700,20142036.08,19618.01146
06037544002,4.4,District 4,City of Long Beach,SPA 8 - South Bay,6701,17308804.27,20952.57205
06037550101,1.6,District 4,City of Norwalk,SPA 7 - East,6702,7818145.833,11103.15743
06037550201,7.2,District 4,City of Norwalk,SPA 7 - East,6703,5749320.081,11711.02282
06037550202,1.1,District 4,City of Norwalk,SPA 7 - East,6704,13611251.87,16658.12518
06037550301,4.4,District 4,City of Norwalk,SPA 7 - East,6705,17803255.51,17474.02907
06037550501,0,District 4,City of Downey,SPA 7 - East,6706,9749137.579,17027.31297
06037550502,2.6,District 4,City of Downey,SPA 7 - East,6707,19080365.59,19097.51236
06037550601,3.7,District 4,City of Downey,SPA 7 - East,6708,12597238.07,14540.73428
06037550602,2.3,District 4,City of Downey,SPA 7 - East,6709,15892866.73,16652.64918
06037550700,6.7,District 4,City of Downey,SPA 7 - East,6710,24034965.83,22001.47555
06037550801,6,District 4,City of Downey,SPA 7 - East,6711,17146127.47,17067.41533
06037550802,2.8,District 4,City of Downey,SPA 7 - East,6712,14111554.73,16671.21051
06037550901,9.4,District 4,City of Downey,SPA 7 - East,6713,12121672.73,14921.29767
06037550902,3.9,District 4,City of Downey,SPA 7 - East,6714,10390876.51,13985.48179
06037551001,9.3,District 4,City of Downey,SPA 7 - East,6715,15570760.05,20595.78536
06037551002,5.5,District 4,City of Downey,SPA 7 - East,6716,10400175.24,14558.58491
06037551101,16.5,District 4,City of Downey,SPA 7 - East,6717,18152372.7,22001.44711
06037551102,8,District 4,City of Downey,SPA 7 - East,6718,18194760.67,20639.21917
06037551201,8.8,District 4,City of Downey,SPA 7 - East,6719,8496715.025,12889.55912
06037551203,1,District 4,City of Downey,SPA 7 - East,6720,7753416.595,12019.42316
06037551204,1.1,District 4,City of Downey,SPA 7 - East,6721,7325192.14,12366.26786
06037551300,5.6,District 4,City of Downey,SPA 7 - East,6722,16481038.47,16608.27823
06037551401,5.5,District 4,City of Downey,SPA 7 - East,6723,7804581.626,11613.87226
06037551402,6.7,District 4,City of Downey,SPA 7 - East,6724,12412681.13,13869.8109
06037551501,1.3,District 4,City of Downey,SPA 7 - East,6725,15877480.24,18161.24325
06037551502,0.6,District 4,City of Downey,SPA 7 - East,6726,11892084.74,18153.45929
06037551700,1.3,District 4,City of Downey,SPA 7 - East,6727,13959275.82,15819.02483
06037551801,3.8,District 4,City of Downey,SPA 7 - East,6728,12238697.86,14488.7257
06037551802,0.8,District 4,City of Downey,SPA 7 - East,6729,11729445.74,14314.8751
06037551900,5.5,District 4,City of Norwalk,SPA 7 - East,6730,16971383.21,17231.94258
06037552001,2.5,District 4,City of Norwalk,SPA 7 - East,6731,8648760.938,12379.15549
06037552002,1.7,District 4,City of Norwalk,SPA 7 - East,6732,7605776.694,11545.82178
06037552100,12.2,District 4,City of Norwalk,SPA 7 - East,6733,15708766.12,17478.73174
06037552200,12.3,District 4,City of Norwalk,SPA 7 - East,6734,18198852.32,22277.29754
06037552301,3.4,District 4,City of Norwalk,SPA 7 - East,6735,13588867.17,16791.41704
06037552302,4.7,District 4,City of Norwalk,SPA 7 - East,6736,10335475.79,14397.35564
06037552400,4.8,District 4,City of Norwalk,SPA 7 - East,6737,10037284.09,15552.80822
06037552601,4.5,District 4,City of Norwalk,SPA 7 - East,6738,7673132.596,11093.46874
06037552602,7.1,District 4,City of Norwalk,SPA 7 - East,6739,14734955.83,16483.16845
06037552700,2.5,District 4,City of Norwalk,SPA 7 - East,6740,14794071.43,16499.97149
06037552800,3.9,District 4,City of Norwalk,SPA 7 - East,6741,13937490,15858.60569
06037552900,7.4,District 4,City of Norwalk,SPA 7 - East,6742,14079255.84,15981.49394
06037553000,0.4,District 4,City of Norwalk,SPA 7 - East,6743,13494465.86,15927.1982
06037553100,2.7,District 4,City of Bellflower,SPA 7 - East,6744,22287454.57,22723.95986
06037553201,2.7,District 4,City of Bellflower,SPA 7 - East,6745,11186608.62,15522.99269
06037553202,4.6,District 4,City of Bellflower,SPA 7 - East,6746,9413019.942,12611.90966
06037553300,2.3,District 4,City of Bellflower,SPA 7 - East,6747,9090028.538,14173.45315
06037553400,7.5,District 4,City of Downey,SPA 7 - East,6748,7852177.225,11691.35279
06037553502,1,District 4,City of Paramount,SPA 6 - South,6749,13673056.46,15405.15223
06037553503,7,District 4,City of Paramount,SPA 6 - South,6750,4503463.56,9347.986097
06037553504,7.8,District 4,City of Paramount,SPA 6 - South,6751,6869951.409,13764.80234
06037553601,8.6,District 4,City of Paramount,SPA 6 - South,6752,23583245.27,27523.70994
06037553602,5.4,District 4,City of Paramount,SPA 6 - South,6753,6523993.184,10711.6228
06037553701,1.2,District 4,City of Paramount,SPA 6 - South,6754,11776952.25,18525.65701
06037553702,4.1,District 4,City of Paramount,SPA 6 - South,6755,9912281.257,18715.05972
06037553801,2.1,District 4,City of Paramount,SPA 6 - South,6756,13961328.1,15835.87568
06037553802,6.9,District 4,City of Paramount,SPA 6 - South,6757,18864472.1,24007.13017
06037553901,1.5,District 4,City of Paramount,SPA 6 - South,6758,13759742.72,15765.00081
06037553902,4,District 4,City of Paramount,SPA 6 - South,6759,11292402.41,14601.41232
06037554001,1,District 4,City of Bellflower,SPA 7 - East,6760,11657226.05,16104.8824
06037554002,9.1,District 4,City of Bellflower,SPA 7 - East,6761,13695815.56,20504.10852
06037554101,4.7,District 4,City of Bellflower,SPA 7 - East,6762,5099467.128,12581.12377
06037554105,14.8,District 4,City of Bellflower,SPA 7 - East,6763,3630042.885,10098.69914
06037554106,4,District 4,City of Bellflower,SPA 7 - East,6764,7898779.556,14101.83601
06037554201,4.2,District 4,City of Bellflower,SPA 7 - East,6765,10425184.89,13180.81721
06037554203,10.5,District 4,City of Bellflower,SPA 7 - East,6766,7401565.631,13779.58378
06037554204,8.4,District 4,City of Bellflower,SPA 7 - East,6767,7083446.566,12958.70684
06037554301,2.9,District 4,City of Bellflower,SPA 7 - East,6768,7354823.084,14096.05419
06037554302,4,District 4,City of Bellflower,SPA 7 - East,6769,7734167.792,11110.40911
06037554403,6.7,District 4,City of Bellflower,SPA 7 - East,6770,9054940.568,12172.29847
06037554404,9.4,District 4,City of Bellflower,SPA 7 - East,6771,9057183.715,12141.95927
06037554405,4.2,District 4,City of Bellflower,SPA 7 - East,6772,8243968.051,11663.70151
06037554406,9.7,District 4,City of Bellflower,SPA 7 - East,6773,11843606.13,15823.94897
06037554511,0.6,District 4,City of Cerritos,SPA 7 - East,6774,25500450.74,19924.5259
06037554512,1.9,District 4,City of Cerritos,SPA 7 - East,6775,41280601.78,26483.44214
06037554513,3.4,District 4,City of Cerritos,SPA 7 - East,6776,6098722.894,10454.32991
06037554514,5.4,District 4,City of Cerritos,SPA 7 - East,6777,16176243.27,21347.01584
06037554515,5.3,District 4,City of Cerritos,SPA 7 - East,6778,12851928.1,15770.74132
06037554516,0.8,District 4,City of Cerritos,SPA 7 - East,6779,15556503.89,21274.22741
06037554517,3.6,District 4,City of Cerritos,SPA 7 - East,6780,14217667.94,15905.08917
06037554518,0.4,District 4,City of Cerritos,SPA 7 - East,6781,19389029.95,21218.41299
06037554519,6.1,District 4,City of Cerritos,SPA 7 - East,6782,18666939.58,19500.86681
06037554521,3.5,District 4,City of Cerritos,SPA 7 - East,6783,53522202.01,37625.83975
06037554522,1.1,District 4,City of Cerritos,SPA 7 - East,6784,23495020.11,20677.85514
06037554600,3.2,District 4,City of Norwalk,SPA 7 - East,6785,11352667.3,14455.32165
06037554700,2.8,District 4,City of Norwalk,SPA 7 - East,6786,8629341.538,13793.11287
06037554801,2.7,District 4,City of Artesia,SPA 7 - East,6787,9697516.661,14814.5067
06037554802,3.5,District 4,City of Artesia,SPA 7 - East,6788,16564740.97,19053.25803
06037554900,4.9,District 4,City of Artesia,SPA 7 - East,6789,18985472.49,24614.41401
06037555001,6.1,District 4,City of Lakewood,SPA 7 - East,6790,13975507.49,17304.57582
06037555002,4.3,District 4,City of Lakewood,SPA 7 - East,6791,9811588.183,12787.44547
06037555105,2.7,District 4,City of Lakewood,SPA 7 - East,6792,11763459.91,18262.11111
06037555106,9.3,District 4,City of Hawaiian Gardens,SPA 7 - East,6793,9736114.048,14053.18659
06037555107,5.2,District 4,City of Lakewood,SPA 7 - East,6794,13575467.34,17906.14938
06037555202,3.9,District 4,City of Long Beach,SPA 8 - South Bay,6795,11900695.84,17416.30523
06037555211,10.6,District 4,City of Hawaiian Gardens,SPA 7 - East,6796,8568238.059,11592.31336
06037555212,4.8,District 4,City of Hawaiian Gardens,SPA 7 - East,6797,8705423.117,14023.78826
06037555300,5.9,District 4,City of Norwalk,SPA 7 - East,6798,18377893.74,20436.37235
06037570001,3.9,District 4,City of Lakewood,SPA 7 - East,6799,16454104.31,17390.48048
06037570002,0.9,District 4,City of Lakewood,SPA 7 - East,6800,8380446.007,11629.35018
06037570003,1.9,District 4,City of Lakewood,SPA 7 - East,6801,12398713.81,14132.8507
06037570100,2.2,District 4,City of Long Beach,SPA 8 - South Bay,6802,12303443.02,14342.92043
06037570202,0.8,District 4,City of Long Beach,SPA 8 - South Bay,6803,18050068.95,18978.06625
06037570203,7.8,District 4,City of Long Beach,SPA 8 - South Bay,6804,14016477.95,15892.37636
06037570204,17.3,District 4,City of Long Beach,SPA 8 - South Bay,6805,5895146.222,9702.862491
06037570303,6.8,District 4,City of Long Beach,SPA 8 - South Bay,6806,6681831.954,11363.10858
06037570304,13.6,District 4,City of Long Beach,SPA 8 - South Bay,6807,6113943.855,13647.52019
06037570305,12.8,District 4,City of Long Beach,SPA 8 - South Bay,6808,7901710.936,17570.47432
06037570306,3.2,District 4,City of Long Beach,SPA 8 - South Bay,6809,5011419.8,8775.117689
06037570402,6.2,District 4,City of Long Beach,SPA 8 - South Bay,6810,16425369.46,20070.30238
06037570403,3.5,District 4,City of Long Beach,SPA 8 - South Bay,6811,6227049.162,10327.23211
06037570404,1.8,District 4,City of Long Beach,SPA 8 - South Bay,6812,9204178.938,15535.92936
06037570502,2.7,District 4,City of Long Beach,SPA 8 - South Bay,6813,21508629.91,19952.34437
06037570503,5.5,District 4,City of Long Beach,SPA 8 - South Bay,6814,5800067.174,9875.507798
06037570504,0.2,District 4,City of Long Beach,SPA 8 - South Bay,6815,10190243.11,12936.59589
06037570601,5.8,District 4,City of Long Beach,SPA 8 - South Bay,6816,8491036.57,12281.2877
06037570602,7.9,District 4,City of Long Beach,SPA 8 - South Bay,6817,11244330.82,14070.61589
06037570603,16.1,District 4,City of Long Beach,SPA 8 - South Bay,6818,7901030.301,12102.71628
06037570701,11.3,District 4,City of Lakewood,SPA 7 - East,6819,19193911.96,21014.26691
06037570703,3.9,District 4,City of Lakewood,SPA 7 - East,6820,9974800.826,13305.07664
06037570800,3.7,District 4,City of Lakewood,SPA 7 - East,6821,25706431.95,20305.94371
06037570901,1.5,District 4,City of Lakewood,SPA 7 - East,6822,19542145.56,18380.01186
06037570902,2.9,District 4,City of Lakewood,SPA 7 - East,6823,11370424.95,14163.3964
06037571000,0.4,District 4,City of Lakewood,SPA 7 - East,6824,18914634.79,17770.61072
06037571101,4,District 4,City of Lakewood,SPA 7 - East,6825,14259406.52,15899.84938
06037571102,0.7,District 4,City of Lakewood,SPA 7 - East,6826,13536501.76,15649.40551
06037571201,2.1,District 4,City of Long Beach,SPA 8 - South Bay,6827,14061017.43,15897.90084
06037571202,7.1,District 4,City of Long Beach,SPA 8 - South Bay,6828,14133828.51,15966.25113
06037571300,5,District 4,City of Lakewood,SPA 7 - East,6829,22554344.49,19057.76685
06037571400,3.4,District 4,City of Lakewood,SPA 7 - East,6830,20610956.77,24514.79614
06037571502,6,District 4,City of Long Beach,SPA 8 - South Bay,6831,14824914.83,16163.03749
06037571504,3.2,District 4,City of Long Beach,SPA 8 - South Bay,6832,16269595.5,16683.66735
06037571505,0,District 4,City of Long Beach,SPA 8 - South Bay,6833,7066464.326,11043.48463
06037571600,30.4,District 4,City of Long Beach,SPA 8 - South Bay,6834,2948284.62,8703.078858
06037571701,5.4,District 4,City of Long Beach,SPA 8 - South Bay,6835,20468347.84,24179.48306
06037571703,23.2,District 4,City of Long Beach,SPA 8 - South Bay,6836,4297657.093,9580.070128
06037571704,2,District 4,City of Long Beach,SPA 8 - South Bay,6837,5261377.762,10263.8092
06037571800,3.2,District 4,City of Long Beach,SPA 8 - South Bay,6838,30461119.09,26483.27376
06037571900,6.3,District 4,City of Long Beach,SPA 8 - South Bay,6839,20779542.51,23717.18836
06037572001,1.5,District 4,City of Long Beach,SPA 8 - South Bay,6840,18265768.07,19000.06886
06037572201,10.4,District 4,City of Long Beach,SPA 8 - South Bay,6841,16763496.08,17928.04135
06037572202,6.2,District 4,City of Long Beach,SPA 8 - South Bay,6842,16716907.16,17967.64066
06037572301,2.9,District 4,City of Long Beach,SPA 8 - South Bay,6843,8799273.812,19254.05969
06037572500,31,District 4,City of Long Beach,SPA 8 - South Bay,6844,6318479.396,10645.71286
06037572600,4.6,District 4,City of Long Beach,SPA 8 - South Bay,6845,13699086.33,15715.21715
06037572700,6.8,District 4,City of Long Beach,SPA 8 - South Bay,6846,11548173.49,14016.33428
06037573002,18.2,District 4,City of Long Beach,SPA 8 - South Bay,6847,3495529.131,7924.883921
06037573003,5.4,District 4,City of Long Beach,SPA 8 - South Bay,6848,4833257.3,9038.536093
06037573004,16.3,District 4,City of Long Beach,SPA 8 - South Bay,6849,4424126.077,8641.296992
06037573101,16.4,District 4,City of Long Beach,SPA 8 - South Bay,6850,5668533.253,11221.34818
06037573102,4.7,District 4,City of Long Beach,SPA 8 - South Bay,6851,7161305.212,12334.86822
06037573201,11.3,District 4,City of Long Beach,SPA 8 - South Bay,6852,6477832.984,10359.89347
06037573202,8.7,District 4,City of Long Beach,SPA 8 - South Bay,6853,6988034.522,10572.60388
06037573300,8.8,District 4,City of Long Beach,SPA 8 - South Bay,6854,8440377.674,13242.16283
06037573401,5.1,District 4,City of Signal Hill,SPA 7 - East,6855,11251709.4,18099.17332
06037573402,7.1,District 4,City of Signal Hill,SPA 7 - East,6856,31833064.51,33820.29295
06037573403,0.6,District 4,City of Signal Hill,SPA 7 - East,6857,18114879.98,26371.26382
06037573601,0.4,District 4,City of Long Beach,SPA 8 - South Bay,6858,40166987.43,32290.34453
06037573700,1,District 4,City of Long Beach,SPA 8 - South Bay,6859,19561608.48,18414.03819
06037573800,0,District 4,City of Long Beach,SPA 8 - South Bay,6860,16512665.16,17842.72591
06037573902,6.3,District 4,City of Long Beach,SPA 8 - South Bay,6861,7633475.573,13789.27769
06037574000,1.2,District 4,City of Long Beach,SPA 8 - South Bay,6862,19601775.42,19140.81759
06037574100,1.6,District 4,City of Long Beach,SPA 8 - South Bay,6863,19757131.97,20327.25295
06037574201,4.4,District 4,City of Long Beach,SPA 8 - South Bay,6864,13932148.33,15839.09058
06037574202,3.8,District 4,City of Long Beach,SPA 8 - South Bay,6865,14496048.4,19906.59296
06037574300,2.5,District 4,City of Long Beach,SPA 8 - South Bay,6866,26792225.67,25085.07172
06037574400,2.1,District 4,City of Long Beach,SPA 8 - South Bay,6867,36726898.33,24306.82834
06037574500,4,District 4,City of Long Beach,SPA 8 - South Bay,6868,29372124.54,24936.9611
06037574602,1.4,District 4,City of Long Beach,SPA 8 - South Bay,6869,6336457.193,10039.3748
06037574800,5.1,District 4,City of Long Beach,SPA 8 - South Bay,6870,11891240.76,15282.41108
06037574901,0.5,District 4,City of Long Beach,SPA 8 - South Bay,6871,14319290.49,16741.6755
06037574902,6.1,District 4,City of Long Beach,SPA 8 - South Bay,6872,8657349.681,12945.89336
06037575001,6.5,District 4,City of Long Beach,SPA 8 - South Bay,6873,10407765.32,18146.48331
06037575002,8.5,District 4,City of Long Beach,SPA 8 - South Bay,6874,10329955.35,14700.26017
06037575101,13.1,District 4,City of Long Beach,SPA 8 - South Bay,6875,4540405.609,10064.20601
06037575102,19.4,District 4,City of Long Beach,SPA 8 - South Bay,6876,4364864.748,9257.548286
06037575103,9.1,District 4,City of Long Beach,SPA 8 - South Bay,6877,5172365.601,9179.183563
06037575201,18.5,District 4,City of Long Beach,SPA 8 - South Bay,6878,6099628.639,10556.72139
06037575202,14.9,District 4,City of Long Beach,SPA 8 - South Bay,6879,4347717.872,9231.961735
06037575300,25.8,District 4,City of Long Beach,SPA 8 - South Bay,6880,6978915.109,10568.23994
06037575401,16.3,District 4,City of Long Beach,SPA 8 - South Bay,6881,9606072.025,12582.57706
06037575402,18.6,District 4,City of Long Beach,SPA 8 - South Bay,6882,3489119.724,7932.171312
06037575801,11,District 4,City of Long Beach,SPA 8 - South Bay,6883,4667833.096,8610.169178
06037575802,23.7,District 4,City of Long Beach,SPA 8 - South Bay,6884,3457761.88,7901.879811
06037575803,40.1,District 4,City of Long Beach,SPA 8 - South Bay,6885,2148303.48,6905.165162
06037575901,14.7,District 4,City of Long Beach,SPA 8 - South Bay,6886,5253183.304,9691.585995
06037575902,23.4,District 4,City of Long Beach,SPA 8 - South Bay,6887,3769688.315,7831.542817
06037576001,12.6,District 4,City of Long Beach,SPA 8 - South Bay,6888,35612732.43,24939.52831
06037576200,24.6,District 4,City of Long Beach,SPA 8 - South Bay,6889,7523699.572,11203.18117
06037576301,10.4,District 4,City of Long Beach,SPA 8 - South Bay,6890,5902568.208,9752.410405
06037576302,15.3,District 4,City of Long Beach,SPA 8 - South Bay,6891,3481279.561,7918.166392
06037576401,19.8,District 4,City of Long Beach,SPA 8 - South Bay,6892,3486538.017,7927.830952
06037576402,10.1,District 4,City of Long Beach,SPA 8 - South Bay,6893,3496429.068,7929.782994
06037576403,7.5,District 4,City of Long Beach,SPA 8 - South Bay,6894,3496614.596,7934.475749
06037576501,17.2,District 4,City of Long Beach,SPA 8 - South Bay,6895,3126426.738,7289.417943
06037576502,13.9,District 4,City of Long Beach,SPA 8 - South Bay,6896,3266094.03,7841.076225
06037576503,11.3,District 4,City of Long Beach,SPA 8 - South Bay,6897,3410062.33,7724.228011
06037576601,14.1,District 4,City of Long Beach,SPA 8 - South Bay,6898,3997982.701,11058.1333
06037576602,9.7,District 4,City of Long Beach,SPA 8 - South Bay,6899,4582748.315,8982.30752
06037576700,4.6,District 4,City of Long Beach,SPA 8 - South Bay,6900,7446345.982,11160.75655
06037576801,18.8,District 4,City of Long Beach,SPA 8 - South Bay,6901,5534392.751,9942.309466
06037576802,2.2,District 4,City of Long Beach,SPA 8 - South Bay,6902,5039180.014,9265.760064
06037576901,7.7,District 4,City of Long Beach,SPA 8 - South Bay,6903,4790769.08,9245.498108
06037576903,12.7,District 4,City of Long Beach,SPA 8 - South Bay,6904,3499661.29,7937.491485
06037576904,5.7,District 4,City of Long Beach,SPA 8 - South Bay,6905,3938348.285,8609.260142
06037577000,1.3,District 4,City of Long Beach,SPA 8 - South Bay,6906,19912398.53,21697.12839
06037577100,4.2,District 4,City of Long Beach,SPA 8 - South Bay,6907,13074533.51,14525.90568
06037577200,4.6,District 4,City of Long Beach,SPA 8 - South Bay,6908,9192742.527,13068.70835
06037577300,2.7,District 4,City of Long Beach,SPA 8 - South Bay,6909,8753222.143,12674.19479
06037577400,5.2,District 4,City of Long Beach,SPA 8 - South Bay,6910,6943339.919,11769.67527
06037577501,4.1,District 4,City of Long Beach,SPA 8 - South Bay,6911,14579156.78,15299.80996
06037577504,4.6,District 4,City of Long Beach,SPA 8 - South Bay,6912,6017112.857,16934.85573
06037577602,3.7,District 4,City of Long Beach,SPA 8 - South Bay,6913,14927053.34,17289.63067
06037577604,1.4,District 4,City of Long Beach,SPA 8 - South Bay,6914,16578437.19,28779.3747
06037577605,2.9,District 4,City of Long Beach,SPA 8 - South Bay,6915,19689600.94,19854.48751
06037577606,4.2,District 4,City of Long Beach,SPA 8 - South Bay,6916,12469864.71,17491.41835
06037577700,7.8,District 4,City of Long Beach,SPA 8 - South Bay,6917,13616840.69,18926.20028
06037577800,0.4,District 4,City of Downey,SPA 7 - East,6918,18813760.96,22454.22453
06037577900,19,District 4,City of Long Beach,SPA 8 - South Bay,6919,19019660.03,20874.39187
06037578000,15,District 4,City of Long Beach,SPA 8 - South Bay,6920,19821795.44,22475.27245
06037578100,,District 4,City of Long Beach,SPA 8 - South Bay,6921,18516371.52,18912.70949
06037599000,25.4,District 4,City of Avalon,SPA 8 - South Bay,6922,35664503.17,28399.1163
06037599100,25.9,District 4,Unincorporated - Santa Catalina Island,SPA 8 - South Bay,6923,3698756367,554591.2599
06037600100,17.1,District 2,Unincorporated - Athens-Westmont,SPA 8 - South Bay,6924,8145826.702,12352.68032
06037600201,11.5,District 2,Unincorporated - Athens-Westmont,SPA 8 - South Bay,6925,6311706.882,11426.20451
06037600202,15.6,District 2,Unincorporated - Athens-Westmont,SPA 8 - South Bay,6926,8950420.441,14564.11253
06037600302,3.9,District 2,Unincorporated - Athens-Westmont,SPA 8 - South Bay,6927,8835937.301,11971.18731
06037600303,17.4,District 2,Unincorporated - Athens-Westmont,SPA 8 - South Bay,6928,3913791.059,9114.251171
06037600304,19.6,District 2,Unincorporated - Athens-Westmont,SPA 8 - South Bay,6929,4780190.866,9643.085392
06037600400,22.6,District 2,Unincorporated - Athens-Westmont,SPA 8 - South Bay,6930,10556116.56,16001.30303
06037600501,8.6,District 2,City of Inglewood,SPA 8 - South Bay,6931,7116461.409,10669.26543
06037600601,1.9,District 2,City of Inglewood,SPA 8 - South Bay,6932,6965455.273,10542.15348
06037600602,18.4,District 2,City of Inglewood,SPA 8 - South Bay,6933,7443353.866,10854.65517
06037600702,2.6,District 2,City of Inglewood,SPA 8 - South Bay,6934,26101481.88,23989.45696
06037600703,3.3,District 2,City of Inglewood,SPA 8 - South Bay,6935,5549320.959,10845.64441
06037600704,6.4,District 2,City of Inglewood,SPA 8 - South Bay,6936,10424291.02,12988.66724
06037600801,13.8,District 2,City of Inglewood,SPA 8 - South Bay,6937,10462808.55,13231.90326
06037600802,12.3,District 2,City of Inglewood,SPA 8 - South Bay,6938,20967942.39,20297.20764
06037600902,9,District 2,City of Inglewood,SPA 8 - South Bay,6939,8555265.363,13375.64407
06037600911,4.1,District 2,City of Inglewood,SPA 8 - South Bay,6940,7288004.776,11169.94978
06037600912,2.9,District 2,City of Inglewood,SPA 8 - South Bay,6941,11735596.76,15193.00044
06037601001,24.2,District 2,City of Inglewood,SPA 8 - South Bay,6942,9587666.713,13981.92818
06037601002,15.1,District 2,City of Inglewood,SPA 8 - South Bay,6943,6807170.247,11117.38156
06037601100,6.5,District 2,City of Inglewood,SPA 8 - South Bay,6944,6900459.722,10510.06167
06037601202,4.8,District 2,City of Inglewood,SPA 8 - South Bay,6945,7065105.553,10672.56284
06037601211,20.4,District 2,City of Inglewood,SPA 8 - South Bay,6946,6207755.752,10171.05305
06037601212,8.8,District 2,City of Inglewood,SPA 8 - South Bay,6947,6305633.373,10073.38321
06037601301,10,District 2,City of Inglewood,SPA 8 - South Bay,6948,6624762.414,10991.59161
06037601302,4.4,District 2,City of Inglewood,SPA 8 - South Bay,6949,13166448.84,19301.60327
06037601303,15.5,District 2,City of Inglewood,SPA 8 - South Bay,6950,4701154.505,8829.960974
06037601401,10.8,District 2,City of Inglewood,SPA 8 - South Bay,6951,16764605.21,18166.94518
06037601402,8.6,District 2,City of Inglewood,SPA 8 - South Bay,6952,10584717.57,13247.20224
06037601501,9.7,District 2,Unincorporated - Lennox,SPA 8 - South Bay,6953,5082364.584,10467.67108
06037601502,12,District 2,Unincorporated - Lennox,SPA 8 - South Bay,6954,5265980.213,11426.73317
06037601600,4.2,District 2,Unincorporated - Lennox,SPA 8 - South Bay,6955,9864465.688,12848.54196
06037601700,6.7,District 2,Unincorporated - Lennox,SPA 8 - South Bay,6956,8183626.183,12637.77768
06037601801,7.1,District 2,City of Inglewood,SPA 8 - South Bay,6957,5234143.033,10548.02331
06037601802,8.2,District 2,Unincorporated - Lennox,SPA 8 - South Bay,6958,5209348.672,10562.83329
06037601900,17.1,District 2,City of Inglewood,SPA 8 - South Bay,6959,7488280.683,11027.78321
06037602002,5,District 2,City of Hawthorne,SPA 8 - South Bay,6960,5727718.816,10581.82154
06037602003,6,District 2,City of Inglewood,SPA 8 - South Bay,6961,6730802.567,10333.1949
06037602103,7.5,District 2,City of Hawthorne,SPA 8 - South Bay,6962,8985975.416,11937.67948
06037602104,2.5,District 2,City of Hawthorne,SPA 8 - South Bay,6963,7983084.548,11593.06718
06037602105,8.8,District 2,City of Hawthorne,SPA 8 - South Bay,6964,6842892.301,10462.74911
06037602106,5.3,District 2,City of Hawthorne,SPA 8 - South Bay,6965,8816440.731,13275.39319
06037602201,1.2,District 2,Unincorporated - Del Aire,SPA 8 - South Bay,6966,17869424.33,19353.29204
06037602202,2.4,District 2,City of Hawthorne,SPA 8 - South Bay,6967,4955122.672,9580.40846
06037602301,5.6,District 2,Unincorporated - Wiseburn,SPA 8 - South Bay,6968,19163723.92,19200.40132
06037602302,2.5,District 2,City of Hawthorne,SPA 8 - South Bay,6969,21009975.58,22619.847
06037602402,0.6,District 2,City of Hawthorne,SPA 8 - South Bay,6970,14116815.59,17027.52261
06037602403,3.5,District 2,City of Hawthorne,SPA 8 - South Bay,6971,6321159.538,10061.29555
06037602404,8.4,District 2,City of Hawthorne,SPA 8 - South Bay,6972,6950852.014,11175.398
06037602504,6.5,District 2,City of Hawthorne,SPA 8 - South Bay,6973,3455759.321,7905.254186
06037602505,8.3,District 2,City of Hawthorne,SPA 8 - South Bay,6974,3484787.568,7912.835074
06037602506,13.1,District 2,City of Hawthorne,SPA 8 - South Bay,6975,3486330.842,7897.254293
06037602507,4.9,District 2,City of Hawthorne,SPA 8 - South Bay,6976,3475129.108,7912.087996
06037602510,14.2,District 2,City of Hawthorne,SPA 8 - South Bay,6977,3499786.679,7934.278614
06037602511,9.6,District 2,City of Hawthorne,SPA 8 - South Bay,6978,3781576.947,8374.22776
06037602512,1.8,District 2,Unincorporated - Hawthorne,SPA 8 - South Bay,6979,3145518.146,7641.463459
06037602513,13.3,District 2,City of Hawthorne,SPA 8 - South Bay,6980,19444024.96,21159.62718
06037602601,8.9,District 2,City of Gardena,SPA 8 - South Bay,6981,13982492.75,15873.80243
06037602602,3.2,District 2,City of Gardena,SPA 8 - South Bay,6982,6988441.275,10566.78058
06037602700,1.6,District 2,City of Hawthorne,SPA 8 - South Bay,6983,26741270.98,21485.90754
06037602801,24.5,District 2,Unincorporated - Athens-Westmont,SPA 8 - South Bay,6984,13492811.51,15760.4474
06037602802,2.5,District 2,Unincorporated - Athens-Westmont,SPA 8 - South Bay,6985,14412133.21,16013.20963
06037602900,6.6,District 2,City of Gardena,SPA 8 - South Bay,6986,30106415.88,27254.93261
06037603004,5.7,District 2,City of Gardena,SPA 8 - South Bay,6987,2438807.344,8205.620616
06037603005,4.4,District 2,City of Gardena,SPA 8 - South Bay,6988,7010468.774,10584.60853
06037603006,9.2,District 2,City of Gardena,SPA 8 - South Bay,6989,7390683.054,10957.64212
06037603007,7.2,District 2,City of Gardena,SPA 8 - South Bay,6990,7207514.779,14307.45466
06037603008,10.9,District 2,City of Gardena,SPA 8 - South Bay,6991,5025206.211,10814.92409
06037603101,6.1,District 2,City of Gardena,SPA 8 - South Bay,6992,9488447.977,12618.01281
06037603102,8.2,District 2,City of Gardena,SPA 8 - South Bay,6993,8013876.791,11371.00158
06037603200,7.6,District 2,City of Gardena,SPA 8 - South Bay,6994,12283479.73,21847.64174
06037603301,3,District 2,City of Gardena,SPA 8 - South Bay,6995,10497573.26,14152.68405
06037603302,3.1,District 2,City of Gardena,SPA 8 - South Bay,6996,12228413.07,15265.2986
06037603400,1.8,District 2,City of Gardena,SPA 8 - South Bay,6997,12212980.84,15582.42205
06037603500,0.7,District 2,City of Gardena,SPA 8 - South Bay,6998,8549668.771,13077.62301
06037603600,0.5,District 2,City of Gardena,SPA 8 - South Bay,6999,10083412.03,13097.10051
06037603702,1,District 2,Unincorporated - El Camino Village,SPA 8 - South Bay,7000,28046529.21,21737.97608
06037603703,0.6,District 2,City of Hawthorne,SPA 8 - South Bay,7001,7027787.937,10770.70131
06037603705,0,District 2,City of Hawthorne,SPA 8 - South Bay,7002,2958773.621,7392.656249
06037603706,18.8,District 2,Unincorporated - El Camino Village,SPA 8 - South Bay,7003,3992160.063,9930.368715
06037603801,4.3,District 2,City of Lawndale,SPA 8 - South Bay,7004,7167070.507,10594.70658
06037603802,5,District 2,City of Lawndale,SPA 8 - South Bay,7005,6832164.532,10354.93437
06037603901,6.3,District 2,City of Lawndale,SPA 8 - South Bay,7006,7982435.903,15456.45994
06037603902,4.5,District 2,City of Lawndale,SPA 8 - South Bay,7007,8080918.701,12037.53976
06037604001,4.1,District 2,City of Lawndale,SPA 8 - South Bay,7008,7129745.986,10687.07103
06037604002,4,District 2,City of Lawndale,SPA 8 - South Bay,7009,6995919.549,10360.40492
06037604101,1,District 2,City of Lawndale,SPA 8 - South Bay,7010,5197447.734,9593.582659
06037604102,0,District 2,City of Lawndale,SPA 8 - South Bay,7011,5705463.501,12008.61138
06037604200,2.9,District 2,City of Inglewood,SPA 8 - South Bay,7012,13449760.91,17675.61739
06037609900,7.6,District 4,Unincorporated - La Rambla,SPA 8 - South Bay,7013,5516526.026,12905.42904
06037620001,1.5,District 2,City of El Segundo,SPA 8 - South Bay,7014,12802240.88,14702.10089
06037620002,3.8,District 2,City of El Segundo,SPA 8 - South Bay,7015,12754489.13,15822.07559
06037620101,3.7,District 2,City of El Segundo,SPA 8 - South Bay,7016,14563830.02,16145.58436
06037620102,3.6,District 2,City of El Segundo,SPA 8 - South Bay,7017,9388354.042,16010.84489
06037620201,1.5,District 2,City of Manhattan Beach,SPA 8 - South Bay,7018,2018511.751,6645.596285
06037620301,4.2,District 2,City of Manhattan Beach,SPA 8 - South Bay,7019,11223224.34,14150.63738
06037620303,1.5,District 2,City of Manhattan Beach,SPA 8 - South Bay,7020,12338672.73,15887.78503
06037620305,3.2,District 2,City of Manhattan Beach,SPA 8 - South Bay,7021,11936835.07,16883.29558
06037620400,0.5,District 2,City of Manhattan Beach,SPA 8 - South Bay,7022,27769488,21113.98023
06037620501,1.3,District 2,City of Redondo Beach,SPA 8 - South Bay,7023,27886999.12,21151.34575
06037620521,0.7,District 2,City of Redondo Beach,SPA 8 - South Bay,7024,6934219.925,10530.27518
06037620522,6.8,District 2,City of Redondo Beach,SPA 8 - South Bay,7025,8027678.249,11200.61845
06037620601,1.1,District 2,City of Redondo Beach,SPA 8 - South Bay,7026,14700748.75,19877.14504
06037620602,0.5,District 2,City of Redondo Beach,SPA 8 - South Bay,7027,14624225.15,18655.58746
06037620701,0.8,District 2,City of Redondo Beach,SPA 8 - South Bay,7028,10956223.35,15209.39169
06037620703,0,District 2,City of Redondo Beach,SPA 8 - South Bay,7029,6190960.067,10997.02588
06037620704,5.8,District 2,City of Redondo Beach,SPA 8 - South Bay,7030,7980967.992,13473.85823
06037620801,0,District 2,City of Manhattan Beach,SPA 8 - South Bay,7031,12893891.26,15696.79547
06037620802,1.5,District 2,City of Manhattan Beach,SPA 8 - South Bay,7032,13837312.98,15788.29041
06037620901,1.3,District 2,City of Manhattan Beach,SPA 8 - South Bay,7033,9373822.022,12894.8057
06037620904,0.8,District 2,City of Manhattan Beach,SPA 8 - South Bay,7034,5878914.09,10106.9405
06037621001,10.3,District 2,City of Hermosa Beach,SPA 8 - South Bay,7035,10175657.79,16002.72849
06037621005,6.3,District 2,City of Hermosa Beach,SPA 8 - South Bay,7036,12106909.71,15546.19873
06037621102,2.1,District 2,City of Hermosa Beach,SPA 8 - South Bay,7037,6029107.21,10693.92872
06037621104,5.6,District 2,City of Hermosa Beach,SPA 8 - South Bay,7038,10632729.75,13473.4308
06037621201,3.3,District 2,City of Redondo Beach,SPA 8 - South Bay,7039,17709590.22,17281.0273
06037621204,6.7,District 2,City of Redondo Beach,SPA 8 - South Bay,7040,17695470.75,17725.55027
06037621301,5.4,District 2,City of Redondo Beach,SPA 8 - South Bay,7041,16895190.21,17257.53137
06037621324,3.4,District 2,City of Redondo Beach,SPA 8 - South Bay,7042,6392411.556,13205.70616
06037621326,0.9,District 2,City of Redondo Beach,SPA 8 - South Bay,7043,7328877.067,12911.5358
06037621400,5.3,District 2,City of Redondo Beach,SPA 8 - South Bay,7044,13656380.78,15831.82589
06037650001,6.6,District 4,City of Torrance,SPA 8 - South Bay,7045,17307210.71,16976.75292
06037650003,15.5,District 4,City of Torrance,SPA 8 - South Bay,7046,5463168.097,9617.037301
06037650004,3.2,District 4,City of Torrance,SPA 8 - South Bay,7047,8241169.676,11729.43259
06037650101,5.8,District 4,City of Torrance,SPA 8 - South Bay,7048,20477770.8,18472.64778
06037650102,4.1,District 4,City of Torrance,SPA 8 - South Bay,7049,9047855.388,13415.46645
06037650200,4.3,District 4,City of Torrance,SPA 8 - South Bay,7050,26302132.08,30094.1222
06037650300,4.8,District 4,City of Torrance,SPA 8 - South Bay,7051,20070562.58,20883.13668
06037650401,5.1,District 4,City of Torrance,SPA 8 - South Bay,7052,37740902.58,32149.51319
06037650501,0.7,District 4,City of Torrance,SPA 8 - South Bay,7053,10713464.24,13520.40384
06037650502,1.9,District 4,City of Torrance,SPA 8 - South Bay,7054,14340477.33,15517.22772
06037650603,10.4,District 4,City of Torrance,SPA 8 - South Bay,7055,13887143.49,15814.92535
06037650604,8.5,District 4,City of Torrance,SPA 8 - South Bay,7056,5553365.636,9486.173658
06037650605,2.6,District 4,City of Torrance,SPA 8 - South Bay,7057,5244152.874,9208.947379
06037650606,18.5,District 4,City of Torrance,SPA 8 - South Bay,7058,7914642.254,15980.32562
06037650607,2.1,District 4,City of Torrance,SPA 8 - South Bay,7059,5327761.682,10950.85907
06037650701,1.7,District 4,City of Torrance,SPA 8 - South Bay,7060,21585925.22,18653.44653
06037650702,2.2,District 4,City of Torrance,SPA 8 - South Bay,7061,15039430.31,16409.43541
06037650801,3.7,District 4,City of Torrance,SPA 8 - South Bay,7062,8092036.81,12958.40236
06037650802,5.4,District 4,City of Torrance,SPA 8 - South Bay,7063,5791983.088,11569.21126
06037650901,6.2,District 4,City of Torrance,SPA 8 - South Bay,7064,38125380.37,29510.50779
06037650903,1.9,District 4,City of Torrance,SPA 8 - South Bay,7065,11265033.69,17051.46176
06037650904,3,District 4,City of Torrance,SPA 8 - South Bay,7066,10167383.54,16150.79617
06037651001,7.7,District 4,City of Torrance,SPA 8 - South Bay,7067,15265973.35,18969.453
06037651002,3.4,District 4,City of Torrance,SPA 8 - South Bay,7068,12783315.81,15477.51013
06037651101,5.4,District 4,City of Torrance,SPA 8 - South Bay,7069,60086253.83,37158.0572
06037651102,6.3,District 4,City of Torrance,SPA 8 - South Bay,7070,8815270.758,13650.85255
06037651201,0.4,District 4,City of Torrance,SPA 8 - South Bay,7071,18841719.79,17142.18736
06037651221,3.2,District 4,City of Torrance,SPA 8 - South Bay,7072,7540150.331,11468.74618
06037651222,1.3,District 4,City of Torrance,SPA 8 - South Bay,7073,16418521.58,18059.68042
06037651302,7.2,District 4,City of Torrance,SPA 8 - South Bay,7074,25654098.42,30797.53145
06037651304,4,District 4,City of Torrance,SPA 8 - South Bay,7075,15412744.46,21453.9055
06037651401,5.5,District 4,City of Torrance,SPA 8 - South Bay,7076,10749272.38,20508.98905
06037651402,2.1,District 4,City of Torrance,SPA 8 - South Bay,7077,19610074.94,23224.33388
06037670001,5.1,District 4,City of Lomita,SPA 8 - South Bay,7078,10066842.62,16585.92032
06037670002,8.7,District 4,City of Lomita,SPA 8 - South Bay,7079,9317061.248,12739.06308
06037670003,3.7,District 4,City of Lomita,SPA 8 - South Bay,7080,16255113.41,18273.72903
06037670101,11.3,District 4,City of Lomita,SPA 8 - South Bay,7081,11820625.31,20227.74826
06037670102,3.5,District 4,City of Lomita,SPA 8 - South Bay,7082,5907264.994,12061.75836
06037670201,2.7,District 4,City of Rolling Hills Estates,SPA 8 - South Bay,7083,53534556.63,47619.98151
06037670202,1,District 4,City of Rolling Hills Estates,SPA 8 - South Bay,7084,32043948.3,26378.62547
06037670324,3,District 4,City of Palos Verdes Estates,SPA 8 - South Bay,7085,50671720.72,42504.7436
06037670326,3.1,District 4,City of Palos Verdes Estates,SPA 8 - South Bay,7086,43526042.44,36431.26859
06037670328,0.5,District 4,City of Palos Verdes Estates,SPA 8 - South Bay,7087,38287711.7,35670.85587
06037670405,11.2,District 4,City of Rancho Palos Verdes,SPA 8 - South Bay,7088,16475979.51,21210.75337
06037670406,1.7,District 4,City of Rolling Hills Estates,SPA 8 - South Bay,7089,12863054.77,14337.52777
06037670407,3.6,District 4,City of Rancho Palos Verdes,SPA 8 - South Bay,7090,12993757.94,16827.59697
06037670413,1.5,District 4,City of Rancho Palos Verdes,SPA 8 - South Bay,7091,23570288.96,20366.67853
06037670416,0.9,District 4,City of Rancho Palos Verdes,SPA 8 - South Bay,7092,37159320.38,27428.93905
06037670417,0.5,District 4,City of Rancho Palos Verdes,SPA 8 - South Bay,7093,21741527.57,20027.16155
06037670418,1.2,District 4,City of Rancho Palos Verdes,SPA 8 - South Bay,7094,27519559.32,24794.5169
06037670500,2.9,District 4,City of Rolling Hills,SPA 8 - South Bay,7095,82518876.37,46433.1199
06037670603,0,District 4,City of Rancho Palos Verdes,SPA 8 - South Bay,7096,42051433.4,36174.2349
06037670604,2.3,District 4,City of Rancho Palos Verdes,SPA 8 - South Bay,7097,110134649.2,99321.27399
06037670701,0.6,District 4,City of Rancho Palos Verdes,SPA 8 - South Bay,7098,30800899.52,32455.70358
06037670702,0.8,District 4,City of Rancho Palos Verdes,SPA 8 - South Bay,7099,72953415.2,59188.1237
06037700101,19.1,District 3,City of West Hollywood,SPA 4 - Metro,7100,7248139.885,13591.47643
06037700102,22.2,District 3,City of West Hollywood,SPA 4 - Metro,7101,5302940.472,13535.34196
06037700200,19.1,District 3,City of West Hollywood,SPA 4 - Metro,7102,7381573.278,13007.77949
06037700300,16.1,District 3,City of West Hollywood,SPA 4 - Metro,7103,6449915.854,13744.73659
06037700400,7.3,District 3,City of West Hollywood,SPA 4 - Metro,7104,14273444.22,20695.86247
06037700501,9.1,District 3,City of West Hollywood,SPA 4 - Metro,7105,6428353.161,14556.38308
06037700502,9,District 3,City of West Hollywood,SPA 4 - Metro,7106,5454767.544,10628.07362
06037700600,1.6,District 3,City of Beverly Hills,SPA 5 - West,7107,61159774.47,45106.84674
06037700700,2.7,District 3,City of Beverly Hills,SPA 5 - West,7108,37897052.82,31200.99347
06037700801,17.3,District 3,City of Beverly Hills,SPA 5 - West,7109,15717383.36,19965.10576
06037700802,8.7,District 3,City of Beverly Hills,SPA 5 - West,7110,7302287.234,14888.34372
06037700901,6.1,District 3,City of Beverly Hills,SPA 5 - West,7111,11377820.65,18770.36986
06037700902,10.7,District 3,City of Beverly Hills,SPA 5 - West,7112,10288596.88,12917.87842
06037701000,8.5,District 3,City of Beverly Hills,SPA 5 - West,7113,15201980.04,17530.92091
06037701201,1.3,District 3,City of Santa Monica,SPA 5 - West,7114,20797737.92,18156.85949
06037701202,5.3,District 3,City of Santa Monica,SPA 5 - West,7115,4362526.576,9140.208205
06037701302,5.8,District 3,City of Santa Monica,SPA 5 - West,7116,4915205.767,9925.940354
06037701304,6.6,District 3,City of Santa Monica,SPA 5 - West,7117,21323398.53,20489.18545
06037701402,19.9,District 3,City of Santa Monica,SPA 5 - West,7118,7457864.641,12197.09515
06037701501,2.2,District 3,City of Santa Monica,SPA 5 - West,7119,6637488.002,12363.0986
06037701502,5.8,District 3,City of Santa Monica,SPA 5 - West,7120,6589618.769,12353.4412
06037701601,4.4,District 3,City of Santa Monica,SPA 5 - West,7121,13023655.41,15732.07102
06037701602,10.2,District 3,City of Santa Monica,SPA 5 - West,7122,7119825.181,13111.23926
06037701701,12.8,District 3,City of Santa Monica,SPA 5 - West,7123,7049752.503,13086.27912
06037701702,20,District 3,City of Santa Monica,SPA 5 - West,7124,6507747.254,12303.03064
06037701801,15.4,District 3,City of Santa Monica,SPA 5 - West,7125,20423768.01,19261.62465
06037701802,10.1,District 3,City of Santa Monica,SPA 5 - West,7126,13452438.07,15254.84606
06037701902,34.4,District 3,City of Santa Monica,SPA 5 - West,7127,16583120.92,16639.09134
06037702002,16.7,District 3,City of Santa Monica,SPA 5 - West,7128,10473116.6,13179.75352
06037702102,8.4,District 3,City of Santa Monica,SPA 5 - West,7129,9506242.06,13118.11235
06037702201,5.8,District 3,City of Santa Monica,SPA 5 - West,7130,12958863.09,15186.02708
06037702202,4.5,District 3,City of Santa Monica,SPA 5 - West,7131,10861256.55,13823.86672
06037702300,7.5,District 3,City of Santa Monica,SPA 5 - West,7132,27881109.19,21112.11093
06037702400,10,District 2,City of Culver City,SPA 5 - West,7133,21577030.23,23594.31421
06037702501,1.2,District 2,City of Culver City,SPA 5 - West,7134,14580560.09,15468.92957
06037702502,2.6,District 2,City of Culver City,SPA 5 - West,7135,19535183.03,25393.48453
06037702600,2.7,District 2,City of Culver City,SPA 5 - West,7136,23564257.6,23632.56217
06037702700,2.7,District 2,City of Culver City,SPA 5 - West,7137,14571730.81,17411.60732
06037702801,15.4,District 2,City of Culver City,SPA 5 - West,7138,12920974.87,14939.81152
06037702802,3.1,District 2,City of Culver City,SPA 5 - West,7139,6280920.613,15114.50502
06037702803,9.5,District 2,City of Culver City,SPA 5 - West,7140,9086121.841,27321.20754
06037702900,6.5,District 2,Unincorporated - Marina del Rey,SPA 5 - West,7141,40658542.4,25781.56671
06037703002,3.2,District 2,Unincorporated - Ladera Heights,SPA 5 - West,7142,35357695.67,27551.11384
06037703003,7.6,District 2,City of Culver City,SPA 5 - West,7143,21768486.62,25008.23921
06037703100,2.6,District 2,Unincorporated - View Park/Windsor Hills,SPA 6 - South,7144,28676482.2,26345.53168
06037703200,5,District 2,Unincorporated - View Park/Windsor Hills,SPA 6 - South,7145,22625110.21,21701.83155
06037800101,2.1,District 3,City of Calabasas,SPA 2 - San Fernando,7146,87056652.69,52682.20477
06037800103,2.4,District 3,Unincorporated - Santa Monica Mountains,SPA 2 - San Fernando,7147,198324394.5,77787.53156
06037800104,0,District 3,Unincorporated - Santa Monica Mountains,SPA 2 - San Fernando,7148,369076018.5,145158.4067
06037800202,1.1,District 3,Unincorporated - Santa Monica Mountains,SPA 2 - San Fernando,7149,294660165.9,87412.65519
06037800204,4.5,District 3,City of Calabasas,SPA 2 - San Fernando,7150,86328419.9,57281.38396
06037800205,0.7,District 3,City of Calabasas,SPA 2 - San Fernando,7151,14292445.31,18526.2551
06037800206,1.7,District 3,Unincorporated - Santa Monica Mountains,SPA 2 - San Fernando,7152,99720518.86,49071.39304
06037800324,1.3,District 3,City of Agoura Hills,SPA 2 - San Fernando,7153,38634006.06,32018.39497
06037800325,7.9,District 3,City of Westlake Village,SPA 2 - San Fernando,7154,24891021.93,24960.39744
06037800328,0.3,District 3,Unincorporated - Santa Monica Mountains,SPA 2 - San Fernando,7155,103569343,39695.27049
06037800333,7.5,District 3,City of Agoura Hills,SPA 2 - San Fernando,7156,13837231.2,18297.69086
06037800334,1.2,District 3,City of Agoura Hills,SPA 2 - San Fernando,7157,50985329.59,33213.0992
06037800335,1.1,District 3,Unincorporated - Santa Monica Mountains,SPA 2 - San Fernando,7158,759982316.1,199829.2977
06037800336,4.8,District 3,Unincorporated - Santa Monica Mountains,SPA 2 - San Fernando,7159,213099763.7,78536.81951
06037800337,0,District 3,City of Calabasas,SPA 2 - San Fernando,7160,30005379.75,30787.79722
06037800338,2.3,District 3,City of Agoura Hills,SPA 2 - San Fernando,7161,68321026.83,43385.70777
06037800406,0.6,District 3,Unincorporated - Santa Monica Mountains,SPA 5 - West,7162,976025588.5,183400.0599
06037800410,0,District 3,Unincorporated - Santa Monica Mountains,SPA 5 - West,7163,398549061.5,115553.7696
06037800411,0,District 3,City of Malibu,SPA 5 - West,7164,96023885.2,53070.92375
06037800412,1,District 3,City of Malibu,SPA 5 - West,7165,73279113.92,59344.04636
06037800504,3,District 3,Unincorporated - Santa Monica Mountains,SPA 5 - West,7166,231271325.3,105654.7521
06037800506,4.9,District 3,Unincorporated - Santa Monica Mountains,SPA 5 - West,7167,283541147.6,93296.02551
06037900102,7.9,District 5,Unincorporated - Hi Vista,SPA 1 - Antelope Valley,7168,4740481881,321155.3514
06037900103,3.3,District 5,Unincorporated - Lake Los Angeles,SPA 1 - Antelope Valley,7169,214979241.2,63903.54937
06037900104,2.9,District 5,Unincorporated - Lake Los Angeles,SPA 1 - Antelope Valley,7170,458727709.7,85970.76044
06037900301,3,District 5,City of Lancaster,SPA 1 - Antelope Valley,7171,71471863.15,42802.19514
06037900501,2.1,District 5,City of Lancaster,SPA 1 - Antelope Valley,7172,33540630,23278.25586
06037900504,4.5,District 5,City of Lancaster,SPA 1 - Antelope Valley,7173,113881797.4,64100.96579
06037900505,13.7,District 5,City of Lancaster,SPA 1 - Antelope Valley,7174,14136950.18,15911.86629
06037900506,0.8,District 5,City of Lancaster,SPA 1 - Antelope Valley,7175,14093443.19,15915.74277
06037900508,7.8,District 5,City of Lancaster,SPA 1 - Antelope Valley,7176,42818576.17,26701.64404
06037900509,6.6,District 5,City of Lancaster,SPA 1 - Antelope Valley,7177,17720122.81,18575.98169
06037900510,0,District 5,City of Lancaster,SPA 1 - Antelope Valley,7178,24745588.42,26533.97853
06037900602,12,District 5,City of Lancaster,SPA 1 - Antelope Valley,7179,55406624.75,31557.021
06037900606,9.8,District 5,City of Lancaster,SPA 1 - Antelope Valley,7180,18697519.47,20274.93156
06037900607,3.2,District 5,City of Lancaster,SPA 1 - Antelope Valley,7181,18493938.92,19646.46164
06037900608,1.7,District 5,City of Lancaster,SPA 1 - Antelope Valley,7182,14377336.02,16059.16424
06037900609,8.4,District 5,City of Lancaster,SPA 1 - Antelope Valley,7183,28156519.83,26552.85214
06037900610,17.1,District 5,City of Lancaster,SPA 1 - Antelope Valley,7184,35462369.9,26585.26587
06037900611,3.3,District 5,City of Lancaster,SPA 1 - Antelope Valley,7185,21187879.73,21261.5802
06037900701,8.8,District 5,City of Lancaster,SPA 1 - Antelope Valley,7186,22591121.4,19145.79874
06037900703,12.9,District 5,City of Lancaster,SPA 1 - Antelope Valley,7187,27951177.46,21124.30142
06037900704,11.8,District 5,City of Lancaster,SPA 1 - Antelope Valley,7188,55752331.34,31793.71452
06037900705,3.9,District 5,City of Lancaster,SPA 1 - Antelope Valley,7189,56793102.49,31921.32699
06037900804,10,District 5,City of Lancaster,SPA 1 - Antelope Valley,7190,16015613.7,16699.4288
06037900805,4.3,District 5,City of Lancaster,SPA 1 - Antelope Valley,7191,28396052.97,21290.27458
06037900806,34.3,District 5,City of Lancaster,SPA 1 - Antelope Valley,7192,19319178.79,17959.45549
06037900807,8.9,District 5,City of Lancaster,SPA 1 - Antelope Valley,7193,14179254.05,16005.91331
06037900808,1.6,District 5,City of Lancaster,SPA 1 - Antelope Valley,7194,14195731.2,15953.36332
06037900901,0,District 5,City of Lancaster,SPA 1 - Antelope Valley,7195,1019100982,152975.2893
06037900902,1.7,District 5,Unincorporated - North Lancaster,SPA 1 - Antelope Valley,7196,1279592489,176439.3732
06037901003,,District 5,City of Lancaster,SPA 1 - Antelope Valley,7197,28092032.5,21201.25735
06037901007,0.8,District 5,City of Lancaster,SPA 1 - Antelope Valley,7198,56108323.29,31593.28588
06037901008,2.8,District 5,City of Lancaster,SPA 1 - Antelope Valley,7199,28851029.09,21511.7552
06037901009,6.2,District 5,City of Lancaster,SPA 1 - Antelope Valley,7200,28583254.02,21385.97098
06037901010,1.7,District 5,City of Lancaster,SPA 1 - Antelope Valley,7201,28667207.63,21445.85738
06037901011,5.6,District 5,City of Lancaster,SPA 1 - Antelope Valley,7202,28728543.46,21421.35491
06037901012,1.5,District 5,City of Lancaster,SPA 1 - Antelope Valley,7203,41759014.94,26390.17747
06037901013,2.2,District 5,City of Lancaster,SPA 1 - Antelope Valley,7204,31779692.53,26569.01853
06037901014,1.3,District 5,City of Lancaster,SPA 1 - Antelope Valley,7205,67319469.44,37206.84271
06037901101,3.9,District 5,City of Lancaster,SPA 1 - Antelope Valley,7206,56254046.52,31893.42882
06037901102,1.5,District 5,Unincorporated - Quartz Hill,SPA 1 - Antelope Valley,7207,54950801.94,31447.02161
06037901209,0,District 5,Unincorporated - West Antelope Valley,SPA 1 - Antelope Valley,7208,6436309131,561714.5561
06037901210,1.1,District 5,Unincorporated - Elizabeth Lake,SPA 1 - Antelope Valley,7209,247826689.8,98464.225
06037901214,0.8,District 5,City of Lancaster,SPA 1 - Antelope Valley,7210,56018580.84,31792.69239
06037901215,22.7,District 5,City of Lancaster,SPA 1 - Antelope Valley,7211,28017252.34,21186.74644
06037901216,0,District 5,City of Lancaster,SPA 1 - Antelope Valley,7212,446963541.1,94385.95831
06037901217,11.1,District 5,Unincorporated - Leona Valley,SPA 1 - Antelope Valley,7213,626765344.1,177027.9913
06037901218,1.3,District 5,City of Palmdale,SPA 1 - Antelope Valley,7214,113078969,43242.04319
06037901300,1.6,District 5,Unincorporated - Roosevelt,SPA 1 - Antelope Valley,7215,2902038893,295520.4129
06037910002,4.4,District 5,Unincorporated - Littlerock/Pearblossom,SPA 1 - Antelope Valley,7216,781836345.8,130524.7963
06037910210,3.6,District 5,City of Palmdale,SPA 1 - Antelope Valley,7217,34228264.55,25195.60013
06037910211,2.3,District 5,City of Lancaster,SPA 1 - Antelope Valley,7218,43908176.73,26608.11209
06037910212,4.6,District 5,Unincorporated - White Fence Farms,SPA 1 - Antelope Valley,7219,152310618.2,63552.0469
06037910213,0.2,District 5,Unincorporated - Anaverde,SPA 1 - Antelope Valley,7220,315486043,80006.52707
06037910214,2.2,District 5,City of Palmdale,SPA 1 - Antelope Valley,7221,47275644.75,32864.04853
06037910215,3.4,District 5,City of Palmdale,SPA 1 - Antelope Valley,7222,34671918.61,25877.87042
06037910216,2.4,District 5,City of Palmdale,SPA 1 - Antelope Valley,7223,29924452.37,28656.32087
06037910217,0,District 5,City of Palmdale,SPA 1 - Antelope Valley,7224,645706644.3,154143.4166
06037910218,5,District 5,City of Palmdale,SPA 1 - Antelope Valley,7225,180489388,59795.24073
06037910301,6.4,District 5,Unincorporated - Quartz Hill,SPA 1 - Antelope Valley,7226,42460025.36,27767.26957
06037910302,2.4,District 5,City of Palmdale,SPA 1 - Antelope Valley,7227,43515231.11,30050.38245
06037910401,0.4,District 5,City of Palmdale,SPA 1 - Antelope Valley,7228,101343984.5,40497.99947
06037910404,2.3,District 5,City of Palmdale,SPA 1 - Antelope Valley,7229,27801905.12,20663.9397
06037910405,15,District 5,City of Palmdale,SPA 1 - Antelope Valley,7230,25815439.09,20568.24143
06037910501,19.6,District 5,City of Palmdale,SPA 1 - Antelope Valley,7231,16122085.09,16720.3713
06037910502,6.3,District 5,City of Palmdale,SPA 1 - Antelope Valley,7232,21565235.7,18775.75879
06037910504,6.3,District 5,City of Palmdale,SPA 1 - Antelope Valley,7233,17013625.81,18944.14105
06037910505,0,District 5,City of Palmdale,SPA 1 - Antelope Valley,7234,17322506.87,23036.81232
06037910601,5.2,District 5,City of Palmdale,SPA 1 - Antelope Valley,7235,28603216.75,26964.88214
06037910602,5.7,District 5,City of Palmdale,SPA 1 - Antelope Valley,7236,21509192.6,21295.88907
06037910605,7.4,District 5,City of Palmdale,SPA 1 - Antelope Valley,7237,14515421.66,16155.68456
06037910606,0.4,District 5,City of Palmdale,SPA 1 - Antelope Valley,7238,14661286.21,16243.46768
06037910607,14,District 5,City of Palmdale,SPA 1 - Antelope Valley,7239,13167889.28,15829.25131
06037910608,8.9,District 5,City of Palmdale,SPA 1 - Antelope Valley,7240,15138751.31,17611.77994
06037910706,4,District 5,City of Palmdale,SPA 1 - Antelope Valley,7241,222901054.5,73606.75286
06037910707,1.5,District 5,City of Palmdale,SPA 1 - Antelope Valley,7242,72404149.33,34979.49224
06037910709,0,District 5,Unincorporated - Southeast Antelope Valley,SPA 1 - Antelope Valley,7243,155950366.5,61760.11527
06037910712,0.7,District 5,City of Palmdale,SPA 1 - Antelope Valley,7244,22313381.41,19245.52467
06037910713,4.9,District 5,City of Palmdale,SPA 1 - Antelope Valley,7245,21329687.67,18665.47739
06037910714,4.4,District 5,City of Palmdale,SPA 1 - Antelope Valley,7246,10808958.82,13479.18614
06037910715,4,District 5,City of Palmdale,SPA 1 - Antelope Valley,7247,21303788.98,21463.24812
06037910716,2.3,District 5,City of Palmdale,SPA 1 - Antelope Valley,7248,26754384.72,24630.48643
06037910717,11.9,District 5,City of Palmdale,SPA 1 - Antelope Valley,7249,18633598.89,18922.39762
06037910718,4.8,District 5,City of Palmdale,SPA 1 - Antelope Valley,7250,21765240.3,20279.38116
06037910719,2,District 5,City of Palmdale,SPA 1 - Antelope Valley,7251,21446985.38,21431.71045
06037910720,7.8,District 5,City of Palmdale,SPA 1 - Antelope Valley,7252,18059130.16,18849.01298
06037910721,4.1,District 5,City of Palmdale,SPA 1 - Antelope Valley,7253,21061739.39,24061.25532
06037910804,0.6,District 5,Unincorporated - Acton,SPA 1 - Antelope Valley,7254,562141936.9,120787.539
06037910807,1.3,District 5,City of Santa Clarita,SPA 2 - San Fernando,7255,59554308.62,37594.24291
06037910808,2.3,District 5,Unincorporated - Agua Dulce,SPA 2 - San Fernando,7256,116340882.5,61069.72561
06037910809,3,District 5,City of Santa Clarita,SPA 2 - San Fernando,7257,104430234,47722.89955
06037910810,1.1,District 5,Unincorporated - Agua Dulce,SPA 2 - San Fernando,7258,238109678.7,70713.45965
06037910814,0,District 5,Unincorporated - Agua Dulce,SPA 1 - Antelope Valley,7259,862973795.3,156063.7307
06037910815,1.6,District 5,Unincorporated - Angeles National Forest,SPA 1 - Antelope Valley,7260,5073680329,460185.3316
06037911001,5.2,District 5,Unincorporated - Llano,SPA 1 - Antelope Valley,7261,4027008609,352029.7282
06037911100,2.2,District 5,Unincorporated - Palmdale,SPA 1 - Antelope Valley,7262,1747662000,225041.308
06037920013,2.3,District 5,City of Santa Clarita,SPA 2 - San Fernando,7263,87799074.74,45412.12286
06037920015,2.6,District 5,City of Santa Clarita,SPA 2 - San Fernando,7264,92450636.26,57820.32553
06037920016,0,District 5,City of Santa Clarita,SPA 2 - San Fernando,7265,22827173.96,21697.10912
06037920017,0.9,District 5,City of Santa Clarita,SPA 2 - San Fernando,7266,22469516.6,20316.5383
06037920018,1.4,District 5,City of Santa Clarita,SPA 2 - San Fernando,7267,10382843.7,12978.40637
06037920020,4.1,District 5,City of Santa Clarita,SPA 2 - San Fernando,7268,116288231.1,61230.33596
06037920028,1.2,District 5,City of Santa Clarita,SPA 2 - San Fernando,7269,27429572.04,29476.67054
06037920029,2.5,District 5,City of Santa Clarita,SPA 2 - San Fernando,7270,26294210.73,29149.56466
06037920030,1.5,District 5,City of Santa Clarita,SPA 2 - San Fernando,7271,28344593.59,23016.16203
06037920031,7.4,District 5,City of Santa Clarita,SPA 2 - San Fernando,7272,73022801.7,50909.97009
06037920034,0.5,District 5,City of Santa Clarita,SPA 2 - San Fernando,7273,97127988.17,43664.65195
06037920035,4.1,District 5,City of Santa Clarita,SPA 2 - San Fernando,7274,26380118.86,19916.64311
06037920038,6.2,District 5,City of Santa Clarita,SPA 2 - San Fernando,7275,10519718.65,19501.6781
06037920039,3.3,District 5,City of Santa Clarita,SPA 2 - San Fernando,7276,11385117.84,16774.17408
06037920040,1.3,District 5,City of Santa Clarita,SPA 2 - San Fernando,7277,31863437.08,26150.6856
06037920041,2.6,District 5,City of Santa Clarita,SPA 2 - San Fernando,7278,19432348.48,20965.48741
06037920042,4.5,District 5,City of Santa Clarita,SPA 2 - San Fernando,7279,40785745.7,39448.75515
06037920043,0.6,District 5,City of Santa Clarita,SPA 2 - San Fernando,7280,201012238.5,67120.892
06037920044,6.7,District 5,City of Santa Clarita,SPA 2 - San Fernando,7281,10665691.7,14723.74449
06037920045,2.1,District 5,City of Santa Clarita,SPA 2 - San Fernando,7282,20279351.58,19687.17734
06037920046,2.2,District 5,City of Santa Clarita,SPA 2 - San Fernando,7283,4804012.897,14331.03681
06037920047,5.3,District 5,City of Santa Clarita,SPA 2 - San Fernando,7284,5498333.527,11403.58531
06037920048,4.6,District 5,City of Santa Clarita,SPA 2 - San Fernando,7285,28623003.27,31654.4348
06037920049,1.6,District 5,Unincorporated - Saugus/Canyon Country,SPA 2 - San Fernando,7286,305586394,92344.51417
06037920050,5.4,District 5,Unincorporated - San Francisquito Canyon/Bouquet Canyon,SPA 2 - San Fernando,7287,2503645060,282373.4113
06037920102,3.8,District 5,Unincorporated - Castaic,SPA 2 - San Fernando,7288,6693030653,422929.9716
06037920104,2.7,District 5,Unincorporated - Castaic,SPA 2 - San Fernando,7289,1700916858,224720.0198
06037920106,0.5,District 5,Unincorporated - Val Verde,SPA 2 - San Fernando,7290,505985474.8,105594.465
06037920109,3.5,District 5,City of Santa Clarita,SPA 2 - San Fernando,7291,24050124.11,26508.66849
06037920110,0,District 5,City of Santa Clarita,SPA 2 - San Fernando,7292,11362721.83,16643.03875
06037920111,0,District 5,City of Santa Clarita,SPA 2 - San Fernando,7293,12414307.32,19055.01425
06037920112,9.9,District 5,City of Santa Clarita,SPA 2 - San Fernando,7294,18534719.87,17496.62253
06037920114,2.5,District 5,City of Santa Clarita,SPA 2 - San Fernando,7295,30509699.41,35428.14361
06037920115,8,District 5,City of Santa Clarita,SPA 2 - San Fernando,7296,38895897.43,34492.23529
06037920116,0.9,District 5,Unincorporated - Castaic,SPA 2 - San Fernando,7297,80136965.57,42960.32933
06037920118,3.1,District 5,Unincorporated - Castaic,SPA 2 - San Fernando,7298,30532742.24,30431.46386
06037920119,0.8,District 5,Unincorporated - Castaic,SPA 2 - San Fernando,7299,53749190.59,32568.5731
06037920120,3.6,District 5,City of Santa Clarita,SPA 2 - San Fernando,7300,78825637.38,42813.45614
06037920121,0.4,District 5,City of Santa Clarita,SPA 2 - San Fernando,7301,131352563.1,62515.46469
06037920200,,District 5,Unincorporated - Castaic,SPA 2 - San Fernando,7302,122208670.1,64176.72158
06037920303,0,District 5,Unincorporated - Twin Lakes/Oat Mountain,SPA 2 - San Fernando,7303,555261931.9,133944.6611
06037920312,6.9,District 5,City of Santa Clarita,SPA 2 - San Fernando,7304,146483127.2,58180.06791
06037920313,2,District 5,City of Santa Clarita,SPA 2 - San Fernando,7305,30880277.34,24539.54043
06037920314,1.8,District 5,City of Santa Clarita,SPA 2 - San Fernando,7306,121727105.6,51654.50453
06037920322,6.7,District 5,City of Santa Clarita,SPA 2 - San Fernando,7307,11244955.09,15123.44807
06037920326,5.2,District 5,Unincorporated - Stevenson Ranch,SPA 2 - San Fernando,7308,789564921.3,158899.7974
06037920328,2.5,District 5,City of Santa Clarita,SPA 2 - San Fernando,7309,25126407.46,20571.92273
06037920329,3.6,District 5,City of Santa Clarita,SPA 2 - San Fernando,7310,23809356.79,20714.20762
06037920330,20,District 5,City of Santa Clarita,SPA 2 - San Fernando,7311,34776569.56,23769.12948
06037920331,0.8,District 5,City of Santa Clarita,SPA 2 - San Fernando,7312,15921174.33,16366.54023
06037920332,0.7,District 5,City of Santa Clarita,SPA 2 - San Fernando,7313,41856267.96,31938.49547
06037920334,11.7,District 5,City of Santa Clarita,SPA 2 - San Fernando,7314,29473410.93,22094.59686
06037920338,1.2,District 5,Unincorporated - Stevenson Ranch,SPA 2 - San Fernando,7315,39962443.56,33327.79635
06037920339,0.3,District 5,Unincorporated - Stevenson Ranch,SPA 2 - San Fernando,7316,367415517.9,86610.79667
06037920340,3.2,District 5,City of Santa Clarita,SPA 2 - San Fernando,7317,11595952.52,16582.79867
06037920341,1.5,District 5,City of Santa Clarita,SPA 2 - San Fernando,7318,6274211.09,13127.28098
06037920342,1.4,District 5,City of Santa Clarita,SPA 2 - San Fernando,7319,8840996.376,14450.58435
06037920343,0,District 5,City of Santa Clarita,SPA 2 - San Fernando,7320,10721276.87,14219.96591
06037930400,9.3,District 5,Unincorporated - Angeles National Forest,SPA 3 - San Gabriel,7321,16086908851,915242.5771
06037980001,,District 5,City of Burbank,SPA 2 - San Fernando,7322,25081050.39,22534.65649
06037980016,3.4,District 4,City of Vernon,SPA 7 - East,7323,144642238,75410.79349
06037980017,39.5,District 3,Unincorporated - West LA,SPA 5 - West,7324,25671852.07,29447.04745
06037980018,,District 4,City of Long Beach,SPA 8 - South Bay,7325,79692947.46,54854.59541
06037980019,0,District 3,Los Angeles - Palisades Highlands,SPA 5 - West,7326,476424607.7,149651.6512
06037980020,,District 5,Los Angeles - Sun Valley,SPA 2 - San Fernando,7327,91784364.73,60339.11055
06037980021,0,District 5,Los Angeles - Lakeview Terrace,SPA 2 - San Fernando,7328,75088401.35,50381.10347
06037980022,,District 3,Los Angeles - Granada Hills,SPA 2 - San Fernando,7329,69407220.22,41500.66796
06037980024,6.1,District 3,Los Angeles - Encino,SPA 2 - San Fernando,7330,89171323.67,46074.57301
06037980025,0,District 2,City of Carson,SPA 8 - South Bay,7331,41935652.71,33654.92312
06037980026,,District 5,Los Angeles - Angeles National Forest,SPA 2 - San Fernando,7332,149611040.8,101888.8072
06037980028,,District 2,Los Angeles - Westchester,SPA 5 - West,7333,181871105.8,80476.27092
06037980035,12.2,District 1,City of Industry,SPA 3 - San Gabriel,7334,171530632,105850.8787
06037980036,0,District 1,Unincorporated - Whittier Narrows,SPA 3 - San Gabriel,7335,94108944.03,63183.08262
06037980037,,District 2,City of Carson,SPA 8 - South Bay,7336,13764458.92,14866.13829
