STATE,STATEA,COUNTY,COUNTYA,COUSUB,COUSUBA,GEO_ID,TL_GEO_ID,NAME_E,Total,White alone,Black or African American alone,American Indian and Alaska Native alone,Asian alone,Native Hawaiian and Other Pacific Islander alone,Some Other Race alone, Two or More Races,Hispanic or Latino,Hispanic or Latino: White alone,   Hispanic or Latino: Black or African American alone,Hispanic or Latino: American Indian and Alaska Native alone,Hispanic or Latino: Asian alone,Hispanic or Latino: Native Hawaiian and Other Pacific Islander alone,Hispanic or Latino: Some other race alone,Hispanic or Latino: Two or more races,,Total: Worked in county of residence ,Worked outside county of residence,Worked outside state of residence,All Commuters," Car, truck, or van","Car, truck, or van: Drove alone","Car, truck, or van: Carpooled",Public Transportation,Bus,Subway or elevated rail,Long-distance train or commuter rail,"Light rail, streetcar or trolley ",Ferryboat,Taxicab,Motorcycle,Bicycle,Walked,Other means,Worked from home,Less than 5 minutes,5 to 9 minutes,10 to 14 minutes,15 to 19 minutes,20 to 24 minutes,25 to 29 minutes,30 to 34 minutes,35 to 39 minutes,40 to 44 minutes,45 to 59 minutes,60 to 89 minutes,90 or more minutes,Total Educational Attainment Population,No schooling completed,Nursery school,Kindergarten,1st grade,2nd grade,3rd grade,4th grade,5th grade,6th grade,7th grade,8th grade,9th grade,10th grade,11th grade,"12th grade, no diploma",Regular high school diploma,GED or alternative credential,"Some college, less than 1 year","Some college, 1 or more years, no degree",Associate's degree,Bachelor's degree,Master's degree,Professional school degree,Doctorate degree,Median earnings in the past 12 months (Total),Median earnings in the past 12 months (Male),Median earnings in the past 12 months (Female)
California,6,Alameda County,1,Alameda CCD,90020,0600000US0600190020,600190020,"Alameda CCD, Alameda County, California",76876,33357,4659,367,23254,347,3719,11173,10915,2204,87,176,216,14,2868,5350,ASOIE001,28590,9864,102,38556,20464,18008,2456,4696,1771,786,48,84,2007,156,195,954,984,267,10840,377,1805,2959,3454,3798,1279,3714,848,1699,3201,3519,1063,55807,922,13,19,0,61,77,28,184,331,46,370,166,246,236,971,5340,701,2295,6533,3605,19464,9653,2699,1847,78482,89194,71638
California,6,Alameda County,1,Berkeley CCD,90200,0600000US0600190200,600190200,"Berkeley CCD, Alameda County, California",139991,75143,9661,896,30680,187,6946,16478,17127,4331,458,730,237,50,5484,5837,70473,52910,17147,416,70473,22974,20341,2633,11178,4041,6020,894,105,118,96,260,3220,8635,1116,22994,1157,3287,6443,7357,5847,2272,5830,1287,2081,5164,5178,1576,90122,1134,5,0,37,19,37,53,44,332,18,221,204,343,223,707,5662,582,2003,7090,3591,30221,21695,6407,9494,54047,65263,44388
California,6,Alameda County,1,Fremont CCD,91070,0600000US0600191070,600191070,"Fremont CCD, Alameda County, California",342657,67562,11621,1983,200644,2429,29923,28495,56130,9495,218,1116,702,161,28255,16183,166118,110865,54784,469,166118,108898,94486,14412,7475,2957,3261,1061,180,16,189,260,834,1698,2037,44727,1036,5960,12060,16871,15280,6674,19456,5294,8144,15636,11370,3610,249379,5998,71,96,111,233,443,263,363,1893,530,862,3400,1697,1386,4222,36007,3272,8544,23131,14687,75860,52371,4800,9139,83725,99835,67239
California,6,Alameda County,1,Hayward CCD,91260,0600000US0600191260,600191260,"Hayward CCD, Alameda County, California",391759,98445,37652,4626,119358,6428,74522,50728,134687,22772,1279,3594,1759,264,72424,32595,193043,139475,53331,237,193043,149530,127842,21688,12430,3313,7032,1574,276,235,588,305,708,2156,2204,25122,2008,7226,15582,21331,20156,10403,29645,5415,9910,19884,19841,6520,284907,12687,133,179,239,920,988,864,2570,4866,1450,2380,4732,2254,2888,8751,57373,7190,17542,38421,23411,65090,22313,4027,3639,53501,58407,47595
California,6,Alameda County,1,Livermore-Pleasanton CCD,91660,0600000US0600191660,600191660,"Livermore-Pleasanton CCD, Alameda County, California",238826,107920,5403,1560,84263,872,11443,27365,38119,10941,167,1185,389,39,10807,14591,120106,87945,31861,300,120106,78639,69651,8988,6271,1606,2676,1643,341,5,295,240,868,1579,1345,30869,1467,8444,12680,11549,9048,3440,7609,2008,4118,10595,13122,5157,168525,2173,43,0,39,38,130,147,369,966,243,537,549,446,681,1664,17254,2276,8028,16805,11605,58286,34272,5286,6688,94868,119709,70851
California,6,Alameda County,1,Oakland CCD,92230,0600000US0600192230,600192230,"Oakland CCD, Alameda County, California",461840,145969,94863,5332,74351,2046,86632,52647,128267,12208,2608,3961,870,130,83033,25457,241073,176691,64091,291,241073,131623,114249,17374,34482,11320,19888,2207,455,612,1444,678,4506,7514,2750,58076,2315,8795,20226,27080,25729,10214,28485,6587,10777,19737,17471,5581,341162,14581,50,157,453,804,1713,775,1549,6150,727,1875,6888,2506,3170,8142,47365,5724,12774,38335,18240,92542,51460,13950,11232,59074,61824,55224
California,6,Alpine County,3,Markleeville CCD,91890,0600000US0600391890,600391890,"Markleeville CCD, Alpine County, California",1695,1076,0,458,8,0,22,131,249,83,0,41,0,0,16,109,772,424,139,209,772,538,421,117,3,3,0,0,0,0,0,0,17,17,0,197,47,69,39,24,61,32,138,26,81,10,7,41,1178,2,0,0,0,0,0,6,3,9,0,0,9,1,1,13,186,32,116,175,129,264,145,46,41,36630,40431,36087
California,6,Amador County,5,Ione CCD,91410,0600000US0600591410,600591410,"Ione CCD, Amador County, California",13995,9291,569,285,119,14,1298,2419,3033,314,17,65,0,0,1092,1545,5090,3433,1657,0,5090,4201,3778,423,0,0,0,0,0,0,0,0,15,139,20,715,251,394,342,791,568,236,500,106,163,688,268,68,11090,65,0,0,0,15,29,18,59,102,49,87,200,156,372,324,1888,578,1252,2241,1637,1617,317,46,38,49495,61535,44011
California,6,Amador County,5,Jackson CCD,91430,0600000US0600591430,600591430,"Jackson CCD, Amador County, California",8236,6731,103,115,313,0,138,836,1261,690,0,26,0,0,101,444,3327,2465,862,0,3327,2768,2428,340,7,7,0,0,0,0,0,0,29,95,0,428,229,710,398,428,96,58,259,7,65,272,200,177,6142,84,1,0,0,0,1,0,0,3,0,8,4,54,329,142,1564,477,544,769,714,991,297,138,22,38571,53750,29722
California,6,Amador County,5,Pine Grove-Silver Lake CCD,92470,0600000US0600592470,600592470,"Pine Grove-Silver Lake CCD, Amador County, California",10706,9088,24,15,135,12,281,1151,1255,309,0,0,0,0,209,737,4052,2552,1500,0,4052,3380,2940,440,17,0,0,0,17,0,0,0,0,39,9,607,62,285,151,588,260,165,447,214,36,198,486,553,8758,118,0,0,0,0,0,0,0,0,0,0,16,28,189,119,2334,446,969,1530,991,1279,575,89,75,40671,43684,38153
California,6,Amador County,5,Sutter Creek-Plymouth CCD,93300,0600000US0600593300,600593300,"Sutter Creek-Plymouth CCD, Amador County, California",8092,6793,129,77,20,0,446,627,812,356,27,3,0,0,272,154,3202,2095,1107,0,3202,2567,2357,210,0,0,0,0,0,0,0,30,0,108,0,497,89,316,405,363,177,211,164,84,13,380,406,97,6514,28,0,0,0,0,0,0,18,12,0,81,31,24,30,140,1125,192,1245,1088,689,1140,474,141,56,46508,52478,38831
California,6,Butte County,7,Biggs CCD,90230,0600000US0600790230,600790230,"Biggs CCD, Butte County, California",3763,2936,0,0,27,0,235,565,927,371,0,0,0,0,152,404,1396,979,417,0,1396,1194,1089,105,0,0,0,0,0,0,0,0,0,41,11,150,55,185,170,148,153,48,174,105,47,19,69,73,2204,70,0,22,0,15,9,7,0,0,18,7,16,31,25,30,710,115,148,326,190,292,145,13,15,36713,42546,31339
California,6,Butte County,7,Chico CCD,90470,0600000US0600790470,600790470,"Chico CCD, Butte County, California",112378,82219,2058,993,5519,488,7551,13550,22855,7139,76,447,304,39,7277,7573,55478,51232,3980,266,55478,44521,39257,5264,434,402,9,23,0,0,63,129,1173,1846,729,6583,2169,11001,13194,9405,3268,1606,3509,444,471,1592,1405,831,68543,946,0,23,1,0,193,100,49,253,48,264,356,529,650,1194,9573,1510,4850,11937,7632,18195,6440,2117,1683,34516,38293,31367
California,6,Butte County,7,Durham CCD,90750,0600000US0600790750,600790750,"Durham CCD, Butte County, California",6156,4771,247,5,217,0,598,318,822,52,0,0,0,0,593,177,2668,2267,401,0,2668,2157,1802,355,0,0,0,0,0,0,0,70,35,101,0,305,139,229,354,449,316,201,300,0,34,150,12,179,4495,0,0,0,0,0,0,0,0,70,0,0,0,122,17,72,736,132,268,882,465,1081,446,170,34,45568,51222,29500
California,6,Butte County,7,Feather Falls CCD,90970,0600000US0600790970,600790970,"Feather Falls CCD, Butte County, California",3444,2519,114,124,88,4,69,526,223,64,0,9,0,0,22,128,807,620,183,4,807,664,643,21,24,24,0,0,0,0,0,6,0,3,0,110,0,2,65,20,69,42,156,30,19,104,104,86,2781,19,0,0,0,7,1,0,0,2,9,20,30,22,48,195,786,146,323,562,266,214,101,30,0,42348,50924,32101
California,6,Butte County,7,Gridley CCD,91180,0600000US0600791180,600791180,"Gridley CCD, Butte County, California",11334,8128,7,133,163,0,1525,1378,4013,1350,2,33,11,0,1515,1102,4344,2928,1416,0,4344,3992,3550,442,8,0,0,0,0,8,0,0,11,116,9,208,198,683,381,418,420,373,526,76,166,415,355,125,7007,230,0,0,0,15,38,28,86,145,0,116,78,72,91,245,1540,287,712,1075,940,913,322,43,31,38947,46842,30054
California,6,Butte County,7,Oroville CCD,92300,0600000US0600792300,600792300,"Oroville CCD, Butte County, California",40109,26212,953,871,4585,26,2141,5321,7652,2436,84,313,10,3,1893,2913,14557,12833,1612,112,14557,12720,11245,1475,104,88,0,16,0,0,78,0,0,363,134,1158,938,1976,2827,2451,1113,423,1837,270,343,303,307,611,27613,936,16,17,60,0,121,50,9,170,55,130,432,616,673,917,6851,1512,2988,4964,2854,3052,778,266,146,36681,42303,30012
California,6,Butte County,7,Palermo CCD,92330,0600000US0600792330,600792330,"Palermo CCD, Butte County, California",8560,5677,267,310,289,95,967,955,1908,420,0,79,0,48,854,507,3002,2326,676,0,3002,2640,2311,329,0,0,0,0,0,0,0,9,0,45,12,296,48,109,501,477,225,126,599,183,39,181,73,145,6099,118,0,0,0,0,11,12,0,73,16,60,151,181,243,168,1780,307,629,1009,512,602,162,62,3,34938,34167,35065
California,6,Butte County,7,Paradise CCD,92380,0600000US0600792380,600792380,"Paradise CCD, Butte County, California",23726,19655,66,150,447,31,698,2679,2429,758,0,94,0,0,406,1171,8600,8005,555,40,8600,6918,6083,835,25,25,0,0,0,0,0,0,0,89,95,1473,146,719,791,594,1072,418,1293,414,463,756,202,259,17504,192,16,0,0,0,11,0,8,56,16,78,11,110,447,365,3380,960,1584,2522,1886,3836,1216,529,281,44982,51350,36933
California,6,Calaveras County,9,Angels City CCD,90060,0600000US0600990060,600990060,"Angels City CCD, Calaveras County, California",13039,11014,132,103,48,6,388,1348,1764,524,0,19,0,0,388,833,5075,3294,1769,12,5075,4083,3881,202,43,43,0,0,0,0,0,36,0,309,181,423,442,825,696,318,473,98,640,22,85,482,273,298,10055,77,0,0,0,0,16,0,0,3,0,146,55,51,76,216,2100,487,895,2168,1297,1706,506,162,94,46378,64866,34229
California,6,Calaveras County,9,Arnold-West Point CCD,90105,0600000US0600990105,600990105,"Arnold-West Point CCD, Calaveras County, California",9260,7721,148,328,126,0,140,797,782,192,0,43,0,0,140,407,3465,2564,901,0,3465,2288,2074,214,0,0,0,0,0,0,4,0,20,71,77,1005,203,497,377,110,113,49,311,82,152,156,261,149,7637,0,0,0,0,0,0,0,0,9,0,29,0,20,161,265,1792,354,427,1310,869,1415,755,156,75,39397,48311,36316
California,6,Calaveras County,9,San Andreas CCD,92740,0600000US0600992740,600992740,"San Andreas CCD, Calaveras County, California",23696,18424,249,245,892,18,863,3005,3857,844,0,190,0,0,860,1963,9077,5179,3898,0,9077,7867,7098,769,63,49,0,14,0,0,0,0,0,24,63,1060,247,760,734,926,533,194,1003,128,474,1125,1016,877,18002,101,0,0,0,10,0,0,0,0,0,38,93,270,391,348,5813,841,1890,3486,1671,2121,761,72,96,41703,45198,35930
California,6,Colusa County,11,Central Colusa CCD,90430,0600000US0601190430,601190430,"Central Colusa CCD, Colusa County, California",12688,6336,4,82,13,0,3416,2837,9304,3400,0,82,11,0,3281,2530,5686,3861,1804,21,5686,5401,4662,739,14,14,0,0,0,0,0,0,16,12,56,187,370,847,728,875,472,134,649,145,186,464,471,158,7760,601,0,0,11,195,215,62,238,470,32,62,180,81,128,259,1941,153,557,826,625,986,135,0,3,40617,49713,30949
California,6,Colusa County,11,East Colusa CCD,90770,0600000US0601190770,601190770,"East Colusa CCD, Colusa County, California",8572,4389,257,211,127,12,2110,1466,4274,907,0,69,33,0,2089,1176,3256,2473,783,0,3256,2907,2618,289,21,21,0,0,0,0,0,0,0,44,16,268,265,631,417,283,377,216,233,24,49,228,235,30,5667,116,0,10,0,0,3,107,30,255,10,128,82,67,155,216,1588,218,405,824,643,514,201,67,28,42339,46747,35662
California,6,Colusa County,11,West Colusa CCD,93610,0600000US0601193610,601193610,"West Colusa CCD, Colusa County, California",635,485,50,15,5,2,27,51,61,34,0,3,0,0,11,13,246,160,70,16,246,160,139,21,3,3,0,0,0,0,0,0,0,20,0,63,26,9,0,30,8,4,22,0,0,9,66,9,543,0,0,0,0,0,0,0,0,0,0,0,2,5,3,22,229,9,32,75,71,79,11,4,1,-666666666,56250,-666666666
California,6,Contra Costa County,13,Antioch-Pittsburg CCD,90080,0600000US0601390080,601390080,"Antioch-Pittsburg CCD, Contra Costa County, California",169160,45211,26162,2520,18608,1757,42707,32195,79427,10131,874,2104,547,37,41857,23877,76257,54966,21173,118,76257,64046,53198,10848,4293,890,1948,1338,117,0,25,125,122,926,790,5930,906,4292,6925,6674,6619,2900,7809,2349,3745,9424,11519,7165,112931,5098,23,69,52,245,652,533,552,3547,612,1223,1910,1626,1555,5380,28086,5552,8797,17044,9285,15246,4544,839,461,42629,50718,36468
California,6,Contra Costa County,13,Briones CCD,90270,0600000US0601390270,601390270,"Briones CCD, Contra Costa County, California",5607,1888,884,0,1836,0,119,880,741,122,0,0,0,0,109,510,2857,1809,1048,0,2857,1831,1610,221,189,22,150,17,0,0,0,23,0,47,48,719,47,17,93,211,252,135,350,13,59,343,483,135,4249,17,0,0,0,0,9,0,10,21,0,35,53,0,23,164,511,67,140,1072,330,1092,538,83,84,60343,62656,54909
California,6,Contra Costa County,13,Central Contra Costa CCD,90440,0600000US0601390440,601390440,"Central Contra Costa CCD, Contra Costa County, California",502252,293904,13378,2843,91503,1407,30779,68438,85473,18585,693,2192,809,114,27657,35423,244283,170367,72756,1160,244283,157412,139225,18187,16388,1638,10349,3617,769,15,398,569,1149,5937,2760,59670,4563,13039,22385,25536,21626,9369,22070,5218,8512,19773,23315,9207,359252,4345,65,6,21,253,352,240,489,2195,493,681,1475,1285,1805,4967,39306,5064,17198,41339,27540,124290,56546,18068,11229,76059,91721,61648
California,6,Contra Costa County,13,East Contra Costa CCD,90780,0600000US0601390780,601390780,"East Contra Costa CCD, Contra Costa County, California",147559,72233,15439,635,20112,731,18456,19953,39288,8209,712,321,291,81,17339,12335,68874,47647,20865,362,68874,54290,47249,7041,1788,434,605,627,122,0,24,179,115,918,332,11228,1300,4560,6528,6483,4233,1140,3965,1114,2578,6593,11096,8056,98415,1588,91,45,71,77,114,25,185,1004,24,248,564,699,736,3589,19906,2384,8096,16786,10355,22368,7038,1517,905,60262,73203,47278
California,6,Contra Costa County,13,Tassajara CCD,93310,0600000US0601393310,601393310,"Tassajara CCD, Contra Costa County, California",68961,20565,6646,321,32174,364,2903,5988,7746,1586,34,263,278,97,2641,2847,32886,20799,11748,339,32886,19997,17298,2699,1755,360,989,310,96,0,0,93,32,513,425,10071,403,972,1637,2653,2733,865,1965,788,553,3049,4385,2812,46429,865,28,50,0,0,19,24,130,96,26,11,51,216,213,937,4411,511,1645,4252,3201,16267,10402,1655,1419,91440,122795,64249
California,6,Contra Costa County,13,West Contra Costa CCD,93620,0600000US0601393620,601393620,"West Contra Costa CCD, Contra Costa County, California",267919,71401,35837,3622,50725,1334,63836,41164,104124,10608,1169,3255,660,106,61596,26730,129535,65166,64114,255,129535,93479,78696,14783,11778,4063,5985,885,270,575,608,270,775,1804,1982,18839,1900,6361,9738,12274,13358,5354,16324,3983,6931,13472,15065,5936,189712,7268,206,193,132,402,796,672,1082,4714,635,1309,2762,1630,2361,6272,33363,4439,10870,26536,14445,42688,18612,3946,4379,49440,54648,43743
California,6,Del Norte County,15,Crescent City CCD,90620,0600000US0601590620,601590620,"Crescent City CCD, Del Norte County, California",22564,15269,677,1073,797,119,1911,2718,4682,1436,0,207,35,0,1754,1250,8324,7733,109,482,8324,7187,5646,1541,0,0,0,0,0,0,0,57,9,348,92,631,706,2675,1838,866,399,112,448,131,83,80,47,308,16271,256,0,0,0,37,71,0,0,255,0,92,411,320,483,673,3258,801,1570,3078,1487,2157,890,311,121,37192,39394,34989
California,6,Del Norte County,15,Klamath CCD,91490,0600000US0601591490,601591490,"Klamath CCD, Del Norte County, California",934,388,35,389,13,0,10,99,95,11,0,8,0,0,10,66,234,210,24,0,234,167,144,23,7,7,0,0,0,0,0,0,0,13,0,47,12,36,30,32,16,0,38,2,7,6,8,0,711,0,0,0,0,0,0,3,0,0,3,9,13,13,31,15,161,38,66,172,57,96,25,0,9,15000,19167,14531
California,6,Del Norte County,15,Smith River-Gasquet CCD,93040,0600000US0601593040,601593040,"Smith River-Gasquet CCD, Del Norte County, California",3795,2659,93,449,46,0,336,212,573,201,0,10,0,0,307,55,1464,1266,45,153,1464,1348,1280,68,34,34,0,0,0,0,0,0,0,11,0,71,169,159,177,350,184,108,95,8,46,93,4,0,2871,0,0,0,0,0,0,0,1,0,0,111,0,10,7,56,696,124,265,589,457,287,148,48,72,38226,72883,30505
California,6,El Dorado County,17,North El Dorado CCD,92190,0600000US0601792190,601792190,"North El Dorado CCD, El Dorado County, California",32171,27246,315,282,862,98,585,2783,3887,1508,9,145,88,0,317,1820,13301,8523,4700,78,13301,10625,9666,959,0,0,0,0,0,0,0,10,0,152,291,2223,126,1065,1084,1228,1273,412,1649,433,472,1517,1094,725,24567,349,0,13,0,9,0,0,80,16,0,48,167,154,61,479,5803,908,2183,4277,2826,4655,1768,619,152,46715,56205,43034
California,6,El Dorado County,17,Placerville CCD,92490,0600000US0601792490,601792490,"Placerville CCD, El Dorado County, California",17672,14873,148,119,159,23,1059,1291,3394,1711,0,27,0,23,1043,590,8224,6758,1466,0,8224,6745,5750,995,37,30,7,0,0,0,0,0,0,50,67,1325,138,805,1428,1009,900,527,364,143,121,811,396,257,13411,303,0,0,0,0,75,0,144,89,92,12,45,66,120,247,3121,347,1217,2359,1485,2486,765,266,172,39342,45684,30778
California,6,El Dorado County,17,South El Dorado CCD,93150,0600000US0601793150,601793150,"South El Dorado CCD, El Dorado County, California",112186,89483,1022,477,7419,63,3410,10312,12897,5410,91,87,327,0,2893,4089,48077,28621,18938,518,48077,36599,33507,3092,140,117,3,0,7,13,13,53,110,531,358,10273,1045,3320,5022,4561,4946,2505,4968,1625,1890,3404,2476,2042,81057,363,22,0,0,0,0,23,0,120,11,113,206,353,517,1018,12810,1829,6118,13277,9029,23206,8080,2509,1453,65112,83916,50820
California,6,El Dorado County,17,South Lake Tahoe CCD,93160,0600000US0601793160,601793160,"South Lake Tahoe CCD, El Dorado County, California",30270,22030,159,311,1642,57,2837,3234,7052,2456,22,106,27,0,2711,1730,16325,12040,1880,2405,16325,11818,10194,1624,253,253,0,0,0,0,33,53,419,942,138,2669,818,3218,3360,2780,1325,377,545,41,123,339,369,361,22797,181,8,0,0,32,69,41,75,169,80,183,139,313,176,429,4087,500,1527,3820,2034,6166,1809,683,276,45683,49386,41601
California,6,Fresno County,19,Caruthers-Raisin City CCD,90390,0600000US0601990390,601990390,"Caruthers-Raisin City CCD, Fresno County, California",8875,3692,300,10,197,0,3321,1355,6219,1618,8,10,0,0,3299,1284,3322,3172,150,0,3322,2840,2508,332,0,0,0,0,0,0,0,19,4,122,15,322,263,260,329,226,549,223,550,103,205,240,31,21,5366,310,0,0,77,35,24,39,45,422,0,95,205,366,117,153,1339,124,349,662,323,470,177,31,3,33920,41395,24775
California,6,Fresno County,19,Coalinga CCD,90530,0600000US0601990530,601990530,"Coalinga CCD, Fresno County, California",18743,6957,760,437,505,100,6530,3454,12473,2558,3,329,5,18,6445,3115,5370,4414,940,16,5370,4826,4348,478,0,0,0,0,0,0,0,0,0,138,38,368,491,1411,589,494,420,274,432,18,115,294,402,62,12415,658,0,0,67,84,163,126,19,528,125,155,472,445,655,467,2554,729,825,1863,979,920,423,23,135,36599,39306,33925
California,6,Fresno County,19,Firebaugh CCD,91000,0600000US0601991000,601991000,"Firebaugh CCD, Fresno County, California",9718,2288,17,93,12,0,5974,1334,9175,1817,0,78,0,0,5974,1306,2879,2329,550,0,2879,2716,2491,225,0,0,0,0,0,0,0,0,0,56,37,70,136,368,806,330,80,25,394,0,36,469,140,25,5419,412,0,13,0,38,342,130,0,733,115,238,577,370,20,103,1123,143,339,255,220,187,46,15,0,27787,30480,19301
California,6,Fresno County,19,Fowler CCD,91060,0600000US0601991060,601991060,"Fowler CCD, Fresno County, California",11722,4971,244,77,1473,1,2628,2328,7613,2783,0,58,39,0,2604,2129,4665,4476,189,0,4665,4252,3546,706,0,0,0,0,0,0,0,15,25,14,126,233,120,456,646,805,814,253,769,61,43,303,126,36,6997,367,0,0,8,9,121,92,90,291,0,191,204,80,98,182,1271,285,469,916,692,1130,380,90,31,39828,45734,30363
California,6,Fresno County,19,Fresno CCD,91080,0600000US0601991080,601991080,"Fresno CCD, Fresno County, California",742371,311965,40933,10224,102271,1383,117795,157800,351665,94257,2100,7006,2291,195,114530,131286,312738,290151,21998,589,312738,266134,232092,34042,3374,3151,85,81,34,23,326,454,1195,4270,4006,32979,4983,24532,40910,63912,57527,20531,34442,4679,4949,10350,7358,5586,466073,19160,87,307,465,778,2436,1705,1515,8133,1683,4474,6275,11622,8263,15097,89938,14179,33913,74740,44583,82969,28354,10485,4912,40347,45235,35614
California,6,Fresno County,19,Huron CCD,91360,0600000US0601991360,601991360,"Huron CCD, Fresno County, California",7137,665,125,319,0,0,3572,2456,6905,584,53,240,0,0,3572,2456,2600,1949,651,0,2600,2245,1770,475,26,26,0,0,0,0,0,0,0,62,49,218,156,162,176,413,496,113,392,0,9,228,234,3,3891,396,0,21,20,33,290,168,114,560,93,145,244,69,215,56,656,31,83,391,183,114,9,0,0,25116,35236,12470
California,6,Fresno County,19,Kerman CCD,91460,0600000US0601991460,601991460,"Kerman CCD, Fresno County, California",25163,7233,215,222,1257,14,8454,7768,19493,3451,4,197,0,5,8437,7399,9322,8512,787,23,9322,8351,7240,1111,1,1,0,0,0,0,0,0,73,196,238,463,348,1597,701,825,1089,433,2085,431,485,314,450,101,14381,1356,2,9,169,165,472,113,218,541,175,368,279,609,402,634,3143,253,722,1656,925,1581,413,112,64,33980,40042,22700
California,6,Fresno County,19,Kingsburg CCD,91480,0600000US0601991480,601991480,"Kingsburg CCD, Fresno County, California",14002,9062,76,134,929,0,1486,2315,6202,2546,47,100,0,0,1441,2068,5756,4240,1516,0,5756,5375,4941,434,0,0,0,0,0,0,0,0,19,46,29,287,437,1210,509,526,545,352,769,192,260,312,231,126,9355,145,0,0,0,41,39,11,62,228,23,54,186,124,266,308,2230,209,777,1586,1158,1266,427,67,148,41850,56267,37108
California,6,Fresno County,19,Laton CCD,91570,0600000US0601991570,601991570,"Laton CCD, Fresno County, California",2879,1412,26,224,5,0,597,615,1983,610,0,224,0,0,597,552,1153,808,345,0,1153,917,879,38,39,16,0,0,23,0,0,0,26,94,17,60,229,75,28,45,284,47,210,19,42,94,7,13,1714,46,0,0,0,6,0,21,58,48,23,62,0,82,88,49,391,45,236,220,120,128,42,32,17,35914,37708,33929
California,6,Fresno County,19,Mendota CCD,91950,0600000US0601991950,601991950,"Mendota CCD, Fresno County, California",14929,4309,248,102,74,0,7033,3163,14206,3902,57,51,0,0,7033,3163,4645,4115,530,0,4645,3941,2550,1391,3,3,0,0,0,0,51,0,11,29,251,359,155,554,436,301,640,0,505,26,202,395,709,363,8114,731,0,0,0,220,256,371,174,1154,110,263,400,517,211,361,1615,387,225,531,220,306,56,6,0,23132,26645,17575
California,6,Fresno County,19,Orange Cove CCD,92270,0600000US0601992270,601992270,"Orange Cove CCD, Fresno County, California",10116,2979,123,18,87,0,3671,3238,9512,2675,0,18,0,0,3650,3169,3321,2147,1174,0,3321,3117,2147,970,1,0,0,1,0,0,0,0,0,83,108,12,42,196,316,268,386,84,875,230,109,620,139,44,5449,785,25,0,63,77,52,145,231,628,88,77,114,130,90,184,924,83,179,605,349,454,166,0,0,25360,30607,21727
California,6,Fresno County,19,Parlier-Del Rey CCD,92390,0600000US0601992390,601992390,"Parlier-Del Rey CCD, Fresno County, California",19288,6800,50,44,200,0,8373,3821,17874,5739,0,44,10,0,8295,3786,7379,6565,786,28,7379,7035,5584,1451,28,28,0,0,0,0,0,0,0,47,11,258,181,542,1207,1444,1112,643,840,131,301,486,126,108,10806,873,0,115,52,149,337,145,254,1150,209,240,424,229,61,306,2834,236,657,1113,605,625,89,100,3,27261,31043,21697
California,6,Fresno County,19,Reedley CCD,92600,0600000US0601992600,601992600,"Reedley CCD, Fresno County, California",30629,14020,435,289,639,6,9762,5478,23167,8418,7,233,35,0,9569,4905,11942,9391,2551,0,11942,10869,8947,1922,0,0,0,0,0,0,0,0,4,245,164,660,314,1656,1808,1015,1431,779,1474,507,428,1137,502,231,18680,1452,0,27,98,75,229,175,168,1013,131,491,575,207,429,811,3475,324,985,2596,2113,1982,902,299,123,31437,35233,28148
California,6,Fresno County,19,Riverdale CCD,92630,0600000US0601992630,601992630,"Riverdale CCD, Fresno County, California",5425,1900,11,14,129,0,2408,963,4211,687,10,14,129,0,2408,963,2201,1833,368,0,2201,1982,1843,139,0,0,0,0,0,0,0,0,0,139,0,80,303,367,142,175,143,194,354,51,146,102,142,2,3209,352,0,0,0,325,47,25,82,239,0,71,99,123,18,46,994,57,74,303,188,118,48,0,0,34708,39167,21944
California,6,Fresno County,19,Sanger CCD,92800,0600000US0601992800,601992800,"Sanger CCD, Fresno County, California",37066,17093,193,910,1855,197,10495,6323,24244,6983,0,793,64,0,10460,5944,14830,13494,1246,90,14830,13452,12189,1263,46,46,0,0,0,0,0,0,0,231,186,915,378,1976,1159,1691,2436,1793,2163,434,289,243,873,480,23505,1050,0,10,82,254,421,101,173,748,138,339,295,434,421,793,4981,1178,1643,4379,2056,2744,1043,196,26,38238,43059,35394
California,6,Fresno County,19,San Joaquin-Tranquillity CCD,92820,0600000US0601992820,601992820,"San Joaquin-Tranquillity CCD, Fresno County, California",5812,1236,185,34,0,0,3219,1138,5425,1091,0,34,0,0,3219,1081,1629,1434,195,0,1629,1437,1235,202,0,0,0,0,0,0,0,0,0,30,19,143,108,233,202,93,262,39,348,29,0,79,93,0,3222,137,0,0,73,76,130,58,44,584,50,23,146,77,90,97,813,71,42,513,102,96,0,0,0,31250,35914,24214
California,6,Fresno County,19,Selma CCD,92990,0600000US0601992990,601992990,"Selma CCD, Fresno County, California",30187,13452,294,539,982,26,9251,5643,23475,8779,40,523,0,0,8784,5349,12246,11007,1196,43,12246,11017,9772,1245,60,60,0,0,0,0,0,0,269,119,25,756,294,1378,1557,1810,1614,936,1756,300,372,805,323,345,19256,1409,0,14,99,112,221,114,140,921,144,465,469,202,362,534,4717,523,1353,3270,1819,1521,698,106,43,34921,37296,30520
California,6,Fresno County,19,Sierra CCD,93010,0600000US0601993010,601993010,"Sierra CCD, Fresno County, California",18090,13262,157,346,770,2,1159,2394,3827,1499,3,10,3,0,1103,1209,7267,6501,684,82,7267,5975,4583,1392,7,7,0,0,0,0,0,0,0,296,73,916,135,531,339,572,423,521,648,347,449,1338,617,431,13333,237,0,0,0,0,18,2,0,153,2,31,67,45,207,390,2978,441,994,2946,1207,2321,794,224,276,52843,56811,44008
California,6,Glenn County,21,Orland CCD,92280,0600000US0602192280,602192280,"Orland CCD, Glenn County, California",18553,10987,0,317,300,0,4424,2525,9360,2738,0,175,0,0,4402,2045,8004,5074,2899,31,8004,7174,6190,984,0,0,0,0,0,0,0,0,38,104,87,601,336,932,892,1548,931,322,1222,162,298,390,231,139,11785,363,0,20,56,44,203,134,186,265,32,183,294,153,55,394,3636,258,723,1923,1087,1334,344,66,32,40375,45000,35128
California,6,Glenn County,21,Willows CCD,93750,0600000US0602193750,602193750,"Willows CCD, Glenn County, California",10070,6133,158,122,477,22,1545,1613,3272,464,0,61,0,0,1530,1217,4519,3500,1019,0,4519,3839,3333,506,0,0,0,0,0,0,0,0,0,131,211,338,501,1170,742,197,253,148,228,40,368,238,207,89,6841,225,0,0,60,0,75,0,44,102,14,159,122,135,33,314,1694,265,619,998,688,980,145,111,58,38083,42271,31317
California,6,Humboldt County,23,Arcata CCD,90100,0600000US0602390100,602390100,"Arcata CCD, Humboldt County, California",24987,19215,459,307,508,120,1432,2946,3434,742,61,166,0,36,1141,1288,12018,11866,105,47,12018,8618,7555,1063,146,146,0,0,0,0,101,48,183,1215,77,1630,530,1976,2505,2209,1260,412,566,72,235,220,167,236,15071,179,0,0,0,0,0,0,10,30,0,29,135,45,119,295,1666,488,925,2818,1506,4107,1756,639,324,25105,27261,24219
California,6,Humboldt County,23,Eureka CCD,90930,0600000US0602390930,602390930,"Eureka CCD, Humboldt County, California",48548,35592,874,831,2346,176,3139,5590,6924,1950,134,138,149,18,2809,1726,21470,21119,351,0,21470,17413,14298,3115,186,179,7,0,0,0,0,44,250,1015,214,2348,1181,4224,4252,3428,2281,656,2045,40,124,443,209,239,35115,591,0,0,0,40,97,24,0,221,17,283,218,356,557,875,7194,1298,3170,5527,3686,7322,2530,636,473,35340,39142,30202
California,6,Humboldt County,23,Ferndale CCD,90980,0600000US0602390980,602390980,"Ferndale CCD, Humboldt County, California",3647,2667,32,51,72,0,171,654,679,269,0,16,0,0,79,315,1534,1534,0,0,1534,1184,1060,124,0,0,0,0,0,0,0,0,0,27,68,255,131,130,63,261,159,105,275,20,10,102,10,13,2697,1,0,0,0,0,0,0,0,10,0,9,32,43,45,90,636,51,225,655,268,416,139,60,17,36337,42276,28813
California,6,Humboldt County,23,Fortuna CCD,91050,0600000US0602391050,602391050,"Fortuna CCD, Humboldt County, California",18887,13822,135,671,449,0,1537,2273,3225,557,3,177,0,0,1494,994,7757,7686,58,13,7757,6545,5674,871,84,84,0,0,0,0,0,37,101,269,16,705,611,1810,946,877,530,307,725,196,195,258,276,321,12967,126,14,0,0,0,148,8,13,89,0,72,146,144,376,279,3247,370,1347,2256,1216,2200,651,225,40,37915,45138,27857
California,6,Humboldt County,23,Garberville CCD,91100,0600000US0602391100,602391100,"Garberville CCD, Humboldt County, California",11864,9071,147,368,124,0,776,1378,1859,351,0,273,0,0,736,499,4730,4452,278,0,4730,3591,2897,694,0,0,0,0,0,0,0,0,0,384,75,680,369,512,867,818,215,122,261,101,70,443,272,0,8283,60,0,0,0,3,0,0,0,97,0,46,0,361,275,156,2502,199,754,1844,833,792,190,115,56,27787,31333,23750
California,6,Humboldt County,23,North Coastal CCD,92170,0600000US0602392170,602392170,"North Coastal CCD, Humboldt County, California",23197,17572,73,920,630,16,750,3236,2454,708,0,112,0,0,685,949,9405,9091,258,56,9405,7911,7059,852,55,44,11,0,0,0,0,14,21,127,167,1110,345,1115,1632,1319,1286,759,830,50,76,377,240,266,16482,41,0,0,0,0,9,0,5,0,11,4,93,116,282,334,2637,560,1369,2994,1434,4215,1386,531,461,38538,46411,31894
California,6,Humboldt County,23,Willow Creek-Hoopa Valley CCD,93745,0600000US0602393745,602393745,"Willow Creek-Hoopa Valley CCD, Humboldt County, California",4288,1753,1,1941,121,52,102,318,169,0,0,87,0,0,67,15,1373,1295,78,0,1373,1093,911,182,4,4,0,0,0,0,0,0,0,80,3,193,174,325,103,239,130,46,39,57,0,27,31,9,2880,0,0,0,0,0,0,0,55,6,0,32,10,32,122,14,846,32,248,620,146,469,246,2,0,35357,36029,31897
California,6,Imperial County,25,Brawley CCD,90260,0600000US0602590260,602590260,"Brawley CCD, Imperial County, California",27831,10770,277,525,364,3,8936,6956,23425,7175,147,411,25,0,8935,6732,9303,8786,419,98,9303,7847,7115,732,80,80,0,0,0,0,68,0,62,139,278,829,496,1723,1642,1203,906,457,1380,163,110,67,125,202,16474,944,0,55,30,54,89,58,46,641,67,503,574,347,389,432,3575,674,1094,3168,1448,1775,379,71,61,36279,42380,29944
California,6,Imperial County,25,Calexico CCD,90320,0600000US0602590320,602590320,"Calexico CCD, Imperial County, California",38579,10731,64,315,567,6,16425,10471,37600,10293,0,290,121,0,16425,10471,12309,11038,667,604,12309,10533,9775,758,177,177,0,0,0,0,0,4,81,447,174,893,467,1222,1297,1390,2444,935,1959,135,268,397,477,425,24034,1581,0,48,80,154,357,83,144,1406,322,868,1441,454,482,969,3618,1099,1044,2995,1774,3895,723,473,24,26714,32809,22757
California,6,Imperial County,25,Calipatria-Westmorland CCD,90330,0600000US0602590330,602590330,"Calipatria-Westmorland CCD, Imperial County, California",10728,3370,887,121,273,7,3557,2513,8685,2457,35,86,116,4,3549,2438,2770,2619,41,110,2770,2262,2134,128,15,15,0,0,0,0,0,0,0,236,95,162,134,593,313,575,140,120,362,47,103,75,82,64,7342,66,0,0,45,0,55,167,43,309,54,122,435,466,761,334,1660,445,656,1086,304,231,67,0,36,29585,32917,27139
California,6,Imperial County,25,East Imperial CCD,90790,0600000US0602590790,602590790,"East Imperial CCD, Imperial County, California",666,463,83,11,8,0,39,62,55,24,0,11,8,0,12,0,151,114,37,0,151,111,103,8,0,0,0,0,0,0,0,0,0,29,0,11,19,28,8,5,0,0,4,0,0,0,76,0,587,16,0,0,0,0,0,0,19,12,0,25,9,6,0,0,203,7,14,94,109,69,4,0,0,27250,-666666666,21908
California,6,Imperial County,25,El Centro CCD,90860,0600000US0602590860,602590860,"El Centro CCD, Imperial County, California",64117,17548,2246,588,693,10,26572,16460,55077,11969,289,567,113,9,26518,15612,24468,22921,1129,418,24468,22314,19523,2791,0,0,0,0,0,0,76,90,0,440,302,1246,652,3964,4881,5803,2539,1312,1793,144,250,488,540,856,38721,1698,0,0,24,170,568,202,70,1446,237,471,2172,604,884,940,9125,1230,1758,7271,3249,4540,1607,372,83,32582,37332,26947
California,6,Imperial County,25,Holtville CCD,91310,0600000US0602591310,602591310,"Holtville CCD, Imperial County, California",7822,2535,72,45,53,0,3626,1491,6040,1013,0,45,0,0,3624,1358,2889,2801,88,0,2889,2712,2376,336,0,0,0,0,0,0,0,20,0,69,0,88,363,258,175,292,625,323,491,14,58,100,47,55,4758,316,0,0,0,21,82,0,65,177,5,15,353,115,68,155,1223,25,294,828,315,524,142,20,15,32364,37143,30407
California,6,Imperial County,25,Imperial CCD,91380,0600000US0602591380,602591380,"Imperial CCD, Imperial County, California",17290,5898,162,149,702,0,4262,6117,14823,4278,0,134,32,0,4262,6117,5782,5188,530,64,5782,4987,4102,885,0,0,0,0,0,0,0,0,0,248,0,547,87,623,1150,862,917,242,523,79,101,497,118,36,9958,196,0,0,0,0,0,0,0,94,0,148,285,432,363,195,1973,266,847,2076,951,1357,430,137,208,50893,58878,36826
California,6,Imperial County,25,West Imperial CCD,93630,0600000US0602593630,602593630,"West Imperial CCD, Imperial County, California",10491,2717,669,96,36,5,4246,2722,7411,406,54,56,0,0,4241,2654,2028,604,1424,0,2028,1865,1797,68,0,0,0,0,0,0,0,0,0,38,0,125,17,62,152,196,465,102,230,18,174,316,165,6,7663,92,0,0,0,103,49,33,173,312,48,299,442,514,682,108,2299,789,283,643,367,226,67,134,0,28577,28953,24656
California,6,Imperial County,25,Winterhaven-Bard CCD,93760,0600000US0602593760,602593760,"Winterhaven-Bard CCD, Imperial County, California",1795,527,0,1007,6,0,39,216,344,50,0,60,0,0,37,197,449,268,0,181,449,386,347,39,11,11,0,0,0,0,9,0,10,17,16,0,34,92,114,84,41,0,39,0,0,18,16,11,1045,11,0,0,0,0,0,0,3,8,0,4,23,12,28,55,361,53,58,212,83,114,20,0,0,32917,39000,25217
California,6,Inyo County,27,Bishop CCD,90250,0600000US0602790250,602790250,"Bishop CCD, Inyo County, California",13403,8648,117,1332,298,42,1016,1950,3397,725,70,397,44,0,907,1254,6212,5599,606,7,6212,4759,4019,740,64,64,0,0,0,0,0,0,212,336,54,787,866,1706,989,502,201,53,170,57,194,566,111,10,9625,13,0,0,3,0,15,0,0,90,2,98,45,144,69,205,1891,445,876,1446,787,2248,978,98,172,51909,56529,49276
California,6,Inyo County,27,Death Valley CCD,90650,0600000US0602790650,602790650,"Death Valley CCD, Inyo County, California",1022,699,0,45,16,123,3,136,161,39,0,3,0,0,3,116,490,490,0,0,490,326,323,3,10,10,0,0,0,0,0,0,0,71,0,83,231,90,54,7,19,6,0,0,0,0,0,0,892,0,0,0,0,0,0,0,4,0,0,11,0,0,23,0,234,53,45,92,45,219,166,0,0,37207,44000,34821
California,6,Inyo County,27,Independence CCD,91390,0600000US0602791390,602791390,"Independence CCD, Inyo County, California",2450,1588,62,359,14,3,166,258,345,75,0,16,0,0,164,90,912,814,71,27,912,700,610,90,2,2,0,0,0,0,0,0,4,43,12,151,122,48,50,84,324,11,19,9,2,30,60,2,1829,34,0,0,0,4,0,0,0,13,3,21,19,23,20,10,461,104,112,478,170,158,163,5,31,46311,42288,47321
California,6,Inyo County,27,Lone Pine CCD,91720,0600000US0602791720,602791720,"Lone Pine CCD, Inyo County, California",1928,1219,3,212,13,0,71,410,566,221,0,0,0,0,71,274,713,606,103,4,713,677,486,191,4,4,0,0,0,0,0,0,7,13,0,12,127,86,116,149,52,4,20,0,93,0,40,14,1551,40,0,0,0,0,0,0,0,0,2,3,7,4,58,17,480,141,181,359,75,134,31,4,15,48883,47065,49496
California,6,Kern County,29,Arvin-Lamont CCD,90130,0600000US0602990130,602990130,"Arvin-Lamont CCD, Kern County, California",38677,16459,466,302,358,0,11041,10051,36056,14747,147,284,8,0,10938,9932,13613,13193,410,10,13613,13047,10513,2534,39,31,0,8,0,0,0,0,0,63,20,444,259,1034,1139,2949,3069,1008,1992,148,267,770,275,259,20462,1943,15,16,105,353,670,315,1199,2475,328,1330,996,346,494,975,4357,382,569,1832,910,665,153,15,19,25151,27733,21889
California,6,Kern County,29,Bakersfield CCD,90180,0600000US0602990180,602990180,"Bakersfield CCD, Kern County, California",428304,205717,25824,5831,16382,868,88486,85196,256656,89733,1848,4412,883,385,85908,73487,165963,159940,5713,310,165963,150654,133529,17125,1347,1285,3,32,18,9,96,124,237,1668,1991,9846,2831,13442,24727,34512,30693,11334,19790,1679,2384,5467,4352,4906,257792,10308,35,101,523,960,2052,1543,1783,8269,2092,5135,5147,4570,7588,10527,65241,8615,19426,40823,19357,28794,10618,2930,1355,34496,39643,28934
California,6,Kern County,29,Buttonwillow CCD,90300,0600000US0602990300,602990300,"Buttonwillow CCD, Kern County, California",3313,1814,18,0,0,0,666,815,2246,901,0,0,0,0,652,693,1247,1209,38,0,1247,1154,1077,77,0,0,0,0,0,0,0,0,0,5,11,77,31,72,188,129,207,51,210,9,27,140,45,61,1822,83,0,0,65,8,22,11,52,126,28,70,68,69,29,50,553,49,72,238,90,95,0,44,0,33446,35599,30688
California,6,Kern County,29,Delano-McFarland CCD,90655,0600000US0602990655,602990655,"Delano-McFarland CCD, Kern County, California",68482,17564,2209,616,7170,31,14377,26515,54630,13586,132,537,132,0,14163,26080,24883,21873,2954,56,24883,23737,18469,5268,0,0,0,0,0,0,9,8,17,341,102,669,485,3584,5629,5178,2487,871,2383,496,826,1078,778,419,41875,2545,0,25,71,185,1005,588,824,3837,461,1019,1084,1180,1767,1453,11814,1724,2079,4695,2458,2427,545,74,15,27167,30829,22519
California,6,Kern County,29,East Kern CCD,90800,0600000US0602990800,602990800,"East Kern CCD, Kern County, California",83770,45848,9684,1246,2473,143,11769,12607,26576,6936,389,911,75,25,11152,7088,32391,25067,7324,0,32391,28364,25007,3357,40,18,0,0,0,22,33,63,144,489,369,2889,1315,4066,4960,4104,3699,2060,3799,459,663,1219,1669,1489,53674,1304,19,9,0,72,179,41,313,725,84,424,417,700,1381,1853,12062,2504,4668,9179,5819,8045,3310,208,358,41933,51834,33394
California,6,Kern County,29,Greenfield-Panama CCD,91160,0600000US0602991160,602991160,"Greenfield-Panama CCD, Kern County, California",75554,31676,4037,695,12411,108,11599,15028,41198,15356,200,414,294,5,11368,13561,33412,31608,1381,423,33412,29502,25851,3651,88,88,0,0,0,0,117,0,26,47,217,3415,99,1448,3576,8177,7309,2492,2777,399,752,1044,682,1242,43615,1514,0,0,4,47,323,86,167,946,281,605,838,683,925,1746,9326,1355,2726,6540,3430,8354,2326,913,480,46366,57335,36169
California,6,Kern County,29,Lake Isabella CCD,91520,0600000US0602991520,602991520,"Lake Isabella CCD, Kern County, California",14952,12320,57,199,211,82,1061,1022,1882,461,0,21,0,0,1053,347,3666,3544,122,0,3666,2973,2571,402,0,0,0,0,0,0,0,59,0,138,9,487,310,378,597,627,224,56,191,1,82,165,332,216,11652,148,0,0,0,0,0,0,15,51,0,136,121,109,361,245,3741,704,1372,1680,1137,1416,215,144,57,26825,41691,23139
California,6,Kern County,29,Rosedale CCD,92650,0600000US0602992650,602992650,"Rosedale CCD, Kern County, California",80012,52622,1841,874,5291,179,4885,14320,23718,8168,70,623,211,0,4729,9917,36439,34853,1449,137,36439,33244,30463,2781,20,20,0,0,0,0,0,42,12,107,277,2737,640,2790,3594,7374,7688,2692,3725,730,872,1018,1242,1337,50758,817,1,0,0,0,37,14,100,247,77,442,60,282,646,970,9213,1221,5183,8723,4949,10895,4874,1468,539,60114,76557,41472
California,6,Kern County,29,Shafter CCD,93000,0600000US0602993000,602993000,"Shafter CCD, Kern County, California",25015,9882,563,307,279,10,5326,8648,19585,5490,33,287,0,0,5308,8467,9269,8971,210,88,9269,8688,7659,1029,60,60,0,0,0,0,0,0,0,39,81,401,242,991,1094,1723,1788,562,1415,209,163,307,230,144,14518,581,0,3,32,40,288,53,133,871,61,350,472,403,566,447,3957,380,974,2259,1127,1074,316,86,45,32998,38881,27951
California,6,Kern County,29,Tehachapi CCD,93320,0600000US0602993320,602993320,"Tehachapi CCD, Kern County, California",35822,26391,986,428,797,12,3518,3690,9428,3484,71,343,7,0,3172,2351,12643,10920,1723,0,12643,11063,9529,1534,34,34,0,0,0,0,0,0,0,70,184,1292,500,1683,1259,1556,884,417,703,201,360,1413,1627,748,26487,448,0,0,32,25,50,50,109,632,83,136,227,307,670,516,5405,1034,2542,5312,2325,4284,1692,321,287,50205,63907,30773
California,6,Kern County,29,Wasco CCD,93570,0600000US0602993570,602993570,"Wasco CCD, Kern County, California",29517,8183,1136,282,259,11,6816,12830,25750,5969,94,178,44,0,6783,12682,9797,9467,294,36,9797,9339,7695,1644,0,0,0,0,0,0,0,20,0,216,22,200,262,1095,1205,1566,2073,893,1246,206,234,405,159,253,17871,905,17,0,35,117,370,100,290,1980,69,242,765,551,922,580,4614,818,1211,2230,687,1036,289,29,14,31289,36099,25487
California,6,Kern County,29,West Kern CCD,93635,0600000US0602993635,602993635,"West Kern CCD, Kern County, California",27015,19570,125,158,588,28,3195,3351,9731,4157,0,99,0,0,3163,2312,10660,9275,1329,56,10660,9367,7933,1434,41,41,0,0,0,0,0,8,0,185,40,1019,469,1825,1103,998,696,270,807,120,719,1300,713,621,18284,707,0,0,9,0,5,179,162,311,238,288,220,308,639,695,4895,684,1548,3061,1368,1864,877,173,53,30972,39813,22454
California,6,Kings County,31,Avenal CCD,90170,0600000US0603190170,603190170,"Avenal CCD, Kings County, California",13441,2872,444,272,149,32,6442,3230,11626,1822,23,210,3,0,6438,3130,3855,2008,1847,0,3855,3529,2859,670,0,0,0,0,0,0,0,0,0,85,172,69,202,304,371,250,500,112,419,116,635,332,505,40,8613,384,0,14,22,179,134,58,184,972,83,323,331,279,673,570,1482,689,434,1081,341,211,85,50,34,30199,31919,20570
California,6,Kings County,31,Corcoran CCD,90570,0600000US0603190570,603190570,"Corcoran CCD, Kings County, California",15676,5886,500,418,60,0,4768,4044,13582,4582,62,347,0,0,4758,3833,5204,3831,1302,71,5204,4905,4019,886,13,13,0,0,0,0,0,0,0,47,58,181,294,1193,763,373,309,142,834,291,277,238,258,51,8723,282,0,0,44,15,280,125,221,678,17,156,343,289,534,422,2254,311,470,1245,558,331,131,17,0,35191,40156,27515
California,6,Kings County,31,Hanford CCD,91220,0600000US0603191220,603191220,"Hanford CCD, Kings County, California",71103,37132,3862,1219,2594,49,12825,13422,37862,13286,322,912,12,0,12761,10569,28095,21414,6672,9,28095,25245,21410,3835,176,120,24,32,0,0,1,178,75,510,221,1689,638,4558,4587,3031,3277,1721,3457,955,650,2118,986,428,43728,1447,9,52,35,250,349,114,301,1587,206,303,924,677,834,1526,10914,919,3207,7759,5089,5097,1549,386,194,42767,48625,34394
California,6,Kings County,31,Hanford Northeast CCD,91230,0600000US0603191230,603191230,"Hanford Northeast CCD, Kings County, California",3125,2172,26,0,53,11,362,501,1426,601,0,0,0,0,362,463,1372,939,433,0,1372,1183,1007,176,11,0,0,0,0,11,0,0,0,95,0,83,129,126,200,162,116,127,125,129,34,86,29,26,2093,51,4,0,44,65,0,16,22,159,0,16,47,11,104,46,623,51,39,188,156,306,79,66,0,42952,47780,31912
California,6,Kings County,31,Lemoore CCD,91590,0600000US0603191590,603191590,"Lemoore CCD, Kings County, California",37765,19551,2972,235,2292,67,5427,7221,16554,5140,175,178,23,0,5278,5760,17337,14211,3025,101,17337,15970,14155,1815,70,39,0,0,0,31,0,146,136,310,69,636,615,3193,1708,3784,2620,560,1329,535,747,1210,240,160,22627,745,0,29,0,172,52,80,410,328,135,149,155,261,555,468,5843,602,1907,3408,2726,2948,1121,240,293,38246,42066,31236
California,6,Kings County,31,Stratford CCD,93250,0600000US0603193250,603193250,"Stratford CCD, Kings County, California",11720,2749,1978,787,233,236,3203,2534,6810,940,57,177,5,100,3166,2365,1543,1080,463,0,1543,1422,1135,287,0,0,0,0,0,0,0,0,3,23,5,90,75,303,163,169,244,46,183,0,57,208,3,2,9761,120,0,0,47,58,86,31,98,481,40,514,298,876,1074,544,2053,1096,460,1514,210,98,50,6,7,30318,34019,19858
California,6,Lake County,33,Clearlake CCD,90503,0600000US0603390503,603390503,"Clearlake CCD, Lake County, California",17199,10298,703,495,189,1,2849,2664,5185,678,0,118,7,0,2833,1549,5102,4049,1053,0,5102,4147,3524,623,126,126,0,0,0,0,8,10,40,194,54,523,488,825,684,395,248,124,547,110,227,171,238,522,11261,110,0,0,0,0,124,0,62,150,51,148,239,235,479,604,3069,649,852,2201,1408,712,136,32,0,29162,31837,26536
California,6,Lake County,33,Clearlake Riviera CCD,90505,0600000US0603390505,603390505,"Clearlake Riviera CCD, Lake County, California",7458,5501,65,17,38,75,1068,694,1744,320,0,10,0,0,1041,373,3232,2803,412,17,3232,2572,2035,537,0,0,0,0,0,0,0,0,0,31,0,629,31,47,264,191,426,181,654,165,84,165,192,203,5973,226,0,0,0,0,0,0,0,0,0,3,38,29,139,245,1167,366,629,1164,680,946,193,92,56,46147,55864,37750
California,6,Lake County,33,Cobb CCD,90545,0600000US0603390545,603390545,"Cobb CCD, Lake County, California",2895,2570,16,5,60,38,85,121,123,13,0,0,0,0,71,39,1111,927,184,0,1111,837,682,155,0,0,0,0,0,0,0,0,0,51,0,223,55,67,90,113,140,16,220,17,0,78,52,40,2506,29,0,0,0,0,0,0,23,0,0,0,0,72,86,32,364,117,133,557,330,522,137,91,13,29864,37137,29219
California,6,Lake County,33,Kelseyville CCD,91455,0600000US0603391455,603391455,"Kelseyville CCD, Lake County, California",6777,3689,234,280,2,102,1620,850,3306,587,124,150,0,0,1620,825,2583,2048,535,0,2583,2061,1734,327,11,11,0,0,0,0,0,0,0,44,46,421,59,192,289,186,264,51,419,175,0,232,70,225,4296,154,0,0,0,86,176,0,36,49,0,54,3,2,194,104,1156,140,299,808,381,401,167,64,22,35481,38174,17072
California,6,Lake County,33,Lakeport CCD,91540,0600000US0603391540,603391540,"Lakeport CCD, Lake County, California",10164,7987,109,364,164,7,604,929,1286,252,17,55,22,0,604,336,3360,3067,293,0,3360,2405,2297,108,3,0,3,0,0,0,0,24,0,0,9,919,262,584,494,329,229,7,149,15,88,183,60,41,7282,35,11,0,6,0,7,0,10,26,0,33,43,95,106,115,1994,381,554,1428,673,936,504,291,34,45350,56955,30562
California,6,Lake County,33,Lower Lake CCD,91775,0600000US0603391775,603391775,"Lower Lake CCD, Lake County, California",3036,2011,1,41,96,0,466,421,724,50,0,41,11,0,453,169,1248,862,386,0,1248,1110,988,122,0,0,0,0,0,0,0,0,37,0,0,101,24,79,250,203,30,76,46,7,117,135,105,75,2594,39,0,0,0,0,0,0,17,58,0,110,0,6,65,12,493,69,207,528,378,498,86,9,19,-666666666,-666666666,27885
California,6,Lake County,33,Lucerne-Clearlake Oaks CCD,91795,0600000US0603391795,603391795,"Lucerne-Clearlake Oaks CCD, Lake County, California",6769,4904,234,205,44,10,758,614,1228,243,23,60,0,0,707,195,2133,1596,537,0,2133,1488,1235,253,60,60,0,0,0,0,0,0,18,180,13,374,155,121,135,203,232,348,118,0,39,117,182,109,4855,11,0,0,0,0,32,0,31,0,0,10,38,27,88,147,1507,275,413,1113,463,353,218,51,78,34922,30789,37834
California,6,Lake County,33,Middletown CCD,91975,0600000US0603391975,603391975,"Middletown CCD, Lake County, California",8213,6466,78,2,36,0,514,1117,1486,392,0,0,0,0,514,580,3023,1967,1029,27,3023,2460,2103,357,0,0,0,0,0,0,0,0,0,46,83,434,275,211,344,302,144,59,335,50,100,98,540,131,5871,29,0,0,38,8,0,0,9,16,55,0,80,10,108,248,1013,236,653,1171,908,874,181,168,66,41492,41841,40870
California,6,Lake County,33,Upper Lake-Nice CCD,93505,0600000US0603393505,603393505,"Upper Lake-Nice CCD, Lake County, California",5628,3745,38,507,121,0,683,534,1102,172,0,120,0,0,683,127,2238,1544,694,0,2238,1929,1725,204,0,0,0,0,0,0,0,0,0,123,8,178,159,109,93,296,302,28,472,216,85,140,46,114,4297,84,26,0,0,0,0,0,0,0,0,151,12,18,129,139,827,289,497,747,645,501,221,11,0,44248,44543,43817
California,6,Lassen County,35,Big Valley CCD,90240,0600000US0603590240,603590240,"Big Valley CCD, Lassen County, California",1457,1096,18,35,164,0,50,94,139,33,0,15,0,0,50,41,411,212,199,0,411,336,336,0,0,0,0,0,0,0,0,0,0,18,0,57,29,19,66,10,78,0,27,5,67,11,18,24,1017,32,0,0,0,0,0,0,13,14,0,0,3,0,0,35,220,52,152,117,100,168,66,43,2,35108,35847,30750
California,6,Lassen County,35,Honey Lake CCD,91320,0600000US0603591320,603591320,"Honey Lake CCD, Lassen County, California",3795,2801,442,119,72,4,45,312,909,743,22,7,0,0,45,92,1024,761,77,186,1024,915,456,459,5,5,0,0,0,0,0,0,0,10,0,94,67,238,115,164,170,21,56,0,25,74,0,0,3113,16,8,0,0,0,7,0,44,76,11,42,213,82,192,108,428,407,233,489,396,228,86,0,47,42181,45250,41793
California,6,Lassen County,35,Madeline Plains CCD,91820,0600000US0603591820,603591820,"Madeline Plains CCD, Lassen County, California",150,94,10,0,0,0,31,15,31,28,0,0,0,0,3,0,43,35,8,0,43,42,42,0,0,0,0,0,0,0,0,0,0,0,0,1,0,1,10,2,3,0,14,0,2,0,9,1,109,8,0,0,0,0,0,0,0,0,0,0,0,4,0,0,21,0,14,44,3,8,7,0,0,35417,43472,2499
California,6,Lassen County,35,Susanville CCD,93280,0600000US0603593280,603593280,"Susanville CCD, Lassen County, California",23563,15463,2106,577,307,290,960,3860,5837,1457,224,139,47,0,899,3071,7127,6915,155,57,7127,6470,5767,703,28,28,0,0,0,0,16,27,16,185,7,378,378,1389,1424,1366,1109,144,227,0,66,271,240,135,17489,239,0,0,10,85,28,58,179,271,131,190,525,581,952,526,4091,1324,1960,2443,1655,1737,380,90,34,41604,44412,39800
California,6,Lassen County,35,Westwood CCD,93710,0600000US0603593710,603593710,"Westwood CCD, Lassen County, California",2212,2014,0,113,0,0,2,83,111,76,0,12,0,0,2,21,749,517,228,4,749,620,505,115,0,0,0,0,0,0,0,0,0,35,0,94,23,115,46,43,99,0,163,11,79,45,31,0,1598,44,0,0,0,35,0,0,0,0,0,10,0,0,59,34,503,21,278,210,218,168,8,10,0,26797,-666666666,25938
California,6,Los Angeles County,37,Agoura Hills-Malibu CCD,90015,0600000US0603790015,603790015,"Agoura Hills-Malibu CCD, Los Angeles County, California",59576,44051,786,56,4604,23,4004,6052,7299,1992,52,7,29,0,3087,2132,26813,23162,3421,230,26813,17173,16085,1088,43,43,0,0,0,0,0,42,95,799,506,8155,702,2247,2409,2140,2306,1161,1930,612,494,1787,2129,741,41558,138,11,6,0,0,0,0,149,86,65,42,51,196,147,181,2993,455,1771,5251,2321,15355,6784,3566,1990,72237,101757,51183
California,6,Los Angeles County,37,Compton CCD,90560,0600000US0603790560,603790560,"Compton CCD, Los Angeles County, California",336472,58027,67892,4875,35402,1620,97363,71293,211692,45756,783,4746,563,81,95372,64391,149032,140477,8357,198,149032,130231,112894,17337,4721,3814,631,141,135,0,387,186,246,1612,2367,9282,1426,6653,13699,19707,23571,10052,27837,3712,6166,12497,10204,4226,224643,15068,157,275,656,1295,2203,1317,2356,11223,1575,2979,7023,3542,5006,10970,51370,5277,11835,33120,15486,30307,9632,1183,788,37256,40508,34566
California,6,Los Angeles County,37,Downey-Norwalk CCD,90730,0600000US0603790730,603790730,"Downey-Norwalk CCD, Los Angeles County, California",407245,93826,26022,6876,70181,1615,132927,75798,257260,49123,1127,6509,1465,240,131056,67740,190552,161184,28771,597,190552,162807,140950,21857,4248,3255,469,299,178,47,237,343,720,2583,2620,16994,1851,10124,18094,22977,26562,10999,31154,5290,7618,18338,15314,5237,279278,15154,145,198,264,872,1708,1087,1635,8173,1345,3465,5696,3202,3959,10761,61198,8361,16386,40159,22032,50808,16479,3977,2214,41573,46221,36297
California,6,Los Angeles County,37,East San Gabriel Valley CCD,90810,0600000US0603790810,603790810,"East San Gabriel Valley CCD, Los Angeles County, California",925062,251324,29138,14671,225581,2014,240922,161412,504419,110085,1491,12304,2613,213,236700,141013,434312,358412,74595,1305,434312,361490,311346,50144,9022,5988,904,1421,696,13,872,444,1695,7297,4160,49332,5516,23695,41862,48476,49218,20143,63578,10582,20702,43406,41843,15959,644081,27583,304,506,709,1339,3842,2026,2715,17330,2559,6710,11135,5776,9297,21991,140639,15908,37075,89953,51839,129242,47353,10090,8160,41087,46568,35745
California,6,Los Angeles County,37,Inglewood CCD,91400,0600000US0603791400,603791400,"Inglewood CCD, Los Angeles County, California",367111,70344,95287,6128,30176,1473,91142,72561,199787,41547,2380,5117,1010,116,88233,61384,174552,168465,5742,345,174552,139959,121026,18933,7820,7352,250,92,108,18,1258,762,1356,3448,4116,15833,1984,9009,16923,25351,24074,10745,25170,4499,7890,14993,13344,4737,249543,12936,102,182,366,1043,2061,1421,2911,8832,1737,2903,6612,3267,4731,9924,52558,6948,14546,40337,17009,40987,14568,2175,1387,37314,41067,34010
California,6,Los Angeles County,37,Long Beach-Lakewood CCD,91730,0600000US0603791730,603791730,"Long Beach-Lakewood CCD, Los Angeles County, California",566230,230674,62667,7538,77887,3490,102680,81294,243616,75243,2277,6147,1903,227,99977,57842,281893,234755,46276,862,281893,220216,195857,24359,9587,7987,944,288,345,23,928,706,1534,6654,2641,39627,2589,12952,24825,33683,39982,14884,42196,7847,12586,23022,19857,7843,396328,23009,51,69,299,829,1884,911,1584,7963,1528,2727,7318,3372,5820,11142,65445,9074,22733,64886,29956,87721,34485,7948,5574,46167,50853,41116
California,6,Los Angeles County,37,Los Angeles CCD,91750,0600000US0603791750,603791750,"Los Angeles CCD, Los Angeles County, California",2531276,889834,282469,32152,316136,3738,631732,375215,1173040,231920,9275,28518,4625,585,615777,282340,1250544,1216289,29368,4887,1250544,826588,726202,100386,102289,88663,10252,1033,2243,98,5446,2869,10969,50488,18425,233470,15181,47142,92191,127442,144204,62331,212026,33239,57637,104609,89360,31712,1807606,75397,549,1557,4791,8888,19316,10716,15574,70491,10127,17223,46169,19071,28557,52772,278138,32261,68784,213433,100814,461446,172873,65106,33553,42205,45347,39255
California,6,Los Angeles County,37,Newhall CCD,92110,0600000US0603792110,603792110,"Newhall CCD, Los Angeles County, California",267593,138946,12350,3047,32537,940,28581,51192,95910,26462,503,2819,713,55,26637,38721,125258,120427,4360,471,125258,99569,88823,10746,2154,1565,119,337,0,133,241,248,85,858,1869,20234,1613,7447,12259,14108,10649,4498,10570,3286,6276,14297,14103,5918,179665,3500,26,5,28,209,450,247,418,1500,266,1112,1298,1724,1735,4223,28225,4503,12734,28454,17770,47916,16621,3830,2871,58521,70827,47315
California,6,Los Angeles County,37,North Antelope Valley CCD,92140,0600000US0603792140,603792140,"North Antelope Valley CCD, Los Angeles County, California",203628,78609,38613,2423,8050,384,29884,45665,93707,24046,707,2149,271,25,28632,37877,76221,69902,6231,88,76221,65744,57284,8460,986,667,34,229,8,48,82,110,285,933,760,7321,1442,4556,11085,12909,9892,2582,4535,839,1725,6101,7414,5820,129713,4188,0,13,48,205,840,224,516,2601,196,2133,2013,2099,3326,5155,33991,4317,9500,21362,11144,16495,7769,854,724,46631,51487,42039
California,6,Los Angeles County,37,Palos Verdes CCD,92360,0600000US0603792360,603792360,"Palos Verdes CCD, Los Angeles County, California",90745,48499,2539,241,22266,131,5917,11152,15887,5079,30,211,119,0,5425,5023,39919,38180,1535,204,39919,29369,27033,2336,473,306,98,69,0,0,19,57,308,1696,327,7670,1042,3051,3460,4172,4066,1815,4370,1242,2063,3217,2694,1057,65007,606,0,0,35,45,7,62,119,648,121,191,364,165,180,817,6296,875,2491,7338,4314,21914,11110,4797,2512,71287,90151,54883
California,6,Los Angeles County,37,Pasadena CCD,92400,0600000US0603792400,603792400,"Pasadena CCD, Los Angeles County, California",266090,115033,19491,1931,58306,217,34241,36871,71499,13593,624,1414,912,5,32784,22167,134488,130849,3070,569,134488,89865,82134,7731,4304,2221,1244,189,644,6,206,326,1194,4171,2686,31736,1524,8359,13887,14370,14078,6367,16206,2968,5359,9115,8003,2516,198437,3504,63,26,0,172,646,159,668,2270,384,1669,851,762,1567,2223,22059,1878,6516,21876,12747,62399,34119,13008,8871,64871,72416,58538
California,6,Los Angeles County,37,San Fernando Valley CCD,92785,0600000US0603792785,603792785,"San Fernando Valley CCD, Los Angeles County, California",1815801,853200,72984,15361,205064,2456,378501,288235,754068,144248,3732,12227,3370,506,366716,223269,891705,856993,32027,2685,891705,675278,596193,79085,28839,23671,2389,882,264,1633,3026,1351,2905,15982,12507,151817,9269,42793,74280,103695,101091,43474,130559,26224,37242,76106,71397,23758,1301957,54238,704,525,2093,4022,8048,5549,6967,31625,5553,11697,22258,14943,15757,36256,231868,23280,66604,165610,102530,324773,111342,37607,18108,44926,49389,40052
California,6,Los Angeles County,37,Santa Monica CCD,92920,0600000US0603792920,603792920,"Santa Monica CCD, Los Angeles County, California",91535,61206,4452,523,8925,49,4289,12091,15033,4603,77,333,393,0,3430,6197,49796,48344,942,510,49796,26691,25183,1508,1379,1070,129,39,141,0,48,158,1327,2689,1023,16481,506,3160,5160,4887,4176,1900,5331,1245,1688,2856,2058,348,73651,1092,0,0,5,53,131,66,193,343,190,115,401,166,203,902,5407,884,2190,6169,4400,29058,12500,6031,3152,82534,94251,73045
California,6,Los Angeles County,37,South Antelope Valley CCD,93090,0600000US0603793090,603793090,"South Antelope Valley CCD, Los Angeles County, California",221595,84625,24350,3358,9288,433,61629,37912,130033,32221,1151,2363,251,162,60450,33435,91585,86871,4523,191,91585,79004,68056,10948,1111,709,56,275,41,30,121,184,20,869,1561,8715,1093,3614,7651,13504,10866,2478,6403,904,2390,8699,15300,9968,140509,6684,29,33,135,440,629,876,819,3345,611,1429,2556,2161,4317,5390,37333,4489,10413,21548,11464,17767,6241,1010,790,42574,51370,34614
California,6,Los Angeles County,37,South Bay Cities CCD,93100,0600000US0603793100,603793100,"South Bay Cities CCD, Los Angeles County, California",140509,92490,2497,412,20686,169,4000,20255,17763,4959,49,195,185,0,3431,8944,72225,69846,2136,243,72225,47040,44168,2872,499,330,28,70,71,0,115,99,567,1927,938,21040,922,4904,6826,9040,6217,3305,5183,1596,2002,5035,5166,989,101744,757,0,0,9,13,14,13,6,76,92,95,82,173,147,860,7476,971,3480,10109,5815,42615,20215,5992,2734,94669,112991,79662
California,6,Los Angeles County,37,South Gate-East Los Angeles CCD,93155,0600000US0603793155,603793155,"South Gate-East Los Angeles CCD, Los Angeles County, California",469415,107916,7039,9811,4665,401,204157,135426,446331,98284,740,9279,346,89,203264,134329,205779,194557,10855,367,205779,171207,141963,29244,11213,10341,628,32,212,0,719,419,1015,5098,3901,12207,1404,8748,15691,23633,29951,11304,41741,5695,11163,18587,19855,5800,298846,24532,80,526,1410,3545,5762,3902,5192,29472,3534,10303,15616,6339,8974,16125,70108,6880,13502,31272,13453,22080,4792,806,641,32093,35173,28076
California,6,Los Angeles County,37,Southwest San Gabriel Valley CCD,93200,0600000US0603793200,603793200,"Southwest San Gabriel Valley CCD, Los Angeles County, California",311749,45282,3955,3920,156846,688,68605,32453,122736,23232,485,3280,1045,47,67297,27350,148137,140767,7063,307,148137,121903,105352,16551,3601,3372,158,24,47,0,234,153,1165,2351,1379,17351,1451,6870,15302,16777,18542,8954,24277,3651,6658,13722,10759,3823,233137,18023,84,220,230,624,1111,719,1516,6959,851,1898,6617,2236,2406,8515,50572,4521,9938,24990,16947,52057,15128,4248,2727,41454,44307,37226
California,6,Los Angeles County,37,Torrance CCD,93380,0600000US0603793380,603793380,"Torrance CCD, Los Angeles County, California",143499,52265,5004,612,55491,165,11257,18705,27693,6018,126,273,674,0,10645,9957,68734,66193,2401,140,68734,53178,48903,4275,772,720,0,0,52,0,192,32,289,660,886,12725,671,3293,8559,8737,8785,4490,7425,1501,2319,4729,4104,1396,105006,1579,21,34,91,24,94,74,69,416,41,138,370,342,433,1613,16325,1601,4594,12690,8856,35900,14415,3472,1814,62835,72303,54421
California,6,Los Angeles County,37,Upper San Gabriel Valley CCD,93510,0600000US0603793510,603793510,"Upper San Gabriel Valley CCD, Los Angeles County, California",318458,74889,6394,4855,112330,898,66247,52845,142152,27371,160,3666,699,35,65026,45195,145789,136333,9010,446,145789,117401,101208,16193,4518,3213,710,313,282,0,446,164,660,2244,1581,18775,1708,8651,13783,17522,17693,7397,23263,3158,6895,12504,10507,3933,225283,12542,108,37,214,852,1839,736,1297,7468,1083,3119,5308,2084,2676,7432,45960,3869,9968,26697,15003,48935,19690,4904,3462,41397,45772,36972
California,6,Los Angeles County,37,Whittier CCD,93730,0600000US0603793730,603793730,"Whittier CCD, Los Angeles County, California",314817,98166,5210,6520,25725,787,122018,56391,223444,46100,521,5696,547,230,118989,51361,148268,119970,28034,264,148268,125975,111685,14290,2345,1805,190,220,60,70,212,366,529,1890,1529,15422,1633,6712,12928,16601,18136,7895,21918,5398,6955,15764,13327,5579,215977,8320,221,104,94,432,1170,674,860,5144,866,2020,2517,2303,3625,7309,53084,5592,13847,33680,18938,36239,14628,2607,1703,45810,52581,38927
California,6,Madera County,39,Chowchilla CCD,90480,0600000US0603990480,603990480,"Chowchilla CCD, Madera County, California",23692,10830,1179,303,1149,22,7153,3056,11613,2054,11,217,71,0,7079,2181,7046,4669,2361,16,7046,6191,5107,1084,32,32,0,0,0,0,0,6,0,285,91,441,552,1312,959,446,513,360,733,242,145,732,338,273,15795,446,0,0,7,6,82,24,41,377,22,332,331,419,871,668,3261,763,1265,3078,1284,1983,434,38,63,28099,39014,20377
California,6,Madera County,39,Madera CCD,91830,0600000US0603991830,603991830,"Madera CCD, Madera County, California",100243,33971,2546,2271,2495,141,37676,21143,76211,17681,183,1888,61,40,37351,19007,38196,25078,12985,133,38196,32873,28071,4802,114,74,22,18,0,0,0,12,68,518,2004,2607,1215,4600,4682,3772,3991,1877,6263,1192,1849,2790,1488,1870,59470,4351,7,88,475,458,864,536,264,4151,439,990,2174,1539,1593,2492,12036,2371,4513,7955,4488,5238,1855,349,244,32630,37432,27913
California,6,Madera County,39,Madera Southeast CCD,91840,0600000US0603991840,603991840,"Madera Southeast CCD, Madera County, California",7563,4210,71,19,87,0,1568,1608,3542,594,0,0,0,0,1568,1380,2960,1740,1220,0,2960,2350,2105,245,0,0,0,0,0,0,0,0,0,163,79,368,201,52,240,644,394,191,460,85,68,98,55,104,4726,218,0,0,23,20,0,78,2,372,9,55,67,55,85,126,693,87,225,792,155,1129,376,125,34,49527,53233,49116
California,6,Madera County,39,Madera West CCD,91850,0600000US0603991850,603991850,"Madera West CCD, Madera County, California",905,457,0,12,10,0,411,15,490,57,0,12,10,0,411,0,253,123,130,0,253,181,147,34,0,0,0,0,0,0,0,8,0,55,0,9,29,77,34,4,27,12,34,0,7,16,4,0,589,32,0,0,4,0,13,0,0,64,14,0,13,19,69,52,109,5,46,87,24,22,16,0,0,41200,41500,-666666666
California,6,Madera County,39,Oakhurst-North Fork CCD,92220,0600000US0603992220,603992220,"Oakhurst-North Fork CCD, Madera County, California",11718,9699,77,289,70,17,356,1210,1406,405,49,45,0,0,330,577,4596,3528,1068,0,4596,3537,3277,260,0,0,0,0,0,0,0,11,0,108,129,811,341,509,824,334,549,137,418,41,88,216,227,101,9147,212,0,0,0,0,0,0,0,37,19,0,61,113,223,118,1872,269,957,1824,938,1483,532,433,56,32102,50517,23384
California,6,Madera County,39,Yosemite Lakes CCD,93802,0600000US0603993802,603993802,"Yosemite Lakes CCD, Madera County, California",14669,10900,216,156,111,19,1019,2248,2573,284,0,55,7,0,990,1237,5290,3239,2001,50,5290,4165,3624,541,27,0,0,0,0,27,0,181,0,41,183,693,164,141,329,328,258,64,887,125,595,1068,321,317,10572,243,0,0,0,0,0,27,7,13,38,88,8,171,80,138,2083,417,750,2583,1156,1789,683,157,141,41213,55991,32702
California,6,Marin County,41,Bolinas CCD,90256,0600000US0604190256,604190256,"Bolinas CCD, Marin County, California",2425,2106,30,0,28,0,49,212,207,13,2,0,4,0,49,139,1110,923,187,0,1110,627,602,25,1,1,0,0,0,0,0,0,0,107,16,359,108,72,200,34,73,11,26,49,0,75,78,25,2059,0,0,0,0,0,8,0,0,0,0,0,4,0,9,0,335,21,35,214,109,667,395,130,132,66641,83875,40762
California,6,Marin County,41,Northwest Marin CCD,92200,0600000US0604192200,604192200,"Northwest Marin CCD, Marin County, California",8524,7288,71,30,116,0,400,619,740,157,0,28,3,0,351,201,4864,3791,1073,0,4864,3197,2929,268,90,87,0,0,0,3,0,23,20,239,9,1286,240,407,389,191,186,337,416,243,205,316,426,222,6867,57,0,0,0,0,0,0,16,29,34,7,53,9,4,51,482,72,207,1004,634,2157,1441,324,286,54691,71055,44235
California,6,Marin County,41,Novato CCD,92205,0600000US0604192205,604192205,"Novato CCD, Marin County, California",59994,38182,1987,452,4064,10,6579,8720,15109,3320,363,421,64,0,6053,4888,27719,22059,5558,102,27719,20350,18406,1944,1096,734,0,44,26,292,27,29,201,546,310,5160,445,2214,2946,2880,3166,1316,2859,1058,926,2558,1684,507,44211,1153,32,0,60,0,136,262,70,347,73,362,390,257,267,496,5744,844,2324,6324,3511,13342,5001,1987,1229,61499,73279,52327
California,6,Marin County,41,Ross Valley CCD,92670,0600000US0604192670,604192670,"Ross Valley CCD, Marin County, California",59030,46094,1197,219,3036,168,2568,5748,6079,1779,86,172,46,0,1893,2103,27821,20760,6975,86,27821,15135,13708,1427,1352,534,17,12,0,789,0,0,569,1044,159,9562,666,1570,2088,2170,2149,893,2134,600,1085,2107,2347,450,42630,190,0,0,1,40,0,0,0,161,14,130,190,104,241,283,2523,778,1748,4140,2520,16264,7849,3799,1655,85448,105080,68889
California,6,Marin County,41,San Rafael CCD,92880,0600000US0604192880,604192880,"San Rafael CCD, Marin County, California",72437,43878,1575,742,4416,173,13887,7766,22671,3258,3,665,142,0,13516,5087,35751,28270,7424,57,35751,22581,18336,4245,2290,1845,31,18,0,396,4,38,334,1482,491,8531,894,2417,4228,5065,2875,1186,3076,799,1140,2247,2600,693,52562,2369,0,0,136,68,480,82,186,1060,161,348,659,302,351,968,5707,1234,2037,6443,2909,15635,7216,2874,1337,51977,59298,46981
California,6,Marin County,41,Southeast Marin CCD,93140,0600000US0604193140,604193140,"Southeast Marin CCD, Marin County, California",56355,44719,1210,87,4381,66,1249,4643,4322,1484,72,55,27,0,842,1842,26450,18619,7602,229,26450,14083,12437,1646,1185,603,0,0,0,582,0,84,169,884,369,9676,619,1623,2050,2457,1867,1122,1757,563,903,1711,1644,458,41624,593,22,0,0,0,105,0,0,42,0,38,34,26,106,125,2449,289,1211,3674,1786,15024,9505,4932,1663,93943,119608,75216
California,6,Mariposa County,43,Coulterville CCD,90600,0600000US0604390600,604390600,"Coulterville CCD, Mariposa County, California",2945,2243,0,41,13,7,345,296,658,158,0,0,6,0,329,165,1259,503,756,0,1259,1127,1010,117,0,0,0,0,0,0,0,0,0,7,0,125,7,71,27,142,96,0,150,25,91,153,128,244,2330,19,0,0,0,0,0,0,0,10,0,43,44,9,22,117,397,226,268,568,153,306,80,14,54,33953,47996,24179
California,6,Mariposa County,43,Mariposa CCD,91880,0600000US0604391880,604391880,"Mariposa CCD, Mariposa County, California",11581,9690,99,228,168,0,369,1027,986,277,0,25,0,0,227,457,4079,3388,691,0,4079,3199,2631,568,54,48,0,6,0,0,0,9,26,74,69,648,226,337,470,528,305,220,334,49,73,305,395,189,9025,65,0,0,0,0,11,24,0,29,0,44,153,106,161,164,1629,268,1008,1528,981,1731,834,136,153,50562,53881,42413
California,6,Mariposa County,43,Yosemite Valley CCD,93804,0600000US0604393804,604393804,"Yosemite Valley CCD, Mariposa County, California",2534,1661,125,36,96,0,226,390,697,129,8,7,0,0,226,327,1931,1794,125,12,1931,1054,700,354,98,98,0,0,0,0,0,0,111,412,0,256,157,488,272,247,64,57,134,5,17,102,0,132,2037,4,0,0,0,4,20,0,20,82,0,0,27,14,84,0,307,12,57,385,196,545,236,18,26,35282,34079,36792
California,6,Mendocino County,45,Covelo CCD,90610,0600000US0604590610,604590610,"Covelo CCD, Mendocino County, California",2679,1284,6,767,7,0,264,351,797,364,0,0,0,0,255,178,759,752,7,0,759,587,541,46,0,0,0,0,0,0,0,0,0,56,0,116,76,253,160,46,13,0,0,19,0,0,44,32,1841,60,0,0,13,0,1,0,0,95,0,2,6,52,46,53,652,90,130,286,125,173,28,21,8,24836,36042,12500
California,6,Mendocino County,45,Fort Bragg CCD,91030,0600000US0604591030,604591030,"Fort Bragg CCD, Mendocino County, California",11889,8705,50,350,204,0,637,1943,3070,892,15,264,0,0,573,1326,4517,4339,141,37,4517,3843,3307,536,9,0,0,0,9,0,0,0,32,272,36,325,503,1047,978,582,339,100,173,0,0,238,217,15,8876,364,0,0,0,61,0,4,40,219,0,131,62,99,256,166,1689,321,952,1558,597,1579,522,152,104,36153,38986,33210
California,6,Mendocino County,45,Hopland CCD,91330,0600000US0604591330,604591330,"Hopland CCD, Mendocino County, California",2282,1319,0,93,5,23,386,456,914,169,0,14,0,0,386,345,1016,613,403,0,1016,862,755,107,0,0,0,0,0,0,0,12,0,67,5,70,32,126,51,55,143,89,146,11,6,109,147,31,1682,98,0,0,16,0,2,0,15,159,0,55,37,45,74,10,373,84,143,170,92,204,61,38,6,41106,47555,33729
California,6,Mendocino County,45,Laytonville-Leggett CCD,91580,0600000US0604591580,604591580,"Laytonville-Leggett CCD, Mendocino County, California",3057,2140,54,157,65,12,230,399,302,19,0,11,0,0,46,226,962,897,65,0,962,661,618,43,0,0,0,0,0,0,0,0,0,26,0,275,30,146,89,18,25,0,155,18,27,99,23,57,2361,37,0,0,0,0,0,0,0,0,0,8,2,213,64,42,622,51,339,507,180,166,110,10,10,24935,24375,25329
California,6,Mendocino County,45,Mendocino CCD,91938,0600000US0604591938,604591938,"Mendocino CCD, Mendocino County, California",10514,8532,201,134,356,0,38,1253,1529,551,38,134,0,0,38,768,3940,3706,141,93,3940,2865,2492,373,1,1,0,0,0,0,0,0,19,252,4,799,152,549,781,476,201,171,256,72,99,78,178,128,8484,47,0,0,0,26,0,0,0,124,0,22,20,144,54,158,1703,235,530,1404,571,1937,936,464,109,31523,42857,21154
California,6,Mendocino County,45,Point Arena CCD,92510,0600000US0604592510,604592510,"Point Arena CCD, Mendocino County, California",4966,2971,5,245,29,0,402,1314,1570,165,0,10,29,0,245,1121,2105,1874,231,0,2105,1512,1335,177,0,0,0,0,0,0,0,0,0,283,9,301,108,490,243,536,160,32,45,71,0,71,36,12,3623,67,0,0,0,0,21,0,22,17,5,23,66,15,120,12,637,85,247,603,424,716,354,123,66,44394,43981,45938
California,6,Mendocino County,45,Redwood Valley-Potter Valley CCD,92592,0600000US0604592592,604592592,"Redwood Valley-Potter Valley CCD, Mendocino County, California",12808,8587,67,291,46,0,1507,2310,4112,809,0,39,0,0,1441,1823,5047,4164,883,0,5047,4228,3894,334,0,0,0,0,0,0,0,0,0,235,0,584,255,644,912,601,536,78,365,25,78,142,233,594,9021,413,0,0,0,0,30,0,0,151,53,167,150,112,171,171,2169,231,591,1904,1012,1140,403,123,30,39773,42042,33962
California,6,Mendocino County,45,Ukiah CCD,93490,0600000US0604593490,604593490,"Ukiah CCD, Mendocino County, California",28041,17992,374,644,1067,46,3331,4587,8833,2024,0,210,0,0,3210,3389,11701,10867,762,72,11701,9371,8178,1193,105,105,0,0,0,0,0,0,47,838,114,1226,503,2924,2558,1665,454,53,866,198,82,187,475,510,18984,372,0,0,0,144,213,180,26,531,0,212,173,373,439,232,4425,610,1265,3369,2127,2434,1209,496,154,37326,44293,33727
California,6,Mendocino County,45,Willits CCD,93740,0600000US0604593740,604593740,"Willits CCD, Mendocino County, California",14473,10432,101,514,235,0,585,2606,3313,619,56,48,0,0,536,2054,6349,6113,236,0,6349,5412,4915,497,23,23,0,0,0,0,0,0,0,322,40,552,424,825,1095,931,238,45,1270,224,159,404,58,124,10319,141,0,0,0,0,0,0,69,59,1,71,36,287,256,218,2752,304,1240,1637,886,1522,725,80,35,44642,45481,41750
California,6,Merced County,47,Atwater CCD,90150,0600000US0604790150,604790150,"Atwater CCD, Merced County, California",54200,20914,1973,717,2701,206,22009,5680,32381,5238,76,604,106,2,21851,4504,21083,15425,5658,0,21083,18715,16292,2423,56,26,30,0,0,0,0,27,26,260,912,1087,522,2231,3453,2698,3020,1116,2732,348,604,1051,940,1281,33563,1869,12,75,154,251,266,175,341,1811,175,779,790,921,635,1267,8405,1097,2506,5032,2322,3250,1077,285,68,38491,45210,30305
California,6,Merced County,47,Dos Palos CCD,90720,0600000US0604790720,604790720,"Dos Palos CCD, Merced County, California",9867,3702,246,125,253,0,3844,1697,7150,2031,0,123,0,0,3844,1152,3110,2270,840,0,3110,2620,2200,420,14,14,0,0,0,0,0,0,0,172,17,287,208,569,163,333,524,19,407,0,58,184,88,270,6247,286,0,0,0,37,152,116,80,370,0,127,288,114,195,134,2004,206,301,750,417,544,76,50,0,33646,44067,23512
California,6,Merced County,47,Gustine CCD,91210,0600000US0604791210,604791210,"Gustine CCD, Merced County, California",8031,4078,23,227,171,0,2811,721,4895,1188,0,227,64,0,2811,605,2415,1331,1084,0,2415,2222,1920,302,0,0,0,0,0,0,0,0,0,141,0,52,164,840,188,120,43,32,114,32,0,71,425,334,5252,199,0,0,0,0,0,46,71,208,79,272,61,225,0,277,1334,219,352,1019,353,427,110,0,0,36613,50561,19740
California,6,Merced County,47,Hilmar-Irwin CCD,91290,0600000US0604791290,604791290,"Hilmar-Irwin CCD, Merced County, California",10699,7372,0,6,30,11,2272,1008,3865,812,0,6,0,0,2272,775,3967,1736,2231,0,3967,3387,3127,260,0,0,0,0,0,0,0,28,0,92,40,420,142,585,302,513,550,114,718,106,132,244,70,71,6772,449,0,0,0,0,6,94,32,321,6,141,183,92,145,153,2093,148,485,1137,571,518,135,63,0,52441,57100,44559
California,6,Merced County,47,Livingston-Delhi CCD,91670,0600000US0604791670,604791670,"Livingston-Delhi CCD, Merced County, California",32622,8843,42,434,3778,129,16016,3380,23180,3751,8,387,97,29,15889,3019,13593,7731,5852,10,13593,12054,11016,1038,23,23,0,0,0,0,0,6,71,390,433,616,418,1858,1738,1928,1786,625,2015,392,298,910,511,498,19616,2006,0,4,170,157,324,109,201,1422,189,710,734,506,314,859,4421,818,1033,1916,1257,1920,451,92,3,34871,42007,26513
California,6,Merced County,47,Los Banos CCD,91760,0600000US0604791760,604791760,"Los Banos CCD, Merced County, California",50654,19574,872,1762,1229,8,20932,6277,36849,9418,73,1615,6,0,20800,4937,18084,9452,8467,165,18084,16497,13601,2896,79,57,22,0,0,0,0,0,26,358,0,1124,837,2469,1940,1034,859,150,333,214,289,1316,2705,4814,29795,1607,19,29,34,153,430,193,329,1413,246,801,676,823,630,1232,8754,1262,1791,4077,1435,2745,838,214,64,38158,47477,29021
California,6,Merced County,47,Merced CCD,91960,0600000US0604791960,604791960,"Merced CCD, Merced County, California",110995,35806,5057,779,12033,533,42018,14769,63505,9659,320,430,142,152,41467,11335,42003,33307,8609,87,42003,34950,31917,3033,281,281,0,0,0,0,0,31,203,1010,2327,3201,1667,5853,8831,6100,3516,1610,3504,405,812,2064,2128,2312,64994,2570,5,14,189,368,556,355,312,2946,136,742,2068,1056,1335,2460,15316,2063,4984,9484,6127,7987,2560,690,671,35623,40224,28104
California,6,Merced County,47,Planada-Le Grand CCD,92500,0600000US0604792500,604792500,"Planada-Le Grand CCD, Merced County, California",7618,2138,37,68,193,0,3694,1488,6625,1409,0,68,0,0,3674,1474,2707,1999,708,0,2707,2491,2108,383,17,17,0,0,0,0,0,3,2,99,65,30,90,359,364,488,305,119,300,35,34,110,157,316,4682,559,0,19,0,47,200,88,112,392,69,150,161,13,125,137,812,89,474,450,326,338,116,0,5,34675,39054,26853
California,6,Merced County,47,Snelling CCD,93050,0600000US0604793050,604793050,"Snelling CCD, Merced County, California",911,425,0,2,3,0,434,47,511,52,0,0,0,0,434,25,348,279,69,0,348,237,206,31,0,0,0,0,0,0,0,5,0,104,0,2,51,60,36,10,67,37,43,0,0,2,36,4,565,36,0,0,0,4,0,0,10,64,2,0,42,27,14,23,139,7,38,77,33,31,15,3,0,39836,42315,33603
California,6,Modoc County,49,Adin-Lookout CCD,90010,0600000US0604990010,604990010,"Adin-Lookout CCD, Modoc County, California",517,457,0,1,3,0,6,50,22,16,0,0,0,0,6,0,234,96,138,0,234,194,167,27,0,0,0,0,0,0,0,0,0,9,0,31,14,20,32,10,0,3,56,11,0,25,15,17,442,0,0,0,0,0,0,0,0,0,0,7,0,39,10,0,80,30,55,61,75,52,33,0,0,30833,62353,-666666666
California,6,Modoc County,49,Alturas CCD,90040,0600000US0604990040,604990040,"Alturas CCD, Modoc County, California",5637,4573,61,93,91,0,398,421,685,189,0,15,0,0,329,152,1834,1625,107,102,1834,1544,1396,148,0,0,0,0,0,0,0,0,0,132,22,136,439,456,223,158,92,35,119,18,15,81,39,23,4128,122,0,0,0,28,0,14,0,55,6,60,88,35,122,62,1117,96,366,615,395,628,237,48,34,35234,41667,28402
California,6,Modoc County,49,Newell CCD,92105,0600000US0604992105,604992105,"Newell CCD, Modoc County, California",1246,892,0,41,0,0,27,286,520,248,0,0,0,0,27,245,498,146,153,199,498,446,413,33,0,0,0,0,0,0,0,0,0,42,0,10,50,105,39,51,0,0,38,3,25,143,0,34,815,0,0,0,0,0,17,0,0,0,0,0,0,34,0,44,188,12,106,165,45,181,23,0,0,40952,43274,-666666666
California,6,Modoc County,49,Surprise Valley CCD,93270,0600000US0604993270,604993270,"Surprise Valley CCD, Modoc County, California",1246,1052,11,77,9,0,58,39,94,19,0,0,0,0,58,17,526,480,36,10,526,318,279,39,0,0,0,0,0,0,0,0,0,25,0,183,46,82,44,0,43,18,53,0,4,13,4,36,1053,0,0,0,0,0,5,0,0,0,0,0,6,4,17,1,244,5,260,157,109,170,65,10,0,30888,-666666666,35288
California,6,Mono County,51,Mammoth Lakes CCD,91865,0600000US0605191865,605191865,"Mammoth Lakes CCD, Mono County, California",11746,8978,0,177,243,0,695,1653,2980,1094,0,0,5,0,654,1227,6912,6231,681,0,6912,5066,4672,394,67,20,47,0,0,0,0,28,67,384,145,1155,813,1813,707,757,569,103,452,226,4,107,0,206,8760,10,0,0,0,0,0,2,49,151,0,30,85,4,102,367,1256,159,908,1747,796,1665,644,565,220,48650,49330,48155
California,6,Mono County,51,North Mono CCD,92195,0600000US0605192195,605192195,"North Mono CCD, Mono County, California",1423,777,12,34,53,0,93,454,533,30,0,1,0,0,93,409,613,541,44,28,613,345,323,22,50,50,0,0,0,0,0,11,0,142,0,65,37,98,110,89,2,50,69,16,0,6,57,14,890,14,0,0,0,35,0,0,0,134,0,8,6,0,11,0,253,31,80,87,13,149,63,0,6,30857,32232,-666666666
California,6,Monterey County,53,Big Sur CCD,90235,0600000US0605390235,605390235,"Big Sur CCD, Monterey County, California",1840,985,36,32,0,0,441,346,711,33,0,9,0,0,441,228,965,920,25,20,965,553,466,87,30,30,0,0,0,0,0,12,19,175,11,165,57,125,160,84,75,12,104,93,0,46,13,31,1308,0,0,0,0,0,63,0,0,0,0,0,0,33,44,15,135,19,75,191,104,482,63,35,49,37601,38962,29286
California,6,Monterey County,53,Carmel-by-the-Sea CCD,90362,0600000US0605390362,605390362,"Carmel-by-the-Sea CCD, Monterey County, California",14239,11553,179,9,949,63,234,1252,1497,543,15,0,0,0,177,762,5799,5586,186,27,5799,4079,3409,670,3,3,0,0,0,0,0,0,0,388,68,1261,766,592,809,625,491,173,415,168,205,67,100,127,12017,33,0,0,0,0,12,0,114,27,0,26,0,49,9,237,789,129,414,1208,971,4159,2322,996,522,71581,101875,52601
California,6,Monterey County,53,Carmel Valley CCD,90370,0600000US0605390370,605390370,"Carmel Valley CCD, Monterey County, California",5781,5196,37,12,13,0,138,385,326,24,0,12,0,0,104,186,2431,2355,76,0,2431,1678,1539,139,0,0,0,0,0,0,0,0,0,21,39,693,73,178,138,129,298,184,426,32,45,45,168,22,4600,68,0,0,0,0,33,0,0,0,0,0,1,17,0,27,429,74,211,635,488,1543,545,240,289,77396,120212,39708
California,6,Monterey County,53,Castroville CCD,90400,0600000US0605390400,605390400,"Castroville CCD, Monterey County, California",20734,6970,193,0,1048,234,9194,3095,13609,2177,0,0,35,215,9158,2024,8063,5024,3039,0,8063,6996,6447,549,8,8,0,0,0,0,0,61,6,10,478,504,63,164,235,837,2426,771,1057,237,630,395,459,285,12311,667,18,5,0,195,126,76,178,1292,216,187,412,171,238,356,2519,483,832,1263,899,1566,508,59,45,37383,46054,29573
California,6,Monterey County,53,Gonzales CCD,91130,0600000US0605391130,605391130,"Gonzales CCD, Monterey County, California",17938,3098,1822,194,272,84,9797,2671,13422,1113,1,94,0,0,9740,2474,4598,4250,348,0,4598,4206,3733,473,0,0,0,0,0,0,0,0,0,89,182,121,3,70,383,664,1297,728,519,212,240,134,123,104,12528,450,0,0,0,115,163,125,94,868,135,283,875,501,791,478,2345,1422,806,1832,535,408,266,15,21,34148,32750,36128
California,6,Monterey County,53,Greenfield CCD,91150,0600000US0605391150,605391150,"Greenfield CCD, Monterey County, California",20991,3045,210,136,217,0,14779,2604,19813,2527,55,136,0,0,14765,2330,7956,7560,396,0,7956,6450,5677,773,26,26,0,0,0,0,0,0,0,133,1167,180,74,698,1198,1296,1783,293,787,191,477,464,411,104,11217,991,22,37,37,89,590,105,89,1875,125,341,618,122,238,265,2596,362,288,970,467,854,96,35,5,34337,38963,28874
California,6,Monterey County,53,King City CCD,91470,0600000US0605391470,605391470,"King City CCD, Monterey County, California",17086,3857,19,406,172,0,10416,2216,14571,1672,0,367,0,0,10379,2153,6200,5804,396,0,6200,4834,3965,869,194,194,0,0,0,0,0,0,39,86,680,367,134,547,518,686,1516,351,601,122,205,683,316,154,9661,702,0,0,39,49,208,87,252,1372,103,85,859,54,102,235,2042,285,343,628,708,1049,276,131,52,32233,39667,27328
California,6,Monterey County,53,Pajaro CCD,92320,0600000US0605392320,605392320,"Pajaro CCD, Monterey County, California",15197,6807,132,62,296,0,4593,3307,10197,2796,0,45,0,0,4381,2975,6032,2402,3630,0,6032,5197,4434,763,10,10,0,0,0,0,0,12,0,88,191,534,42,243,410,966,920,498,834,130,171,479,482,323,10558,359,0,0,28,0,275,95,139,1007,0,143,532,188,115,256,2061,380,604,1185,1205,1159,519,215,93,39068,48199,35192
California,6,Monterey County,53,Salinas CCD,92730,0600000US0605392730,605392730,"Salinas CCD, Monterey County, California",175750,40764,2419,1902,9695,329,98709,21932,139420,18497,536,1761,634,131,98355,19506,74077,63825,10004,248,74077,62317,54069,8248,608,521,0,0,11,76,55,48,68,849,6789,3343,911,4497,6763,10532,20686,3539,6943,2085,4709,4416,2995,2658,105883,6405,25,34,397,1175,1408,1428,936,11043,959,2197,5857,1554,2128,3577,20793,4239,4892,12304,7739,12233,3199,843,518,36529,40506,32638
California,6,Monterey County,53,San Ardo CCD,92750,0600000US0605392750,605392750,"San Ardo CCD, Monterey County, California",4948,3742,19,78,168,0,634,307,1393,648,0,28,0,0,574,143,2874,2166,679,29,2874,1344,1238,106,269,269,0,0,0,0,13,0,0,594,60,594,186,291,294,419,238,119,156,94,136,180,136,31,3097,16,0,0,7,12,0,25,22,112,0,37,56,20,0,64,868,84,157,535,306,597,104,44,31,27917,27571,28490
California,6,Monterey County,53,Seaside-Monterey CCD,92970,0600000US0605392970,605392970,"Seaside-Monterey CCD, Monterey County, California",114580,63341,4448,480,11042,1516,15759,17994,32814,6016,141,278,385,32,14978,10984,57647,53879,3625,143,57647,42917,37863,5054,1257,1224,5,22,6,0,78,173,862,2936,882,8542,1425,5838,8961,9874,8549,3061,4780,961,1238,1909,1585,924,79981,1538,15,15,68,154,258,66,155,1229,150,399,1031,555,408,1553,10980,1710,4235,10987,7569,19405,11600,3105,2796,46039,52439,40003
California,6,Monterey County,53,Soledad CCD,93060,0600000US0605393060,605393060,"Soledad CCD, Monterey County, California",18536,3373,6,199,595,0,12458,1905,16856,2296,0,199,110,0,12455,1796,7626,7098,528,0,7626,6964,6008,956,33,33,0,0,0,0,0,21,0,32,409,167,69,380,839,1087,1460,310,1301,332,503,469,442,267,10333,537,0,0,68,335,201,53,161,1704,129,254,619,168,202,112,1816,439,605,883,1006,647,326,34,34,37160,47957,28422
California,6,Monterey County,53,Toro Park CCD,93372,0600000US0605393372,605393372,"Toro Park CCD, Monterey County, California",8214,6366,13,0,735,0,359,741,1119,445,0,0,0,0,314,360,3707,3471,212,24,3707,2930,2723,207,5,5,0,0,0,0,0,0,0,49,11,712,1,97,372,555,537,174,475,159,113,252,69,191,5780,0,0,0,0,0,48,0,0,41,1,0,21,31,29,16,527,104,188,552,483,2065,945,538,191,93093,127724,61905
California,6,Napa County,55,Angwin CCD,90070,0600000US0605590070,605590070,"Angwin CCD, Napa County, California",4305,2868,160,60,437,0,252,528,812,304,44,60,17,0,240,147,2364,2068,282,14,2364,1681,1530,151,13,7,0,0,6,0,0,0,49,256,18,347,229,391,342,314,184,21,172,35,57,132,86,54,2689,34,0,0,0,0,0,0,0,0,0,31,0,0,29,75,249,16,104,409,323,759,369,187,104,39020,39514,38553
California,6,Napa County,55,Calistoga CCD,90340,0600000US0605590340,605590340,"Calistoga CCD, Napa County, California",6665,4274,73,15,124,0,928,1251,2829,735,0,15,0,0,928,1151,3285,2481,739,65,3285,2507,2326,181,66,38,0,10,0,18,27,0,85,224,5,371,218,527,374,240,161,246,668,21,92,93,196,78,5181,230,0,0,0,0,51,0,72,226,0,0,131,0,50,389,634,151,316,753,420,1071,391,209,87,48694,53109,45044
California,6,Napa County,55,Lake Berryessa CCD,91515,0600000US0605591515,605591515,"Lake Berryessa CCD, Napa County, California",1356,989,1,27,20,0,207,112,457,151,0,14,0,0,207,85,604,525,72,7,604,537,490,47,0,0,0,0,0,0,0,2,10,7,20,28,50,5,48,33,2,19,90,36,57,64,102,70,1055,99,0,0,2,3,0,3,0,0,0,5,6,6,9,57,195,46,103,122,72,232,29,54,12,43702,-666666666,44760
California,6,Napa County,55,Napa CCD,92070,0600000US0605592070,605592070,"Napa CCD, Napa County, California",116778,68667,2355,1118,10233,387,17572,16446,42829,13103,141,929,313,8,17001,11334,56722,45436,11213,73,56722,46726,40937,5789,579,333,14,0,0,232,88,235,375,1413,391,6915,1472,6383,8275,7496,5738,2479,6611,1579,1798,3435,3147,1394,83585,3260,33,65,142,158,607,105,186,2376,296,841,907,550,802,2584,12981,2230,6172,11105,7082,19967,7375,2679,1082,51678,54249,47686
California,6,Napa County,55,St. Helena CCD,92710,0600000US0605592710,605592710,"St. Helena CCD, Napa County, California",6966,4913,36,52,86,9,1182,688,1874,186,0,0,0,0,1162,526,3516,3243,227,46,3516,2278,2104,174,123,123,0,0,0,0,0,7,31,382,13,682,174,834,414,576,197,176,94,35,76,112,73,73,5327,209,0,0,0,0,62,8,0,74,0,30,14,0,9,136,532,39,180,582,375,1856,842,270,109,64688,95598,47653
California,6,Nevada County,57,Donner CCD,90710,0600000US0605790710,605790710,"Donner CCD, Nevada County, California",17441,14673,52,0,450,38,384,1844,2233,664,0,0,11,0,343,1215,8811,6517,1680,614,8811,5631,5239,392,35,35,0,0,0,0,0,0,258,234,157,2496,184,1387,1123,878,894,64,811,123,181,258,235,177,12755,37,0,0,0,0,15,0,0,89,0,18,169,152,29,177,1155,93,869,1267,1142,4850,1634,685,374,69993,78203,60429
California,6,Nevada County,57,Grass Valley CCD,91140,0600000US0605791140,605791140,"Grass Valley CCD, Nevada County, California",69581,59543,146,488,1007,26,1888,6483,7438,2798,5,120,252,0,1432,2831,27708,20921,6722,65,27708,21789,19676,2113,3,3,0,0,0,0,20,108,51,370,246,5121,1160,3303,3356,3823,2529,1166,2412,364,773,1486,1307,908,54038,281,0,0,72,0,47,16,0,191,9,58,173,283,352,1256,10851,1853,4304,10243,6065,11352,4805,1209,618,42017,49402,37210
California,6,Nevada County,57,Nevada City CCD,92090,0600000US0605792090,605792090,"Nevada City CCD, Nevada County, California",15430,13613,116,17,364,0,113,1207,1052,671,0,7,13,0,16,345,6728,6019,691,18,6728,4465,4158,307,0,0,0,0,0,0,0,0,37,187,108,1931,235,955,1356,674,343,94,202,153,128,319,106,232,12434,171,0,0,0,0,0,0,28,0,8,0,25,65,76,110,2019,246,933,1985,1032,3566,1487,505,178,36187,42359,31150
California,6,Orange County,59,Anaheim-Santa Ana-Garden Grove CCD,90050,0600000US0605990050,605990050,"Anaheim-Santa Ana-Garden Grove CCD, Orange County, California",1683163,634640,31248,16836,367799,4971,343868,283801,803472,210847,2756,15052,3616,503,337902,232796,822525,686909,133056,2560,822525,681485,593404,88081,14265,11491,491,2015,167,101,910,1554,3508,13114,10242,97447,11219,42751,83861,114508,116055,49255,127089,21626,33396,61364,45792,18162,1145942,53069,702,1146,916,2847,5979,4206,5637,31019,5372,12509,21014,14719,15574,43740,213085,23876,70108,151983,85141,252215,92050,25301,13734,43992,49396,37937
California,6,Orange County,59,Central Coast CCD,90420,0600000US0605990420,605990420,"Central Coast CCD, Orange County, California",259182,154433,4503,1778,39429,1128,24294,33617,57034,11525,279,1557,403,42,22662,20566,136089,125106,10209,774,136089,92497,83592,8905,1641,1524,55,55,0,7,128,450,2344,5863,1778,31388,1991,9190,20284,21904,18415,6399,12114,1844,1842,5054,3482,2182,179033,2642,37,26,20,143,218,111,517,1468,252,582,1855,800,1154,2250,18020,2549,6919,23313,11590,64467,24889,10114,5097,59914,74721,46739
California,6,Orange County,59,Irvine-Lake Forest CCD,91413,0600000US0605991413,605991413,"Irvine-Lake Forest CCD, Orange County, California",296365,118218,4893,1125,122611,1209,13260,35049,42021,10415,155,694,628,67,11356,18706,147769,134776,12305,688,147769,105241,95435,9806,926,438,141,292,55,0,235,224,770,1818,1364,37191,1730,7311,12839,21770,21638,8137,17353,2967,3824,6355,4437,2217,202678,2346,14,93,0,31,68,59,89,789,81,447,199,457,771,1906,15702,2600,8444,20683,14618,76926,40177,9354,6824,73659,90841,59798
California,6,Orange County,59,Mission Viejo CCD,91977,0600000US0605991977,605991977,"Mission Viejo CCD, Orange County, California",231668,152813,2939,1206,28684,390,12449,33187,44906,11683,89,1013,629,221,11611,19660,115918,106090,9248,580,115918,86165,78793,7372,538,315,0,188,0,35,16,293,281,1468,1186,25971,1924,6606,10614,13317,13166,7973,14390,3420,3509,7418,5085,2525,161136,2610,13,0,72,40,193,29,147,754,83,536,581,716,610,2046,19921,2519,9770,21747,13442,53453,22168,6329,3357,71734,90052,55416
California,6,Orange County,59,North Coast CCD,92150,0600000US0605992150,605992150,"North Coast CCD, Orange County, California",372786,190563,4248,2102,97474,1836,31206,45357,75503,17581,330,1260,563,242,29186,26341,179137,149759,28710,668,179137,143011,127069,15942,1119,1018,33,48,20,0,82,262,1061,2342,1756,29504,2651,9797,15771,22387,20620,11505,28089,4923,7515,13316,9631,3428,274482,8556,15,178,138,554,618,430,795,1943,533,1886,2881,2118,2176,6668,45113,5954,15866,38916,24491,73496,27610,8820,4727,52021,59529,44640
California,6,Orange County,59,Silverado CCD,93015,0600000US0605993015,605993015,"Silverado CCD, Orange County, California",2650,2211,14,28,119,2,107,169,265,61,0,3,0,0,107,94,1318,1252,54,12,1318,912,866,46,28,26,2,0,0,0,0,13,9,6,35,315,16,12,36,72,92,112,210,74,75,201,58,45,1962,32,0,0,0,0,0,0,0,0,0,0,16,4,11,54,281,33,76,282,196,658,172,111,36,58382,74145,49743
California,6,Orange County,59,South Coast CCD,93110,0600000US0605993110,605993110,"South Coast CCD, Orange County, California",318249,215576,4107,814,38073,418,19798,39463,57279,15038,119,676,368,100,18348,22630,158813,144822,12772,1219,158813,114698,104812,9886,750,563,0,160,27,0,73,173,568,2915,2236,37400,3165,10581,15013,19876,18678,8591,18083,4358,3884,8412,7075,3697,239894,3126,52,78,73,134,284,258,318,1333,235,968,841,660,625,3005,26454,3279,13437,30293,19478,80251,36908,11482,6322,69028,84170,53682
California,6,Placer County,61,Auburn CCD,90160,0600000US0606190160,606190160,"Auburn CCD, Placer County, California",46725,38347,278,322,1042,110,2187,4439,7322,3561,0,78,50,0,1933,1700,20532,16009,4447,76,20532,16402,15069,1333,85,42,0,0,43,0,20,38,21,741,148,3077,809,2719,2654,2330,1454,1057,2080,729,1050,1149,842,582,36067,448,0,0,0,10,63,0,64,206,42,216,106,369,458,797,6478,1111,2579,6344,4695,7559,3055,1195,272,47878,56647,41232
California,6,Placer County,61,Colfax-Monumental Ridge CCD,90548,0600000US0606190548,606190548,"Colfax-Monumental Ridge CCD, Placer County, California",21785,18337,153,26,312,94,549,2314,2309,853,0,0,14,0,288,1154,10067,7045,2825,197,10067,7850,7163,687,62,28,7,20,0,7,0,0,19,207,38,1891,341,717,807,1072,969,416,1349,256,588,657,590,414,16544,156,0,8,0,0,3,29,5,40,0,29,5,27,215,316,3101,389,1018,2898,1959,4027,1639,501,179,53314,66755,42942
California,6,Placer County,61,Foresthill-Back Country CCD,91020,0600000US0606191020,606191020,"Foresthill-Back Country CCD, Placer County, California",6972,5513,0,231,31,0,196,1001,1160,99,0,158,0,0,196,707,2753,2174,579,0,2753,2367,2205,162,0,0,0,0,0,0,0,0,0,0,138,248,110,130,44,136,70,301,668,114,194,354,207,177,4855,76,0,0,0,0,0,0,0,0,0,35,0,0,121,111,1068,141,289,1431,571,556,348,108,0,62425,75370,46071
California,6,Placer County,61,Lake Tahoe CCD,91550,0600000US0606191550,606191550,"Lake Tahoe CCD, Placer County, California",8427,6868,78,0,215,35,576,655,1647,560,14,0,0,0,576,497,4885,3733,613,539,4885,3556,3152,404,74,74,0,0,0,0,0,0,84,131,89,951,354,548,516,710,685,121,470,145,46,100,78,161,6603,51,0,0,0,39,19,0,0,160,0,39,49,37,80,128,774,87,200,1099,427,2371,751,151,141,50044,61111,36441
California,6,Placer County,61,Lincoln CCD,91605,0600000US0606191605,606191605,"Lincoln CCD, Placer County, California",107536,72208,2338,503,14697,116,4447,13227,16662,5790,143,432,168,0,4016,6113,46147,31050,14842,255,46147,34910,31905,3005,201,106,15,28,0,52,17,89,125,319,466,10020,493,2598,4181,5625,4615,2262,4330,1530,2093,4385,2337,1678,71505,1139,32,0,0,0,22,46,101,155,63,196,60,253,482,767,9249,1423,5765,11600,8398,20756,7866,2247,885,71066,86372,50870
California,6,Placer County,61,Rocklin CCD,92645,0600000US0606192645,606192645,"Rocklin CCD, Placer County, California",93939,69567,1407,393,7838,107,3496,11131,11875,3845,20,204,103,18,2603,5082,42909,29662,12949,298,42909,32073,29704,2369,202,189,8,5,0,0,8,192,128,481,307,9518,1152,2618,6091,5282,4318,1941,4473,1142,1578,2604,971,1221,65170,401,0,12,0,0,0,34,44,44,27,46,66,248,443,932,8944,1311,4387,8631,7254,19625,8455,2958,1308,68447,85207,54094
California,6,Placer County,61,Roseville CCD,92660,0600000US0606192660,606192660,"Roseville CCD, Placer County, California",127051,88165,2562,558,12989,288,4911,17578,22437,6844,79,398,145,44,4393,10534,63196,41674,21281,241,63196,48176,43997,4179,539,442,0,75,22,0,131,194,159,679,618,12700,1277,5354,7463,8687,6219,3673,7097,1531,2008,3433,1960,1794,91357,934,94,0,11,7,124,130,84,227,112,304,371,451,531,1275,14277,1744,7469,14688,10193,25924,8852,2644,911,59838,71647,49769
California,6,Plumas County,63,Chester CCD,90460,0600000US0606390460,606390460,"Chester CCD, Plumas County, California",3985,3713,13,6,2,0,10,241,507,396,13,0,0,0,1,97,1539,1391,148,0,1539,1351,1196,155,0,0,0,0,0,0,0,0,0,4,14,170,348,234,144,115,108,1,66,11,46,59,209,28,3280,111,0,0,0,0,0,0,0,0,0,0,0,12,0,81,633,72,228,966,231,630,201,63,52,37866,59509,31367
California,6,Plumas County,63,Feather River Canyon CCD,90975,0600000US0606390975,606390975,"Feather River Canyon CCD, Plumas County, California",414,189,0,0,0,0,0,225,0,0,0,0,0,0,0,0,105,105,0,0,105,105,105,0,0,0,0,0,0,0,0,0,0,0,0,0,0,24,0,0,0,0,49,0,32,0,0,0,349,0,0,0,0,0,0,0,0,0,0,0,0,0,0,0,203,0,0,12,85,0,49,0,0,-666666666,-666666666,-666666666
California,6,Plumas County,63,Graeagle CCD,91135,0600000US0606391135,606391135,"Graeagle CCD, Plumas County, California",1398,1353,0,0,0,0,36,9,27,4,0,0,0,0,14,9,291,244,5,42,291,223,218,5,0,0,0,0,0,0,0,0,0,0,5,63,5,29,19,92,14,6,11,0,12,10,30,0,1123,0,0,0,0,0,0,0,0,0,14,0,0,0,0,5,296,4,121,205,125,291,49,0,13,46023,33125,49722
California,6,Plumas County,63,Greenville CCD,91170,0600000US0606391170,606391170,"Greenville CCD, Plumas County, California",1525,1314,2,3,0,0,49,157,199,9,0,0,0,0,49,141,672,640,11,21,672,640,617,23,0,0,0,0,0,0,0,0,0,21,0,11,16,143,37,0,0,115,73,146,0,7,124,0,1182,0,0,0,0,0,0,9,0,0,0,0,0,37,8,25,175,21,68,544,88,88,82,1,36,39193,41143,37674
California,6,Plumas County,63,Portola CCD,92530,0600000US0606392530,606392530,"Portola CCD, Plumas County, California",5394,4591,0,221,115,52,66,349,715,344,0,103,60,0,66,142,1600,1309,66,225,1600,1404,1179,225,0,0,0,0,0,0,0,0,18,163,15,0,320,305,123,276,102,9,71,9,23,65,274,23,4036,8,0,0,0,0,0,0,0,19,0,5,0,35,105,75,1148,144,335,1152,472,407,111,7,13,36624,38619,33656
California,6,Plumas County,63,Quincy CCD,92540,0600000US0606392540,606392540,"Quincy CCD, Plumas County, California",6891,5911,251,111,53,4,47,514,517,279,121,10,20,0,47,40,2732,2639,93,0,2732,2325,2116,209,12,12,0,0,0,0,0,0,14,67,0,314,304,687,889,124,90,0,113,0,12,187,0,12,5238,38,0,53,0,21,0,0,0,0,4,51,25,41,22,111,1585,32,548,930,758,615,286,103,15,50352,52379,46789
California,6,Riverside County,65,Blythe CCD,90253,0600000US0606590253,606590253,"Blythe CCD, Riverside County, California",14017,5221,1306,197,348,31,4969,1945,7970,1107,98,157,0,5,4920,1683,5257,4567,228,462,5257,4745,4056,689,112,112,0,0,0,0,0,13,0,161,39,187,595,1437,1178,557,258,324,278,62,38,104,64,175,8814,308,0,0,17,10,35,67,111,299,50,180,223,79,274,483,2023,485,662,1641,784,659,309,43,72,33742,37751,30868
California,6,Riverside County,65,Cathedral City-Palm Desert CCD,90410,0600000US0606590410,606590410,"Cathedral City-Palm Desert CCD, Riverside County, California",149330,89002,3037,1977,6802,333,18906,29273,56715,10589,215,1665,116,131,18725,25274,61232,56471,4187,574,61232,50379,43576,6803,457,446,11,0,0,0,59,194,194,843,718,8388,1243,5465,9862,12127,10201,3428,4763,890,574,1065,1388,1838,116691,2085,60,114,97,235,465,238,318,1618,303,593,941,1010,1075,3725,22494,2568,8556,18137,9770,24798,10567,4850,2074,41439,47609,35810
California,6,Riverside County,65,Chuckwalla Valley CCD,90492,0600000US0606590492,606590492,"Chuckwalla Valley CCD, Riverside County, California",7783,2442,1079,136,163,22,3004,937,4700,846,61,49,40,0,2963,741,831,716,27,88,831,705,580,125,0,0,0,0,0,0,0,0,0,21,0,105,9,41,153,127,112,0,183,0,47,38,8,8,6643,109,0,0,31,69,67,0,28,314,31,181,249,488,495,300,1235,594,378,1395,372,195,65,15,32,26679,25521,27326
California,6,Riverside County,65,Coachella Valley CCD,90520,0600000US0606590520,606590520,"Coachella Valley CCD, Riverside County, California",189037,61959,3673,2022,4078,192,47168,69945,135097,18549,880,1754,109,18,46627,67160,83051,79738,2987,326,83051,75780,63754,12026,378,354,24,0,0,0,121,96,173,1083,692,4728,1863,6135,11917,14298,13031,7328,13249,1351,2574,2566,2198,1813,128237,4232,127,242,309,692,1508,733,5549,7102,445,2274,5842,1163,2127,5155,30377,3613,8184,14446,7902,16456,7236,1678,845,35508,40578,30657
California,6,Riverside County,65,Corona CCD,90590,0600000US0606590590,606590590,"Corona CCD, Riverside County, California",177472,73823,7908,1969,20517,468,44842,27945,87912,18615,501,1717,583,70,44209,22217,85957,52067,33549,341,85957,72721,65603,7118,756,195,39,423,99,0,27,241,187,549,1494,9982,438,4096,9330,8333,7348,3800,10293,2001,4418,9797,11828,4293,119086,3727,96,113,130,234,793,244,340,2404,461,1325,1616,946,1293,4070,27515,2758,7281,17736,10701,23959,8137,1704,1503,47388,54066,40893
California,6,Riverside County,65,Desert Hot Springs CCD,90670,0600000US0606590670,606590670,"Desert Hot Springs CCD, Riverside County, California",58298,23408,3415,1451,1084,209,12350,16381,35759,6699,365,1187,130,0,12223,15155,24375,21737,2576,62,24375,22006,18468,3538,282,282,0,0,0,0,0,12,0,231,91,1753,317,837,2642,3999,4378,2210,3279,1147,1357,759,893,804,38857,1528,0,61,128,308,125,258,115,1075,297,512,394,479,998,1479,10856,1680,2889,6317,2921,4079,1480,612,266,32244,35596,28635
California,6,Riverside County,65,Elsinore Valley CCD,90880,0600000US0606590880,606590880,"Elsinore Valley CCD, Riverside County, California",132775,56922,7878,1258,10642,158,29292,26625,64915,13341,437,1014,256,0,27982,21885,59880,41132,18452,296,59880,50823,44322,6501,184,69,0,115,0,0,0,91,102,478,1064,7138,705,3219,2928,5067,4507,2802,7764,2021,2664,6431,9419,5215,85579,3409,34,35,17,104,373,185,201,1687,201,640,1223,1239,1019,2794,20674,3054,6888,14143,7349,13343,5524,879,564,45186,55529,35961
California,6,Riverside County,65,Hemet-San Jacinto CCD,91280,0600000US0606591280,606591280,"Hemet-San Jacinto CCD, Riverside County, California",183872,83160,13127,3215,6003,470,42590,35307,99665,25539,824,1977,381,23,41860,29061,68042,55140,12601,301,68042,59056,50239,8817,400,266,1,53,0,80,39,196,93,848,811,6599,1603,4948,8693,5848,3219,2131,7395,2247,3428,8255,7812,5864,120690,4705,96,0,103,310,386,151,452,2870,399,1266,2881,2468,3598,5135,31817,5082,12250,20244,9182,11178,4770,963,384,38387,44022,31737
California,6,Riverside County,65,Idyllwild CCD,91370,0600000US0606591370,606591370,"Idyllwild CCD, Riverside County, California",12779,7976,83,324,908,0,1584,1904,3705,705,3,213,203,0,1333,1248,5587,4770,799,18,5587,4385,3281,1104,0,0,0,0,0,0,0,6,0,166,52,978,295,506,498,401,407,287,220,49,78,916,589,363,9744,188,0,24,3,0,0,115,93,85,0,55,9,104,176,482,1748,482,730,1881,828,1442,977,156,166,38208,38492,37991
California,6,Riverside County,65,Jurupa CCD,91450,0600000US0606591450,606591450,"Jurupa CCD, Riverside County, California",176423,52612,10205,2084,26159,314,57384,27665,103612,20322,145,1932,484,56,56457,24216,81617,40074,41205,338,81617,71531,62142,9389,455,160,0,257,38,0,44,263,34,362,634,8294,1560,2996,4880,9800,9781,5167,12947,2335,2872,8465,7551,4969,112424,5205,41,46,115,272,705,605,975,3079,596,842,2327,1050,1912,5212,26843,2709,7063,14884,8515,20332,7268,1104,724,47053,53934,38321
California,6,Riverside County,65,Lake Mathews CCD,91530,0600000US0606591530,606591530,"Lake Mathews CCD, Riverside County, California",28277,11474,1297,198,1242,56,9692,4318,14979,2034,46,170,20,56,9414,3239,12273,9112,3064,97,12273,9835,8787,1048,85,0,0,63,22,0,0,61,12,96,244,1940,147,423,545,1229,1567,597,1882,387,574,1204,1026,752,19331,952,0,0,0,115,247,197,76,546,48,327,143,280,287,562,4417,671,1236,2876,1491,3076,1261,337,186,46423,54852,32551
California,6,Riverside County,65,Murrieta CCD,92060,0600000US0606592060,606592060,"Murrieta CCD, Riverside County, California",331963,184789,17435,2601,33717,1687,36057,55677,99861,27240,1140,1145,1025,89,33567,35655,145986,104616,40614,756,145986,118371,105100,13271,410,298,1,111,0,0,0,287,189,1685,1311,23733,1725,9013,13910,17552,14085,4355,9857,2077,3752,11879,21298,12750,214838,3499,24,39,32,419,330,196,354,1059,246,690,1140,1435,1618,3665,38332,4985,18550,40813,22515,48667,19504,4715,2011,54632,70326,38257
California,6,Riverside County,65,Norco CCD,92130,0600000US0606592130,606592130,"Norco CCD, Riverside County, California",24146,13751,659,108,979,15,5249,3385,9738,1892,5,73,20,0,5189,2559,9963,6427,3514,22,9963,8376,7405,971,31,0,0,20,11,0,0,55,18,172,114,1197,304,573,1044,1168,675,391,1128,283,618,843,1146,593,17430,299,34,18,25,35,106,14,105,209,26,202,269,230,466,505,4584,723,1522,2806,1583,2589,861,143,76,49479,66429,37898
California,6,Riverside County,65,Palm Springs CCD,92340,0600000US0606592340,606592340,"Palm Springs CCD, Riverside County, California",44572,30595,2883,401,1988,94,2947,5664,11141,3173,276,155,29,17,2861,4630,19205,17703,1279,223,19205,13391,11619,1772,270,202,45,5,16,2,6,60,95,473,249,4661,407,2419,3136,2000,2003,851,1687,239,260,468,443,631,37817,423,0,36,61,14,8,82,10,427,27,98,214,268,173,653,5718,1027,2831,6219,2813,9531,4649,1780,755,43779,48533,36663
California,6,Riverside County,65,Perris Valley CCD,92450,0600000US0606592450,606592450,"Perris Valley CCD, Riverside County, California",327696,116282,33001,3834,15663,1550,100482,56884,183394,33751,1558,3409,604,43,98331,45698,138701,105224,33224,253,138701,121355,105116,16239,861,610,30,214,7,0,91,161,110,862,1087,14174,1200,4584,8744,16315,14749,5817,21435,2868,6412,13655,15051,13697,210620,9368,111,42,252,782,1600,967,1124,5566,1036,1762,3547,2716,3719,7857,53993,7183,17438,33839,19187,25862,9177,1725,1767,41562,48500,34912
California,6,Riverside County,65,Riverside CCD,92640,0600000US0606592640,606592640,"Riverside CCD, Riverside County, California",481757,164756,43923,5457,35757,2451,158340,71073,271669,51503,1810,4590,944,378,156363,56081,219214,154870,63667,677,219214,190321,166136,24185,2696,1871,8,760,57,0,286,430,1225,4162,1482,18612,2828,12498,22416,26955,28682,10738,33252,5690,8499,16506,21530,11008,302150,9360,162,206,513,1174,1744,560,1376,8976,1207,3093,6519,4003,5522,9633,79537,8206,18823,47811,24120,42875,18854,3661,4215,40060,44890,34301
California,6,Riverside County,65,San Gorgonio Pass CCD,92810,0600000US0606592810,606592810,"San Gorgonio Pass CCD, Riverside County, California",109712,54960,7758,2239,6506,114,19515,18620,48870,12655,467,1455,171,67,19114,14941,43100,27397,15570,133,43100,37780,33333,4447,439,260,18,110,51,0,33,38,59,352,369,4030,1094,3169,4783,3746,2697,2303,5499,2157,2219,4860,3833,2710,73624,1808,45,18,70,153,293,123,311,927,165,586,721,878,1647,2445,16873,2458,6309,13210,7262,10949,5017,821,535,46155,54292,38158
California,6,Sacramento County,67,Elk Grove CCD,90870,0600000US0606790870,606790870,"Elk Grove CCD, Sacramento County, California",122471,40894,11315,441,41506,2469,8894,16952,23279,4318,550,302,635,56,8129,9289,55917,47261,8303,353,55917,45462,38532,6930,666,439,13,43,171,0,65,205,246,344,621,8308,625,2370,4789,6611,6317,3459,9204,1499,2847,5661,2791,1436,82149,4766,15,22,74,133,186,72,206,756,185,583,388,602,436,2720,15355,2608,6875,13290,7971,16940,5679,1478,809,48251,50089,46545
California,6,Sacramento County,67,Folsom CCD,91010,0600000US0606791010,606791010,"Folsom CCD, Sacramento County, California",82140,49493,4207,324,16015,192,3013,8896,11583,3991,97,178,75,0,2638,4604,38853,32722,6004,127,38853,26249,24036,2213,610,243,13,24,330,0,0,0,154,451,290,11099,618,3204,4062,3573,4088,1949,3858,1280,1118,2174,969,861,57576,504,0,0,0,34,8,22,5,72,133,242,245,533,671,659,6550,1088,3266,6795,5254,18084,10069,2095,1247,74448,93967,59809
California,6,Sacramento County,67,Galt CCD,91090,0600000US0606791090,606791090,"Galt CCD, Sacramento County, California",40619,23907,919,639,2315,48,7003,5788,15670,3886,76,461,171,0,6891,4185,17847,13136,4648,63,17847,14877,12839,2038,150,150,0,0,0,0,0,99,117,186,247,2171,608,1278,1088,1226,2340,1107,2675,703,1058,1599,1072,922,28152,960,0,0,5,52,49,101,84,298,162,113,157,466,464,946,7013,1105,2483,4351,2520,4874,1065,587,297,45014,50910,36813
California,6,Sacramento County,67,Isleton CCD,91416,0600000US0606791416,606791416,"Isleton CCD, Sacramento County, California",4926,2389,40,53,139,0,1687,618,2322,169,0,53,8,0,1581,511,2332,1436,883,13,2332,1814,1561,253,156,156,0,0,0,0,0,0,0,122,0,240,122,84,95,235,328,83,218,228,68,451,93,87,3550,71,0,0,5,0,75,0,0,78,9,25,206,0,0,34,676,185,341,530,317,755,163,80,0,39276,43849,36944
California,6,Sacramento County,67,Rancho Cordova CCD,92555,0600000US0606792555,606792555,"Rancho Cordova CCD, Sacramento County, California",128340,68423,13056,1381,17751,823,10229,16677,26126,5933,491,1042,457,0,9699,8504,59771,51542,7889,340,59771,45161,39376,5785,941,254,47,35,605,0,102,243,443,641,797,11443,707,3519,5935,7103,8853,3900,8522,1438,1556,3386,1568,1841,87429,1802,10,47,0,17,199,131,233,627,128,326,503,548,863,2315,15309,3115,6473,14866,10005,20002,7129,1889,892,48970,53975,44747
California,6,Sacramento County,67,Sacramento CCD,92690,0600000US0606792690,606792690,"Sacramento CCD, Sacramento County, California",1198507,556752,121144,11034,198758,14509,132657,163653,299407,70338,5166,7650,3071,699,125879,86604,551697,450499,99167,2031,551697,426175,374388,51787,8290,4595,507,532,2568,88,986,1456,4471,10643,7058,92618,9023,28899,54701,76744,80557,36460,78328,14376,16900,27873,18505,16713,822718,30039,379,192,328,648,1776,756,2119,8387,1922,5829,6588,8067,10049,22755,159298,25446,62369,133136,77805,170193,61268,23032,10337,46009,49917,41570
California,6,Sacramento County,67,Sloughhouse CCD,93030,0600000US0606793030,606793030,"Sloughhouse CCD, Sacramento County, California",7044,5164,262,4,533,0,289,792,1347,522,0,4,17,0,262,542,3218,2586,632,0,3218,2549,2459,90,38,22,0,0,16,0,0,0,0,82,65,484,116,148,123,206,143,139,690,118,8,509,89,445,5520,0,0,0,0,0,0,0,0,0,36,0,52,127,26,0,586,61,562,571,637,1970,623,250,19,69516,90379,60598
California,6,San Benito County,69,Hollister CCD,91300,0600000US0606991300,606991300,"Hollister CCD, San Benito County, California",58403,24738,622,969,2174,152,9452,20296,37864,9022,95,859,177,10,9413,18288,27398,13908,13490,0,27398,23800,20310,3490,275,158,42,29,0,46,0,97,112,161,190,2763,764,3026,2983,2186,1587,886,2361,378,1286,2911,4166,2101,37682,1204,7,38,0,123,457,118,240,955,206,512,825,259,665,981,8809,1520,2524,6384,4038,5774,1564,305,174,47365,59466,36360
California,6,San Benito County,69,San Benito-Bitterwater CCD,92760,0600000US0606992760,606992760,"San Benito-Bitterwater CCD, San Benito County, California",838,718,4,1,0,0,33,82,105,26,0,0,0,0,31,48,360,258,102,0,360,287,282,5,2,2,0,0,0,0,0,0,0,29,1,41,15,53,43,23,0,35,13,9,40,21,55,12,581,4,0,0,0,0,0,0,0,7,0,6,2,6,1,0,143,15,37,98,29,131,71,21,10,65707,95341,45938
California,6,San Benito County,69,San Juan Bautista CCD,92840,0600000US0606992840,606992840,"San Juan Bautista CCD, San Benito County, California",6815,4368,57,259,114,0,828,1189,2814,790,19,202,9,0,828,966,3246,1336,1910,0,3246,2707,2501,206,0,0,0,0,0,0,0,0,0,32,115,392,78,288,237,323,459,274,329,17,167,176,401,105,5187,58,0,0,0,0,12,0,18,140,20,20,168,87,19,125,778,164,397,984,520,1104,434,89,50,49328,57625,40593
California,6,San Bernardino County,71,Barstow CCD,90188,0600000US0607190188,607190188,"Barstow CCD, San Bernardino County, California",42823,20586,5572,988,1125,665,4741,9146,17395,5752,181,652,70,20,4605,6115,15686,14700,969,17,15686,14085,11854,2231,75,75,0,0,0,0,0,14,36,615,151,710,649,2388,2170,1826,664,459,1391,273,707,2043,1522,884,27866,427,0,23,13,40,55,47,40,146,24,218,462,749,769,1018,7825,933,2819,6043,2712,2196,1056,137,114,39972,48729,32856
California,6,San Bernardino County,71,Big Bear CCD,90220,0600000US0607190220,607190220,"Big Bear CCD, San Bernardino County, California",25718,19954,193,330,486,63,924,3768,5802,2152,13,199,0,0,870,2568,11049,9751,1225,73,11049,8675,7712,963,59,26,0,33,0,0,0,0,0,290,105,1920,349,1616,1462,1606,645,242,715,130,288,368,791,917,18322,254,0,0,0,2,8,18,17,153,11,32,232,304,264,172,3967,238,1125,3787,1856,3917,1495,290,180,45762,51256,35780
California,6,San Bernardino County,71,Lake Arrowhead CCD,91513,0600000US0607191513,607191513,"Lake Arrowhead CCD, San Bernardino County, California",22621,15883,647,171,476,76,1152,4216,5818,1450,86,19,0,0,1023,3240,9529,8125,1382,22,9529,7000,6532,468,0,0,0,0,0,0,0,0,0,258,83,2188,167,743,1150,885,297,146,598,254,363,673,1073,992,16103,44,12,0,0,38,10,0,64,170,43,31,44,65,286,408,3181,274,976,3604,1665,3253,1372,253,310,45989,52783,37517
California,6,San Bernardino County,71,Mount Baldy-Wrightwood CCD,92040,0600000US0607192040,607192040,"Mount Baldy-Wrightwood CCD, San Bernardino County, California",6621,5085,17,153,382,67,434,483,1060,286,0,153,0,0,386,235,2837,2240,573,24,2837,2296,2205,91,0,0,0,0,0,0,0,0,0,48,51,442,38,299,216,177,197,29,278,100,234,388,232,207,5201,78,0,0,0,0,0,0,0,10,0,112,37,10,33,19,1061,40,342,888,648,1008,563,148,204,54583,71291,43145
California,6,San Bernardino County,71,Needles CCD,92080,0600000US0607192080,607192080,"Needles CCD, San Bernardino County, California",6595,4661,159,636,39,3,154,943,1688,759,0,92,0,0,154,683,1932,1358,102,472,1932,1781,1627,154,5,0,0,0,0,5,0,0,0,30,5,111,247,520,276,254,74,38,200,17,22,50,38,85,5141,63,0,0,0,0,0,0,0,68,11,6,140,104,386,237,1476,210,418,1156,387,363,97,19,0,37139,43968,32558
California,6,San Bernardino County,71,Newberry Springs-Baker CCD,92102,0600000US0607192102,607192102,"Newberry Springs-Baker CCD, San Bernardino County, California",12298,7893,1255,42,412,153,390,2153,3672,1429,324,8,0,0,390,1521,6469,6340,124,5,6469,5138,4201,937,0,0,0,0,0,0,0,12,113,759,19,428,1084,3205,627,222,135,65,172,114,57,123,74,163,6204,105,0,0,0,0,0,4,0,17,0,44,11,0,128,100,1307,202,742,1510,686,1028,278,18,24,33080,37056,23626
California,6,San Bernardino County,71,Ontario CCD,92260,0600000US0607192260,607192260,"Ontario CCD, San Bernardino County, California",663594,236995,44825,8196,106772,1157,137170,128479,334371,80666,2597,7086,2585,360,133980,107097,317694,200205,116527,962,317694,271302,238263,33039,3311,1831,266,1062,152,0,185,563,981,2675,3271,35406,3719,17110,30134,37027,39998,18468,40705,9404,13256,27319,30456,14692,448032,13941,241,126,185,681,1176,1123,1181,8476,991,2821,5287,4568,6647,14679,89012,11858,32699,66921,41969,93587,37159,7184,5520,46629,53461,40247
California,6,San Bernardino County,71,San Bernardino CCD,92770,0600000US0607192770,607192770,"San Bernardino CCD, San Bernardino County, California",860494,260589,75795,10703,50521,3119,315468,144299,566149,117907,3189,9035,2027,297,311247,122447,379210,293282,84867,1061,379210,330294,287668,42626,4182,2678,251,988,131,134,586,926,542,5193,3240,34247,5176,22066,44134,56521,56518,20650,51730,8102,11286,20912,28860,19008,542328,21357,409,270,1020,1749,3886,2256,3140,17108,2654,6130,16564,11191,15374,19977,148741,17786,32184,77948,37676,66707,26618,6902,4681,38445,43165,33837
California,6,San Bernardino County,71,Searles Valley CCD,92955,0600000US0607192955,607192955,"Searles Valley CCD, San Bernardino County, California",2063,1568,38,40,21,0,132,264,411,156,0,32,0,0,102,121,666,393,265,8,666,573,499,74,0,0,0,0,0,0,0,0,4,24,0,65,131,137,102,32,0,36,94,4,25,5,19,16,1325,12,0,0,0,0,0,0,0,0,11,10,0,7,55,72,401,75,150,229,153,105,37,0,8,43030,57500,23973
California,6,San Bernardino County,71,Twentynine Palms-Yucca Valley CCD,93482,0600000US0607193482,607193482,"Twentynine Palms-Yucca Valley CCD, San Bernardino County, California",73014,46784,4156,1340,2126,813,3190,14605,17959,5118,226,434,78,59,2954,9090,32892,27545,5289,58,32892,25627,22780,2847,165,145,0,0,20,0,12,159,25,2807,274,3823,2468,6691,4993,3391,2029,659,2370,868,712,2005,1700,1183,45766,516,0,0,30,102,77,24,9,178,81,322,575,587,1135,736,10211,1869,4754,10565,3914,6805,2468,428,380,34592,36885,32650
California,6,San Bernardino County,71,Victorville-Hesperia CCD,93555,0600000US0607193555,607193555,"Victorville-Hesperia CCD, San Bernardino County, California",417543,199673,41660,5301,13481,1215,64928,91285,219795,73117,1711,4201,867,221,62812,76866,150776,127079,22843,854,150776,133756,115163,18593,789,522,42,213,12,0,78,53,9,944,2062,13085,2652,8774,16364,16080,12912,5811,12256,2685,3772,16795,21095,18495,255378,7797,23,70,247,268,680,314,832,4816,1730,3025,4409,4672,8755,12340,70546,10824,24654,39999,23417,22805,10302,1606,1247,37347,45178,30499
California,6,San Bernardino County,71,Yucaipa CCD,93850,0600000US0607193850,607193850,"Yucaipa CCD, San Bernardino County, California",54432,35984,933,415,1936,135,6834,8195,19571,6214,110,300,59,0,6492,6396,23044,17166,5878,0,23044,20255,17540,2715,0,0,0,0,0,0,0,0,16,183,302,2288,250,1292,1782,2316,3355,1470,3766,500,1428,2010,1513,1074,35573,680,17,0,0,37,153,12,111,643,106,39,355,301,485,876,8570,1026,2868,6539,3349,5337,3149,518,402,45912,53298,36839
California,6,San Diego County,73,Alpine CCD,90030,0600000US0607390030,607390030,"Alpine CCD, San Diego County, California",16467,12903,310,27,470,59,1004,1694,3340,1156,35,14,12,2,937,1184,7250,7198,11,41,7250,6363,5924,439,50,50,0,0,0,0,0,62,0,56,10,709,195,568,613,257,887,639,1129,492,409,704,599,49,11597,143,0,0,0,0,25,0,0,0,0,0,35,87,69,209,2103,352,1281,2457,1131,2501,819,203,182,53225,56081,50216
California,6,San Diego County,73,Borrego Springs CCD,90258,0600000US0607390258,607390258,"Borrego Springs CCD, San Diego County, California",3521,2370,1,0,1,15,350,784,1108,6,0,0,0,0,350,752,1522,1482,40,0,1522,1104,1071,33,0,0,0,0,0,0,0,0,0,1,0,417,0,120,223,117,191,16,236,0,29,14,56,103,3117,151,0,0,0,37,0,41,22,27,0,0,12,23,48,7,1002,38,53,611,253,622,143,27,0,41599,36250,51740
California,6,San Diego County,73,Camp Pendleton CCD,90355,0600000US0607390355,607390355,"Camp Pendleton CCD, San Diego County, California",40481,22239,3760,990,1828,218,4016,7430,13887,3615,413,512,130,61,3879,5277,27162,26399,685,78,27162,14295,9312,4983,128,128,0,0,0,0,0,152,47,11242,192,1106,784,9154,7250,2520,1920,595,1777,218,603,586,457,192,11278,12,0,0,0,0,0,0,0,2,0,1,33,0,1,55,2970,152,1512,2169,1330,2207,581,232,21,26880,26973,26176
California,6,San Diego County,73,Fallbrook CCD,90960,0600000US0607390960,607390960,"Fallbrook CCD, San Diego County, California",52183,30185,924,516,2003,41,7625,10889,22018,5138,121,343,180,6,7297,8933,21972,20088,1839,45,21972,17891,16429,1462,244,169,0,16,59,0,0,117,40,588,267,2825,411,1460,1882,1801,1923,857,3169,677,1287,2988,2194,498,35593,899,34,3,38,99,162,183,356,734,166,376,234,371,257,635,6607,1026,2296,5883,2702,7713,3363,984,472,46738,51618,39902
California,6,San Diego County,73,Jamul CCD,91440,0600000US0607391440,607391440,"Jamul CCD, San Diego County, California",18955,12562,631,123,1016,19,1195,3409,6020,2415,7,111,23,0,1082,2382,7159,7035,16,108,7159,6242,5902,340,14,1,0,13,0,0,0,0,0,14,5,884,40,125,271,587,662,273,1296,328,571,1540,515,67,13348,206,0,0,0,21,24,52,5,95,0,167,28,243,309,187,2914,469,865,2203,1120,2624,1368,269,179,56844,65084,44631
California,6,San Diego County,73,Laguna-Pine Valley CCD,91510,0600000US0607391510,607391510,"Laguna-Pine Valley CCD, San Diego County, California",5596,4373,110,110,4,16,503,480,963,254,11,22,0,0,461,215,2088,2088,0,0,2088,1766,1478,288,0,0,0,0,0,0,0,22,0,34,12,254,46,178,151,174,195,2,305,117,165,179,268,54,3995,139,0,0,0,0,0,0,0,0,0,44,15,49,52,32,917,245,366,982,255,524,227,78,70,50417,61414,36481
California,6,San Diego County,73,Mountain Empire CCD,92030,0600000US0607392030,607392030,"Mountain Empire CCD, San Diego County, California",7618,4691,213,409,27,4,1130,1144,2589,714,104,42,0,0,1127,602,3252,3240,12,0,3252,2618,2180,438,0,0,0,0,0,0,0,0,0,32,101,501,307,260,239,170,221,87,147,135,38,194,684,269,5665,90,0,0,0,48,0,0,0,72,2,0,118,116,186,215,1239,430,770,625,606,965,91,82,10,41083,41553,39643
California,6,San Diego County,73,Oceanside-Escondido CCD,92240,0600000US0607392240,607392240,"Oceanside-Escondido CCD, San Diego County, California",663680,366675,16679,7902,51312,2960,76270,141882,259040,68201,1235,6780,1556,314,72781,108173,321393,309662,10459,1272,321393,251878,226600,25278,4184,3119,60,672,235,98,372,1100,982,4142,4009,54726,3754,14047,28774,45071,41521,17004,46906,9026,14825,23497,15572,6670,455994,15103,184,224,319,673,2365,2157,2752,10075,1675,4105,4169,3006,3781,11599,74518,9441,34185,66088,38588,109422,43346,10266,7953,46453,54144,38579
California,6,San Diego County,73,Palomar-Julian CCD,92350,0600000US0607392350,607392350,"Palomar-Julian CCD, San Diego County, California",5628,4273,18,229,145,0,145,818,994,83,0,0,70,0,145,696,2287,2202,85,0,2287,1612,1588,24,0,0,0,0,0,0,0,0,0,29,63,583,68,54,148,107,231,16,279,78,19,174,351,179,4794,25,0,0,0,3,0,5,14,0,9,18,80,25,41,114,924,160,177,892,531,987,442,276,71,45775,47763,36535
California,6,San Diego County,73,Pauma Valley CCD,92430,0600000US0607392430,607392430,"Pauma Valley CCD, San Diego County, California",6644,3488,74,740,306,42,374,1620,2213,232,15,92,0,0,326,1548,3061,2861,200,0,3061,2582,2420,162,0,0,0,0,0,0,0,2,0,27,0,450,30,140,169,107,180,109,646,57,213,485,404,71,4629,88,0,0,3,0,7,24,17,23,47,7,23,77,26,71,605,42,342,1271,583,792,484,61,36,53162,53600,45781
California,6,San Diego County,73,Ramona CCD,92550,0600000US0607392550,607392550,"Ramona CCD, San Diego County, California",36776,26434,376,360,619,75,2353,6559,11355,3876,26,192,48,0,2178,5035,17921,17744,47,130,17921,14841,13181,1660,0,0,0,0,0,0,0,297,0,340,70,2373,384,704,1424,1418,1246,381,3105,715,1018,2807,1879,467,25398,686,0,0,0,51,103,57,22,412,1,174,82,327,626,746,5799,443,1715,4313,2460,5509,1471,220,181,51627,60962,40175
California,6,San Diego County,73,San Diego CCD,92780,0600000US0607392780,607392780,"San Diego CCD, San Diego County, California",2400097,1233794,130870,18590,342344,10315,251493,412691,795326,234321,6847,14390,8071,1197,238356,292144,1201739,1181963,12987,6789,1201739,902641,805381,97260,30694,22595,1284,819,5646,350,1890,4975,6939,33579,12497,208524,16741,64507,122557,179279,185885,83337,153960,33911,35319,60981,37466,19272,1675904,41935,347,503,916,2683,4286,2456,4133,18595,4163,8377,17323,11819,18170,37603,249772,41783,100867,231298,138363,442037,196468,53576,48431,51473,59248,43534
California,6,San Diego County,73,Valley Center CCD,93540,0600000US0607393540,607393540,"Valley Center CCD, San Diego County, California",25136,16233,630,1005,982,32,1621,4633,8368,2863,78,108,124,0,1416,3779,11071,10683,316,72,11071,9173,8467,706,3,3,0,0,0,0,0,7,10,123,40,1715,192,420,816,637,752,488,2056,388,557,1898,941,211,17823,371,0,0,0,6,49,30,171,128,17,138,60,42,169,390,2832,449,1990,3083,1408,4249,1611,302,328,50110,62157,40527
California,6,San Francisco County,75,Bayview CCD,90195,0600000US0607590195,607590195,"Bayview CCD, San Francisco County, California",39816,4482,9650,216,15562,609,6036,3261,9733,1427,355,210,140,126,6011,1464,17867,14084,3766,17,17867,10784,8591,2193,3707,3093,343,37,234,0,118,192,210,391,173,2292,215,527,1086,2564,2447,1201,3345,336,864,1153,1538,299,28289,2104,13,54,0,92,258,87,315,437,82,658,314,332,794,1191,5482,1042,1442,3935,1832,5454,1583,365,423,45245,48147,41390
California,6,San Francisco County,75,Downtown-Northeast Neighborhoods-Treasure Island CCD,90734,0600000US0607590734,607590734,"Downtown-Northeast Neighborhoods-Treasure Island CCD, San Francisco County, California",117813,45504,7356,1654,42562,347,9053,11337,18205,3157,185,1064,126,73,8050,5550,66481,57936,8401,144,66481,11492,9872,1620,15474,11846,2225,949,390,64,671,295,1944,18136,1392,17077,914,2764,5880,7249,7627,3761,9036,1007,1974,4317,3103,1772,100855,5151,43,249,80,251,295,158,764,1829,251,1254,2396,858,1118,2271,11458,2549,3662,9208,5201,31154,14200,4173,2282,69744,70460,67282
California,6,San Francisco County,75,Merced-McLaren CCD,91964,0600000US0607591964,607591964,"Merced-McLaren CCD, San Francisco County, California",156705,34782,6446,1063,81213,744,18809,13648,33264,5637,1010,752,699,64,17392,7710,78795,60853,17760,182,78795,42426,33657,8769,17505,10736,5911,275,574,9,234,295,765,1954,1321,14295,389,1549,4293,8187,10070,3925,14601,2530,3591,7975,6262,1128,118055,7640,89,137,78,239,471,78,918,1838,329,1206,1770,902,953,4120,18155,2024,5141,13927,9617,32223,10856,2842,2502,56962,62281,49930
California,6,San Francisco County,75,Mission-Bernal CCD,91976,0600000US0607591976,607591976,"Mission-Bernal CCD, San Francisco County, California",79156,34832,3520,1263,12597,77,14053,12814,26156,3425,68,1040,311,53,13431,7828,47261,38560,8509,192,47261,15441,13039,2402,10881,5719,4242,583,306,31,375,257,3443,3220,638,13006,205,1298,2918,5225,5222,2959,6645,1545,1655,3063,2348,1172,63636,2673,106,0,67,141,357,213,579,567,128,646,667,333,645,1193,6309,1216,2105,4920,2782,22243,10498,2756,2492,76020,85502,66382
California,6,San Francisco County,75,Richmond-Presidio-Marina CCD,92605,0600000US0607592605,607592605,"Richmond-Presidio-Marina CCD, San Francisco County, California",124050,69281,1902,343,35655,179,3163,13527,11633,3033,72,113,353,0,2615,5447,73570,63389,9982,199,73570,26241,21593,4648,14041,13336,405,260,40,0,761,466,2071,4074,1597,24319,709,1913,3584,6186,6388,3755,8726,2533,3188,5908,4775,1586,98855,2027,6,85,9,19,67,33,206,231,133,321,519,248,292,1017,4694,908,2002,7747,4602,44301,20445,6164,2779,102813,121658,88770
California,6,San Francisco County,75,SoMa-Potrero-Mission Bay CCD,93067,0600000US0607593067,607593067,"SoMa-Potrero-Mission Bay CCD, San Francisco County, California",62961,24613,3332,128,25481,258,3195,5954,7520,2254,22,41,12,0,2595,2596,42397,34196,8001,200,42397,8012,6965,1047,7167,3832,895,1769,671,0,411,284,1656,9473,900,14494,667,2045,2950,4992,3540,1563,3806,634,1394,2471,2452,1389,51792,1081,0,20,150,95,230,53,122,699,115,90,267,263,61,577,2697,329,1145,3246,1302,18650,14268,2991,3341,128633,156675,105382
California,6,San Francisco County,75,Sunset CCD,93267,0600000US0607593267,607593267,"Sunset CCD, San Francisco County, California",116146,43938,2131,126,53311,488,3882,12270,11379,2651,149,44,455,0,3243,4837,60656,49088,11359,209,60656,26987,22480,4507,11736,6149,3025,295,2267,0,313,305,1551,3545,1296,14923,544,1400,2955,4288,6109,2783,10138,2252,3409,5954,4956,945,92572,2580,29,0,11,25,186,146,328,759,181,599,700,292,447,2045,8708,1595,3033,7468,5827,34803,13504,6099,3207,83041,91974,78057
California,6,San Francisco County,75,Western Addition-Buena Vista-Eureka Valley CCD,93625,0600000US0607593625,607593625,"Western Addition-Buena Vista-Eureka Valley CCD, San Francisco County, California",139674,81208,8210,731,26096,439,6623,16367,15376,3497,443,569,265,0,5016,5586,87632,72590,14589,453,87632,22966,19713,3253,21182,12416,5973,1281,1479,33,824,520,3967,6488,1764,29921,1162,1951,3844,6660,9606,5083,10095,2550,3178,5798,5265,2519,115184,1461,8,0,0,77,74,98,124,507,17,526,146,380,383,1024,7512,1098,3069,8545,4382,45876,26349,7703,5825,106812,119407,94703
California,6,San Joaquin County,77,Escalon CCD,90900,0600000US0607790900,607790900,"Escalon CCD, San Joaquin County, California",13739,10051,38,34,99,26,1517,1974,3379,527,9,31,12,0,1517,1283,5208,3245,1953,10,5208,4418,3957,461,0,0,0,0,0,0,0,0,0,196,88,506,315,578,139,513,1225,175,861,127,82,277,216,194,8999,267,0,0,0,6,2,6,0,149,76,63,95,71,224,270,1695,436,945,1785,1098,1401,365,39,6,50285,64375,37103
California,6,San Joaquin County,77,Linden-Farmington CCD,91630,0600000US0607791630,607791630,"Linden-Farmington CCD, San Joaquin County, California",5486,3226,95,6,125,0,886,1148,2034,105,0,6,0,0,886,1037,2319,2107,212,0,2319,1963,1853,110,65,65,0,0,0,0,0,25,0,8,26,232,140,163,257,172,200,286,423,230,55,0,161,0,3793,87,0,0,0,0,26,11,28,162,49,12,17,49,15,54,923,130,203,662,375,668,254,7,61,52111,70244,50457
California,6,San Joaquin County,77,Lockeford CCD,91690,0600000US0607791690,607791690,"Lockeford CCD, San Joaquin County, California",12383,7872,61,319,507,29,1423,2172,4201,865,0,319,0,0,1380,1637,5711,4284,1421,6,5711,4926,4288,638,0,0,0,0,0,0,0,0,0,95,12,678,133,342,328,724,670,375,782,87,98,522,537,435,8909,280,0,0,0,0,43,12,0,138,27,271,52,68,157,262,2145,271,658,1649,778,1277,588,206,27,49295,58847,37902
California,6,San Joaquin County,77,Lodi CCD,91700,0600000US0607791700,607791700,"Lodi CCD, San Joaquin County, California",90915,44980,1349,916,11758,173,11725,20014,34821,5393,107,804,234,0,11416,16867,39859,33371,6357,131,39859,34106,29744,4362,152,80,40,23,0,9,0,26,215,677,211,4472,1953,5003,5981,5184,4433,2137,4024,643,688,2268,1794,1279,59498,2431,79,0,0,155,374,162,207,1691,193,1381,523,522,856,1498,14250,1457,4230,8686,5807,9950,3422,1056,568,43588,50168,35322
California,6,San Joaquin County,77,Manteca CCD,91870,0600000US0607791870,607791870,"Manteca CCD, San Joaquin County, California",124193,53710,6012,1135,19861,1688,15700,26087,49194,12630,70,687,249,38,15414,20106,51885,34288,17589,8,51885,45384,38850,6534,762,266,51,434,11,0,128,86,65,352,653,4455,1601,2998,5062,6909,5842,2265,6084,763,1009,2476,5980,6441,82149,2510,40,99,15,94,595,281,173,1502,302,965,917,922,1259,3470,21280,3157,7447,13003,7294,12053,3514,964,293,49876,54975,41320
California,6,San Joaquin County,77,Ripon CCD,92620,0600000US0607792620,607792620,"Ripon CCD, San Joaquin County, California",18544,13780,205,173,838,105,1065,2378,4907,2006,17,173,0,0,994,1717,8404,5601,2788,15,8404,7438,6941,497,65,0,0,65,0,0,0,48,32,23,62,736,319,1241,821,973,1246,917,638,221,125,196,546,425,12450,198,0,0,0,0,19,11,0,116,12,63,0,58,125,307,2876,502,988,2515,1428,2228,752,156,96,54122,72132,42181
California,6,San Joaquin County,77,Stockton CCD,93240,0600000US0607793240,607793240,"Stockton CCD, San Joaquin County, California",368846,108125,37963,5628,64125,1954,76038,75013,181597,38858,2016,4238,1934,294,74503,59754,148507,123744,24330,433,148507,134003,114232,19771,1463,1018,154,281,7,3,149,82,332,1742,828,9908,2228,9847,20072,27204,20808,6041,13980,2296,2829,7756,11460,14078,231842,14630,21,107,536,758,1899,1317,1187,9245,1164,3769,3978,4345,5348,9091,57784,9524,16265,31447,19849,26589,8858,2718,1413,37749,42271,33618
California,6,San Joaquin County,77,Thornton CCD,93340,0600000US0607793340,607793340,"Thornton CCD, San Joaquin County, California",14262,4400,1091,34,3329,0,2707,2701,4976,547,18,12,139,0,2525,1735,6971,6018,953,0,6971,5863,5143,720,123,0,57,66,0,0,0,0,0,54,17,914,125,531,738,842,1332,593,471,112,123,109,440,641,9713,191,0,0,0,0,32,16,45,289,113,38,143,98,113,336,1843,156,1001,1114,1215,1908,552,446,64,53000,61154,43246
California,6,San Joaquin County,77,Tracy CCD,93400,0600000US0607793400,607793400,"Tracy CCD, San Joaquin County, California",139048,45918,8234,1340,40005,770,18585,24196,47434,11120,201,1229,361,25,17843,16655,62719,33865,28703,151,62719,50922,42985,7937,1108,283,234,582,9,0,17,305,373,569,622,8803,964,4337,5991,4834,2567,1752,5068,1353,1536,6785,10766,7963,87492,3258,19,19,52,97,362,256,260,1024,273,1157,543,1311,1095,3086,18693,2995,6750,11846,7985,17615,6564,1347,885,56369,72065,41735
California,6,San Luis Obispo County,79,Arroyo Grande CCD,90120,0600000US0607990120,607990120,"Arroyo Grande CCD, San Luis Obispo County, California",81403,56192,785,766,2359,306,5364,15631,23782,6068,29,656,52,13,5073,11891,37068,29940,7102,26,37068,30419,27031,3388,270,270,0,0,0,0,0,132,317,874,254,4802,1055,4323,3607,5839,6216,3132,4020,843,754,1215,282,980,59636,1352,21,0,0,242,56,22,102,664,145,251,635,684,444,1246,9944,1660,4391,9633,5891,13738,5793,1909,813,46394,53941,39513
California,6,San Luis Obispo County,79,Atascadero CCD,90140,0600000US0607990140,607990140,"Atascadero CCD, San Luis Obispo County, California",45726,36065,213,263,1323,10,2148,5704,9228,3230,0,173,604,0,1882,3339,21773,20965,782,26,21773,18447,16815,1632,133,133,0,0,0,0,0,0,37,532,63,2561,898,3431,2592,2257,3288,1904,2258,484,483,707,460,450,33020,288,8,0,0,46,2,41,9,91,157,158,121,124,381,496,5781,699,3176,6254,3842,7683,2600,702,361,47153,60518,38014
California,6,San Luis Obispo County,79,North Coast CCD,92160,0600000US0607992160,607992160,"North Coast CCD, San Luis Obispo County, California",36941,28810,135,324,1275,33,2268,4096,7031,2013,4,246,12,15,1761,2980,16472,15708,737,27,16472,12765,11413,1352,53,53,0,0,0,0,0,60,134,528,166,2766,769,2551,1470,2122,2052,1458,1462,272,298,756,160,336,29090,287,0,0,0,29,62,4,22,155,87,31,83,212,276,627,3568,447,1884,4839,3003,8066,3590,1144,674,44392,58767,33834
California,6,San Luis Obispo County,79,Paso Robles CCD,92410,0600000US0607992410,607992410,"Paso Robles CCD, San Luis Obispo County, California",52708,35710,321,926,1392,50,6218,8091,17241,4859,18,815,74,0,5834,5641,23950,22925,988,37,23950,19179,16922,2257,197,197,0,0,0,0,0,86,22,1028,398,3040,1029,3069,2794,3182,2390,1351,2481,650,795,1621,961,587,35944,589,0,13,37,32,170,23,40,680,149,113,472,392,279,700,7063,1159,2758,6056,4522,7023,2453,871,350,43353,48766,38781
California,6,San Luis Obispo County,79,San Luis Obispo CCD,92860,0600000US0607992860,607992860,"San Luis Obispo CCD, San Luis Obispo County, California",64708,46961,1735,339,4106,100,2865,8602,11698,3378,52,223,163,9,2578,5295,29235,27447,1640,148,29235,19898,17967,1931,417,396,0,6,2,13,0,44,1229,2677,90,4880,1808,6092,6054,4504,2161,789,1026,543,422,452,106,398,32543,277,0,10,0,35,124,10,46,81,78,85,200,277,653,430,3379,882,2146,4647,2379,9656,4246,1581,1321,19389,21580,16276
California,6,San Mateo County,81,Half Moon Bay CCD,91215,0600000US0608191215,608191215,"Half Moon Bay CCD, San Mateo County, California",28420,19937,133,21,1061,1,3216,4051,7066,1120,49,12,0,0,3111,2774,14267,10959,3248,60,14267,9694,8653,1041,208,157,51,0,0,0,0,0,138,438,313,3476,559,996,873,1110,391,569,1437,620,572,2417,1062,185,20742,449,0,0,28,38,0,106,35,458,22,135,144,144,59,505,2232,269,1039,2157,1710,5480,3561,1205,966,73270,96562,55672
California,6,San Mateo County,81,San Mateo CCD,92870,0600000US0608192870,608192870,"San Mateo CCD, San Mateo County, California",401895,184296,10094,5243,92915,4607,51934,52806,105990,19645,529,4736,816,169,48473,31622,205747,145415,59546,786,205747,132600,117265,15335,8292,2827,1212,4056,183,14,281,323,3449,4703,3175,52924,2268,11191,20433,25251,24294,10845,22161,5690,7543,11786,8889,2472,286738,7481,79,131,248,460,904,580,1045,3873,717,1365,1902,1617,1620,5010,29045,4261,11833,24764,16616,83812,55654,14309,19412,84019,99873,72553
California,6,San Mateo County,81,South San Francisco CCD,93170,0600000US0608193170,608193170,"South San Francisco CCD, San Mateo County, California",314785,98951,6307,2724,135442,3902,31124,36335,72322,15973,635,2342,1635,231,28426,23080,166591,102843,63100,648,166591,114162,96695,17467,16130,6052,7659,1807,612,0,803,496,916,3906,1837,28341,1618,8485,15418,21274,21929,8089,22915,4609,7593,13158,10269,2893,235673,6995,260,218,9,213,496,663,777,2569,386,1267,1656,1447,1420,5128,38979,5682,14029,30089,19531,69131,22074,7223,5431,62123,65383,59154
California,6,Santa Barbara County,83,Carpinteria CCD,90378,0600000US0608390378,608390378,"Carpinteria CCD, Santa Barbara County, California",18133,10650,148,261,685,0,3254,3135,7141,1333,4,261,27,0,2990,2526,8741,8049,683,9,8741,6278,5407,871,186,186,0,0,0,0,0,33,151,537,69,1487,364,1333,579,1017,1152,721,870,186,108,410,382,132,13439,194,0,0,24,60,199,74,44,205,0,237,277,44,87,216,1609,136,695,2260,634,3704,1808,368,564,49425,59683,39895
California,6,Santa Barbara County,83,Cuyama CCD,90630,0600000US0608390630,608390630,"Cuyama CCD, Santa Barbara County, California",1066,737,0,5,8,24,136,156,429,165,0,5,0,0,128,131,320,286,34,0,320,233,217,16,0,0,0,0,0,0,0,0,0,0,8,79,21,27,76,2,33,0,18,0,3,21,37,3,813,15,30,4,0,0,13,0,5,17,4,0,3,0,7,8,160,36,16,194,37,202,38,24,0,49135,53500,43583
California,6,Santa Barbara County,83,Guadalupe CCD,91200,0600000US0608391200,608391200,"Guadalupe CCD, Santa Barbara County, California",8727,2309,2,319,230,0,2391,3476,7717,1627,2,319,0,0,2391,3378,3123,2652,471,0,3123,2874,2366,508,65,65,0,0,0,0,0,0,0,48,9,127,108,208,276,640,518,540,243,36,47,195,97,88,4754,473,0,0,157,46,149,29,0,393,47,94,104,82,163,226,958,94,351,490,367,341,125,56,9,34762,34891,33750
California,6,Santa Barbara County,83,Lompoc CCD,91708,0600000US0608391708,608391708,"Lompoc CCD, Santa Barbara County, California",59743,29184,2397,1357,1853,119,10020,14813,31977,8002,305,1094,170,26,9831,12549,25218,24448,682,88,25218,21072,17405,3667,976,976,0,0,0,0,0,131,241,1036,153,1609,1293,3732,3895,2312,1999,1331,2572,670,814,2386,2156,449,38193,1290,111,0,117,141,223,223,219,1660,300,247,1155,651,1314,905,7691,1579,2789,6465,3955,4820,1828,341,169,36841,41695,31403
California,6,Santa Barbara County,83,Santa Barbara CCD,92890,0600000US0608392890,608392890,"Santa Barbara CCD, Santa Barbara County, California",189170,117717,3143,1985,14445,251,22799,28830,59444,14544,124,1732,353,77,21669,20945,91439,88256,2682,501,91439,61412,53630,7782,2211,2129,35,47,0,0,253,782,4298,5126,957,16400,3076,11384,21820,17396,9580,3611,2663,557,696,1786,1458,1012,119480,2503,0,58,37,212,657,201,127,2107,282,427,1030,470,977,2019,12602,1898,6029,16415,9205,35540,15407,5608,5669,41204,49024,33396
California,6,Santa Barbara County,83,Santa Maria CCD,92908,0600000US0608392908,608392908,"Santa Maria CCD, Santa Barbara County, California",144557,62294,1611,3852,6048,67,20559,50126,100011,29101,201,3470,238,6,20453,46542,62712,54027,8528,157,62712,56268,46016,10252,1060,1060,0,0,0,0,80,64,295,720,451,3774,1195,7743,12140,9438,6507,5722,7707,1050,1930,2723,2014,769,84770,4718,29,73,248,778,1253,753,357,7435,697,1202,2485,1001,1509,2613,15610,2050,5868,12247,7446,11346,3644,937,471,35171,40636,29262
California,6,Santa Barbara County,83,Solvang-Santa Ynez CCD,93065,0600000US0608393065,608393065,"Solvang-Santa Ynez CCD, Santa Barbara County, California",22579,18024,167,162,390,30,1264,2542,4693,1807,0,40,25,0,1247,1574,11291,10664,614,13,11291,8574,7482,1092,106,106,0,0,0,0,12,5,64,489,71,1970,544,1409,1296,1177,601,198,685,341,718,1716,277,359,17007,249,0,0,0,6,100,0,47,88,0,176,167,64,151,151,2469,182,1171,3075,2048,4278,1799,439,347,53351,59460,46487
California,6,Santa Clara County,85,Diablo Range CCD,90680,0600000US0608590680,608590680,"Diablo Range CCD, Santa Clara County, California",1476,890,11,22,225,0,148,180,389,50,0,22,5,0,136,176,734,623,111,0,734,448,413,35,0,0,0,0,0,0,0,0,23,3,7,253,0,10,78,68,143,41,51,18,9,41,10,12,1068,23,0,0,0,0,0,0,0,0,0,0,20,0,13,42,239,7,78,193,62,243,132,16,0,45521,54816,34609
California,6,Santa Clara County,85,Lexington Hills CCD,91602,0600000US0608591602,608591602,"Lexington Hills CCD, Santa Clara County, California",4650,3759,0,0,203,0,204,484,391,175,0,0,0,0,118,98,2415,2038,377,0,2415,1830,1574,256,54,54,0,0,0,0,0,19,0,29,3,480,12,9,134,241,146,161,364,227,133,314,85,109,3382,2,0,0,0,0,0,0,0,0,0,0,12,14,17,10,328,44,96,283,296,1091,892,127,170,91019,115938,76098
California,6,Santa Clara County,85,Llagas-Uvas CCD,91680,0600000US0608591680,608591680,"Llagas-Uvas CCD, Santa Clara County, California",5191,2819,71,23,376,0,312,1590,1481,252,0,23,0,0,149,1057,2474,2133,341,0,2474,1678,1437,241,46,46,0,0,0,0,0,17,0,84,30,619,9,94,137,139,109,111,292,41,115,327,224,257,3614,49,0,0,0,0,0,25,0,0,0,0,0,0,6,35,272,35,313,490,364,1352,469,115,89,82098,129831,61898
California,6,Santa Clara County,85,San Jose CCD,92830,0600000US0608592830,608592830,"San Jose CCD, Santa Clara County, California",1765222,568184,42085,13181,733222,7180,187761,213609,417380,80294,2210,10434,3364,486,179621,140971,908451,807302,99106,2043,908451,637756,558057,79699,25134,13942,1960,5885,3282,65,2256,1507,12691,19178,8812,201117,9517,39654,81952,123426,128805,53779,117328,19878,29064,53668,34553,15710,1246285,36705,407,900,798,1547,3556,2601,4385,16608,2930,8849,11003,7559,8888,25344,144336,19168,47381,114324,77849,354843,255025,36491,64788,75086,93857,59693
California,6,Santa Clara County,85,South Santa Clara Valley CCD,93175,0600000US0608593175,608593175,"South Santa Clara Valley CCD, Santa Clara County, California",119164,52487,3093,1350,14380,326,12465,35063,57730,14013,166,1301,212,64,11883,30091,54234,48997,5205,32,54234,43278,36733,6545,912,576,21,255,60,0,11,0,299,940,280,8514,1004,4205,5765,5188,3122,1437,4622,1853,2833,6612,6504,2575,78021,1905,7,25,83,183,403,258,268,2087,347,479,1198,951,681,1535,13920,2211,5331,12456,6846,17308,6884,1689,966,56846,68699,45982
California,6,Santa Clara County,85,West Santa Clara CCD,93660,0600000US0608593660,608593660,"West Santa Clara CCD, Santa Clara County, California",7594,3826,65,3,3287,0,55,358,261,82,0,0,0,0,32,147,3086,2875,211,0,3086,1708,1565,143,20,20,0,0,0,0,16,0,0,43,10,1289,0,79,109,455,299,147,216,31,240,171,21,29,5816,11,0,0,0,0,0,12,12,0,0,0,0,36,10,0,202,6,78,340,213,1929,1843,590,534,119088,189583,105393
California,6,Santa Cruz County,87,San Lorenzo Valley CCD,92850,0600000US0608792850,608792850,"San Lorenzo Valley CCD, Santa Cruz County, California",23193,19268,68,66,539,30,740,2482,3089,1267,0,53,0,0,607,1162,11853,8111,3742,0,11853,8592,7947,645,134,73,29,32,0,0,0,22,100,90,152,2763,417,523,418,629,975,416,1361,324,605,1635,1303,484,17538,69,0,0,129,0,0,0,27,80,4,11,50,33,51,181,2024,315,1315,3323,1521,5514,2153,326,412,62649,81341,45634
California,6,Santa Cruz County,87,Santa Cruz CCD,92900,0600000US0608792900,608792900,"Santa Cruz CCD, Santa Cruz County, California",157760,113317,1745,1002,10004,338,13118,18236,32035,8664,215,878,367,19,11878,10014,79388,66455,12732,201,79388,52786,47700,5086,1848,1815,16,12,5,0,84,457,2470,4596,874,16273,2358,7921,11788,11919,7997,1843,4621,1264,1965,5671,4282,1486,107736,1346,11,0,25,9,95,83,122,402,122,248,450,651,766,1457,11061,2031,5763,15926,10025,32115,15826,4716,4486,49912,61742,39104
California,6,Santa Cruz County,87,Summit Road CCD,93265,0600000US0608793265,608793265,"Summit Road CCD, Santa Cruz County, California",2930,2418,0,0,124,0,80,308,231,27,0,0,0,0,54,150,1537,822,705,10,1537,1053,894,159,0,0,0,0,0,0,0,0,0,22,19,443,31,58,45,38,198,61,318,19,106,105,99,16,2235,6,0,0,0,0,0,0,0,0,0,3,0,0,4,27,139,43,74,297,109,856,488,100,89,66047,79250,50250
California,6,Santa Cruz County,87,Watsonville CCD,93590,0600000US0608793590,608793590,"Watsonville CCD, Santa Cruz County, California",77692,28911,695,1561,1850,89,29617,14969,56799,11789,339,1476,237,58,29245,13655,33341,25879,7415,47,33341,28405,23659,4746,424,369,50,5,0,0,0,75,73,510,1247,2607,830,2417,4355,4267,5047,1773,4362,878,1213,2471,2150,971,48859,2174,0,12,298,347,1086,448,691,3388,474,541,1830,655,486,1504,9603,1503,3791,6848,3491,6166,2528,535,460,36162,41278,31269
California,6,Santa Cruz County,87,West Santa Cruz CCD,93665,0600000US0608793665,608793665,"West Santa Cruz CCD, Santa Cruz County, California",4446,3218,37,12,91,0,533,555,962,148,1,12,0,0,401,400,2219,1787,410,22,2219,1383,1133,250,34,34,0,0,0,0,0,8,0,239,34,521,73,206,51,171,373,137,175,34,28,176,108,166,3319,9,0,0,24,9,0,0,0,8,2,162,0,5,33,28,537,69,101,623,211,740,466,132,160,41741,54737,27964
California,6,Shasta County,89,Central Shasta CCD,90450,0600000US0608990450,608990450,"Central Shasta CCD, Shasta County, California",11746,9554,35,164,101,65,322,1505,1256,299,4,19,0,65,219,650,4350,3960,366,24,4350,3441,2932,509,36,36,0,0,0,0,0,57,0,132,52,632,74,200,376,538,330,291,654,245,246,431,91,242,9274,44,0,0,7,0,0,0,0,0,23,58,65,179,123,190,2341,329,1284,1907,898,1156,455,204,11,43685,48063,41557
California,6,Shasta County,89,East Shasta CCD,90820,0600000US0608990820,608990820,"East Shasta CCD, Shasta County, California",6833,5626,89,194,56,0,90,778,670,126,0,56,0,0,90,398,2150,1984,166,0,2150,1764,1511,253,4,4,0,0,0,0,0,0,0,188,1,193,298,478,231,96,212,133,198,67,7,48,99,90,5064,26,0,0,0,0,4,0,0,0,0,29,81,97,46,97,1389,322,567,1012,641,608,129,10,6,35909,47131,19207
California,6,Shasta County,89,Redding CCD,92568,0600000US0608992568,608992568,"Redding CCD, Shasta County, California",158478,126343,1471,2719,5971,361,4340,17273,18335,6154,19,439,115,132,3785,7691,66317,62394,3660,263,66317,58374,52602,5772,318,240,22,31,0,25,96,190,608,1111,269,5351,2448,9741,14991,13943,9066,2448,4024,275,468,1253,1154,1155,110986,1443,0,0,0,13,97,66,62,331,226,536,809,1012,1802,2517,24148,4487,10935,22763,13346,18118,5708,1758,809,41163,48692,35251
California,6,Shasta County,89,Sacramento Canyon CCD,92700,0600000US0608992700,608992700,"Sacramento Canyon CCD, Shasta County, California",1222,1096,7,3,6,0,41,69,134,56,0,0,0,0,38,40,341,257,84,0,341,270,245,25,13,13,0,0,0,0,0,0,0,0,0,58,19,62,31,15,36,26,26,15,0,13,15,25,1112,0,0,0,0,0,0,0,0,3,0,0,0,45,5,39,237,71,83,245,131,200,42,6,5,31725,41359,23523
California,6,Shasta County,89,Southwest Shasta CCD,93210,0600000US0608993210,608993210,"Southwest Shasta CCD, Shasta County, California",3275,2947,12,53,54,10,27,172,209,108,0,5,0,0,27,69,1276,1207,69,0,1276,1031,974,57,14,14,0,0,0,0,0,0,5,42,13,171,25,8,119,104,284,82,196,97,51,65,16,58,2551,54,0,2,0,0,0,0,0,0,0,11,0,31,20,36,593,95,129,522,272,446,194,111,35,45114,50000,43542
California,6,Sierra County,91,East Sierra CCD,90830,0600000US0609190830,609190830,"East Sierra CCD, Sierra County, California",2078,1880,0,37,0,0,120,41,222,34,0,37,0,0,120,31,758,445,151,162,758,631,569,62,0,0,0,0,0,0,0,0,0,16,7,104,125,67,74,55,18,22,55,60,0,44,80,54,1539,37,0,0,0,0,0,0,0,17,0,0,0,40,0,12,475,35,59,392,72,260,75,65,0,47174,56471,41786
California,6,Sierra County,91,West Sierra CCD,93680,0600000US0609193680,609193680,"West Sierra CCD, Sierra County, California",653,589,8,0,0,0,8,48,40,9,0,0,0,0,8,23,301,178,105,18,301,243,181,62,0,0,0,0,0,0,0,0,0,0,24,34,67,71,0,0,0,56,6,0,0,18,49,0,645,0,0,0,0,0,0,0,0,0,0,15,0,16,0,51,222,8,77,92,31,65,35,26,7,43542,50597,-666666666
California,6,Siskiyou County,93,Butte Valley CCD,90290,0600000US0609390290,609390290,"Butte Valley CCD, Siskiyou County, California",1768,1143,69,9,48,0,51,448,740,320,0,2,10,0,48,360,609,509,0,100,609,497,392,105,13,13,0,0,0,0,0,0,0,7,0,92,19,87,149,78,31,7,115,0,12,0,16,3,1213,43,0,0,22,0,41,31,11,63,0,34,32,21,28,70,321,39,138,102,86,92,22,13,4,26458,35985,20425
California,6,Siskiyou County,93,Dunsmuir CCD,90740,0600000US0609390740,609390740,"Dunsmuir CCD, Siskiyou County, California",2022,1587,44,25,43,0,41,282,245,69,13,0,0,0,41,122,765,708,49,8,765,659,535,124,0,0,0,0,0,0,0,0,0,34,4,68,45,111,87,161,103,68,2,10,4,27,79,0,1545,42,0,0,0,0,0,0,0,0,0,0,3,0,48,53,391,57,111,242,239,267,63,15,14,25739,27903,24031
California,6,Siskiyou County,93,Etna CCD,90920,0600000US0609390920,609390920,"Etna CCD, Siskiyou County, California",3358,2721,12,306,18,0,4,297,234,163,0,5,0,0,4,62,1333,1296,14,23,1333,1071,906,165,17,17,0,0,0,0,0,0,0,92,0,153,135,66,146,181,90,128,188,105,21,98,4,18,2599,3,0,0,0,0,0,0,0,0,0,2,21,44,91,9,741,54,247,381,339,401,156,37,73,36997,46271,29950
California,6,Siskiyou County,93,Fort Jones CCD,91040,0600000US0609391040,609391040,"Fort Jones CCD, Siskiyou County, California",1584,1355,0,74,8,6,23,118,172,108,0,0,0,6,17,41,624,542,0,82,624,527,468,59,0,0,0,0,0,0,0,0,0,19,0,78,103,139,34,29,62,11,26,13,0,6,91,32,1219,0,0,0,0,0,0,0,0,0,0,0,0,18,19,30,290,38,93,365,132,177,39,5,13,42557,65560,36875
California,6,Siskiyou County,93,Happy Camp CCD,91240,0600000US0609391240,609391240,"Happy Camp CCD, Siskiyou County, California",1508,946,0,220,90,0,25,227,161,45,0,6,2,0,21,87,522,488,15,19,522,328,263,65,61,61,0,0,0,0,0,0,5,53,0,75,83,114,23,12,13,23,49,0,4,69,48,9,1285,0,0,0,0,0,0,0,0,18,0,7,6,12,39,26,349,30,165,253,97,185,87,9,2,33698,35625,33207
California,6,Siskiyou County,93,Hornbrook-Hilt CCD,91340,0600000US0609391340,609391340,"Hornbrook-Hilt CCD, Siskiyou County, California",849,519,0,24,28,0,6,272,117,36,0,0,0,0,0,81,275,227,7,41,275,252,212,40,0,0,0,0,0,0,0,0,0,2,3,18,26,57,0,70,27,3,34,14,15,8,3,0,572,2,0,0,0,0,0,0,0,14,0,0,0,29,6,13,95,39,99,145,55,55,4,7,9,32625,36471,26742
California,6,Siskiyou County,93,McCloud-Medicine Lake CCD,91800,0600000US0609391800,609391800,"McCloud-Medicine Lake CCD, Siskiyou County, California",1145,945,9,34,12,6,4,135,67,22,0,10,0,0,4,31,390,375,15,0,390,347,292,55,0,0,0,0,0,0,0,0,13,4,0,26,100,69,2,36,51,12,14,0,0,22,54,4,902,22,0,0,0,0,0,0,0,0,6,0,9,7,6,35,233,35,65,174,109,167,17,17,0,34297,40893,32813
California,6,Siskiyou County,93,Montague CCD,92010,0600000US0609392010,609392010,"Montague CCD, Siskiyou County, California",4352,3564,66,175,27,9,63,448,453,277,0,6,0,0,38,132,1492,1355,45,92,1492,1371,1117,254,0,0,0,0,0,0,4,0,0,25,11,81,59,80,229,347,238,60,128,31,48,56,71,64,3088,13,0,5,17,4,13,0,0,7,0,6,14,36,60,74,938,100,309,668,356,347,92,20,9,33786,39005,30927
California,6,Siskiyou County,93,Mount Shasta CCD,92050,0600000US0609392050,609392050,"Mount Shasta CCD, Siskiyou County, California",7208,6102,63,61,120,149,84,629,497,122,0,46,0,0,84,245,2639,2429,180,30,2639,2040,1877,163,21,21,0,0,0,0,0,7,13,117,29,412,358,695,239,265,158,23,104,67,81,48,189,0,5495,96,0,0,0,0,0,0,7,0,0,0,0,0,0,82,785,149,465,1229,832,1348,324,129,49,37612,53662,24938
California,6,Siskiyou County,93,Tulelake CCD,93450,0600000US0609393450,609393450,"Tulelake CCD, Siskiyou County, California",1101,717,7,4,0,0,83,290,464,107,0,0,0,0,75,282,336,276,9,51,336,268,244,24,0,0,0,0,0,0,0,0,4,33,0,31,25,59,69,48,35,0,17,5,17,2,28,0,797,17,0,0,10,0,25,0,15,53,0,8,19,10,54,26,334,15,25,66,29,67,22,0,2,28750,30179,-666666666
California,6,Siskiyou County,93,Weed CCD,93600,0600000US0609393600,609393600,"Weed CCD, Siskiyou County, California",7607,5728,293,105,285,6,537,653,1309,482,0,9,0,0,522,296,2851,2659,151,41,2851,2348,2156,192,9,9,0,0,0,0,0,2,0,65,18,409,173,229,319,555,294,298,311,31,12,45,103,72,5638,73,0,0,0,0,0,0,18,79,9,29,92,68,60,41,1008,231,504,1056,910,891,470,71,28,34688,42682,28603
California,6,Siskiyou County,93,Yreka CCD,93810,0600000US0609393810,609393810,"Yreka CCD, Siskiyou County, California",11332,9493,173,383,30,0,157,1096,1298,540,1,102,0,0,125,530,4173,4040,48,85,4173,3847,3496,351,1,1,0,0,0,0,0,0,26,88,27,184,380,1416,752,492,189,30,328,76,71,102,41,112,7830,69,0,0,0,0,5,0,0,47,9,89,109,142,152,75,1801,300,771,1662,989,1073,378,137,22,36115,44986,30972
California,6,Solano County,95,Dixon CCD,90700,0600000US0609590700,609590700,"Dixon CCD, Solano County, California",23273,14920,301,39,904,15,4074,3020,9593,3791,0,36,0,12,3704,2050,11411,7648,3684,79,11411,10271,9379,892,21,21,0,0,0,0,0,8,2,86,86,937,427,1675,927,1107,2074,381,1029,543,398,1124,551,238,15058,648,0,27,19,0,24,65,46,233,14,396,195,213,130,249,3529,415,1273,2605,1228,2234,1057,356,102,46688,56210,45080
California,6,Solano County,95,Fairfield-Suisun City CCD,90950,0600000US0609590950,609590950,"Fairfield-Suisun City CCD, Solano County, California",155644,54809,24707,1017,27104,2285,20345,25377,48339,12453,637,510,397,478,19327,14537,72255,46422,25605,228,72255,61895,53840,8055,1035,582,75,189,10,179,120,112,264,1040,569,7220,1468,5726,9349,9161,6947,3227,7956,1241,2777,5335,7806,4042,103769,3168,40,41,48,115,455,199,184,1269,328,1073,1031,621,1267,2655,23814,2857,8761,17164,11330,18563,6485,1491,810,47607,54930,40818
California,6,Solano County,95,Rio Vista CCD,92610,0600000US0609592610,609592610,"Rio Vista CCD, Solano County, California",11119,7417,1074,6,675,0,1070,877,2789,1127,0,6,0,0,1052,604,3503,2237,1266,0,3503,3034,2707,327,0,0,0,0,0,0,0,0,0,121,43,305,60,250,549,157,51,142,410,104,173,819,342,141,9519,40,0,0,0,0,25,0,0,278,0,64,13,227,29,391,1270,260,766,1760,1281,1993,559,223,340,47536,51063,34615
California,6,Solano County,95,Vacaville CCD,93520,0600000US0609593520,609593520,"Vacaville CCD, Solano County, California",109712,64329,9234,982,11469,571,8916,14211,28313,12202,182,640,437,64,8308,6480,49398,37223,12081,94,49398,42262,38620,3642,261,148,10,61,0,42,30,85,165,573,203,5819,1610,5205,7322,6328,4992,1628,4345,1247,1437,3604,3305,2556,77233,959,20,7,45,45,278,124,89,401,75,388,483,664,1397,1602,15894,3021,6572,14961,8588,14844,4811,1426,539,54102,61840,46866
California,6,Solano County,95,Vallejo CCD,93530,0600000US0609593530,609593530,"Vallejo CCD, Solano County, California",151076,51230,22787,1421,31536,1503,20930,21669,41594,8384,495,1021,645,147,19016,11886,70281,35330,34885,66,70281,57427,48924,8503,2525,677,222,287,16,1323,24,244,123,852,912,8174,1256,4673,7213,6467,6551,3041,9366,1750,2235,6898,8210,4447,108391,2921,91,27,13,13,83,156,186,1186,315,871,807,1282,1165,3275,21967,3334,8488,18564,10416,23163,6990,1844,1234,49296,53720,44527
California,6,Sonoma County,97,Cloverdale-Geyserville CCD,90510,0600000US0609790510,609790510,"Cloverdale-Geyserville CCD, Sonoma County, California",13772,9548,158,188,177,15,1533,2153,4266,913,24,145,0,0,1510,1674,7093,6313,774,6,7093,5662,5196,466,32,28,0,0,4,0,0,0,11,249,52,1087,382,884,841,661,507,411,839,133,338,629,202,179,10635,382,0,7,0,22,70,43,79,329,4,46,172,84,106,367,1552,219,958,1605,958,2352,911,292,77,53170,55909,50363
California,6,Sonoma County,97,Healdsburg CCD,91270,0600000US0609791270,609791270,"Healdsburg CCD, Sonoma County, California",42830,29022,392,1220,697,122,5975,5402,13198,2487,41,788,26,0,5787,4069,21263,19689,1483,91,21263,17328,15503,1825,132,106,0,10,9,7,7,23,276,468,102,2927,795,2841,3418,3007,2914,1213,1618,339,305,531,817,538,30685,510,12,60,103,54,58,49,110,653,145,212,288,186,350,783,4872,607,1946,4985,2903,7591,2743,1038,427,51690,61258,41226
California,6,Sonoma County,97,Petaluma CCD,92460,0600000US0609792460,609792460,"Petaluma CCD, Sonoma County, California",129821,87807,2377,1481,6012,316,10850,20978,33424,7805,89,1062,239,25,10344,13860,66873,51896,14799,178,66873,53048,47574,5474,957,534,81,316,26,0,191,145,311,1521,638,10062,1576,5348,7943,7409,7150,3786,7191,1755,2149,5417,5226,1861,91956,1496,60,41,50,254,90,99,179,1251,139,342,618,620,772,1574,16153,1760,6627,15985,9111,22672,8109,2709,1245,52469,60253,45617
California,6,Sonoma County,97,Russian River-Sonoma Coast CCD,92682,0600000US0609792682,609792682,"Russian River-Sonoma Coast CCD, Sonoma County, California",22115,16983,188,243,421,140,1507,2633,2638,711,1,68,0,0,1207,651,10105,9451,639,15,10105,7037,6351,686,100,60,13,0,22,5,0,50,92,235,78,2513,563,448,425,974,786,629,1413,269,589,800,267,429,17905,84,9,0,13,0,14,16,27,116,6,47,37,51,51,297,2925,279,1274,2851,1448,4833,2206,723,598,49379,63515,41043
California,6,Sonoma County,97,Santa Rosa CCD,92940,0600000US0609792940,609792940,"Santa Rosa CCD, Sonoma County, California",210646,120387,3604,2677,12654,1143,42443,27738,74942,11249,287,2273,328,257,41557,18991,103891,95407,8243,241,103891,86906,75281,11625,1052,835,50,154,13,0,80,104,696,2376,1269,11408,2020,9791,19228,19607,13235,4763,10762,1228,1594,4176,3269,2810,150296,5138,40,33,69,357,731,373,608,3399,443,1315,1759,1326,1497,4455,24829,4601,10848,22522,14435,32025,12955,4752,1786,48049,52420,43030
California,6,Sonoma County,97,Sebastopol CCD,92980,0600000US0609792980,609792980,"Sebastopol CCD, Sonoma County, California",27322,21350,390,112,757,33,1980,2700,4185,885,42,103,68,0,1728,1359,12928,11405,1364,159,12928,9197,8351,846,108,24,0,42,0,42,0,17,89,435,215,2867,571,836,1314,1332,1256,1007,1926,277,129,440,453,520,20986,430,0,0,10,0,15,44,17,180,0,65,43,257,109,220,2722,404,1290,3360,1588,5616,2699,1380,537,51097,59625,42289
California,6,Sonoma County,97,Sonoma CCD,93070,0600000US0609793070,609793070,"Sonoma CCD, Sonoma County, California",39136,28384,437,265,821,24,4277,4928,10333,2221,0,265,21,0,4121,3705,17589,14161,3173,255,17589,13113,11892,1221,39,39,0,0,0,0,0,41,155,405,230,3606,497,2208,2261,1612,1365,565,1411,477,688,1005,1285,609,31238,415,0,15,0,94,56,80,115,638,81,83,111,149,61,921,4261,776,2021,5138,2634,8107,3657,1237,588,53711,58630,45625
California,6,Stanislaus County,99,Hughson CCD,91350,0600000US0609991350,609991350,"Hughson CCD, Stanislaus County, California",13754,9036,166,266,329,111,919,2927,4684,1010,0,191,45,101,915,2422,5786,4979,807,0,5786,5078,4709,369,10,10,0,0,0,0,0,5,2,73,70,548,174,633,420,603,1154,573,708,101,205,286,193,188,9151,106,0,0,0,0,157,0,0,226,0,173,166,173,138,132,2555,238,857,1442,902,1438,307,66,75,52915,61888,40559
California,6,Stanislaus County,99,Modesto CCD,91980,0600000US0609991980,609991980,"Modesto CCD, Stanislaus County, California",331864,155993,11545,4673,23156,2086,46710,87701,170597,43637,951,3375,911,280,45833,75610,136794,101041,35459,294,136794,122877,106504,16373,1265,1138,23,77,9,18,246,223,804,1386,811,9182,3890,11854,19241,20966,18231,7391,13182,3013,4469,7861,6679,10835,212117,9145,65,116,133,465,1088,836,968,7402,863,3045,2983,4076,4731,6869,56391,8392,16237,34040,16560,26201,7870,2712,929,41051,47389,34414
California,6,Stanislaus County,99,Newman CCD,92120,0600000US0609992120,609992120,"Newman CCD, Stanislaus County, California",14303,6281,100,15,619,0,2621,4667,9837,2628,0,0,48,0,2621,4540,6684,4124,2522,38,6684,5905,5203,702,0,0,0,0,0,0,0,0,0,209,6,564,179,685,370,460,1057,185,651,35,334,1068,550,546,9349,279,0,0,14,0,72,0,90,931,36,205,366,118,127,292,2851,496,428,1599,526,627,226,47,19,39403,46942,23636
California,6,Stanislaus County,99,Oakdale CCD,92210,0600000US0609992210,609992210,"Oakdale CCD, Stanislaus County, California",32516,22476,241,231,682,0,3111,5775,9835,2647,0,187,189,0,3014,3798,14277,10339,3871,67,14277,12975,11423,1552,12,12,0,0,0,0,0,55,0,354,13,868,928,1848,1269,825,1045,995,1859,351,553,1660,765,1311,21873,333,10,0,6,15,8,7,52,397,61,346,256,222,483,916,4924,590,2094,3873,2105,3263,1061,673,178,45689,56824,35662
California,6,Stanislaus County,99,Patterson CCD,92420,0600000US0609992420,609992420,"Patterson CCD, Stanislaus County, California",31713,11240,1330,323,1485,640,5373,11322,20784,5251,0,322,0,0,5102,10109,13444,7364,5900,180,13444,12079,10469,1610,6,0,0,6,0,0,0,27,13,47,136,1136,526,998,1503,673,834,386,1794,581,350,941,1390,2332,18485,1033,0,0,0,120,399,86,88,690,75,508,104,457,562,455,5325,604,1181,2693,1331,2029,553,141,51,42942,51743,35188
California,6,Stanislaus County,99,Salida CCD,92720,0600000US0609992720,609992720,"Salida CCD, Stanislaus County, California",20334,10969,350,142,1575,29,2911,4358,8888,2114,43,130,74,21,2883,3623,9476,6364,3112,0,9476,8728,7882,846,56,56,0,0,0,0,35,0,0,63,2,592,374,752,917,1688,1644,460,1267,61,245,339,569,568,13595,429,7,0,90,32,60,101,11,145,55,97,88,179,156,764,3422,417,752,2503,905,2475,500,305,102,46440,55690,32440
California,6,Stanislaus County,99,Turlock CCD,93460,0600000US0609993460,609993460,"Turlock CCD, Stanislaus County, California",88071,48726,1679,589,4463,373,18901,13340,38112,9096,43,522,16,74,18433,9928,38552,31030,7469,53,38552,33864,30980,2884,181,155,0,0,26,0,0,10,58,964,687,2788,1970,4886,5478,4830,4521,2108,4962,663,835,1676,1587,2248,55610,2037,30,5,75,108,132,249,214,2093,255,688,1006,737,866,2175,11555,1604,3890,8811,5160,9100,3392,822,606,42355,52614,32711
California,6,Stanislaus County,99,Waterford CCD,93580,0600000US0609993580,609993580,"Waterford CCD, Stanislaus County, California",16127,10484,261,105,511,115,1503,3148,7056,2854,0,81,119,0,1366,2636,6476,5547,929,0,6476,6095,5179,916,0,0,0,0,0,0,0,0,0,56,41,284,198,512,683,846,959,659,1026,44,65,416,271,513,10128,422,0,0,9,85,55,57,48,586,0,246,210,105,203,256,3272,223,1013,1285,703,961,299,65,25,36621,48897,28489
California,6,Stanislaus County,99,Westport CCD,93650,0600000US0609993650,609993650,"Westport CCD, Stanislaus County, California",3568,1409,2,92,212,0,498,1355,1994,195,1,79,0,0,498,1221,1492,1204,288,0,1492,1061,745,316,0,0,0,0,0,0,0,0,0,161,60,210,123,66,60,93,161,41,395,0,25,57,180,81,2277,104,0,0,0,9,8,52,18,155,19,59,94,52,106,1,518,98,211,313,104,203,129,0,24,26719,31923,23526
California,6,Sutter County,101,Live Oak CCD,91650,0600000US0610191650,610191650,"Live Oak CCD, Sutter County, California",10892,4976,33,267,1858,208,1749,1801,4446,992,13,222,125,0,1717,1377,4238,2231,1993,14,4238,3631,3184,447,1,1,0,0,0,0,0,0,0,135,67,404,159,260,446,777,488,255,608,7,77,322,296,139,7217,328,0,0,0,0,148,63,96,277,0,219,168,244,120,278,1702,158,635,1075,702,733,183,82,6,33266,42389,23761
California,6,Sutter County,101,Meridian-Robbins CCD,91970,0600000US0610191970,610191970,"Meridian-Robbins CCD, Sutter County, California",1236,934,7,2,0,5,161,127,489,272,0,0,0,0,113,104,475,222,253,0,475,403,361,42,5,5,0,0,0,0,0,0,0,28,2,37,45,30,56,55,48,24,61,11,13,16,49,30,827,0,0,0,0,0,0,2,0,47,0,31,16,55,78,10,196,13,66,59,86,136,26,3,3,47750,47321,48250
California,6,Sutter County,101,South Sutter CCD,93180,0600000US0610193180,610193180,"South Sutter CCD, Sutter County, California",2372,1631,38,79,64,47,88,425,412,49,1,62,0,0,88,212,972,493,479,0,972,730,658,72,1,0,1,0,0,0,0,0,0,44,5,192,123,63,43,68,51,57,159,26,63,77,31,19,1607,73,0,0,0,0,0,2,0,1,0,6,11,46,26,58,346,46,160,291,193,236,83,14,15,55000,54511,58571
California,6,Sutter County,101,Sutter CCD,93290,0600000US0610193290,610193290,"Sutter CCD, Sutter County, California",3066,2406,1,93,127,17,16,406,521,208,0,24,0,0,16,273,1375,775,598,2,1375,1288,1219,69,0,0,0,0,0,0,0,0,0,2,0,85,16,67,242,212,266,94,127,0,49,79,99,39,2272,0,0,0,0,0,0,0,0,6,0,0,8,22,61,32,738,28,231,453,172,363,110,48,0,55726,70625,45699
California,6,Sutter County,101,Yuba City CCD,93820,0600000US0610193820,610193820,"Yuba City CCD, Sutter County, California",78929,38036,1626,1100,15048,74,10395,12650,25444,6319,122,604,299,12,9400,8688,33326,20089,13092,145,33326,30131,25130,5001,350,350,0,0,0,0,0,32,97,303,257,2156,767,4929,6131,4511,2572,828,2322,721,951,3474,2943,1021,51549,2943,0,0,18,221,219,188,383,568,311,1007,809,1072,784,2520,10520,2010,4264,8027,4883,7126,2521,722,433,37603,45160,31893
California,6,Sutter County,101,Yuba City Southwest CCD,93825,0600000US0610193825,610193825,"Yuba City Southwest CCD, Sutter County, California",2476,1829,9,60,204,8,117,249,749,414,0,20,0,0,117,198,1107,659,448,0,1107,962,793,169,9,9,0,0,0,0,0,0,0,26,32,78,21,29,166,187,124,7,70,63,63,100,155,44,1796,32,0,0,0,0,0,0,0,15,0,25,65,6,5,91,308,37,235,379,252,283,63,0,0,46951,54821,34250
California,6,Tehama County,103,Corning CCD,90580,0600000US0610390580,610390580,"Corning CCD, Tehama County, California",14320,7770,32,35,435,11,3011,3026,7448,1748,0,29,0,0,2899,2772,5773,4084,1677,12,5773,5125,4414,711,17,17,0,0,0,0,0,0,16,96,12,507,468,1158,789,609,352,58,715,302,209,282,183,141,9236,314,0,0,0,132,121,112,17,228,22,141,191,86,101,422,2643,187,874,1326,894,895,478,40,12,36775,42670,28898
California,6,Tehama County,103,East Tehama CCD,90840,0600000US0610390840,610390840,"East Tehama CCD, Tehama County, California",3451,2211,22,0,41,0,573,604,1362,272,6,0,0,0,562,522,1187,992,174,21,1187,923,837,86,0,0,0,0,0,0,0,0,0,34,41,189,31,112,179,33,97,75,226,0,0,53,66,126,2536,39,0,0,11,0,95,0,39,0,39,51,24,25,26,33,829,26,121,559,273,151,143,52,0,28102,34130,25095
California,6,Tehama County,103,Red Bluff CCD,92560,0600000US0610392560,610392560,"Red Bluff CCD, Tehama County, California",43541,32027,482,1142,659,82,2861,6288,9002,2112,7,424,17,30,2541,3871,16255,12373,3710,172,16255,14169,12580,1589,18,0,10,0,0,8,0,32,0,247,115,1674,740,2067,2646,2334,1833,622,2047,257,589,697,316,433,30151,674,0,20,12,0,0,152,45,227,109,286,297,464,589,676,7440,954,2705,6011,3341,4464,1028,510,147,41856,48925,37844
California,6,Tehama County,103,West Tehama CCD,93690,0600000US0610393690,610393690,"West Tehama CCD, Tehama County, California",4208,3406,35,49,64,0,297,357,646,54,17,30,11,0,272,262,1473,1065,408,0,1473,1225,1140,85,0,0,0,0,0,0,0,5,0,30,53,160,52,196,177,116,78,1,181,146,127,175,36,28,3011,58,0,0,15,0,0,2,0,45,0,11,11,65,26,112,662,188,320,697,252,442,55,50,0,46857,47634,41179
California,6,Trinity County,105,Hayfork CCD,91250,0600000US0610591250,610591250,"Hayfork CCD, Trinity County, California",3849,2879,0,171,305,0,204,290,259,0,0,0,0,0,204,55,771,771,0,0,771,477,353,124,0,0,0,0,0,0,0,0,12,0,0,282,0,188,41,9,59,0,0,0,93,37,0,62,3153,0,0,0,0,0,0,0,0,0,0,146,81,0,0,65,1897,0,124,278,71,300,136,0,55,47823,48488,46211
California,6,Trinity County,105,Mad River CCD,91860,0600000US0610591860,610591860,"Mad River CCD, Trinity County, California",1196,1095,8,25,0,0,12,56,64,25,0,0,0,0,12,27,456,434,22,0,456,357,357,0,12,12,0,0,0,0,0,0,1,12,10,64,18,3,134,55,51,0,57,12,0,24,6,32,977,0,0,0,0,0,0,0,0,0,0,6,0,9,0,4,311,33,139,303,64,70,13,25,0,34070,39896,32431
California,6,Trinity County,105,Northwest Trinity CCD,92202,0600000US0610592202,610592202,"Northwest Trinity CCD, Trinity County, California",2608,1949,114,94,18,1,43,389,71,15,0,0,3,1,42,10,918,707,211,0,918,554,528,26,0,0,0,0,0,0,0,80,0,4,1,279,3,18,86,307,46,12,81,3,0,32,0,51,1806,0,0,0,0,0,0,0,0,0,0,7,10,8,21,0,697,121,5,391,190,263,78,12,3,33548,34083,28628
California,6,Trinity County,105,Weaverville CCD,93595,0600000US0610593595,610593595,"Weaverville CCD, Trinity County, California",8233,6859,25,54,65,83,587,560,542,147,1,13,0,0,69,312,2814,2387,423,4,2814,1969,1855,114,62,62,0,0,0,0,0,7,0,27,88,661,88,231,359,360,129,21,368,0,205,267,121,4,6360,12,0,0,0,0,0,0,0,0,12,31,82,21,99,29,1750,164,221,1976,699,531,394,150,189,40167,38542,40488
California,6,Tulare County,107,Dinuba CCD,90690,0600000US0610790690,610790690,"Dinuba CCD, Tulare County, California",35996,14822,174,363,468,0,12887,7282,29530,9564,12,313,40,0,12653,6948,13480,8357,4962,161,13480,12689,10836,1853,16,6,10,0,0,0,10,7,0,158,62,538,680,1681,1560,2118,1633,882,2038,195,627,1076,231,221,20258,1159,0,34,55,263,274,247,273,1154,94,264,643,185,294,568,4619,610,1874,2667,1898,1988,715,303,77,33097,35904,30616
California,6,Tulare County,107,Earlimart CCD,90760,0600000US0610790760,610790760,"Earlimart CCD, Tulare County, California",13125,2553,46,24,712,0,4750,5040,12042,2252,17,3,0,0,4750,5020,4454,2485,1968,1,4454,4270,2778,1492,0,0,0,0,0,0,0,0,6,79,0,99,213,334,252,514,804,120,1258,98,236,167,310,49,6738,494,0,8,151,113,166,153,72,1345,37,280,206,242,110,183,1641,113,109,855,223,174,63,0,0,23212,27750,20762
California,6,Tulare County,107,Exeter CCD,90940,0600000US0610790940,610790940,"Exeter CCD, Tulare County, California",27028,12876,38,241,367,22,7930,5554,18302,4998,22,179,17,0,7876,5210,10453,9605,817,31,10453,9813,8545,1268,13,13,0,0,0,0,0,15,15,124,38,435,511,1548,1187,1982,1910,885,990,56,246,349,231,123,16630,1225,2,24,7,99,212,47,309,785,112,244,159,259,378,460,4373,635,1419,2267,1489,1504,500,101,20,30951,34575,27994
California,6,Tulare County,107,Ivanhoe CCD,91420,0600000US0610791420,610791420,"Ivanhoe CCD, Tulare County, California",7307,3125,0,142,29,19,2844,1148,5140,1233,0,80,0,11,2844,972,2912,2470,419,23,2912,2526,2175,351,92,92,0,0,0,0,0,1,7,3,17,266,273,182,258,421,573,211,212,197,34,147,65,73,4234,463,0,29,11,96,55,19,10,409,0,137,15,115,91,48,1034,109,157,565,340,408,86,11,26,35508,36130,29221
California,6,Tulare County,107,Lindsay CCD,91640,0600000US0610791640,610791640,"Lindsay CCD, Tulare County, California",17324,4186,82,237,167,28,7900,4724,14768,1944,31,223,0,0,7869,4701,6248,5321,878,49,6248,5679,4585,1094,0,0,0,0,0,0,0,0,0,176,78,315,220,644,494,629,698,299,1341,292,194,285,547,290,10574,1169,0,74,105,144,169,75,99,654,154,168,412,222,94,240,2807,444,920,1086,724,504,199,79,32,30877,32804,25520
California,6,Tulare County,107,Orosi-Cutler CCD,92290,0600000US0610792290,610792290,"Orosi-Cutler CCD, Tulare County, California",17712,4179,344,258,823,0,10229,1879,15907,3421,305,203,9,0,10215,1754,5713,4387,1092,234,5713,5364,4080,1284,23,23,0,0,0,0,0,14,0,22,56,234,165,442,541,691,702,530,915,128,296,507,512,50,10056,677,0,0,193,316,559,291,452,1234,138,156,351,152,290,296,1754,269,265,1142,872,525,88,10,26,22974,27292,18699
California,6,Tulare County,107,Pixley CCD,92480,0600000US0610792480,610792480,"Pixley CCD, Tulare County, California",6961,1363,219,0,144,0,2726,2509,6038,841,0,0,0,0,2726,2471,2552,1796,756,0,2552,2369,1749,620,0,0,0,0,0,0,0,0,0,69,0,114,132,397,270,322,324,52,344,50,144,243,135,25,3537,220,0,0,0,32,69,46,109,614,52,15,304,29,160,66,1018,48,116,446,46,120,27,0,0,30982,40758,22654
California,6,Tulare County,107,Porterville CCD,92520,0600000US0610792520,610792520,"Porterville CCD, Tulare County, California",77834,28180,579,1544,2250,413,27004,17864,56461,12062,97,1026,163,110,26854,16149,29456,26199,3239,18,29456,27980,22535,5445,76,76,0,0,0,0,0,14,16,450,135,785,844,6075,5269,5025,1778,539,2007,839,723,2683,1938,951,45350,2513,2,121,101,211,750,227,265,2751,309,1057,1799,852,1621,1803,10342,1573,2265,6806,3353,4133,1898,376,222,30382,33956,26840
California,6,Tulare County,107,Springville-Johnsondale CCD,93220,0600000US0610793220,610793220,"Springville-Johnsondale CCD, Tulare County, California",5597,3610,3,763,131,50,250,790,1634,733,0,92,0,0,246,563,1974,1812,162,0,1974,1699,1429,270,0,0,0,0,0,0,0,1,0,34,0,240,163,203,75,271,260,169,229,66,35,124,44,95,3752,31,0,0,0,0,3,0,3,23,79,29,126,52,77,42,689,203,238,555,510,660,275,121,36,35265,35644,32969
California,6,Tulare County,107,Strathmore CCD,93260,0600000US0610793260,610793260,"Strathmore CCD, Tulare County, California",7052,3094,23,21,106,0,2338,1470,5086,1396,0,0,0,0,2336,1354,2172,1915,241,16,2172,1957,1540,417,13,13,0,0,0,0,0,33,0,9,8,152,24,64,401,250,154,180,289,81,181,186,63,147,4241,152,0,8,5,33,17,86,86,220,214,39,70,107,194,272,1116,48,105,792,195,313,130,35,4,30206,37777,23741
California,6,Tulare County,107,Terra Bella CCD,93330,0600000US0610793330,610793330,"Terra Bella CCD, Tulare County, California",6408,2859,18,36,32,0,2389,1074,4267,804,0,0,0,0,2389,1074,2141,1766,375,0,2141,1935,1369,566,3,3,0,0,0,0,0,0,0,0,0,203,19,177,143,441,402,101,158,29,77,107,278,6,3983,309,0,0,0,27,191,0,0,97,24,189,80,119,117,79,1132,200,229,610,326,233,21,0,0,27339,28480,27087
California,6,Tulare County,107,Tipton CCD,93360,0600000US0610793360,610793360,"Tipton CCD, Tulare County, California",6696,2842,11,32,0,0,2065,1746,5789,1953,0,25,0,0,2065,1746,2573,2367,206,0,2573,2326,1991,335,3,3,0,0,0,0,0,0,0,132,33,79,275,347,301,352,426,186,260,32,73,101,121,20,3556,237,0,0,93,45,17,68,36,632,24,178,216,41,214,82,783,63,135,310,232,136,11,3,0,34054,36881,22479
California,6,Tulare County,107,Tulare CCD,93430,0600000US0610793430,610793430,"Tulare CCD, Tulare County, California",77683,36596,1864,740,1992,116,17873,18502,48939,13787,184,533,20,10,17354,17051,30671,25968,4662,41,30671,28340,25384,2956,140,113,0,0,27,0,10,0,74,316,209,1582,1345,3641,6057,3926,4209,1927,3901,447,530,1366,1097,643,44624,1894,0,0,29,173,298,338,313,1752,284,712,913,785,1327,1967,12294,1475,3703,7241,4115,3266,1038,532,175,37881,45207,31179
California,6,Tulare County,107,Visalia CCD,93560,0600000US0610793560,610793560,"Visalia CCD, Tulare County, California",155654,76354,3566,2332,9361,68,33915,30058,81826,20659,299,1892,270,22,33135,25549,66748,56577,9914,257,66748,60311,52270,8041,175,153,0,0,22,0,6,95,139,727,411,4884,2198,8539,14106,11168,6246,3728,4074,962,1706,5526,2727,884,98514,4244,11,34,200,106,237,233,330,1483,340,1143,1312,1211,1487,2361,21471,4081,7481,17451,11287,13747,6140,1564,560,42350,48809,35512
California,6,Tulare County,107,Woodlake-Three Rivers CCD,93780,0600000US0610793780,610793780,"Woodlake-Three Rivers CCD, Tulare County, California",13397,6205,169,435,178,20,4483,1907,8521,2099,13,376,0,0,4455,1578,4974,4746,212,16,4974,4247,3517,730,57,57,0,0,0,0,0,0,0,56,24,590,347,457,418,422,427,359,897,203,110,594,104,46,8697,473,0,0,71,61,57,67,37,416,73,294,313,86,288,280,1574,280,463,1250,727,1181,519,120,67,32257,34947,28265
California,6,Tuolumne County,109,East Sonora-Phoenix Lake CCD,90835,0600000US0610990835,610990835,"East Sonora-Phoenix Lake CCD, Tuolumne County, California",14140,12336,75,83,127,124,261,1134,1400,461,54,0,0,103,261,521,5308,4600,708,0,5308,4482,3906,576,22,22,0,0,0,0,0,16,0,0,19,769,106,370,833,714,730,336,352,14,159,297,273,355,11166,88,0,0,0,0,0,0,2,0,0,27,25,140,224,94,2498,408,1305,2427,884,2214,563,223,44,44016,52263,36813
California,6,Tuolumne County,109,Groveland CCD,91190,0600000US0610991190,610991190,"Groveland CCD, Tuolumne County, California",5175,4108,45,44,122,2,317,537,568,119,0,16,0,0,172,261,1767,1141,569,57,1767,1596,1432,164,0,0,0,0,0,0,0,14,0,48,11,98,60,183,288,96,40,49,140,31,48,242,233,259,4264,88,0,0,0,0,0,0,0,0,17,0,18,47,75,43,679,199,419,1037,554,726,286,52,24,42380,49541,36789
California,6,Tuolumne County,109,Sonora CCD,93080,0600000US0610993080,610993080,"Sonora CCD, Tuolumne County, California",18944,14793,728,474,252,129,633,1935,3231,916,7,279,6,0,542,1481,6517,5541,976,0,6517,5609,5152,457,15,15,0,0,0,0,32,0,6,272,2,581,377,1242,1122,1002,624,36,410,124,94,129,354,422,14278,142,0,0,0,0,0,19,0,19,36,41,151,155,570,187,3213,731,1867,3150,1546,1589,629,162,71,36902,45433,34555
California,6,Tuolumne County,109,Twain Harte-Tuolumne City CCD,93470,0600000US0610993470,610993470,"Twain Harte-Tuolumne City CCD, Tuolumne County, California",16614,14072,102,367,210,10,664,1189,2051,693,8,134,19,0,578,619,6660,5762,885,13,6660,5246,4727,519,16,16,0,0,0,0,2,0,0,381,31,984,431,490,875,1150,612,292,419,71,118,147,465,606,12214,99,0,0,0,0,32,0,0,0,6,8,102,65,55,142,2208,596,1187,2982,1277,2177,1017,187,74,38418,44019,32835
California,6,Ventura County,111,Camarillo CCD,90350,0600000US0611190350,611190350,"Camarillo CCD, Ventura County, California",72293,46785,2339,602,6964,199,4226,11178,22629,9943,297,371,77,12,3875,8054,34104,30279,3770,55,34104,27381,25483,1898,194,126,0,68,0,0,0,51,135,882,202,5259,482,3807,4725,5458,4644,2056,3369,447,457,1328,1147,925,50250,550,11,0,169,30,115,57,20,505,65,120,219,278,242,653,7575,920,2878,8580,5332,13244,5799,1311,1577,55434,68818,41900
California,6,Ventura County,111,Fillmore CCD,90988,0600000US0611190988,611190988,"Fillmore CCD, Ventura County, California",20938,11824,88,60,332,0,3840,4794,15329,7294,0,60,61,0,3813,4101,10180,8567,1539,74,10180,8785,7664,1121,93,72,10,11,0,0,0,31,22,242,60,947,318,707,832,782,740,891,1949,274,535,1195,446,564,14041,348,0,29,32,164,129,56,37,769,104,206,324,186,425,362,3521,391,832,1963,1941,1631,455,118,18,40638,49453,36471
California,6,Ventura County,111,Las Posas CCD,91560,0600000US0611191560,611191560,"Las Posas CCD, Ventura County, California",3813,2362,101,21,76,16,449,788,1848,704,0,21,0,0,417,706,1929,1735,188,6,1929,1402,1204,198,0,0,0,0,0,0,0,0,0,83,11,433,132,134,190,124,227,164,242,15,7,157,67,37,2748,104,0,0,0,0,16,33,6,203,4,0,0,17,12,21,445,51,168,497,322,490,239,106,14,51413,57703,37569
California,6,Ventura County,111,Los Padres CCD,91770,0600000US0611191770,611191770,"Los Padres CCD, Ventura County, California",484,388,0,0,14,0,33,49,61,13,0,0,0,0,33,15,209,149,59,1,209,173,159,14,0,0,0,0,0,0,0,0,0,0,0,36,0,8,10,32,23,18,7,12,14,20,29,0,427,0,19,0,0,0,0,0,0,0,5,6,0,18,7,0,84,61,64,58,47,24,16,17,1,41964,50417,26711
California,6,Ventura County,111,Moorpark CCD,92020,0600000US0611192020,611192020,"Moorpark CCD, Ventura County, California",37181,23353,1023,331,2500,25,2596,7353,12295,3929,0,312,75,0,2540,5439,18364,13951,4387,26,18364,14821,13350,1471,39,0,0,39,0,0,0,12,45,176,56,3215,480,1019,1714,2184,2230,1338,2050,441,716,1327,1081,569,25299,541,20,11,0,30,38,55,44,474,43,53,370,65,207,367,3268,703,1824,3160,2778,7479,2679,635,455,55324,61360,48579
California,6,Ventura County,111,Ojai-Mira Monte CCD,92245,0600000US0611192245,611192245,"Ojai-Mira Monte CCD, Ventura County, California",28936,23380,91,233,827,63,1389,2953,6072,2771,8,170,0,15,1339,1769,12102,11004,1065,33,12102,8755,7567,1188,122,101,5,0,0,16,0,0,172,531,135,2387,338,1373,1433,1102,919,1012,922,334,331,829,764,358,22205,368,0,0,0,19,123,0,61,153,3,49,155,226,294,757,3931,803,1528,2783,2353,4879,2341,796,583,42039,51996,32634
California,6,Ventura County,111,Oxnard CCD,92310,0600000US0611192310,611192310,"Oxnard CCD, Ventura County, California",236396,91847,4438,7473,14295,574,36363,81406,177110,56764,630,6996,356,173,35773,76418,110935,101488,9358,89,110935,100059,83641,16418,528,474,2,52,0,0,185,108,441,1563,581,7470,1367,5550,11136,12632,11582,38637,10537,1100,2266,3483,3215,1960,151812,8380,47,211,227,801,1873,1192,1408,13810,1125,1954,3539,2934,2344,4970,34817,3044,7717,19892,11281,20595,7192,1436,1023,36411,40102,32840
California,6,Ventura County,111,Santa Paula CCD,92930,0600000US0611192930,611192930,"Santa Paula CCD, Ventura County, California",33721,20763,443,445,396,18,5474,6182,26452,15088,1,393,30,0,5166,5774,15041,13870,1168,3,15041,13568,11052,2516,86,86,0,0,0,0,0,21,31,439,85,811,202,1438,1250,1598,1700,1921,2858,488,863,1084,460,368,21264,1080,0,19,107,66,383,147,181,1635,217,269,814,927,571,807,4082,399,1329,3100,1922,2114,851,160,84,36324,40537,31941
California,6,Ventura County,111,Simi Valley CCD,93020,0600000US0611193020,611193020,"Simi Valley CCD, Ventura County, California",131247,83808,1802,1008,13843,328,11297,19161,34528,9876,70,777,460,63,10654,12628,66729,45140,21258,331,66729,53563,47895,5668,496,211,133,152,0,0,29,267,160,398,309,11507,1002,4785,7748,6179,5691,5255,8018,2187,3236,5684,3734,1703,93891,1701,7,19,32,79,379,125,77,745,254,260,938,808,840,2215,16057,2279,7397,13970,10209,23369,8936,2072,1123,57418,69278,46652
California,6,Ventura County,111,Thousand Oaks CCD,93350,0600000US0611193350,611193350,"Thousand Oaks CCD, Ventura County, California",156249,107401,3286,911,16287,159,7173,21032,28657,7955,107,778,180,11,5615,14011,73988,53664,20053,271,73988,54935,49674,5261,361,225,38,82,16,0,100,118,270,1160,850,16194,1761,6307,10392,10734,6882,3766,4675,1456,1477,4243,4275,1826,111444,1004,0,61,9,27,233,143,187,530,103,279,327,545,784,1257,14056,1481,5916,15040,11729,33344,15644,4916,3829,62254,79849,47840
California,6,Ventura County,111,Triunfo Pass-Point Mugu CCD,93422,0600000US0611193422,611193422,"Triunfo Pass-Point Mugu CCD, Ventura County, California",2005,1513,44,0,242,0,0,206,157,34,0,0,0,0,0,123,768,508,248,12,768,524,510,14,0,0,0,0,0,0,0,0,0,0,24,220,0,33,48,51,85,0,50,27,48,27,83,96,1565,0,0,0,0,0,0,0,0,0,0,0,0,17,10,15,133,4,111,145,63,426,362,237,42,68828,101310,46875
California,6,Ventura County,111,Ventura CCD,93550,0600000US0611193550,611193550,"Ventura CCD, Ventura County, California",114996,77750,1797,1190,4788,186,9546,19739,42378,17461,306,1072,91,36,9056,14356,56270,48062,8046,162,56270,45117,41280,3837,991,813,20,55,0,103,17,223,400,999,570,7953,1344,5058,9064,8139,5561,3976,5076,1057,1850,3075,2883,1234,83250,1565,37,9,0,123,219,92,268,845,86,273,857,654,908,1875,12124,2271,6075,12740,8673,20756,8566,2747,1487,49482,56599,44674
California,6,Yolo County,113,Clarksburg CCD,90500,0600000US0611390500,611390500,"Clarksburg CCD, Yolo County, California",1506,1311,0,0,61,0,65,69,629,538,0,0,0,0,65,26,687,234,453,0,687,600,491,109,0,0,0,0,0,0,0,0,54,0,0,33,31,64,80,65,47,29,156,9,88,9,0,76,984,57,0,0,0,0,0,33,0,34,0,0,86,0,0,48,107,6,44,176,96,161,39,47,50,-666666666,54333,24323
California,6,Yolo County,113,Davis CCD,90640,0600000US0611390640,611390640,"Davis CCD, Yolo County, California",78326,43943,1872,702,19717,290,3015,8787,12890,5134,185,455,493,22,2581,4020,35735,27247,8368,120,35735,19606,18185,1421,1675,1434,48,190,3,0,0,62,4653,1534,353,7852,486,3590,5845,5186,3827,1670,2926,796,786,854,964,953,39315,253,0,11,0,21,57,14,33,164,59,100,105,28,259,346,2373,499,954,3324,1650,12368,8144,3521,5032,32845,38177,25204
California,6,Yolo County,113,East Yolo CCD,90850,0600000US0611390850,611390850,"East Yolo CCD, Yolo County, California",54605,27914,2101,525,7208,232,6905,9720,18507,5409,31,280,341,30,6399,6017,26267,13218,12836,213,26267,19696,17251,2445,281,270,0,11,0,0,0,89,194,620,441,4946,686,1673,3276,4319,3840,1423,2517,552,614,947,986,488,34949,1149,8,33,88,57,220,24,46,645,34,432,404,288,462,954,5971,985,2288,6044,3017,7371,2455,1286,688,49214,53956,45948
California,6,Yolo County,113,Esparto CCD,90910,0600000US0611390910,611390910,"Esparto CCD, Yolo County, California",5965,4155,421,37,126,0,414,812,2467,1466,0,15,0,0,353,633,2612,1786,813,13,2612,2090,1878,212,72,11,0,61,0,0,0,0,0,241,14,195,55,531,151,231,195,112,436,51,131,211,134,179,3953,175,0,12,0,0,0,0,30,85,0,44,0,26,66,128,997,66,330,869,277,530,204,44,70,42033,51286,29776
California,6,Yolo County,113,Knights Landing CCD,91500,0600000US0611391500,611391500,"Knights Landing CCD, Yolo County, California",4037,2357,27,89,82,0,819,663,2210,894,0,35,0,0,819,462,1689,1280,409,0,1689,1305,1210,95,0,0,0,0,0,0,0,0,0,190,0,194,118,36,107,193,415,60,172,108,58,121,100,7,2732,21,0,0,0,0,29,0,0,174,18,118,23,42,79,160,649,27,117,425,219,466,143,22,0,38060,53780,23827
California,6,Yolo County,113,Winters CCD,93770,0600000US0611393770,611393770,"Winters CCD, Yolo County, California",9098,5558,102,0,134,11,1714,1579,3886,857,10,0,0,0,1705,1314,4695,3003,1692,0,4695,3687,3473,214,0,0,0,0,0,0,0,0,22,0,278,708,357,604,565,658,366,212,429,129,102,232,153,180,6125,303,0,0,0,0,30,12,0,183,40,26,40,8,43,90,1098,234,449,919,695,1103,575,51,226,48994,58846,44500
California,6,Yolo County,113,Woodland CCD,93790,0600000US0611393790,611393790,"Woodland CCD, Yolo County, California",64245,34111,1353,699,5117,402,9062,13501,31758,11330,286,375,43,41,8884,10799,29804,22340,7443,21,29804,25004,22159,2845,456,404,37,15,0,0,24,32,259,212,253,3564,551,3879,4862,4061,2803,1579,3562,779,979,1416,1057,712,42221,1351,0,15,42,70,254,158,63,1175,82,576,523,190,822,1219,8569,1271,3085,6403,3517,7770,3113,896,1057,45892,52265,39131
California,6,Yuba County,115,East Yuba-Beale AFB CCD,90855,0600000US0611590855,611590855,"East Yuba-Beale AFB CCD, Yuba County, California",5741,3360,229,203,993,34,171,751,876,141,54,100,24,0,171,386,2849,2150,686,13,2849,2459,2007,452,28,28,0,0,0,0,0,0,0,128,21,213,34,434,825,388,319,23,241,57,53,54,131,77,3313,208,0,0,0,0,0,0,0,0,0,17,13,32,52,133,822,52,250,616,534,378,155,15,36,32034,31317,35083
California,6,Yuba County,115,Linda CCD,91610,0600000US0611591610,611591610,"Linda CCD, Yuba County, California",22979,11118,907,600,2477,7,2631,5239,8937,2728,91,527,90,0,2383,3118,8271,3498,4764,9,8271,7374,6443,931,95,95,0,0,0,0,0,0,8,60,87,647,217,583,875,1445,916,241,750,409,545,885,527,231,13410,502,0,11,0,22,23,64,0,275,50,97,151,261,460,429,2864,662,1606,2497,1299,1423,545,51,118,40644,50539,33515
California,6,Yuba County,115,Marysville CCD,91900,0600000US0611591900,611591900,"Marysville CCD, Yuba County, California",13220,8887,404,92,834,56,973,1974,3052,881,0,15,16,56,880,1204,5216,2432,2784,0,5216,4748,4307,441,30,30,0,0,0,0,0,0,0,39,63,336,127,636,871,721,367,279,449,101,197,696,287,149,8401,226,13,12,0,0,19,0,0,40,0,93,79,135,147,411,1676,279,795,2029,1111,757,313,169,97,37632,50867,35247
California,6,Yuba County,115,Marysville Northeast CCD,91908,0600000US0611591908,611591908,"Marysville Northeast CCD, Yuba County, California",6816,5342,76,60,65,11,282,980,1034,313,0,44,7,0,282,388,2774,1131,1643,0,2774,2390,2195,195,0,0,0,0,0,0,0,20,0,18,68,278,45,50,185,231,286,345,259,184,269,178,307,157,5643,168,0,0,0,0,0,0,0,85,0,26,15,11,165,387,1509,130,480,974,514,705,388,68,18,41034,68486,35556
California,6,Yuba County,115,Olivehurst CCD,92250,0600000US0611592250,611592250,"Olivehurst CCD, Yuba County, California",26812,15659,1419,342,1877,125,3082,4308,9757,3636,10,131,30,0,3040,2910,12160,5409,6646,105,12160,10917,9475,1442,5,5,0,0,0,0,0,22,31,154,0,1031,114,651,607,1286,1010,1137,1645,476,939,1732,979,553,16591,784,0,56,0,0,49,85,21,119,39,272,227,227,374,368,3967,932,1787,2558,1656,2179,648,75,168,49801,61387,40813
California,6,Yuba County,115,Wheatland CCD,93720,0600000US0611593720,611593720,"Wheatland CCD, Yuba County, California",4363,3193,1,13,69,3,280,804,972,343,0,13,0,0,269,347,1840,579,1242,19,1840,1621,1433,188,4,4,0,0,0,0,0,0,0,31,0,184,102,10,101,161,302,109,291,86,66,200,199,29,2963,88,0,0,0,0,3,0,0,6,0,40,0,25,31,82,612,129,411,563,369,448,144,12,0,54870,54098,56587
California,6,Yuba County,115,Yuba Foothills CCD,93830,0600000US0611593830,611593830,"Yuba Foothills CCD, Yuba County, California",3148,2669,39,25,47,44,18,306,259,56,0,0,0,0,18,185,1008,560,330,118,1008,769,715,54,5,5,0,0,0,0,0,8,0,59,4,163,56,8,96,113,35,0,111,159,43,69,111,44,2617,25,0,0,0,0,0,0,0,0,9,0,11,77,119,151,615,95,139,480,332,392,109,41,22,42946,42308,55323