Label (Grouping),Median income (dollars)
"Census Tract 1011.10, Los Angeles County, California",
    Households,
        Estimate,"63,534"
        Margin of Error,"±16,806"
    Families,
        Estimate,"77,159"
        Margin of Error,"±15,560"
    Married-couple families,
        Estimate,"93,952"
        Margin of Error,"±16,301"
    Nonfamily households,
        Estimate,"46,250"
        Margin of Error,"±13,514"
"Census Tract 1011.22, Los Angeles County, California",
    Households,
        Estimate,"90,389"
        Margin of Error,"±9,796"
    Families,
        Estimate,"98,214"
        Margin of Error,"±16,791"
    Married-couple families,
        Estimate,"103,125"
        Margin of Error,"±39,711"
    Nonfamily households,
        Estimate,"62,262"
        Margin of Error,"±22,671"
"Census Tract 1012.10, Los Angeles County, California",
    Households,
        Estimate,"44,083"
        Margin of Error,"±9,483"
    Families,
        Estimate,"40,313"
        Margin of Error,"±11,384"
    Married-couple families,
        Estimate,"47,471"
        Margin of Error,"±4,876"
    Nonfamily households,
        Estimate,"29,659"
        Margin of Error,"±18,145"
"Census Tract 1012.20, Los Angeles County, California",
    Households,
        Estimate,"43,713"
        Margin of Error,"±4,639"
    Families,
        Estimate,"53,750"
        Margin of Error,"±23,968"
    Married-couple families,
        Estimate,"75,350"
        Margin of Error,"±22,310"
    Nonfamily households,
        Estimate,"26,625"
        Margin of Error,"±13,571"
"Census Tract 1013, Los Angeles County, California",
    Households,
        Estimate,"81,776"
        Margin of Error,"±11,857"
    Families,
        Estimate,"99,444"
        Margin of Error,"±27,671"
    Married-couple families,
        Estimate,"121,936"
        Margin of Error,"±7,956"
    Nonfamily households,
        Estimate,"34,811"
        Margin of Error,"±14,716"
"Census Tract 1014, Los Angeles County, California",
    Households,
        Estimate,"75,139"
        Margin of Error,"±27,397"
    Families,
        Estimate,"82,188"
        Margin of Error,"±23,099"
    Married-couple families,
        Estimate,"88,047"
        Margin of Error,"±20,906"
    Nonfamily households,
        Estimate,"31,488"
        Margin of Error,"±21,663"
"Census Tract 1021.03, Los Angeles County, California",
    Households,
        Estimate,"76,833"
        Margin of Error,"±8,001"
    Families,
        Estimate,"81,250"
        Margin of Error,"±8,665"
    Married-couple families,
        Estimate,"87,426"
        Margin of Error,"±13,613"
    Nonfamily households,
        Estimate,"48,472"
        Margin of Error,"±16,512"
"Census Tract 1021.04, Los Angeles County, California",
    Households,
        Estimate,"80,789"
        Margin of Error,"±19,810"
    Families,
        Estimate,"99,375"
        Margin of Error,"±23,601"
    Married-couple families,
        Estimate,"106,591"
        Margin of Error,"±12,197"
    Nonfamily households,
        Estimate,"47,143"
        Margin of Error,"±23,130"
"Census Tract 1021.05, Los Angeles County, California",
    Households,
        Estimate,"57,614"
        Margin of Error,"±24,013"
    Families,
        Estimate,"65,833"
        Margin of Error,"±30,074"
    Married-couple families,
        Estimate,"85,391"
        Margin of Error,"±32,795"
    Nonfamily households,
        Estimate,"51,583"
        Margin of Error,"±22,401"
"Census Tract 1021.07, Los Angeles County, California",
    Households,
        Estimate,"109,375"
        Margin of Error,"±16,677"
    Families,
        Estimate,"110,733"
        Margin of Error,"±17,650"
    Married-couple families,
        Estimate,"128,611"
        Margin of Error,"±22,138"
    Nonfamily households,
        Estimate,"84,375"
        Margin of Error,"±69,891"
"Census Tract 1031.01, Los Angeles County, California",
    Households,
        Estimate,"99,875"
        Margin of Error,"±17,773"
    Families,
        Estimate,"121,169"
        Margin of Error,"±12,672"
    Married-couple families,
        Estimate,"126,250"
        Margin of Error,"±12,084"
    Nonfamily households,
        Estimate,"43,088"
        Margin of Error,"±21,485"
"Census Tract 1031.02, Los Angeles County, California",
    Households,
        Estimate,"75,276"
        Margin of Error,"±7,472"
    Families,
        Estimate,"78,235"
        Margin of Error,"±9,161"
    Married-couple families,
        Estimate,"85,434"
        Margin of Error,"±9,144"
    Nonfamily households,
        Estimate,"53,221"
        Margin of Error,"±26,992"
"Census Tract 1032, Los Angeles County, California",
    Households,
        Estimate,"84,286"
        Margin of Error,"±27,588"
    Families,
        Estimate,"100,076"
        Margin of Error,"±16,630"
    Married-couple families,
        Estimate,"110,636"
        Margin of Error,"±8,821"
    Nonfamily households,
        Estimate,"37,696"
        Margin of Error,"±18,432"
"Census Tract 1033, Los Angeles County, California",
    Households,
        Estimate,"105,909"
        Margin of Error,"±38,437"
    Families,
        Estimate,"148,409"
        Margin of Error,"±36,879"
    Married-couple families,
        Estimate,"165,268"
        Margin of Error,"±37,951"
    Nonfamily households,
        Estimate,"54,079"
        Margin of Error,"±9,048"
"Census Tract 1034, Los Angeles County, California",
    Households,
        Estimate,"89,926"
        Margin of Error,"±23,543"
    Families,
        Estimate,"110,586"
        Margin of Error,"±10,567"
    Married-couple families,
        Estimate,"116,250"
        Margin of Error,"±42,244"
    Nonfamily households,
        Estimate,"46,168"
        Margin of Error,"±22,965"
"Census Tract 1041.03, Los Angeles County, California",
    Households,
        Estimate,"97,543"
        Margin of Error,"±40,104"
    Families,
        Estimate,"99,050"
        Margin of Error,"±17,708"
    Married-couple families,
        Estimate,"106,818"
        Margin of Error,"±12,978"
    Nonfamily households,
        Estimate,"39,211"
        Margin of Error,"±13,600"
"Census Tract 1041.05, Los Angeles County, California",
    Households,
        Estimate,"54,960"
        Margin of Error,"±9,370"
    Families,
        Estimate,"60,908"
        Margin of Error,"±8,392"
    Married-couple families,
        Estimate,"70,231"
        Margin of Error,"±16,658"
    Nonfamily households,
        Estimate,"35,712"
        Margin of Error,"±16,335"
"Census Tract 1041.08, Los Angeles County, California",
    Households,
        Estimate,"51,875"
        Margin of Error,"±8,807"
    Families,
        Estimate,"51,690"
        Margin of Error,"±7,839"
    Married-couple families,
        Estimate,"78,510"
        Margin of Error,"±19,324"
    Nonfamily households,
        Estimate,"23,056"
        Margin of Error,"±20,042"
"Census Tract 1041.24, Los Angeles County, California",
    Households,
        Estimate,"77,885"
        Margin of Error,"±13,046"
    Families,
        Estimate,"95,750"
        Margin of Error,"±24,192"
    Married-couple families,
        Estimate,"105,588"
        Margin of Error,"±20,877"
    Nonfamily households,
        Estimate,"31,563"
        Margin of Error,"±30,878"
"Census Tract 1042.01, Los Angeles County, California",
    Households,
        Estimate,"60,129"
        Margin of Error,"±10,223"
    Families,
        Estimate,"63,295"
        Margin of Error,"±13,840"
    Married-couple families,
        Estimate,"70,690"
        Margin of Error,"±14,566"
    Nonfamily households,
        Estimate,"20,441"
        Margin of Error,"±5,783"
"Census Tract 1042.03, Los Angeles County, California",
    Households,
        Estimate,"49,609"
        Margin of Error,"±11,898"
    Families,
        Estimate,"48,516"
        Margin of Error,"±15,138"
    Married-couple families,
        Estimate,"57,107"
        Margin of Error,"±11,518"
    Nonfamily households,
        Estimate,-
        Margin of Error,**
"Census Tract 1042.04, Los Angeles County, California",
    Households,
        Estimate,"59,000"
        Margin of Error,"±17,579"
    Families,
        Estimate,"53,636"
        Margin of Error,"±9,245"
    Married-couple families,
        Estimate,"80,435"
        Margin of Error,"±15,080"
    Nonfamily households,
        Estimate,-
        Margin of Error,**
"Census Tract 1043.10, Los Angeles County, California",
    Households,
        Estimate,"74,940"
        Margin of Error,"±13,087"
    Families,
        Estimate,"75,000"
        Margin of Error,"±9,878"
    Married-couple families,
        Estimate,"81,779"
        Margin of Error,"±16,794"
    Nonfamily households,
        Estimate,"40,417"
        Margin of Error,"±14,746"
"Census Tract 1043.20, Los Angeles County, California",
    Households,
        Estimate,"56,021"
        Margin of Error,"±4,136"
    Families,
        Estimate,"62,750"
        Margin of Error,"±12,409"
    Married-couple families,
        Estimate,"64,771"
        Margin of Error,"±11,329"
    Nonfamily households,
        Estimate,"11,475"
        Margin of Error,"±1,144"
"Census Tract 1044.01, Los Angeles County, California",
    Households,
        Estimate,"69,000"
        Margin of Error,"±18,732"
    Families,
        Estimate,"70,114"
        Margin of Error,"±10,752"
    Married-couple families,
        Estimate,"75,517"
        Margin of Error,"±10,033"
    Nonfamily households,
        Estimate,"22,813"
        Margin of Error,"±16,106"
"Census Tract 1044.03, Los Angeles County, California",
    Households,
        Estimate,"60,804"
        Margin of Error,"±20,306"
    Families,
        Estimate,"62,337"
        Margin of Error,"±19,260"
    Married-couple families,
        Estimate,"60,163"
        Margin of Error,"±27,646"
    Nonfamily households,
        Estimate,-
        Margin of Error,**
"Census Tract 1044.04, Los Angeles County, California",
    Households,
        Estimate,"56,974"
        Margin of Error,"±11,673"
    Families,
        Estimate,"55,375"
        Margin of Error,"±17,632"
    Married-couple families,
        Estimate,"58,380"
        Margin of Error,"±11,762"
    Nonfamily households,
        Estimate,"31,375"
        Margin of Error,"±27,570"
"Census Tract 1045, Los Angeles County, California",
    Households,
        Estimate,"64,229"
        Margin of Error,"±11,735"
    Families,
        Estimate,"68,512"
        Margin of Error,"±12,885"
    Married-couple families,
        Estimate,"69,375"
        Margin of Error,"±19,212"
    Nonfamily households,
        Estimate,"27,750"
        Margin of Error,"±21,668"
"Census Tract 1046.10, Los Angeles County, California",
    Households,
        Estimate,"61,359"
        Margin of Error,"±6,411"
    Families,
        Estimate,"62,563"
        Margin of Error,"±9,766"
    Married-couple families,
        Estimate,"68,594"
        Margin of Error,"±7,985"
    Nonfamily households,
        Estimate,-
        Margin of Error,**
"Census Tract 1046.20, Los Angeles County, California",
    Households,
        Estimate,"64,648"
        Margin of Error,"±5,641"
    Families,
        Estimate,"64,688"
        Margin of Error,"±7,107"
    Married-couple families,
        Estimate,"75,441"
        Margin of Error,"±20,332"
    Nonfamily households,
        Estimate,-
        Margin of Error,**
"Census Tract 1047.01, Los Angeles County, California",
    Households,
        Estimate,"35,357"
        Margin of Error,"±6,270"
    Families,
        Estimate,"35,491"
        Margin of Error,"±6,966"
    Married-couple families,
        Estimate,"43,426"
        Margin of Error,"±5,446"
    Nonfamily households,
        Estimate,"15,417"
        Margin of Error,"±8,580"
"Census Tract 1047.03, Los Angeles County, California",
    Households,
        Estimate,"41,875"
        Margin of Error,"±14,155"
    Families,
        Estimate,"47,716"
        Margin of Error,"±11,702"
    Married-couple families,
        Estimate,"48,707"
        Margin of Error,"±9,551"
    Nonfamily households,
        Estimate,-
        Margin of Error,**
"Census Tract 1047.04, Los Angeles County, California",
    Households,
        Estimate,"43,338"
        Margin of Error,"±4,949"
    Families,
        Estimate,"43,247"
        Margin of Error,"±5,703"
    Married-couple families,
        Estimate,"48,220"
        Margin of Error,"±12,024"
    Nonfamily households,
        Estimate,"24,677"
        Margin of Error,"±12,023"
"Census Tract 1048.10, Los Angeles County, California",
    Households,
        Estimate,"74,149"
        Margin of Error,"±6,780"
    Families,
        Estimate,"72,675"
        Margin of Error,"±10,034"
    Married-couple families,
        Estimate,"68,781"
        Margin of Error,"±19,406"
    Nonfamily households,
        Estimate,-
        Margin of Error,**
"Census Tract 1048.21, Los Angeles County, California",
    Households,
        Estimate,"70,231"
        Margin of Error,"±16,006"
    Families,
        Estimate,"63,194"
        Margin of Error,"±11,976"
    Married-couple families,
        Estimate,"71,389"
        Margin of Error,"±8,890"
    Nonfamily households,
        Estimate,-
        Margin of Error,**
"Census Tract 1048.22, Los Angeles County, California",
    Households,
        Estimate,"60,515"
        Margin of Error,"±15,613"
    Families,
        Estimate,"60,990"
        Margin of Error,"±8,522"
    Married-couple families,
        Estimate,"64,688"
        Margin of Error,"±19,704"
    Nonfamily households,
        Estimate,"14,844"
        Margin of Error,"±14,197"
"Census Tract 1060.10, Los Angeles County, California",
    Households,
        Estimate,"89,946"
        Margin of Error,"±11,880"
    Families,
        Estimate,"91,576"
        Margin of Error,"±13,185"
    Married-couple families,
        Estimate,"116,042"
        Margin of Error,"±34,537"
    Nonfamily households,
        Estimate,"66,389"
        Margin of Error,"±17,994"
"Census Tract 1060.20, Los Angeles County, California",
    Households,
        Estimate,"79,703"
        Margin of Error,"±19,811"
    Families,
        Estimate,"83,281"
        Margin of Error,"±26,188"
    Married-couple families,
        Estimate,"96,500"
        Margin of Error,"±32,418"
    Nonfamily households,
        Estimate,"78,910"
        Margin of Error,"±35,938"
"Census Tract 1061.11, Los Angeles County, California",
    Households,
        Estimate,"95,288"
        Margin of Error,"±17,929"
    Families,
        Estimate,"112,188"
        Margin of Error,"±20,284"
    Married-couple families,
        Estimate,"113,608"
        Margin of Error,"±8,693"
    Nonfamily households,
        Estimate,"52,250"
        Margin of Error,"±30,012"
"Census Tract 1061.12, Los Angeles County, California",
    Households,
        Estimate,"95,625"
        Margin of Error,"±10,484"
    Families,
        Estimate,"96,118"
        Margin of Error,"±14,736"
    Married-couple families,
        Estimate,"108,233"
        Margin of Error,"±12,455"
    Nonfamily households,
        Estimate,"79,375"
        Margin of Error,"±29,820"
"Census Tract 1061.13, Los Angeles County, California",
    Households,
        Estimate,"96,667"
        Margin of Error,"±18,643"
    Families,
        Estimate,"98,750"
        Margin of Error,"±23,000"
    Married-couple families,
        Estimate,"107,566"
        Margin of Error,"±42,795"
    Nonfamily households,
        Estimate,"53,958"
        Margin of Error,"±17,627"
"Census Tract 1061.14, Los Angeles County, California",
    Households,
        Estimate,"58,194"
        Margin of Error,"±10,061"
    Families,
        Estimate,"49,975"
        Margin of Error,"±16,022"
    Married-couple families,
        Estimate,"66,875"
        Margin of Error,"±9,456"
    Nonfamily households,
        Estimate,"58,750"
        Margin of Error,"±14,745"
"Census Tract 1064.03, Los Angeles County, California",
    Households,
        Estimate,"72,604"
        Margin of Error,"±11,794"
    Families,
        Estimate,"75,417"
        Margin of Error,"±13,553"
    Married-couple families,
        Estimate,"77,083"
        Margin of Error,"±10,399"
    Nonfamily households,
        Estimate,-
        Margin of Error,**
"Census Tract 1064.05, Los Angeles County, California",
    Households,
        Estimate,"59,352"
        Margin of Error,"±9,915"
    Families,
        Estimate,"56,280"
        Margin of Error,"±16,591"
    Married-couple families,
        Estimate,"60,625"
        Margin of Error,"±19,926"
    Nonfamily households,
        Estimate,"57,500"
        Margin of Error,"±14,696"
"Census Tract 1064.06, Los Angeles County, California",
    Households,
        Estimate,"85,115"
        Margin of Error,"±7,757"
    Families,
        Estimate,"87,802"
        Margin of Error,"±7,581"
    Married-couple families,
        Estimate,"104,844"
        Margin of Error,"±29,698"
    Nonfamily households,
        Estimate,"68,750"
        Margin of Error,"±40,025"
"Census Tract 1064.07, Los Angeles County, California",
    Households,
        Estimate,"34,327"
        Margin of Error,"±11,980"
    Families,
        Estimate,"43,662"
        Margin of Error,"±5,279"
    Married-couple families,
        Estimate,"52,689"
        Margin of Error,"±8,537"
    Nonfamily households,
        Estimate,"15,938"
        Margin of Error,"±7,403"
"Census Tract 1064.08, Los Angeles County, California",
    Households,
        Estimate,"60,199"
        Margin of Error,"±13,377"
    Families,
        Estimate,"60,795"
        Margin of Error,"±4,445"
    Married-couple families,
        Estimate,"61,522"
        Margin of Error,"±10,748"
    Nonfamily households,
        Estimate,"38,438"
        Margin of Error,"±33,522"
"Census Tract 1065.10, Los Angeles County, California",
    Households,
        Estimate,"85,521"
        Margin of Error,"±26,927"
    Families,
        Estimate,"105,000"
        Margin of Error,"±25,187"
    Married-couple families,
        Estimate,"106,953"
        Margin of Error,"±13,468"
    Nonfamily households,
        Estimate,-
        Margin of Error,**
"Census Tract 1065.20, Los Angeles County, California",
    Households,
        Estimate,"63,924"
        Margin of Error,"±7,795"
    Families,
        Estimate,"63,725"
        Margin of Error,"±10,153"
    Married-couple families,
        Estimate,"83,864"
        Margin of Error,"±22,313"
    Nonfamily households,
        Estimate,"20,446"
        Margin of Error,"±7,399"
"Census Tract 1066.03, Los Angeles County, California",
    Households,
        Estimate,"112,404"
        Margin of Error,"±11,166"
    Families,
        Estimate,"109,732"
        Margin of Error,"±10,230"
    Married-couple families,
        Estimate,"119,306"
        Margin of Error,"±25,340"
    Nonfamily households,
        Estimate,"98,750"
        Margin of Error,"±29,000"
"Census Tract 1066.04, Los Angeles County, California",
    Households,
        Estimate,"60,350"
        Margin of Error,"±7,074"
    Families,
        Estimate,"63,438"
        Margin of Error,"±8,685"
    Married-couple families,
        Estimate,"64,129"
        Margin of Error,"±20,327"
    Nonfamily households,
        Estimate,"35,000"
        Margin of Error,"±26,067"
"Census Tract 1066.41, Los Angeles County, California",
    Households,
        Estimate,"110,357"
        Margin of Error,"±13,551"
    Families,
        Estimate,"120,956"
        Margin of Error,"±15,994"
    Married-couple families,
        Estimate,"129,896"
        Margin of Error,"±53,528"
    Nonfamily households,
        Estimate,"78,750"
        Margin of Error,"±32,788"
"Census Tract 1066.42, Los Angeles County, California",
    Households,
        Estimate,"109,063"
        Margin of Error,"±14,678"
    Families,
        Estimate,"118,125"
        Margin of Error,"±17,255"
    Married-couple families,
        Estimate,"126,333"
        Margin of Error,"±21,300"
    Nonfamily households,
        Estimate,"50,096"
        Margin of Error,"±24,921"
"Census Tract 1066.43, Los Angeles County, California",
    Households,
        Estimate,"164,125"
        Margin of Error,"±19,513"
    Families,
        Estimate,"174,150"
        Margin of Error,"±13,370"
    Married-couple families,
        Estimate,"176,369"
        Margin of Error,"±12,288"
    Nonfamily households,
        Estimate,"74,737"
        Margin of Error,"±39,449"
"Census Tract 1066.45, Los Angeles County, California",
    Households,
        Estimate,"113,940"
        Margin of Error,"±12,063"
    Families,
        Estimate,"127,572"
        Margin of Error,"±19,763"
    Married-couple families,
        Estimate,"133,750"
        Margin of Error,"±17,856"
    Nonfamily households,
        Estimate,-
        Margin of Error,**
"Census Tract 1066.46, Los Angeles County, California",
    Households,
        Estimate,"110,734"
        Margin of Error,"±5,738"
    Families,
        Estimate,"118,542"
        Margin of Error,"±15,335"
    Married-couple families,
        Estimate,"133,958"
        Margin of Error,"±22,938"
    Nonfamily households,
        Estimate,"81,875"
        Margin of Error,"±42,125"
"Census Tract 1066.48, Los Angeles County, California",
    Households,
        Estimate,"68,426"
        Margin of Error,"±9,815"
    Families,
        Estimate,"68,219"
        Margin of Error,"±7,427"
    Married-couple families,
        Estimate,"76,991"
        Margin of Error,"±19,995"
    Nonfamily households,
        Estimate,-
        Margin of Error,**
"Census Tract 1066.49, Los Angeles County, California",
    Households,
        Estimate,"87,039"
        Margin of Error,"±15,593"
    Families,
        Estimate,"91,667"
        Margin of Error,"±12,878"
    Married-couple families,
        Estimate,"97,065"
        Margin of Error,"±28,673"
    Nonfamily households,
        Estimate,-
        Margin of Error,**
"Census Tract 1070.10, Los Angeles County, California",
    Households,
        Estimate,"69,934"
        Margin of Error,"±9,952"
    Families,
        Estimate,"70,813"
        Margin of Error,"±17,749"
    Married-couple families,
        Estimate,"76,250"
        Margin of Error,"±20,365"
    Nonfamily households,
        Estimate,-
        Margin of Error,**
"Census Tract 1070.20, Los Angeles County, California",
    Households,
        Estimate,"84,289"
        Margin of Error,"±10,352"
    Families,
        Estimate,"83,137"
        Margin of Error,"±9,365"
    Married-couple families,
        Estimate,"88,393"
        Margin of Error,"±17,787"
    Nonfamily households,
        Estimate,"49,375"
        Margin of Error,"±29,029"
"Census Tract 1081.01, Los Angeles County, California",
    Households,
        Estimate,"121,563"
        Margin of Error,"±23,994"
    Families,
        Estimate,"129,375"
        Margin of Error,"±26,478"
    Married-couple families,
        Estimate,"143,424"
        Margin of Error,"±20,847"
    Nonfamily households,
        Estimate,-
        Margin of Error,**
"Census Tract 1081.02, Los Angeles County, California",
    Households,
        Estimate,"100,938"
        Margin of Error,"±24,626"
    Families,
        Estimate,"108,672"
        Margin of Error,"±20,086"
    Married-couple families,
        Estimate,"116,875"
        Margin of Error,"±23,911"
    Nonfamily households,
        Estimate,"43,750"
        Margin of Error,"±40,798"
"Census Tract 1081.03, Los Angeles County, California",
    Households,
        Estimate,"146,932"
        Margin of Error,"±26,285"
    Families,
        Estimate,"147,386"
        Margin of Error,"±21,038"
    Married-couple families,
        Estimate,"151,250"
        Margin of Error,"±29,662"
    Nonfamily households,
        Estimate,-
        Margin of Error,**
"Census Tract 1081.04, Los Angeles County, California",
    Households,
        Estimate,"152,321"
        Margin of Error,"±18,571"
    Families,
        Estimate,"161,250"
        Margin of Error,"±38,645"
    Married-couple families,
        Estimate,"179,688"
        Margin of Error,"±34,019"
    Nonfamily households,
        Estimate,-
        Margin of Error,**
"Census Tract 1082.01, Los Angeles County, California",
    Households,
        Estimate,"129,688"
        Margin of Error,"±12,399"
    Families,
        Estimate,"142,813"
        Margin of Error,"±20,003"
    Married-couple families,
        Estimate,"143,281"
        Margin of Error,"±20,728"
    Nonfamily households,
        Estimate,"109,028"
        Margin of Error,"±65,175"
"Census Tract 1082.02, Los Angeles County, California",
    Households,
        Estimate,"97,188"
        Margin of Error,"±43,930"
    Families,
        Estimate,"146,797"
        Margin of Error,"±20,514"
    Married-couple families,
        Estimate,"150,500"
        Margin of Error,"±17,177"
    Nonfamily households,
        Estimate,"49,643"
        Margin of Error,"±27,563"
"Census Tract 1091, Los Angeles County, California",
    Households,
        Estimate,"67,750"
        Margin of Error,"±23,269"
    Families,
        Estimate,"94,375"
        Margin of Error,"±14,082"
    Married-couple families,
        Estimate,"95,662"
        Margin of Error,"±13,809"
    Nonfamily households,
        Estimate,"30,357"
        Margin of Error,"±7,141"
"Census Tract 1092, Los Angeles County, California",
    Households,
        Estimate,"117,857"
        Margin of Error,"±6,216"
    Families,
        Estimate,"119,541"
        Margin of Error,"±4,177"
    Married-couple families,
        Estimate,"133,088"
        Margin of Error,"±22,393"
    Nonfamily households,
        Estimate,"104,125"
        Margin of Error,"±53,754"
"Census Tract 1093, Los Angeles County, California",
    Households,
        Estimate,"86,316"
        Margin of Error,"±7,829"
    Families,
        Estimate,"85,263"
        Margin of Error,"±8,960"
    Married-couple families,
        Estimate,"87,007"
        Margin of Error,"±17,293"
    Nonfamily households,
        Estimate,-
        Margin of Error,**
"Census Tract 1094, Los Angeles County, California",
    Households,
        Estimate,"82,215"
        Margin of Error,"±9,679"
    Families,
        Estimate,"94,500"
        Margin of Error,"±11,967"
    Married-couple families,
        Estimate,"107,176"
        Margin of Error,"±14,551"
    Nonfamily households,
        Estimate,"42,989"
        Margin of Error,"±21,451"
"Census Tract 1095, Los Angeles County, California",
    Households,
        Estimate,"33,387"
        Margin of Error,"±12,815"
    Families,
        Estimate,"34,421"
        Margin of Error,"±11,531"
    Married-couple families,
        Estimate,"32,038"
        Margin of Error,"±19,057"
    Nonfamily households,
        Estimate,-
        Margin of Error,**
"Census Tract 1096.01, Los Angeles County, California",
    Households,
        Estimate,"93,778"
        Margin of Error,"±8,664"
    Families,
        Estimate,"95,114"
        Margin of Error,"±13,952"
    Married-couple families,
        Estimate,"94,408"
        Margin of Error,"±27,659"
    Nonfamily households,
        Estimate,"63,452"
        Margin of Error,"±41,248"
"Census Tract 1096.03, Los Angeles County, California",
    Households,
        Estimate,"56,970"
        Margin of Error,"±15,640"
    Families,
        Estimate,"65,797"
        Margin of Error,"±5,943"
    Married-couple families,
        Estimate,"66,395"
        Margin of Error,"±24,676"
    Nonfamily households,
        Estimate,"35,786"
        Margin of Error,"±26,549"
"Census Tract 1096.04, Los Angeles County, California",
    Households,
        Estimate,"92,500"
        Margin of Error,"±19,997"
    Families,
        Estimate,"100,972"
        Margin of Error,"±7,123"
    Married-couple families,
        Estimate,"105,865"
        Margin of Error,"±12,993"
    Nonfamily households,
        Estimate,"28,611"
        Margin of Error,"±20,630"
"Census Tract 1097, Los Angeles County, California",
    Households,
        Estimate,"101,709"
        Margin of Error,"±8,063"
    Families,
        Estimate,"112,760"
        Margin of Error,"±21,905"
    Married-couple families,
        Estimate,"127,824"
        Margin of Error,"±23,498"
    Nonfamily households,
        Estimate,"74,102"
        Margin of Error,"±27,614"
"Census Tract 1098, Los Angeles County, California",
    Households,
        Estimate,"92,356"
        Margin of Error,"±21,749"
    Families,
        Estimate,"101,708"
        Margin of Error,"±22,109"
    Married-couple families,
        Estimate,"110,563"
        Margin of Error,"±22,737"
    Nonfamily households,
        Estimate,"47,188"
        Margin of Error,"±36,541"
"Census Tract 1111, Los Angeles County, California",
    Households,
        Estimate,"91,648"
        Margin of Error,"±8,321"
    Families,
        Estimate,"91,000"
        Margin of Error,"±9,923"
    Married-couple families,
        Estimate,"98,000"
        Margin of Error,"±14,711"
    Nonfamily households,
        Estimate,"90,221"
        Margin of Error,"±12,295"
"Census Tract 1112.01, Los Angeles County, California",
    Households,
        Estimate,"90,341"
        Margin of Error,"±22,702"
    Families,
        Estimate,"106,230"
        Margin of Error,"±24,497"
    Married-couple families,
        Estimate,"106,602"
        Margin of Error,"±34,999"
    Nonfamily households,
        Estimate,"60,357"
        Margin of Error,"±40,415"
"Census Tract 1112.02, Los Angeles County, California",
    Households,
        Estimate,"84,240"
        Margin of Error,"±10,268"
    Families,
        Estimate,"113,469"
        Margin of Error,"±17,424"
    Married-couple families,
        Estimate,"124,028"
        Margin of Error,"±16,596"
    Nonfamily households,
        Estimate,"44,792"
        Margin of Error,"±12,852"
"Census Tract 1112.04, Los Angeles County, California",
    Households,
        Estimate,"154,038"
        Margin of Error,"±20,918"
    Families,
        Estimate,"161,354"
        Margin of Error,"±23,007"
    Married-couple families,
        Estimate,"166,307"
        Margin of Error,"±26,923"
    Nonfamily households,
        Estimate,-
        Margin of Error,**
"Census Tract 1112.05, Los Angeles County, California",
    Households,
        Estimate,"77,351"
        Margin of Error,"±15,708"
    Families,
        Estimate,"110,275"
        Margin of Error,"±21,297"
    Married-couple families,
        Estimate,"112,288"
        Margin of Error,"±33,506"
    Nonfamily households,
        Estimate,"63,033"
        Margin of Error,"±8,310"
"Census Tract 1112.06, Los Angeles County, California",
    Households,
        Estimate,"114,275"
        Margin of Error,"±25,635"
    Families,
        Estimate,"131,066"
        Margin of Error,"±23,365"
    Married-couple families,
        Estimate,"134,167"
        Margin of Error,"±23,263"
    Nonfamily households,
        Estimate,"42,500"
        Margin of Error,"±25,331"
"Census Tract 1113.01, Los Angeles County, California",
    Households,
        Estimate,"66,861"
        Margin of Error,"±15,466"
    Families,
        Estimate,"70,139"
        Margin of Error,"±14,118"
    Married-couple families,
        Estimate,"78,134"
        Margin of Error,"±14,311"
    Nonfamily households,
        Estimate,"59,208"
        Margin of Error,"±31,087"
"Census Tract 1113.02, Los Angeles County, California",
    Households,
        Estimate,"62,865"
        Margin of Error,"±15,358"
    Families,
        Estimate,"81,890"
        Margin of Error,"±11,993"
    Married-couple families,
        Estimate,"110,000"
        Margin of Error,"±20,790"
    Nonfamily households,
        Estimate,"32,994"
        Margin of Error,"±10,287"
"Census Tract 1114, Los Angeles County, California",
    Households,
        Estimate,"61,467"
        Margin of Error,"±5,880"
    Families,
        Estimate,"63,893"
        Margin of Error,"±10,005"
    Married-couple families,
        Estimate,"73,977"
        Margin of Error,"±6,961"
    Nonfamily households,
        Estimate,-
        Margin of Error,**
"Census Tract 1131.01, Los Angeles County, California",
    Households,
        Estimate,"106,000"
        Margin of Error,"±16,414"
    Families,
        Estimate,"112,614"
        Margin of Error,"±18,658"
    Married-couple families,
        Estimate,"121,477"
        Margin of Error,"±15,540"
    Nonfamily households,
        Estimate,"65,288"
        Margin of Error,"±6,940"
"Census Tract 1131.02, Los Angeles County, California",
    Households,
        Estimate,"163,021"
        Margin of Error,"±24,636"
    Families,
        Estimate,"174,583"
        Margin of Error,"±26,009"
    Married-couple families,
        Estimate,"176,000"
        Margin of Error,"±18,202"
    Nonfamily households,
        Estimate,"57,750"
        Margin of Error,"±47,721"
"Census Tract 1132.11, Los Angeles County, California",
    Households,
        Estimate,"91,094"
        Margin of Error,"±5,602"
    Families,
        Estimate,"98,929"
        Margin of Error,"±7,960"
    Married-couple families,
        Estimate,"104,375"
        Margin of Error,"±24,404"
    Nonfamily households,
        Estimate,"78,092"
        Margin of Error,"±11,618"
"Census Tract 1132.12, Los Angeles County, California",
    Households,
        Estimate,"84,429"
        Margin of Error,"±15,294"
    Families,
        Estimate,"97,813"
        Margin of Error,"±42,356"
    Married-couple families,
        Estimate,"128,875"
        Margin of Error,"±55,425"
    Nonfamily households,
        Estimate,"73,480"
        Margin of Error,"±28,629"
"Census Tract 1132.13, Los Angeles County, California",
    Households,
        Estimate,"91,544"
        Margin of Error,"±10,035"
    Families,
        Estimate,"94,732"
        Margin of Error,"±11,824"
    Married-couple families,
        Estimate,"119,688"
        Margin of Error,"±25,002"
    Nonfamily households,
        Estimate,"55,556"
        Margin of Error,"±8,446"
"Census Tract 1132.31, Los Angeles County, California",
    Households,
        Estimate,"112,500"
        Margin of Error,"±16,837"
    Families,
        Estimate,"122,337"
        Margin of Error,"±16,213"
    Married-couple families,
        Estimate,"130,288"
        Margin of Error,"±11,942"
    Nonfamily households,
        Estimate,"56,146"
        Margin of Error,"±24,658"
"Census Tract 1132.32, Los Angeles County, California",
    Households,
        Estimate,"113,079"
        Margin of Error,"±12,646"
    Families,
        Estimate,"125,833"
        Margin of Error,"±17,992"
    Married-couple families,
        Estimate,"138,875"
        Margin of Error,"±35,661"
    Nonfamily households,
        Estimate,"84,013"
        Margin of Error,"±22,859"
"Census Tract 1132.33, Los Angeles County, California",
    Households,
        Estimate,"46,474"
        Margin of Error,"±5,578"
    Families,
        Estimate,"48,299"
        Margin of Error,"±4,682"
    Married-couple families,
        Estimate,"47,863"
        Margin of Error,"±10,306"
    Nonfamily households,
        Estimate,"38,782"
        Margin of Error,"±7,353"
"Census Tract 1132.34, Los Angeles County, California",
    Households,
        Estimate,"59,598"
        Margin of Error,"±5,323"
    Families,
        Estimate,"71,719"
        Margin of Error,"±13,282"
    Married-couple families,
        Estimate,"80,341"
        Margin of Error,"±18,246"
    Nonfamily households,
        Estimate,"34,028"
        Margin of Error,"±10,079"
"Census Tract 1132.35, Los Angeles County, California",
    Households,
        Estimate,"89,792"
        Margin of Error,"±16,726"
    Families,
        Estimate,"103,897"
        Margin of Error,"±30,273"
    Married-couple families,
        Estimate,"105,078"
        Margin of Error,"±36,671"
    Nonfamily households,
        Estimate,"61,333"
        Margin of Error,"±17,584"
"Census Tract 1132.37, Los Angeles County, California",
    Households,
        Estimate,"82,024"
        Margin of Error,"±11,812"
    Families,
        Estimate,"102,311"
        Margin of Error,"±17,964"
    Married-couple families,
        Estimate,"115,179"
        Margin of Error,"±91,655"
    Nonfamily households,
        Estimate,"40,655"
        Margin of Error,"±12,990"
"Census Tract 1133.01, Los Angeles County, California",
    Households,
        Estimate,"66,793"
        Margin of Error,"±10,945"
    Families,
        Estimate,"103,625"
        Margin of Error,"±51,083"
    Married-couple families,
        Estimate,"151,653"
        Margin of Error,"±27,722"
    Nonfamily households,
        Estimate,"46,716"
        Margin of Error,"±5,034"
"Census Tract 1133.03, Los Angeles County, California",
    Households,
        Estimate,"93,656"
        Margin of Error,"±11,664"
    Families,
        Estimate,"99,638"
        Margin of Error,"±20,241"
    Married-couple families,
        Estimate,"120,703"
        Margin of Error,"±21,633"
    Nonfamily households,
        Estimate,"48,594"
        Margin of Error,"±29,490"
"Census Tract 1133.21, Los Angeles County, California",
    Households,
        Estimate,"76,897"
        Margin of Error,"±16,046"
    Families,
        Estimate,"82,153"
        Margin of Error,"±8,495"
    Married-couple families,
        Estimate,"89,402"
        Margin of Error,"±19,920"
    Nonfamily households,
        Estimate,"48,438"
        Margin of Error,"±27,128"
"Census Tract 1133.22, Los Angeles County, California",
    Households,
        Estimate,"94,983"
        Margin of Error,"±13,287"
    Families,
        Estimate,"101,631"
        Margin of Error,"±8,080"
    Married-couple families,
        Estimate,"106,705"
        Margin of Error,"±16,899"
    Nonfamily households,
        Estimate,"66,555"
        Margin of Error,"±24,596"
"Census Tract 1134.01, Los Angeles County, California",
    Households,
        Estimate,"86,101"
        Margin of Error,"±12,085"
    Families,
        Estimate,"95,774"
        Margin of Error,"±10,470"
    Married-couple families,
        Estimate,"103,750"
        Margin of Error,"±21,258"
    Nonfamily households,
        Estimate,"29,353"
        Margin of Error,"±21,245"
"Census Tract 1134.21, Los Angeles County, California",
    Households,
        Estimate,"65,060"
        Margin of Error,"±8,613"
    Families,
        Estimate,"65,709"
        Margin of Error,"±10,988"
    Married-couple families,
        Estimate,"74,631"
        Margin of Error,"±6,243"
    Nonfamily households,
        Estimate,"43,510"
        Margin of Error,"±14,553"
"Census Tract 1134.22, Los Angeles County, California",
    Households,
        Estimate,"75,109"
        Margin of Error,"±10,197"
    Families,
        Estimate,"94,706"
        Margin of Error,"±27,341"
    Married-couple families,
        Estimate,"106,408"
        Margin of Error,"±9,612"
    Nonfamily households,
        Estimate,"53,809"
        Margin of Error,"±10,875"
"Census Tract 1151.01, Los Angeles County, California",
    Households,
        Estimate,"141,711"
        Margin of Error,"±22,945"
    Families,
        Estimate,"151,860"
        Margin of Error,"±13,104"
    Married-couple families,
        Estimate,"152,740"
        Margin of Error,"±16,216"
    Nonfamily households,
        Estimate,"70,875"
        Margin of Error,"±21,854"
"Census Tract 1151.03, Los Angeles County, California",
    Households,
        Estimate,"43,958"
        Margin of Error,"±16,906"
    Families,
        Estimate,-
        Margin of Error,**
    Married-couple families,
        Estimate,-
        Margin of Error,**
    Nonfamily households,
        Estimate,"43,958"
        Margin of Error,"±10,911"
"Census Tract 1151.04, Los Angeles County, California",
    Households,
        Estimate,"54,861"
        Margin of Error,"±8,965"
    Families,
        Estimate,"97,212"
        Margin of Error,"±27,304"
    Married-couple families,
        Estimate,"121,328"
        Margin of Error,"±19,546"
    Nonfamily households,
        Estimate,"21,299"
        Margin of Error,"±7,344"
"Census Tract 1152.01, Los Angeles County, California",
    Households,
        Estimate,"65,208"
        Margin of Error,"±14,442"
    Families,
        Estimate,"79,167"
        Margin of Error,"±25,454"
    Married-couple families,
        Estimate,"108,217"
        Margin of Error,"±8,210"
    Nonfamily households,
        Estimate,"41,536"
        Margin of Error,"±15,861"
"Census Tract 1152.02, Los Angeles County, California",
    Households,
        Estimate,"65,125"
        Margin of Error,"±13,402"
    Families,
        Estimate,"98,680"
        Margin of Error,"±3,852"
    Married-couple families,
        Estimate,"125,962"
        Margin of Error,"±23,802"
    Nonfamily households,
        Estimate,"43,902"
        Margin of Error,"±4,977"
"Census Tract 1153.01, Los Angeles County, California",
    Households,
        Estimate,"94,279"
        Margin of Error,"±20,089"
    Families,
        Estimate,"129,276"
        Margin of Error,"±23,913"
    Married-couple families,
        Estimate,"141,500"
        Margin of Error,"±24,285"
    Nonfamily households,
        Estimate,"35,050"
        Margin of Error,"±14,967"
"Census Tract 1153.02, Los Angeles County, California",
    Households,
        Estimate,"45,549"
        Margin of Error,"±5,111"
    Families,
        Estimate,"50,481"
        Margin of Error,"±8,186"
    Married-couple families,
        Estimate,"67,143"
        Margin of Error,"±30,593"
    Nonfamily households,
        Estimate,"30,000"
        Margin of Error,"±14,614"
"Census Tract 1154.01, Los Angeles County, California",
    Households,
        Estimate,"71,646"
        Margin of Error,"±10,863"
    Families,
        Estimate,"73,897"
        Margin of Error,"±14,016"
    Married-couple families,
        Estimate,"87,614"
        Margin of Error,"±19,439"
    Nonfamily households,
        Estimate,"54,732"
        Margin of Error,"±17,248"
"Census Tract 1154.03, Los Angeles County, California",
    Households,
        Estimate,"54,407"
        Margin of Error,"±5,828"
    Families,
        Estimate,"58,533"
        Margin of Error,"±5,509"
    Married-couple families,
        Estimate,"59,457"
        Margin of Error,"±14,096"
    Nonfamily households,
        Estimate,"44,688"
        Margin of Error,"±15,353"
"Census Tract 1154.04, Los Angeles County, California",
    Households,
        Estimate,"66,136"
        Margin of Error,"±10,633"
    Families,
        Estimate,"67,946"
        Margin of Error,"±12,809"
    Married-couple families,
        Estimate,"83,889"
        Margin of Error,"±28,270"
    Nonfamily households,
        Estimate,"38,333"
        Margin of Error,"±20,431"
"Census Tract 1171.01, Los Angeles County, California",
    Households,
        Estimate,"90,750"
        Margin of Error,"±13,801"
    Families,
        Estimate,"100,694"
        Margin of Error,"±19,868"
    Married-couple families,
        Estimate,"110,500"
        Margin of Error,"±27,550"
    Nonfamily households,
        Estimate,"56,786"
        Margin of Error,"±21,264"
"Census Tract 1171.02, Los Angeles County, California",
    Households,
        Estimate,"69,500"
        Margin of Error,"±15,098"
    Families,
        Estimate,"79,000"
        Margin of Error,"±15,870"
    Married-couple families,
        Estimate,"81,250"
        Margin of Error,"±21,508"
    Nonfamily households,
        Estimate,"44,000"
        Margin of Error,"±22,383"
"Census Tract 1172.01, Los Angeles County, California",
    Households,
        Estimate,"61,335"
        Margin of Error,"±12,685"
    Families,
        Estimate,"63,393"
        Margin of Error,"±10,755"
    Married-couple families,
        Estimate,"60,804"
        Margin of Error,"±18,837"
    Nonfamily households,
        Estimate,-
        Margin of Error,**
"Census Tract 1172.02, Los Angeles County, California",
    Households,
        Estimate,"100,326"
        Margin of Error,"±15,225"
    Families,
        Estimate,"114,844"
        Margin of Error,"±16,473"
    Married-couple families,
        Estimate,"126,481"
        Margin of Error,"±11,337"
    Nonfamily households,
        Estimate,"30,917"
        Margin of Error,"±9,642"
"Census Tract 1173.01, Los Angeles County, California",
    Households,
        Estimate,"97,634"
        Margin of Error,"±17,795"
    Families,
        Estimate,"114,306"
        Margin of Error,"±20,907"
    Married-couple families,
        Estimate,"117,778"
        Margin of Error,"±21,870"
    Nonfamily households,
        Estimate,"36,833"
        Margin of Error,"±22,524"
"Census Tract 1173.02, Los Angeles County, California",
    Households,
        Estimate,"102,917"
        Margin of Error,"±9,555"
    Families,
        Estimate,"113,173"
        Margin of Error,"±25,057"
    Married-couple families,
        Estimate,"135,690"
        Margin of Error,"±24,731"
    Nonfamily households,
        Estimate,"61,042"
        Margin of Error,"±18,713"
"Census Tract 1173.03, Los Angeles County, California",
    Households,
        Estimate,"83,931"
        Margin of Error,"±14,811"
    Families,
        Estimate,"84,280"
        Margin of Error,"±5,573"
    Married-couple families,
        Estimate,"84,356"
        Margin of Error,"±16,800"
    Nonfamily households,
        Estimate,"55,625"
        Margin of Error,"±52,159"
"Census Tract 1174.04, Los Angeles County, California",
    Households,
        Estimate,"107,981"
        Margin of Error,"±18,036"
    Families,
        Estimate,"108,783"
        Margin of Error,"±19,115"
    Married-couple families,
        Estimate,"112,321"
        Margin of Error,"±19,478"
    Nonfamily households,
        Estimate,"77,197"
        Margin of Error,"±35,468"
"Census Tract 1174.05, Los Angeles County, California",
    Households,
        Estimate,"36,538"
        Margin of Error,"±7,081"
    Families,
        Estimate,"31,635"
        Margin of Error,"±8,052"
    Married-couple families,
        Estimate,"43,750"
        Margin of Error,"±17,512"
    Nonfamily households,
        Estimate,"43,214"
        Margin of Error,"±16,322"
"Census Tract 1174.07, Los Angeles County, California",
    Households,
        Estimate,"33,480"
        Margin of Error,"±6,180"
    Families,
        Estimate,"38,309"
        Margin of Error,"±8,713"
    Married-couple families,
        Estimate,"42,700"
        Margin of Error,"±8,018"
    Nonfamily households,
        Estimate,"20,417"
        Margin of Error,"±8,566"
"Census Tract 1174.08, Los Angeles County, California",
    Households,
        Estimate,"36,250"
        Margin of Error,"±5,369"
    Families,
        Estimate,"32,045"
        Margin of Error,"±7,204"
    Married-couple families,
        Estimate,"40,859"
        Margin of Error,"±9,786"
    Nonfamily households,
        Estimate,"24,286"
        Margin of Error,"±24,248"
"Census Tract 1175.10, Los Angeles County, California",
    Households,
        Estimate,"46,838"
        Margin of Error,"±8,608"
    Families,
        Estimate,"42,656"
        Margin of Error,"±6,810"
    Married-couple families,
        Estimate,"42,422"
        Margin of Error,"±6,591"
    Nonfamily households,
        Estimate,-
        Margin of Error,**
"Census Tract 1175.20, Los Angeles County, California",
    Households,
        Estimate,"36,003"
        Margin of Error,"±3,512"
    Families,
        Estimate,"35,903"
        Margin of Error,"±3,599"
    Married-couple families,
        Estimate,"36,824"
        Margin of Error,"±6,030"
    Nonfamily households,
        Estimate,"33,750"
        Margin of Error,"±22,001"
"Census Tract 1175.30, Los Angeles County, California",
    Households,
        Estimate,"55,483"
        Margin of Error,"±5,843"
    Families,
        Estimate,"52,634"
        Margin of Error,"±11,054"
    Married-couple families,
        Estimate,"62,727"
        Margin of Error,"±9,525"
    Nonfamily households,
        Estimate,"46,111"
        Margin of Error,"±32,747"
"Census Tract 1190.01, Los Angeles County, California",
    Households,
        Estimate,"85,758"
        Margin of Error,"±8,043"
    Families,
        Estimate,"81,250"
        Margin of Error,"±9,252"
    Married-couple families,
        Estimate,"84,044"
        Margin of Error,"±8,868"
    Nonfamily households,
        Estimate,"70,417"
        Margin of Error,"±24,032"
"Census Tract 1190.02, Los Angeles County, California",
    Households,
        Estimate,"80,664"
        Margin of Error,"±6,977"
    Families,
        Estimate,"85,888"
        Margin of Error,"±10,559"
    Married-couple families,
        Estimate,"86,316"
        Margin of Error,"±11,653"
    Nonfamily households,
        Estimate,"30,750"
        Margin of Error,"±19,181"
"Census Tract 1192.01, Los Angeles County, California",
    Households,
        Estimate,"91,111"
        Margin of Error,"±6,005"
    Families,
        Estimate,"90,111"
        Margin of Error,"±20,926"
    Married-couple families,
        Estimate,"90,944"
        Margin of Error,"±13,321"
    Nonfamily households,
        Estimate,"38,611"
        Margin of Error,"±25,200"
"Census Tract 1192.02, Los Angeles County, California",
    Households,
        Estimate,"67,500"
        Margin of Error,"±14,854"
    Families,
        Estimate,"73,568"
        Margin of Error,"±16,516"
    Married-couple families,
        Estimate,"82,632"
        Margin of Error,"±21,951"
    Nonfamily households,
        Estimate,"44,648"
        Margin of Error,"±26,243"
"Census Tract 1193.10, Los Angeles County, California",
    Households,
        Estimate,"47,959"
        Margin of Error,"±7,471"
    Families,
        Estimate,"52,596"
        Margin of Error,"±7,142"
    Married-couple families,
        Estimate,"56,553"
        Margin of Error,"±42,061"
    Nonfamily households,
        Estimate,-
        Margin of Error,**
"Census Tract 1193.20, Los Angeles County, California",
    Households,
        Estimate,"72,813"
        Margin of Error,"±18,384"
    Families,
        Estimate,"70,952"
        Margin of Error,"±16,622"
    Married-couple families,
        Estimate,"79,375"
        Margin of Error,"±9,002"
    Nonfamily households,
        Estimate,"23,631"
        Margin of Error,"±22,655"
"Census Tract 1193.40, Los Angeles County, California",
    Households,
        Estimate,"30,817"
        Margin of Error,"±5,234"
    Families,
        Estimate,"29,284"
        Margin of Error,"±3,088"
    Married-couple families,
        Estimate,"33,378"
        Margin of Error,"±5,709"
    Nonfamily households,
        Estimate,"15,833"
        Margin of Error,"±3,886"
"Census Tract 1193.41, Los Angeles County, California",
    Households,
        Estimate,"51,083"
        Margin of Error,"±8,755"
    Families,
        Estimate,"51,898"
        Margin of Error,"±10,933"
    Married-couple families,
        Estimate,"57,171"
        Margin of Error,"±13,974"
    Nonfamily households,
        Estimate,-
        Margin of Error,**
"Census Tract 1193.42, Los Angeles County, California",
    Households,
        Estimate,"58,611"
        Margin of Error,"±9,596"
    Families,
        Estimate,"54,821"
        Margin of Error,"±7,745"
    Married-couple families,
        Estimate,"62,045"
        Margin of Error,"±12,339"
    Nonfamily households,
        Estimate,-
        Margin of Error,**
"Census Tract 1194, Los Angeles County, California",
    Households,
        Estimate,"83,333"
        Margin of Error,"±10,764"
    Families,
        Estimate,"80,163"
        Margin of Error,"±8,459"
    Married-couple families,
        Estimate,"83,056"
        Margin of Error,"±14,307"
    Nonfamily households,
        Estimate,"18,958"
        Margin of Error,"±18,360"
"Census Tract 1197, Los Angeles County, California",
    Households,
        Estimate,"81,688"
        Margin of Error,"±13,001"
    Families,
        Estimate,"82,094"
        Margin of Error,"±12,322"
    Married-couple families,
        Estimate,"95,694"
        Margin of Error,"±28,699"
    Nonfamily households,
        Estimate,-
        Margin of Error,**
"Census Tract 1198, Los Angeles County, California",
    Households,
        Estimate,"82,981"
        Margin of Error,"±13,843"
    Families,
        Estimate,"92,083"
        Margin of Error,"±9,838"
    Married-couple families,
        Estimate,"95,337"
        Margin of Error,"±12,569"
    Nonfamily households,
        Estimate,"25,667"
        Margin of Error,"±20,513"
"Census Tract 1199, Los Angeles County, California",
    Households,
        Estimate,"78,000"
        Margin of Error,"±14,084"
    Families,
        Estimate,"80,417"
        Margin of Error,"±11,627"
    Married-couple families,
        Estimate,"95,347"
        Margin of Error,"±13,513"
    Nonfamily households,
        Estimate,"48,587"
        Margin of Error,"±34,914"
"Census Tract 1200.10, Los Angeles County, California",
    Households,
        Estimate,"49,432"
        Margin of Error,"±12,269"
    Families,
        Estimate,"49,773"
        Margin of Error,"±9,865"
    Married-couple families,
        Estimate,"54,875"
        Margin of Error,"±24,518"
    Nonfamily households,
        Estimate,"41,845"
        Margin of Error,"±33,351"
"Census Tract 1200.20, Los Angeles County, California",
    Households,
        Estimate,"37,045"
        Margin of Error,"±6,357"
    Families,
        Estimate,"36,615"
        Margin of Error,"±7,607"
    Married-couple families,
        Estimate,"37,672"
        Margin of Error,"±10,474"
    Nonfamily households,
        Estimate,"32,137"
        Margin of Error,"±12,212"
"Census Tract 1200.30, Los Angeles County, California",
    Households,
        Estimate,"30,625"
        Margin of Error,"±9,816"
    Families,
        Estimate,"34,167"
        Margin of Error,"±12,588"
    Married-couple families,
        Estimate,"65,078"
        Margin of Error,"±27,983"
    Nonfamily households,
        Estimate,"11,708"
        Margin of Error,"±3,630"
"Census Tract 1201.03, Los Angeles County, California",
    Households,
        Estimate,"26,875"
        Margin of Error,"±5,680"
    Families,
        Estimate,"25,403"
        Margin of Error,"±4,249"
    Married-couple families,
        Estimate,"27,167"
        Margin of Error,"±10,864"
    Nonfamily households,
        Estimate,"34,318"
        Margin of Error,"±23,884"
"Census Tract 1201.04, Los Angeles County, California",
    Households,
        Estimate,"38,672"
        Margin of Error,"±5,473"
    Families,
        Estimate,"41,198"
        Margin of Error,"±11,916"
    Married-couple families,
        Estimate,"41,250"
        Margin of Error,"±15,557"
    Nonfamily households,
        Estimate,"24,583"
        Margin of Error,"±15,511"
"Census Tract 1201.05, Los Angeles County, California",
    Households,
        Estimate,"33,984"
        Margin of Error,"±6,714"
    Families,
        Estimate,"46,184"
        Margin of Error,"±8,815"
    Married-couple families,
        Estimate,"55,625"
        Margin of Error,"±12,302"
    Nonfamily households,
        Estimate,"13,790"
        Margin of Error,"±2,510"
"Census Tract 1201.06, Los Angeles County, California",
    Households,
        Estimate,"36,217"
        Margin of Error,"±4,434"
    Families,
        Estimate,"35,758"
        Margin of Error,"±4,928"
    Married-couple families,
        Estimate,"38,810"
        Margin of Error,"±4,921"
    Nonfamily households,
        Estimate,"33,200"
        Margin of Error,"±15,189"
"Census Tract 1201.07, Los Angeles County, California",
    Households,
        Estimate,"30,481"
        Margin of Error,"±4,502"
    Families,
        Estimate,"30,625"
        Margin of Error,"±8,069"
    Married-couple families,
        Estimate,"30,625"
        Margin of Error,"±12,670"
    Nonfamily households,
        Estimate,"16,786"
        Margin of Error,"±12,447"
"Census Tract 1201.08, Los Angeles County, California",
    Households,
        Estimate,"39,032"
        Margin of Error,"±8,865"
    Families,
        Estimate,"38,885"
        Margin of Error,"±7,226"
    Married-couple families,
        Estimate,"35,000"
        Margin of Error,"±8,276"
    Nonfamily households,
        Estimate,"20,208"
        Margin of Error,"±15,190"
"Census Tract 1203, Los Angeles County, California",
    Households,
        Estimate,"70,208"
        Margin of Error,"±13,435"
    Families,
        Estimate,"73,750"
        Margin of Error,"±14,376"
    Married-couple families,
        Estimate,"78,929"
        Margin of Error,"±9,117"
    Nonfamily households,
        Estimate,"43,264"
        Margin of Error,"±20,615"
"Census Tract 1204, Los Angeles County, California",
    Households,
        Estimate,"54,733"
        Margin of Error,"±5,049"
    Families,
        Estimate,"55,907"
        Margin of Error,"±8,549"
    Married-couple families,
        Estimate,"65,972"
        Margin of Error,"±13,443"
    Nonfamily households,
        Estimate,"47,857"
        Margin of Error,"±32,203"
"Census Tract 1210.10, Los Angeles County, California",
    Households,
        Estimate,"62,903"
        Margin of Error,"±20,529"
    Families,
        Estimate,"62,039"
        Margin of Error,"±23,239"
    Married-couple families,
        Estimate,"87,833"
        Margin of Error,"±36,011"
    Nonfamily households,
        Estimate,"48,750"
        Margin of Error,"±30,533"
"Census Tract 1210.20, Los Angeles County, California",
    Households,
        Estimate,"53,345"
        Margin of Error,"±17,518"
    Families,
        Estimate,"54,531"
        Margin of Error,"±32,529"
    Married-couple families,
        Estimate,"71,800"
        Margin of Error,"±12,310"
    Nonfamily households,
        Estimate,"47,250"
        Margin of Error,"±8,263"
"Census Tract 1211.01, Los Angeles County, California",
    Households,
        Estimate,"59,267"
        Margin of Error,"±9,339"
    Families,
        Estimate,"59,000"
        Margin of Error,"±14,022"
    Married-couple families,
        Estimate,"74,479"
        Margin of Error,"±19,044"
    Nonfamily households,
        Estimate,"52,292"
        Margin of Error,"±8,754"
"Census Tract 1211.02, Los Angeles County, California",
    Households,
        Estimate,"48,750"
        Margin of Error,"±11,641"
    Families,
        Estimate,"66,250"
        Margin of Error,"±23,648"
    Married-couple families,
        Estimate,"78,214"
        Margin of Error,"±29,119"
    Nonfamily households,
        Estimate,"34,750"
        Margin of Error,"±25,141"
"Census Tract 1212.10, Los Angeles County, California",
    Households,
        Estimate,"67,375"
        Margin of Error,"±17,949"
    Families,
        Estimate,"86,641"
        Margin of Error,"±4,236"
    Married-couple families,
        Estimate,"90,000"
        Margin of Error,"±9,553"
    Nonfamily households,
        Estimate,"25,375"
        Margin of Error,"±5,101"
"Census Tract 1212.21, Los Angeles County, California",
    Households,
        Estimate,"64,335"
        Margin of Error,"±10,684"
    Families,
        Estimate,"68,125"
        Margin of Error,"±25,793"
    Married-couple families,
        Estimate,"75,313"
        Margin of Error,"±34,597"
    Nonfamily households,
        Estimate,"33,214"
        Margin of Error,"±25,111"
"Census Tract 1212.22, Los Angeles County, California",
    Households,
        Estimate,"55,192"
        Margin of Error,"±11,630"
    Families,
        Estimate,"57,091"
        Margin of Error,"±9,024"
    Married-couple families,
        Estimate,"68,404"
        Margin of Error,"±11,877"
    Nonfamily households,
        Estimate,"32,159"
        Margin of Error,"±21,830"
"Census Tract 1216, Los Angeles County, California",
    Households,
        Estimate,"79,474"
        Margin of Error,"±13,765"
    Families,
        Estimate,"85,865"
        Margin of Error,"±20,690"
    Married-couple families,
        Estimate,"88,542"
        Margin of Error,"±42,768"
    Nonfamily households,
        Estimate,"55,852"
        Margin of Error,"±16,346"
"Census Tract 1218.01, Los Angeles County, California",
    Households,
        Estimate,"42,520"
        Margin of Error,"±6,773"
    Families,
        Estimate,"54,052"
        Margin of Error,"±12,288"
    Married-couple families,
        Estimate,"64,219"
        Margin of Error,"±7,759"
    Nonfamily households,
        Estimate,"25,332"
        Margin of Error,"±1,994"
"Census Tract 1218.02, Los Angeles County, California",
    Households,
        Estimate,"68,083"
        Margin of Error,"±11,606"
    Families,
        Estimate,"79,659"
        Margin of Error,"±14,055"
    Married-couple families,
        Estimate,"86,250"
        Margin of Error,"±15,542"
    Nonfamily households,
        Estimate,"31,111"
        Margin of Error,"±24,220"
"Census Tract 1219, Los Angeles County, California",
    Households,
        Estimate,"54,702"
        Margin of Error,"±14,363"
    Families,
        Estimate,"58,750"
        Margin of Error,"±18,941"
    Married-couple families,
        Estimate,"66,094"
        Margin of Error,"±24,894"
    Nonfamily households,
        Estimate,-
        Margin of Error,**
"Census Tract 1220, Los Angeles County, California",
    Households,
        Estimate,"75,486"
        Margin of Error,"±16,506"
    Families,
        Estimate,"82,298"
        Margin of Error,"±17,833"
    Married-couple families,
        Estimate,"97,361"
        Margin of Error,"±11,135"
    Nonfamily households,
        Estimate,"26,023"
        Margin of Error,"±9,354"
"Census Tract 1221.20, Los Angeles County, California",
    Households,
        Estimate,"61,625"
        Margin of Error,"±9,357"
    Families,
        Estimate,"60,852"
        Margin of Error,"±16,777"
    Married-couple families,
        Estimate,"54,410"
        Margin of Error,"±22,168"
    Nonfamily households,
        Estimate,"58,750"
        Margin of Error,"±8,127"
"Census Tract 1221.21, Los Angeles County, California",
    Households,
        Estimate,"53,125"
        Margin of Error,"±6,766"
    Families,
        Estimate,"53,047"
        Margin of Error,"±6,858"
    Married-couple families,
        Estimate,"55,509"
        Margin of Error,"±8,811"
    Nonfamily households,
        Estimate,"37,917"
        Margin of Error,"±15,407"
"Census Tract 1221.22, Los Angeles County, California",
    Households,
        Estimate,"41,811"
        Margin of Error,"±6,104"
    Families,
        Estimate,"42,336"
        Margin of Error,"±9,971"
    Married-couple families,
        Estimate,"41,653"
        Margin of Error,"±9,428"
    Nonfamily households,
        Estimate,-
        Margin of Error,**
"Census Tract 1222, Los Angeles County, California",
    Households,
        Estimate,"54,250"
        Margin of Error,"±6,263"
    Families,
        Estimate,"57,656"
        Margin of Error,"±9,589"
    Married-couple families,
        Estimate,"63,077"
        Margin of Error,"±7,539"
    Nonfamily households,
        Estimate,"30,469"
        Margin of Error,"±18,224"
"Census Tract 1224.10, Los Angeles County, California",
    Households,
        Estimate,"36,222"
        Margin of Error,"±5,363"
    Families,
        Estimate,"37,215"
        Margin of Error,"±6,100"
    Married-couple families,
        Estimate,"36,491"
        Margin of Error,"±6,267"
    Nonfamily households,
        Estimate,"29,125"
        Margin of Error,"±14,571"
"Census Tract 1224.20, Los Angeles County, California",
    Households,
        Estimate,"44,967"
        Margin of Error,"±10,661"
    Families,
        Estimate,"48,550"
        Margin of Error,"±21,631"
    Married-couple families,
        Estimate,"62,865"
        Margin of Error,"±26,099"
    Nonfamily households,
        Estimate,"21,875"
        Margin of Error,"±14,465"
"Census Tract 1230.10, Los Angeles County, California",
    Households,
        Estimate,"36,518"
        Margin of Error,"±8,496"
    Families,
        Estimate,"42,692"
        Margin of Error,"±10,928"
    Married-couple families,
        Estimate,"54,000"
        Margin of Error,"±10,027"
    Nonfamily households,
        Estimate,"16,551"
        Margin of Error,"±2,856"
"Census Tract 1230.20, Los Angeles County, California",
    Households,
        Estimate,"42,056"
        Margin of Error,"±12,406"
    Families,
        Estimate,"42,419"
        Margin of Error,"±16,384"
    Married-couple families,
        Estimate,"71,481"
        Margin of Error,"±20,942"
    Nonfamily households,
        Estimate,-
        Margin of Error,**
"Census Tract 1231.03, Los Angeles County, California",
    Households,
        Estimate,"48,902"
        Margin of Error,"±8,245"
    Families,
        Estimate,"52,898"
        Margin of Error,"±7,174"
    Married-couple families,
        Estimate,"56,848"
        Margin of Error,"±24,977"
    Nonfamily households,
        Estimate,"40,954"
        Margin of Error,"±14,731"
"Census Tract 1231.04, Los Angeles County, California",
    Households,
        Estimate,"41,766"
        Margin of Error,"±5,612"
    Families,
        Estimate,"53,469"
        Margin of Error,"±20,322"
    Married-couple families,
        Estimate,"68,710"
        Margin of Error,"±18,882"
    Nonfamily households,
        Estimate,"30,000"
        Margin of Error,"±6,340"
"Census Tract 1232.03, Los Angeles County, California",
    Households,
        Estimate,"48,850"
        Margin of Error,"±13,600"
    Families,
        Estimate,"51,012"
        Margin of Error,"±13,161"
    Married-couple families,
        Estimate,"53,676"
        Margin of Error,"±3,529"
    Nonfamily households,
        Estimate,"32,134"
        Margin of Error,"±26,013"
"Census Tract 1232.04, Los Angeles County, California",
    Households,
        Estimate,"41,375"
        Margin of Error,"±6,920"
    Families,
        Estimate,"50,938"
        Margin of Error,"±14,026"
    Married-couple families,
        Estimate,"52,083"
        Margin of Error,"±26,923"
    Nonfamily households,
        Estimate,"32,330"
        Margin of Error,"±13,273"
"Census Tract 1232.05, Los Angeles County, California",
    Households,
        Estimate,"46,083"
        Margin of Error,"±5,995"
    Families,
        Estimate,"53,382"
        Margin of Error,"±6,184"
    Married-couple families,
        Estimate,"54,926"
        Margin of Error,"±10,197"
    Nonfamily households,
        Estimate,"22,243"
        Margin of Error,"±13,535"
"Census Tract 1232.06, Los Angeles County, California",
    Households,
        Estimate,"32,266"
        Margin of Error,"±4,110"
    Families,
        Estimate,"37,904"
        Margin of Error,"±9,026"
    Married-couple families,
        Estimate,"39,784"
        Margin of Error,"±12,188"
    Nonfamily households,
        Estimate,"25,433"
        Margin of Error,"±7,550"
"Census Tract 1233.01, Los Angeles County, California",
    Households,
        Estimate,"57,031"
        Margin of Error,"±13,893"
    Families,
        Estimate,"81,607"
        Margin of Error,"±19,318"
    Married-couple families,
        Estimate,"83,750"
        Margin of Error,"±31,972"
    Nonfamily households,
        Estimate,"32,017"
        Margin of Error,"±9,874"
"Census Tract 1233.03, Los Angeles County, California",
    Households,
        Estimate,"44,477"
        Margin of Error,"±10,585"
    Families,
        Estimate,"49,063"
        Margin of Error,"±14,404"
    Married-couple families,
        Estimate,"62,708"
        Margin of Error,"±21,737"
    Nonfamily households,
        Estimate,"27,097"
        Margin of Error,"±20,268"
"Census Tract 1233.04, Los Angeles County, California",
    Households,
        Estimate,"39,631"
        Margin of Error,"±7,250"
    Families,
        Estimate,"48,889"
        Margin of Error,"±10,406"
    Married-couple families,
        Estimate,"58,912"
        Margin of Error,"±7,912"
    Nonfamily households,
        Estimate,"20,028"
        Margin of Error,"±8,865"
"Census Tract 1234.10, Los Angeles County, California",
    Households,
        Estimate,"50,481"
        Margin of Error,"±11,837"
    Families,
        Estimate,"51,213"
        Margin of Error,"±12,732"
    Married-couple families,
        Estimate,"57,000"
        Margin of Error,"±25,309"
    Nonfamily households,
        Estimate,"33,940"
        Margin of Error,"±8,186"
"Census Tract 1234.20, Los Angeles County, California",
    Households,
        Estimate,"44,790"
        Margin of Error,"±8,189"
    Families,
        Estimate,"50,472"
        Margin of Error,"±9,040"
    Married-couple families,
        Estimate,"61,289"
        Margin of Error,"±16,790"
    Nonfamily households,
        Estimate,-
        Margin of Error,**
"Census Tract 1235.10, Los Angeles County, California",
    Households,
        Estimate,"45,338"
        Margin of Error,"±10,526"
    Families,
        Estimate,"53,464"
        Margin of Error,"±10,150"
    Married-couple families,
        Estimate,"63,115"
        Margin of Error,"±15,472"
    Nonfamily households,
        Estimate,"12,046"
        Margin of Error,"±6,964"
"Census Tract 1235.20, Los Angeles County, California",
    Households,
        Estimate,"45,521"
        Margin of Error,"±8,821"
    Families,
        Estimate,"44,541"
        Margin of Error,"±9,978"
    Married-couple families,
        Estimate,"47,500"
        Margin of Error,"±27,733"
    Nonfamily households,
        Estimate,-
        Margin of Error,**
"Census Tract 1236.01, Los Angeles County, California",
    Households,
        Estimate,"55,241"
        Margin of Error,"±5,845"
    Families,
        Estimate,"75,750"
        Margin of Error,"±11,776"
    Married-couple families,
        Estimate,"101,750"
        Margin of Error,"±33,650"
    Nonfamily households,
        Estimate,"31,122"
        Margin of Error,"±15,242"
"Census Tract 1236.02, Los Angeles County, California",
    Households,
        Estimate,"50,667"
        Margin of Error,"±9,566"
    Families,
        Estimate,"58,598"
        Margin of Error,"±15,910"
    Married-couple families,
        Estimate,"83,684"
        Margin of Error,"±44,903"
    Nonfamily households,
        Estimate,"27,031"
        Margin of Error,"±9,495"
"Census Tract 1237, Los Angeles County, California",
    Households,
        Estimate,"65,278"
        Margin of Error,"±14,059"
    Families,
        Estimate,"83,099"
        Margin of Error,"±13,270"
    Married-couple families,
        Estimate,"84,349"
        Margin of Error,"±11,453"
    Nonfamily households,
        Estimate,"26,903"
        Margin of Error,"±13,400"
"Census Tract 1238, Los Angeles County, California",
    Households,
        Estimate,"75,096"
        Margin of Error,"±27,454"
    Families,
        Estimate,"82,031"
        Margin of Error,"±16,492"
    Married-couple families,
        Estimate,"112,083"
        Margin of Error,"±26,179"
    Nonfamily households,
        Estimate,"50,202"
        Margin of Error,"±16,672"
"Census Tract 1239.01, Los Angeles County, California",
    Households,
        Estimate,"66,771"
        Margin of Error,"±22,414"
    Families,
        Estimate,"85,227"
        Margin of Error,"±23,930"
    Married-couple families,
        Estimate,"86,020"
        Margin of Error,"±32,585"
    Nonfamily households,
        Estimate,-
        Margin of Error,**
"Census Tract 1239.02, Los Angeles County, California",
    Households,
        Estimate,"70,592"
        Margin of Error,"±10,535"
    Families,
        Estimate,"75,417"
        Margin of Error,"±21,950"
    Married-couple families,
        Estimate,"93,036"
        Margin of Error,"±32,100"
    Nonfamily households,
        Estimate,"54,293"
        Margin of Error,"±12,381"
"Census Tract 1240, Los Angeles County, California",
    Households,
        Estimate,"86,881"
        Margin of Error,"±10,434"
    Families,
        Estimate,"105,347"
        Margin of Error,"±35,017"
    Married-couple families,
        Estimate,"105,035"
        Margin of Error,"±45,389"
    Nonfamily households,
        Estimate,-
        Margin of Error,**
"Census Tract 1241.02, Los Angeles County, California",
    Households,
        Estimate,"50,064"
        Margin of Error,"±6,026"
    Families,
        Estimate,"45,125"
        Margin of Error,"±8,435"
    Married-couple families,
        Estimate,"52,308"
        Margin of Error,"±25,340"
    Nonfamily households,
        Estimate,"57,679"
        Margin of Error,"±15,284"
"Census Tract 1241.03, Los Angeles County, California",
    Households,
        Estimate,"43,787"
        Margin of Error,"±5,797"
    Families,
        Estimate,"44,100"
        Margin of Error,"±3,487"
    Married-couple families,
        Estimate,"46,797"
        Margin of Error,"±8,791"
    Nonfamily households,
        Estimate,"26,625"
        Margin of Error,"±18,195"
"Census Tract 1241.04, Los Angeles County, California",
    Households,
        Estimate,"43,816"
        Margin of Error,"±9,194"
    Families,
        Estimate,"51,250"
        Margin of Error,"±10,697"
    Married-couple families,
        Estimate,"56,250"
        Margin of Error,"±19,340"
    Nonfamily households,
        Estimate,"32,981"
        Margin of Error,"±6,154"
"Census Tract 1241.05, Los Angeles County, California",
    Households,
        Estimate,"45,764"
        Margin of Error,"±6,439"
    Families,
        Estimate,"54,432"
        Margin of Error,"±13,831"
    Married-couple families,
        Estimate,"59,313"
        Margin of Error,"±15,499"
    Nonfamily households,
        Estimate,"43,063"
        Margin of Error,"±5,661"
"Census Tract 1242.01, Los Angeles County, California",
    Households,
        Estimate,"64,364"
        Margin of Error,"±9,242"
    Families,
        Estimate,"65,204"
        Margin of Error,"±14,494"
    Married-couple families,
        Estimate,"84,844"
        Margin of Error,"±35,243"
    Nonfamily households,
        Estimate,"46,445"
        Margin of Error,"±20,115"
"Census Tract 1242.03, Los Angeles County, California",
    Households,
        Estimate,"52,561"
        Margin of Error,"±9,622"
    Families,
        Estimate,"56,250"
        Margin of Error,"±4,141"
    Married-couple families,
        Estimate,"57,632"
        Margin of Error,"±5,599"
    Nonfamily households,
        Estimate,"33,708"
        Margin of Error,"±6,160"
"Census Tract 1242.04, Los Angeles County, California",
    Households,
        Estimate,"43,385"
        Margin of Error,"±5,936"
    Families,
        Estimate,"38,633"
        Margin of Error,"±8,732"
    Married-couple families,
        Estimate,"42,988"
        Margin of Error,"±10,358"
    Nonfamily households,
        Estimate,"47,679"
        Margin of Error,"±15,807"
"Census Tract 1243, Los Angeles County, California",
    Households,
        Estimate,"42,826"
        Margin of Error,"±11,760"
    Families,
        Estimate,"47,639"
        Margin of Error,"±13,590"
    Married-couple families,
        Estimate,"50,833"
        Margin of Error,"±20,122"
    Nonfamily households,
        Estimate,"38,424"
        Margin of Error,"±15,830"
"Census Tract 1244, Los Angeles County, California",
    Households,
        Estimate,"82,500"
        Margin of Error,"±17,867"
    Families,
        Estimate,"85,139"
        Margin of Error,"±35,302"
    Married-couple families,
        Estimate,"119,972"
        Margin of Error,"±17,972"
    Nonfamily households,
        Estimate,"73,945"
        Margin of Error,"±16,536"
"Census Tract 1245, Los Angeles County, California",
    Households,
        Estimate,"90,565"
        Margin of Error,"±24,905"
    Families,
        Estimate,"93,571"
        Margin of Error,"±13,851"
    Married-couple families,
        Estimate,"94,325"
        Margin of Error,"±27,652"
    Nonfamily households,
        Estimate,"70,625"
        Margin of Error,"±39,998"
"Census Tract 1246, Los Angeles County, California",
    Households,
        Estimate,"64,712"
        Margin of Error,"±10,227"
    Families,
        Estimate,"108,750"
        Margin of Error,"±25,160"
    Married-couple families,
        Estimate,"110,357"
        Margin of Error,"±35,281"
    Nonfamily households,
        Estimate,"48,194"
        Margin of Error,"±22,994"
"Census Tract 1247, Los Angeles County, California",
    Households,
        Estimate,"89,674"
        Margin of Error,"±29,364"
    Families,
        Estimate,"152,619"
        Margin of Error,"±42,717"
    Married-couple families,
        Estimate,"164,766"
        Margin of Error,"±24,587"
    Nonfamily households,
        Estimate,"60,625"
        Margin of Error,"±28,408"
"Census Tract 1249.02, Los Angeles County, California",
    Households,
        Estimate,"31,852"
        Margin of Error,"±7,760"
    Families,
        Estimate,"41,912"
        Margin of Error,"±19,568"
    Married-couple families,
        Estimate,"62,656"
        Margin of Error,"±50,388"
    Nonfamily households,
        Estimate,"26,901"
        Margin of Error,"±10,796"
"Census Tract 1249.03, Los Angeles County, California",
    Households,
        Estimate,"61,429"
        Margin of Error,"±8,148"
    Families,
        Estimate,"80,417"
        Margin of Error,"±31,988"
    Married-couple families,
        Estimate,"89,073"
        Margin of Error,"±15,114"
    Nonfamily households,
        Estimate,"46,311"
        Margin of Error,"±13,145"
"Census Tract 1251, Los Angeles County, California",
    Households,
        Estimate,"76,595"
        Margin of Error,"±6,558"
    Families,
        Estimate,"81,927"
        Margin of Error,"±11,187"
    Married-couple families,
        Estimate,"84,750"
        Margin of Error,"±28,741"
    Nonfamily households,
        Estimate,"72,067"
        Margin of Error,"±16,907"
"Census Tract 1252, Los Angeles County, California",
    Households,
        Estimate,"75,260"
        Margin of Error,"±13,204"
    Families,
        Estimate,"98,929"
        Margin of Error,"±23,083"
    Married-couple families,
        Estimate,"120,357"
        Margin of Error,"±27,326"
    Nonfamily households,
        Estimate,"46,528"
        Margin of Error,"±15,704"
"Census Tract 1253.10, Los Angeles County, California",
    Households,
        Estimate,"48,958"
        Margin of Error,"±11,910"
    Families,
        Estimate,"71,500"
        Margin of Error,"±24,843"
    Married-couple families,
        Estimate,"73,462"
        Margin of Error,"±39,808"
    Nonfamily households,
        Estimate,"36,188"
        Margin of Error,"±8,290"
"Census Tract 1253.20, Los Angeles County, California",
    Households,
        Estimate,"39,977"
        Margin of Error,"±9,416"
    Families,
        Estimate,"54,559"
        Margin of Error,"±14,943"
    Married-couple families,
        Estimate,"71,645"
        Margin of Error,"±41,057"
    Nonfamily households,
        Estimate,"32,679"
        Margin of Error,"±12,930"
"Census Tract 1254.01, Los Angeles County, California",
    Households,
        Estimate,"62,934"
        Margin of Error,"±8,571"
    Families,
        Estimate,"75,307"
        Margin of Error,"±25,262"
    Married-couple families,
        Estimate,"100,159"
        Margin of Error,"±41,672"
    Nonfamily households,
        Estimate,"58,229"
        Margin of Error,"±9,878"
"Census Tract 1254.02, Los Angeles County, California",
    Households,
        Estimate,"80,299"
        Margin of Error,"±16,094"
    Families,
        Estimate,"98,393"
        Margin of Error,"±27,373"
    Married-couple families,
        Estimate,"116,563"
        Margin of Error,"±18,049"
    Nonfamily households,
        Estimate,"64,125"
        Margin of Error,"±14,666"
"Census Tract 1255.01, Los Angeles County, California",
    Households,
        Estimate,"46,767"
        Margin of Error,"±13,339"
    Families,
        Estimate,"75,298"
        Margin of Error,"±26,474"
    Married-couple families,
        Estimate,"95,982"
        Margin of Error,"±27,637"
    Nonfamily households,
        Estimate,"44,505"
        Margin of Error,"±2,938"
"Census Tract 1255.02, Los Angeles County, California",
    Households,
        Estimate,"68,700"
        Margin of Error,"±6,841"
    Families,
        Estimate,"88,000"
        Margin of Error,"±11,138"
    Married-couple families,
        Estimate,"104,423"
        Margin of Error,"±30,892"
    Nonfamily households,
        Estimate,"60,078"
        Margin of Error,"±14,023"
"Census Tract 1256, Los Angeles County, California",
    Households,
        Estimate,"82,401"
        Margin of Error,"±21,919"
    Families,
        Estimate,"138,977"
        Margin of Error,"±27,033"
    Married-couple families,
        Estimate,"184,063"
        Margin of Error,"±74,904"
    Nonfamily households,
        Estimate,"58,068"
        Margin of Error,"±14,573"
"Census Tract 1271.02, Los Angeles County, California",
    Households,
        Estimate,"44,955"
        Margin of Error,"±11,645"
    Families,
        Estimate,"45,082"
        Margin of Error,"±6,368"
    Married-couple families,
        Estimate,"61,552"
        Margin of Error,"±28,759"
    Nonfamily households,
        Estimate,"34,286"
        Margin of Error,"±8,840"
"Census Tract 1271.03, Los Angeles County, California",
    Households,
        Estimate,"52,096"
        Margin of Error,"±8,328"
    Families,
        Estimate,"54,769"
        Margin of Error,"±8,948"
    Married-couple families,
        Estimate,"57,716"
        Margin of Error,"±11,016"
    Nonfamily households,
        Estimate,"44,107"
        Margin of Error,"±11,881"
"Census Tract 1271.04, Los Angeles County, California",
    Households,
        Estimate,"39,067"
        Margin of Error,"±7,040"
    Families,
        Estimate,"39,193"
        Margin of Error,"±8,596"
    Married-couple families,
        Estimate,"54,712"
        Margin of Error,"±22,390"
    Nonfamily households,
        Estimate,"38,843"
        Margin of Error,"±22,068"
"Census Tract 1272.10, Los Angeles County, California",
    Households,
        Estimate,"55,997"
        Margin of Error,"±4,349"
    Families,
        Estimate,"62,226"
        Margin of Error,"±7,200"
    Married-couple families,
        Estimate,"62,868"
        Margin of Error,"±6,843"
    Nonfamily households,
        Estimate,"36,532"
        Margin of Error,"±8,869"
"Census Tract 1272.20, Los Angeles County, California",
    Households,
        Estimate,"39,645"
        Margin of Error,"±4,408"
    Families,
        Estimate,"39,628"
        Margin of Error,"±5,456"
    Married-couple families,
        Estimate,"43,523"
        Margin of Error,"±17,656"
    Nonfamily households,
        Estimate,"26,420"
        Margin of Error,"±13,935"
"Census Tract 1273, Los Angeles County, California",
    Households,
        Estimate,"49,375"
        Margin of Error,"±14,607"
    Families,
        Estimate,"70,870"
        Margin of Error,"±15,688"
    Married-couple families,
        Estimate,"79,784"
        Margin of Error,"±13,159"
    Nonfamily households,
        Estimate,"32,813"
        Margin of Error,"±8,881"
"Census Tract 1274, Los Angeles County, California",
    Households,
        Estimate,"53,695"
        Margin of Error,"±5,823"
    Families,
        Estimate,"57,171"
        Margin of Error,"±15,024"
    Married-couple families,
        Estimate,"71,579"
        Margin of Error,"±19,687"
    Nonfamily households,
        Estimate,"42,000"
        Margin of Error,"±8,587"
"Census Tract 1275.20, Los Angeles County, California",
    Households,
        Estimate,"35,728"
        Margin of Error,"±5,435"
    Families,
        Estimate,"37,198"
        Margin of Error,"±10,670"
    Married-couple families,
        Estimate,"46,250"
        Margin of Error,"±8,921"
    Nonfamily households,
        Estimate,"18,734"
        Margin of Error,"±5,177"
"Census Tract 1276.03, Los Angeles County, California",
    Households,
        Estimate,"42,292"
        Margin of Error,"±5,968"
    Families,
        Estimate,"40,917"
        Margin of Error,"±7,118"
    Married-couple families,
        Estimate,"47,339"
        Margin of Error,"±21,818"
    Nonfamily households,
        Estimate,"43,793"
        Margin of Error,"±10,010"
"Census Tract 1276.04, Los Angeles County, California",
    Households,
        Estimate,"44,798"
        Margin of Error,"±6,311"
    Families,
        Estimate,"49,149"
        Margin of Error,"±13,530"
    Married-couple families,
        Estimate,"65,357"
        Margin of Error,"±37,166"
    Nonfamily households,
        Estimate,"20,449"
        Margin of Error,"±18,448"
"Census Tract 1276.05, Los Angeles County, California",
    Households,
        Estimate,"46,071"
        Margin of Error,"±5,210"
    Families,
        Estimate,"39,071"
        Margin of Error,"±10,293"
    Married-couple families,
        Estimate,"51,250"
        Margin of Error,"±14,474"
    Nonfamily households,
        Estimate,"39,286"
        Margin of Error,"±25,476"
"Census Tract 1276.06, Los Angeles County, California",
    Households,
        Estimate,"60,904"
        Margin of Error,"±8,499"
    Families,
        Estimate,"62,569"
        Margin of Error,"±8,069"
    Married-couple families,
        Estimate,"74,688"
        Margin of Error,"±20,113"
    Nonfamily households,
        Estimate,"53,125"
        Margin of Error,"±24,638"
"Census Tract 1277.11, Los Angeles County, California",
    Households,
        Estimate,"64,018"
        Margin of Error,"±12,330"
    Families,
        Estimate,"65,147"
        Margin of Error,"±10,500"
    Married-couple families,
        Estimate,"75,208"
        Margin of Error,"±24,742"
    Nonfamily households,
        Estimate,"50,208"
        Margin of Error,"±26,973"
"Census Tract 1277.12, Los Angeles County, California",
    Households,
        Estimate,"42,662"
        Margin of Error,"±4,862"
    Families,
        Estimate,"51,976"
        Margin of Error,"±5,329"
    Married-couple families,
        Estimate,"52,177"
        Margin of Error,"±8,938"
    Nonfamily households,
        Estimate,"35,543"
        Margin of Error,"±11,746"
"Census Tract 1278.03, Los Angeles County, California",
    Households,
        Estimate,"43,071"
        Margin of Error,"±8,872"
    Families,
        Estimate,"54,597"
        Margin of Error,"±7,052"
    Married-couple families,
        Estimate,"50,109"
        Margin of Error,"±19,099"
    Nonfamily households,
        Estimate,"32,238"
        Margin of Error,"±4,937"
"Census Tract 1278.04, Los Angeles County, California",
    Households,
        Estimate,"53,792"
        Margin of Error,"±7,264"
    Families,
        Estimate,"53,333"
        Margin of Error,"±8,126"
    Married-couple families,
        Estimate,"66,406"
        Margin of Error,"±24,361"
    Nonfamily households,
        Estimate,"50,729"
        Margin of Error,"±12,110"
"Census Tract 1278.05, Los Angeles County, California",
    Households,
        Estimate,"49,457"
        Margin of Error,"±8,334"
    Families,
        Estimate,"52,599"
        Margin of Error,"±6,526"
    Married-couple families,
        Estimate,"58,387"
        Margin of Error,"±7,889"
    Nonfamily households,
        Estimate,"28,487"
        Margin of Error,"±9,695"
"Census Tract 1278.06, Los Angeles County, California",
    Households,
        Estimate,"42,946"
        Margin of Error,"±15,830"
    Families,
        Estimate,"38,409"
        Margin of Error,"±17,134"
    Married-couple families,
        Estimate,"39,432"
        Margin of Error,"±27,845"
    Nonfamily households,
        Estimate,"34,464"
        Margin of Error,"±10,346"
"Census Tract 1279.10, Los Angeles County, California",
    Households,
        Estimate,"46,190"
        Margin of Error,"±2,609"
    Families,
        Estimate,"46,303"
        Margin of Error,"±3,460"
    Married-couple families,
        Estimate,"54,231"
        Margin of Error,"±19,522"
    Nonfamily households,
        Estimate,"32,824"
        Margin of Error,"±30,343"
"Census Tract 1279.20, Los Angeles County, California",
    Households,
        Estimate,"56,458"
        Margin of Error,"±16,822"
    Families,
        Estimate,"56,208"
        Margin of Error,"±14,720"
    Married-couple families,
        Estimate,"62,308"
        Margin of Error,"±17,297"
    Nonfamily households,
        Estimate,-
        Margin of Error,**
"Census Tract 1281.01, Los Angeles County, California",
    Households,
        Estimate,"56,023"
        Margin of Error,"±10,032"
    Families,
        Estimate,"57,804"
        Margin of Error,"±9,198"
    Married-couple families,
        Estimate,"59,831"
        Margin of Error,"±8,036"
    Nonfamily households,
        Estimate,"41,429"
        Margin of Error,"±27,765"
"Census Tract 1281.02, Los Angeles County, California",
    Households,
        Estimate,"46,699"
        Margin of Error,"±8,772"
    Families,
        Estimate,"47,841"
        Margin of Error,"±10,281"
    Married-couple families,
        Estimate,"58,167"
        Margin of Error,"±8,019"
    Nonfamily households,
        Estimate,"40,050"
        Margin of Error,"±7,706"
"Census Tract 1282.10, Los Angeles County, California",
    Households,
        Estimate,"31,168"
        Margin of Error,"±6,619"
    Families,
        Estimate,"27,799"
        Margin of Error,"±5,174"
    Married-couple families,
        Estimate,"30,172"
        Margin of Error,"±8,454"
    Nonfamily households,
        Estimate,"32,097"
        Margin of Error,"±14,412"
"Census Tract 1282.20, Los Angeles County, California",
    Households,
        Estimate,"41,570"
        Margin of Error,"±5,383"
    Families,
        Estimate,"43,611"
        Margin of Error,"±12,377"
    Married-couple families,
        Estimate,"43,438"
        Margin of Error,"±17,275"
    Nonfamily households,
        Estimate,"31,818"
        Margin of Error,"±11,561"
"Census Tract 1283.02, Los Angeles County, California",
    Households,
        Estimate,"46,413"
        Margin of Error,"±7,213"
    Families,
        Estimate,"44,725"
        Margin of Error,"±6,559"
    Married-couple families,
        Estimate,"42,716"
        Margin of Error,"±11,086"
    Nonfamily households,
        Estimate,"45,893"
        Margin of Error,"±25,801"
"Census Tract 1283.03, Los Angeles County, California",
    Households,
        Estimate,"39,488"
        Margin of Error,"±4,135"
    Families,
        Estimate,"34,213"
        Margin of Error,"±10,027"
    Married-couple families,
        Estimate,"31,761"
        Margin of Error,"±21,379"
    Nonfamily households,
        Estimate,"41,799"
        Margin of Error,"±5,977"
"Census Tract 1284, Los Angeles County, California",
    Households,
        Estimate,"72,500"
        Margin of Error,"±17,474"
    Families,
        Estimate,"81,850"
        Margin of Error,"±15,741"
    Married-couple families,
        Estimate,"122,740"
        Margin of Error,"±36,585"
    Nonfamily households,
        Estimate,"52,723"
        Margin of Error,"±9,279"
"Census Tract 1285, Los Angeles County, California",
    Households,
        Estimate,"74,375"
        Margin of Error,"±12,563"
    Families,
        Estimate,"102,571"
        Margin of Error,"±22,813"
    Married-couple families,
        Estimate,"115,000"
        Margin of Error,"±23,222"
    Nonfamily households,
        Estimate,"56,591"
        Margin of Error,"±9,250"
"Census Tract 1286.01, Los Angeles County, California",
    Households,
        Estimate,"48,173"
        Margin of Error,"±14,670"
    Families,
        Estimate,"66,053"
        Margin of Error,"±19,105"
    Married-couple families,
        Estimate,"82,986"
        Margin of Error,"±27,114"
    Nonfamily households,
        Estimate,"39,286"
        Margin of Error,"±11,122"
"Census Tract 1286.02, Los Angeles County, California",
    Households,
        Estimate,"85,284"
        Margin of Error,"±17,438"
    Families,
        Estimate,"100,694"
        Margin of Error,"±32,682"
    Married-couple families,
        Estimate,"112,955"
        Margin of Error,"±43,874"
    Nonfamily households,
        Estimate,"49,583"
        Margin of Error,"±22,808"
"Census Tract 1287.02, Los Angeles County, California",
    Households,
        Estimate,"76,202"
        Margin of Error,"±6,313"
    Families,
        Estimate,"107,458"
        Margin of Error,"±18,527"
    Married-couple families,
        Estimate,"125,714"
        Margin of Error,"±38,485"
    Nonfamily households,
        Estimate,"62,867"
        Margin of Error,"±12,260"
"Census Tract 1288.01, Los Angeles County, California",
    Households,
        Estimate,"65,449"
        Margin of Error,"±11,844"
    Families,
        Estimate,"75,598"
        Margin of Error,"±10,227"
    Married-couple families,
        Estimate,"86,625"
        Margin of Error,"±19,109"
    Nonfamily households,
        Estimate,"43,432"
        Margin of Error,"±12,084"
"Census Tract 1288.02, Los Angeles County, California",
    Households,
        Estimate,"89,735"
        Margin of Error,"±8,886"
    Families,
        Estimate,"105,033"
        Margin of Error,"±21,762"
    Married-couple families,
        Estimate,"130,474"
        Margin of Error,"±22,637"
    Nonfamily households,
        Estimate,"80,364"
        Margin of Error,"±15,749"
"Census Tract 1289.10, Los Angeles County, California",
    Households,
        Estimate,"104,392"
        Margin of Error,"±13,274"
    Families,
        Estimate,"119,306"
        Margin of Error,"±39,318"
    Married-couple families,
        Estimate,"151,518"
        Margin of Error,"±23,202"
    Nonfamily households,
        Estimate,"56,311"
        Margin of Error,"±29,986"
"Census Tract 1310.10, Los Angeles County, California",
    Households,
        Estimate,"56,487"
        Margin of Error,"±6,178"
    Families,
        Estimate,"55,536"
        Margin of Error,"±6,544"
    Married-couple families,
        Estimate,"59,519"
        Margin of Error,"±9,355"
    Nonfamily households,
        Estimate,"46,250"
        Margin of Error,"±21,754"
"Census Tract 1310.20, Los Angeles County, California",
    Households,
        Estimate,"66,875"
        Margin of Error,"±9,761"
    Families,
        Estimate,"69,030"
        Margin of Error,"±6,603"
    Married-couple families,
        Estimate,"77,321"
        Margin of Error,"±13,536"
    Nonfamily households,
        Estimate,"32,386"
        Margin of Error,"±20,144"
"Census Tract 1311, Los Angeles County, California",
    Households,
        Estimate,"81,613"
        Margin of Error,"±19,474"
    Families,
        Estimate,"105,833"
        Margin of Error,"±18,406"
    Married-couple families,
        Estimate,"109,821"
        Margin of Error,"±24,500"
    Nonfamily households,
        Estimate,"44,250"
        Margin of Error,"±17,461"
"Census Tract 1312, Los Angeles County, California",
    Households,
        Estimate,"81,929"
        Margin of Error,"±17,418"
    Families,
        Estimate,"100,250"
        Margin of Error,"±26,305"
    Married-couple families,
        Estimate,"126,322"
        Margin of Error,"±18,275"
    Nonfamily households,
        Estimate,"25,179"
        Margin of Error,"±18,922"
"Census Tract 1313, Los Angeles County, California",
    Households,
        Estimate,"71,848"
        Margin of Error,"±12,626"
    Families,
        Estimate,"73,603"
        Margin of Error,"±13,203"
    Married-couple families,
        Estimate,"79,688"
        Margin of Error,"±17,861"
    Nonfamily households,
        Estimate,"50,417"
        Margin of Error,"±17,978"
"Census Tract 1314, Los Angeles County, California",
    Households,
        Estimate,"67,730"
        Margin of Error,"±7,537"
    Families,
        Estimate,"82,147"
        Margin of Error,"±12,534"
    Married-couple families,
        Estimate,"89,688"
        Margin of Error,"±20,905"
    Nonfamily households,
        Estimate,"45,000"
        Margin of Error,"±7,718"
"Census Tract 1316, Los Angeles County, California",
    Households,
        Estimate,"77,222"
        Margin of Error,"±26,152"
    Families,
        Estimate,"97,738"
        Margin of Error,"±26,110"
    Married-couple families,
        Estimate,"108,375"
        Margin of Error,"±15,987"
    Nonfamily households,
        Estimate,"50,476"
        Margin of Error,"±17,690"
"Census Tract 1317.01, Los Angeles County, California",
    Households,
        Estimate,"71,595"
        Margin of Error,"±6,806"
    Families,
        Estimate,"78,889"
        Margin of Error,"±10,383"
    Married-couple families,
        Estimate,"106,905"
        Margin of Error,"±29,020"
    Nonfamily households,
        Estimate,"52,125"
        Margin of Error,"±12,373"
"Census Tract 1317.02, Los Angeles County, California",
    Households,
        Estimate,"68,083"
        Margin of Error,"±15,774"
    Families,
        Estimate,"64,970"
        Margin of Error,"±20,081"
    Married-couple families,
        Estimate,"73,594"
        Margin of Error,"±23,114"
    Nonfamily households,
        Estimate,"27,286"
        Margin of Error,"±17,057"
"Census Tract 1318, Los Angeles County, California",
    Households,
        Estimate,"66,434"
        Margin of Error,"±8,661"
    Families,
        Estimate,"65,102"
        Margin of Error,"±6,264"
    Married-couple families,
        Estimate,"67,029"
        Margin of Error,"±8,550"
    Nonfamily households,
        Estimate,"55,304"
        Margin of Error,"±29,846"
"Census Tract 1319, Los Angeles County, California",
    Households,
        Estimate,"86,818"
        Margin of Error,"±27,470"
    Families,
        Estimate,"93,977"
        Margin of Error,"±32,136"
    Married-couple families,
        Estimate,"108,384"
        Margin of Error,"±19,083"
    Nonfamily households,
        Estimate,"79,423"
        Margin of Error,"±19,122"
"Census Tract 1320.01, Los Angeles County, California",
    Households,
        Estimate,"83,039"
        Margin of Error,"±9,993"
    Families,
        Estimate,"91,806"
        Margin of Error,"±27,036"
    Married-couple families,
        Estimate,"126,250"
        Margin of Error,"±46,645"
    Nonfamily households,
        Estimate,"37,083"
        Margin of Error,"±17,392"
"Census Tract 1320.02, Los Angeles County, California",
    Households,
        Estimate,"109,891"
        Margin of Error,"±13,771"
    Families,
        Estimate,"105,893"
        Margin of Error,"±17,802"
    Married-couple families,
        Estimate,"114,402"
        Margin of Error,"±9,171"
    Nonfamily households,
        Estimate,"129,474"
        Margin of Error,"±45,300"
"Census Tract 1321.01, Los Angeles County, California",
    Households,
        Estimate,"73,550"
        Margin of Error,"±12,750"
    Families,
        Estimate,"81,442"
        Margin of Error,"±29,242"
    Married-couple families,
        Estimate,"95,410"
        Margin of Error,"±4,604"
    Nonfamily households,
        Estimate,"50,417"
        Margin of Error,"±14,463"
"Census Tract 1321.02, Los Angeles County, California",
    Households,
        Estimate,"49,838"
        Margin of Error,"±12,253"
    Families,
        Estimate,"74,394"
        Margin of Error,"±26,096"
    Married-couple families,
        Estimate,"79,798"
        Margin of Error,"±29,341"
    Nonfamily households,
        Estimate,"37,243"
        Margin of Error,"±18,573"
"Census Tract 1323, Los Angeles County, California",
    Households,
        Estimate,"49,741"
        Margin of Error,"±6,971"
    Families,
        Estimate,"51,444"
        Margin of Error,"±15,550"
    Married-couple families,
        Estimate,"73,244"
        Margin of Error,"±28,733"
    Nonfamily households,
        Estimate,"38,608"
        Margin of Error,"±11,732"
"Census Tract 1325.01, Los Angeles County, California",
    Households,
        Estimate,"60,156"
        Margin of Error,"±20,005"
    Families,
        Estimate,"63,819"
        Margin of Error,"±16,048"
    Married-couple families,
        Estimate,"76,327"
        Margin of Error,"±33,744"
    Nonfamily households,
        Estimate,-
        Margin of Error,**
"Census Tract 1325.02, Los Angeles County, California",
    Households,
        Estimate,"52,712"
        Margin of Error,"±12,096"
    Families,
        Estimate,"62,989"
        Margin of Error,"±11,166"
    Married-couple families,
        Estimate,"66,607"
        Margin of Error,"±13,895"
    Nonfamily households,
        Estimate,"32,917"
        Margin of Error,"±13,811"
"Census Tract 1327, Los Angeles County, California",
    Households,
        Estimate,"64,412"
        Margin of Error,"±16,884"
    Families,
        Estimate,"71,108"
        Margin of Error,"±10,788"
    Married-couple families,
        Estimate,"82,625"
        Margin of Error,"±10,070"
    Nonfamily households,
        Estimate,"34,899"
        Margin of Error,"±22,958"
"Census Tract 1329, Los Angeles County, California",
    Households,
        Estimate,"81,042"
        Margin of Error,"±9,546"
    Families,
        Estimate,"90,804"
        Margin of Error,"±19,313"
    Married-couple families,
        Estimate,"112,381"
        Margin of Error,"±23,065"
    Nonfamily households,
        Estimate,"69,375"
        Margin of Error,"±20,124"
"Census Tract 1330, Los Angeles County, California",
    Households,
        Estimate,"72,864"
        Margin of Error,"±8,475"
    Families,
        Estimate,"73,682"
        Margin of Error,"±10,732"
    Married-couple families,
        Estimate,"80,250"
        Margin of Error,"±13,508"
    Nonfamily households,
        Estimate,"67,632"
        Margin of Error,"±26,644"
"Census Tract 1331, Los Angeles County, California",
    Households,
        Estimate,"52,262"
        Margin of Error,"±4,944"
    Families,
        Estimate,"67,990"
        Margin of Error,"±12,829"
    Married-couple families,
        Estimate,"75,603"
        Margin of Error,"±20,787"
    Nonfamily households,
        Estimate,"33,684"
        Margin of Error,"±16,149"
"Census Tract 1340.01, Los Angeles County, California",
    Households,
        Estimate,"63,846"
        Margin of Error,"±9,352"
    Families,
        Estimate,"60,227"
        Margin of Error,"±12,309"
    Married-couple families,
        Estimate,"67,823"
        Margin of Error,"±9,441"
    Nonfamily households,
        Estimate,"58,750"
        Margin of Error,"±37,464"
"Census Tract 1340.02, Los Angeles County, California",
    Households,
        Estimate,"54,138"
        Margin of Error,"±10,199"
    Families,
        Estimate,"61,000"
        Margin of Error,"±10,831"
    Married-couple families,
        Estimate,"79,625"
        Margin of Error,"±34,468"
    Nonfamily households,
        Estimate,"20,625"
        Margin of Error,"±11,385"
"Census Tract 1341.01, Los Angeles County, California",
    Households,
        Estimate,"69,476"
        Margin of Error,"±15,824"
    Families,
        Estimate,"66,023"
        Margin of Error,"±10,293"
    Married-couple families,
        Estimate,"73,472"
        Margin of Error,"±26,813"
    Nonfamily households,
        Estimate,"79,444"
        Margin of Error,"±46,002"
"Census Tract 1341.03, Los Angeles County, California",
    Households,
        Estimate,"81,833"
        Margin of Error,"±13,397"
    Families,
        Estimate,"85,333"
        Margin of Error,"±15,009"
    Married-couple families,
        Estimate,"88,250"
        Margin of Error,"±18,245"
    Nonfamily households,
        Estimate,"56,250"
        Margin of Error,"±30,693"
"Census Tract 1341.04, Los Angeles County, California",
    Households,
        Estimate,"60,582"
        Margin of Error,"±9,933"
    Families,
        Estimate,"65,607"
        Margin of Error,"±10,799"
    Married-couple families,
        Estimate,"82,539"
        Margin of Error,"±19,134"
    Nonfamily households,
        Estimate,"39,620"
        Margin of Error,"±20,504"
"Census Tract 1342.01, Los Angeles County, California",
    Households,
        Estimate,"91,758"
        Margin of Error,"±10,723"
    Families,
        Estimate,"89,688"
        Margin of Error,"±13,508"
    Married-couple families,
        Estimate,"94,022"
        Margin of Error,"±7,233"
    Nonfamily households,
        Estimate,"81,750"
        Margin of Error,"±23,238"
"Census Tract 1343.02, Los Angeles County, California",
    Households,
        Estimate,"103,750"
        Margin of Error,"±20,895"
    Families,
        Estimate,"111,004"
        Margin of Error,"±12,605"
    Married-couple families,
        Estimate,"111,941"
        Margin of Error,"±34,030"
    Nonfamily households,
        Estimate,"72,632"
        Margin of Error,"±6,832"
"Census Tract 1343.03, Los Angeles County, California",
    Households,
        Estimate,"78,864"
        Margin of Error,"±18,669"
    Families,
        Estimate,"103,958"
        Margin of Error,"±17,901"
    Married-couple families,
        Estimate,"114,219"
        Margin of Error,"±10,052"
    Nonfamily households,
        Estimate,"38,370"
        Margin of Error,"±14,396"
"Census Tract 1343.04, Los Angeles County, California",
    Households,
        Estimate,"64,167"
        Margin of Error,"±9,879"
    Families,
        Estimate,"79,688"
        Margin of Error,"±19,700"
    Married-couple families,
        Estimate,"101,346"
        Margin of Error,"±20,216"
    Nonfamily households,
        Estimate,"27,401"
        Margin of Error,"±25,100"
"Census Tract 1343.05, Los Angeles County, California",
    Households,
        Estimate,"37,606"
        Margin of Error,"±6,152"
    Families,
        Estimate,"39,038"
        Margin of Error,"±11,431"
    Married-couple families,
        Estimate,"46,775"
        Margin of Error,"±3,237"
    Nonfamily households,
        Estimate,"30,729"
        Margin of Error,"±8,209"
"Census Tract 1343.06, Los Angeles County, California",
    Households,
        Estimate,"69,286"
        Margin of Error,"±13,401"
    Families,
        Estimate,"68,958"
        Margin of Error,"±13,247"
    Married-couple families,
        Estimate,"76,346"
        Margin of Error,"±19,479"
    Nonfamily households,
        Estimate,"31,827"
        Margin of Error,"±2,703"
"Census Tract 1344.21, Los Angeles County, California",
    Households,
        Estimate,"140,313"
        Margin of Error,"±24,355"
    Families,
        Estimate,"155,260"
        Margin of Error,"±23,107"
    Married-couple families,
        Estimate,"162,639"
        Margin of Error,"±31,624"
    Nonfamily households,
        Estimate,"75,043"
        Margin of Error,"±11,800"
"Census Tract 1344.22, Los Angeles County, California",
    Households,
        Estimate,"121,250"
        Margin of Error,"±25,556"
    Families,
        Estimate,"135,721"
        Margin of Error,"±11,959"
    Married-couple families,
        Estimate,"141,703"
        Margin of Error,"±19,381"
    Nonfamily households,
        Estimate,"65,809"
        Margin of Error,"±26,021"
"Census Tract 1344.23, Los Angeles County, California",
    Households,
        Estimate,"100,950"
        Margin of Error,"±14,147"
    Families,
        Estimate,"104,931"
        Margin of Error,"±30,088"
    Married-couple families,
        Estimate,"119,671"
        Margin of Error,"±39,997"
    Nonfamily households,
        Estimate,"54,115"
        Margin of Error,"±40,177"
"Census Tract 1344.24, Los Angeles County, California",
    Households,
        Estimate,"147,679"
        Margin of Error,"±14,124"
    Families,
        Estimate,"153,421"
        Margin of Error,"±7,639"
    Married-couple families,
        Estimate,"154,145"
        Margin of Error,"±9,267"
    Nonfamily households,
        Estimate,"96,827"
        Margin of Error,"±5,201"
"Census Tract 1345.20, Los Angeles County, California",
    Households,
        Estimate,"46,011"
        Margin of Error,"±8,033"
    Families,
        Estimate,"50,395"
        Margin of Error,"±13,803"
    Married-couple families,
        Estimate,"63,371"
        Margin of Error,"±4,861"
    Nonfamily households,
        Estimate,"29,375"
        Margin of Error,"±20,611"
"Census Tract 1345.21, Los Angeles County, California",
    Households,
        Estimate,"57,669"
        Margin of Error,"±6,147"
    Families,
        Estimate,"54,096"
        Margin of Error,"±9,454"
    Married-couple families,
        Estimate,"66,607"
        Margin of Error,"±29,432"
    Nonfamily households,
        Estimate,"47,574"
        Margin of Error,"±43,146"
"Census Tract 1345.22, Los Angeles County, California",
    Households,
        Estimate,"37,869"
        Margin of Error,"±4,765"
    Families,
        Estimate,"41,941"
        Margin of Error,"±11,054"
    Married-couple families,
        Estimate,"60,057"
        Margin of Error,"±8,644"
    Nonfamily households,
        Estimate,"29,444"
        Margin of Error,"±7,937"
"Census Tract 1347.10, Los Angeles County, California",
    Households,
        Estimate,"46,050"
        Margin of Error,"±9,150"
    Families,
        Estimate,"48,125"
        Margin of Error,"±7,707"
    Married-couple families,
        Estimate,"53,050"
        Margin of Error,"±12,949"
    Nonfamily households,
        Estimate,"32,024"
        Margin of Error,"±16,711"
"Census Tract 1347.20, Los Angeles County, California",
    Households,
        Estimate,"66,650"
        Margin of Error,"±10,279"
    Families,
        Estimate,"67,656"
        Margin of Error,"±14,226"
    Married-couple families,
        Estimate,"79,142"
        Margin of Error,"±8,075"
    Nonfamily households,
        Estimate,"60,000"
        Margin of Error,"±21,025"
"Census Tract 1348, Los Angeles County, California",
    Households,
        Estimate,"84,038"
        Margin of Error,"±9,572"
    Families,
        Estimate,"89,107"
        Margin of Error,"±13,100"
    Married-couple families,
        Estimate,"90,288"
        Margin of Error,"±19,068"
    Nonfamily households,
        Estimate,"40,481"
        Margin of Error,"±7,100"
"Census Tract 1349.01, Los Angeles County, California",
    Households,
        Estimate,"74,125"
        Margin of Error,"±30,416"
    Families,
        Estimate,"85,714"
        Margin of Error,"±41,921"
    Married-couple families,
        Estimate,"95,625"
        Margin of Error,"±53,756"
    Nonfamily households,
        Estimate,"41,507"
        Margin of Error,"±14,334"
"Census Tract 1349.03, Los Angeles County, California",
    Households,
        Estimate,"77,353"
        Margin of Error,"±14,854"
    Families,
        Estimate,"81,995"
        Margin of Error,"±18,623"
    Married-couple families,
        Estimate,"87,740"
        Margin of Error,"±10,553"
    Nonfamily households,
        Estimate,"63,586"
        Margin of Error,"±18,704"
"Census Tract 1349.04, Los Angeles County, California",
    Households,
        Estimate,"49,866"
        Margin of Error,"±8,552"
    Families,
        Estimate,"73,191"
        Margin of Error,"±19,502"
    Married-couple families,
        Estimate,"90,641"
        Margin of Error,"±18,911"
    Nonfamily households,
        Estimate,"29,655"
        Margin of Error,"±8,919"
"Census Tract 1349.05, Los Angeles County, California",
    Households,
        Estimate,"84,224"
        Margin of Error,"±13,576"
    Families,
        Estimate,"104,688"
        Margin of Error,"±37,919"
    Married-couple families,
        Estimate,"130,288"
        Margin of Error,"±35,452"
    Nonfamily households,
        Estimate,"77,801"
        Margin of Error,"±6,907"
"Census Tract 1351.02, Los Angeles County, California",
    Households,
        Estimate,"145,313"
        Margin of Error,"±25,379"
    Families,
        Estimate,"150,404"
        Margin of Error,"±15,718"
    Married-couple families,
        Estimate,"161,354"
        Margin of Error,"±26,134"
    Nonfamily households,
        Estimate,"62,829"
        Margin of Error,"±13,807"
"Census Tract 1351.11, Los Angeles County, California",
    Households,
        Estimate,"101,554"
        Margin of Error,"±15,716"
    Families,
        Estimate,"106,087"
        Margin of Error,"±18,140"
    Married-couple families,
        Estimate,"120,769"
        Margin of Error,"±31,579"
    Nonfamily households,
        Estimate,"75,227"
        Margin of Error,"±12,930"
"Census Tract 1351.13, Los Angeles County, California",
    Households,
        Estimate,"85,505"
        Margin of Error,"±10,383"
    Families,
        Estimate,"100,417"
        Margin of Error,"±16,396"
    Married-couple families,
        Estimate,"100,868"
        Margin of Error,"±15,680"
    Nonfamily households,
        Estimate,"72,837"
        Margin of Error,"±12,063"
"Census Tract 1351.14, Los Angeles County, California",
    Households,
        Estimate,"58,958"
        Margin of Error,"±9,075"
    Families,
        Estimate,"81,250"
        Margin of Error,"±11,975"
    Married-couple families,
        Estimate,"82,072"
        Margin of Error,"±13,018"
    Nonfamily households,
        Estimate,"44,321"
        Margin of Error,"±10,263"
"Census Tract 1352.01, Los Angeles County, California",
    Households,
        Estimate,"106,550"
        Margin of Error,"±8,169"
    Families,
        Estimate,"116,731"
        Margin of Error,"±18,065"
    Married-couple families,
        Estimate,"146,000"
        Margin of Error,"±24,281"
    Nonfamily households,
        Estimate,"41,406"
        Margin of Error,"±24,006"
"Census Tract 1352.02, Los Angeles County, California",
    Households,
        Estimate,"116,321"
        Margin of Error,"±13,676"
    Families,
        Estimate,"122,700"
        Margin of Error,"±10,495"
    Married-couple families,
        Estimate,"135,066"
        Margin of Error,"±14,130"
    Nonfamily households,
        Estimate,"50,972"
        Margin of Error,"±17,539"
"Census Tract 1352.03, Los Angeles County, California",
    Households,
        Estimate,"116,518"
        Margin of Error,"±10,264"
    Families,
        Estimate,"137,708"
        Margin of Error,"±26,117"
    Married-couple families,
        Estimate,"150,692"
        Margin of Error,"±30,110"
    Nonfamily households,
        Estimate,"52,083"
        Margin of Error,"±31,116"
"Census Tract 1370, Los Angeles County, California",
    Households,
        Estimate,"123,542"
        Margin of Error,"±20,374"
    Families,
        Estimate,"164,531"
        Margin of Error,"±30,507"
    Married-couple families,
        Estimate,"189,009"
        Margin of Error,"±17,896"
    Nonfamily households,
        Estimate,"52,375"
        Margin of Error,"±29,375"
"Census Tract 1371.03, Los Angeles County, California",
    Households,
        Estimate,"89,344"
        Margin of Error,"±17,969"
    Families,
        Estimate,"105,771"
        Margin of Error,"±16,052"
    Married-couple families,
        Estimate,"108,379"
        Margin of Error,"±23,118"
    Nonfamily households,
        Estimate,"74,375"
        Margin of Error,"±16,875"
"Census Tract 1371.04, Los Angeles County, California",
    Households,
        Estimate,"106,111"
        Margin of Error,"±36,498"
    Families,
        Estimate,"116,765"
        Margin of Error,"±24,400"
    Married-couple families,
        Estimate,"127,882"
        Margin of Error,"±23,351"
    Nonfamily households,
        Estimate,"60,435"
        Margin of Error,"±24,501"
"Census Tract 1372.01, Los Angeles County, California",
    Households,
        Estimate,"77,146"
        Margin of Error,"±16,000"
    Families,
        Estimate,"79,830"
        Margin of Error,"±34,368"
    Married-couple families,
        Estimate,"107,019"
        Margin of Error,"±53,238"
    Nonfamily households,
        Estimate,"75,543"
        Margin of Error,"±31,028"
"Census Tract 1373.01, Los Angeles County, California",
    Households,
        Estimate,"156,250"
        Margin of Error,"±27,086"
    Families,
        Estimate,"161,029"
        Margin of Error,"±31,166"
    Married-couple families,
        Estimate,"185,357"
        Margin of Error,"±28,565"
    Nonfamily households,
        Estimate,"116,042"
        Margin of Error,"±96,612"
"Census Tract 1373.02, Los Angeles County, California",
    Households,
        Estimate,"145,286"
        Margin of Error,"±15,318"
    Families,
        Estimate,"155,461"
        Margin of Error,"±28,175"
    Married-couple families,
        Estimate,"166,000"
        Margin of Error,"±30,634"
    Nonfamily households,
        Estimate,"102,847"
        Margin of Error,"±12,577"
"Census Tract 1374.01, Los Angeles County, California",
    Households,
        Estimate,"125,781"
        Margin of Error,"±16,337"
    Families,
        Estimate,"152,074"
        Margin of Error,"±23,332"
    Married-couple families,
        Estimate,"173,224"
        Margin of Error,"±30,754"
    Nonfamily households,
        Estimate,"80,893"
        Margin of Error,"±24,668"
"Census Tract 1374.02, Los Angeles County, California",
    Households,
        Estimate,"115,978"
        Margin of Error,"±26,534"
    Families,
        Estimate,"125,375"
        Margin of Error,"±35,718"
    Married-couple families,
        Estimate,"145,476"
        Margin of Error,"±36,570"
    Nonfamily households,
        Estimate,"83,980"
        Margin of Error,"±13,631"
"Census Tract 1375.01, Los Angeles County, California",
    Households,
        Estimate,"92,156"
        Margin of Error,"±15,693"
    Families,
        Estimate,"102,382"
        Margin of Error,"±59,279"
    Married-couple families,
        Estimate,"188,984"
        Margin of Error,"±95,900"
    Nonfamily households,
        Estimate,"70,833"
        Margin of Error,"±27,829"
"Census Tract 1375.02, Los Angeles County, California",
    Households,
        Estimate,"99,688"
        Margin of Error,"±23,194"
    Families,
        Estimate,"160,903"
        Margin of Error,"±25,667"
    Married-couple families,
        Estimate,"190,294"
        Margin of Error,"±26,337"
    Nonfamily households,
        Estimate,"39,622"
        Margin of Error,"±23,689"
"Census Tract 1375.04, Los Angeles County, California",
    Households,
        Estimate,"143,875"
        Margin of Error,"±30,995"
    Families,
        Estimate,"135,000"
        Margin of Error,"±30,294"
    Married-couple families,
        Estimate,"164,583"
        Margin of Error,"±36,003"
    Nonfamily households,
        Estimate,-
        Margin of Error,**
"Census Tract 1380, Los Angeles County, California",
    Households,
        Estimate,"127,983"
        Margin of Error,"±16,069"
    Families,
        Estimate,"145,160"
        Margin of Error,"±20,737"
    Married-couple families,
        Estimate,"149,906"
        Margin of Error,"±21,148"
    Nonfamily households,
        Estimate,"86,250"
        Margin of Error,"±21,917"
"Census Tract 1390.01, Los Angeles County, California",
    Households,
        Estimate,"86,488"
        Margin of Error,"±24,633"
    Families,
        Estimate,"97,363"
        Margin of Error,"±20,006"
    Married-couple families,
        Estimate,"120,741"
        Margin of Error,"±28,202"
    Nonfamily households,
        Estimate,"50,250"
        Margin of Error,"±28,297"
"Census Tract 1392, Los Angeles County, California",
    Households,
        Estimate,"70,463"
        Margin of Error,"±19,695"
    Families,
        Estimate,"85,947"
        Margin of Error,"±25,252"
    Married-couple families,
        Estimate,"122,500"
        Margin of Error,"±19,336"
    Nonfamily households,
        Estimate,"53,603"
        Margin of Error,"±1,897"
"Census Tract 1393.01, Los Angeles County, California",
    Households,
        Estimate,"126,328"
        Margin of Error,"±26,574"
    Families,
        Estimate,"132,935"
        Margin of Error,"±19,574"
    Married-couple families,
        Estimate,"161,250"
        Margin of Error,"±41,396"
    Nonfamily households,
        Estimate,"93,611"
        Margin of Error,"±23,624"
"Census Tract 1393.02, Los Angeles County, California",
    Households,
        Estimate,"46,743"
        Margin of Error,"±7,442"
    Families,
        Estimate,"54,050"
        Margin of Error,"±16,535"
    Married-couple families,
        Estimate,"55,682"
        Margin of Error,"±22,025"
    Nonfamily households,
        Estimate,"40,920"
        Margin of Error,"±7,683"
"Census Tract 1393.03, Los Angeles County, California",
    Households,
        Estimate,"54,470"
        Margin of Error,"±7,688"
    Families,
        Estimate,"60,903"
        Margin of Error,"±17,133"
    Married-couple families,
        Estimate,"113,958"
        Margin of Error,"±61,599"
    Nonfamily households,
        Estimate,"53,902"
        Margin of Error,"±6,521"
"Census Tract 1394.01, Los Angeles County, California",
    Households,
        Estimate,"57,440"
        Margin of Error,"±17,616"
    Families,
        Estimate,"74,300"
        Margin of Error,"±18,092"
    Married-couple families,
        Estimate,"88,625"
        Margin of Error,"±38,743"
    Nonfamily households,
        Estimate,"30,625"
        Margin of Error,"±18,775"
"Census Tract 1394.02, Los Angeles County, California",
    Households,
        Estimate,"137,578"
        Margin of Error,"±26,508"
    Families,
        Estimate,"138,594"
        Margin of Error,"±31,304"
    Married-couple families,
        Estimate,"158,589"
        Margin of Error,"±18,705"
    Nonfamily households,
        Estimate,"124,250"
        Margin of Error,"±104,648"
"Census Tract 1395.02, Los Angeles County, California",
    Households,
        Estimate,"79,500"
        Margin of Error,"±18,671"
    Families,
        Estimate,"117,600"
        Margin of Error,"±52,058"
    Married-couple families,
        Estimate,"119,500"
        Margin of Error,"±37,225"
    Nonfamily households,
        Estimate,"40,800"
        Margin of Error,"±20,468"
"Census Tract 1395.03, Los Angeles County, California",
    Households,
        Estimate,"57,006"
        Margin of Error,"±12,813"
    Families,
        Estimate,"76,729"
        Margin of Error,"±17,978"
    Married-couple families,
        Estimate,"91,250"
        Margin of Error,"±16,759"
    Nonfamily households,
        Estimate,"48,140"
        Margin of Error,"±20,709"
"Census Tract 1395.04, Los Angeles County, California",
    Households,
        Estimate,"56,212"
        Margin of Error,"±8,467"
    Families,
        Estimate,"56,901"
        Margin of Error,"±14,775"
    Married-couple families,
        Estimate,"67,315"
        Margin of Error,"±39,098"
    Nonfamily households,
        Estimate,"54,519"
        Margin of Error,"±17,919"
"Census Tract 1396, Los Angeles County, California",
    Households,
        Estimate,"77,000"
        Margin of Error,"±14,988"
    Families,
        Estimate,"103,322"
        Margin of Error,"±30,279"
    Married-couple families,
        Estimate,"116,705"
        Margin of Error,"±29,784"
    Nonfamily households,
        Estimate,"60,995"
        Margin of Error,"±15,685"
"Census Tract 1397.01, Los Angeles County, California",
    Households,
        Estimate,"152,833"
        Margin of Error,"±25,536"
    Families,
        Estimate,"216,051"
        Margin of Error,"±30,432"
    Married-couple families,
        Estimate,"216,975"
        Margin of Error,"±20,127"
    Nonfamily households,
        Estimate,"89,844"
        Margin of Error,"±28,856"
"Census Tract 1397.02, Los Angeles County, California",
    Households,
        Estimate,"205,964"
        Margin of Error,"±30,616"
    Families,
        Estimate,"220,833"
        Margin of Error,"±38,697"
    Married-couple families,
        Estimate,"225,915"
        Margin of Error,"±37,376"
    Nonfamily households,
        Estimate,-
        Margin of Error,**
"Census Tract 1397.03, Los Angeles County, California",
    Households,
        Estimate,"124,830"
        Margin of Error,"±28,201"
    Families,
        Estimate,"138,385"
        Margin of Error,"±24,324"
    Married-couple families,
        Estimate,"150,000"
        Margin of Error,"±42,437"
    Nonfamily households,
        Estimate,"69,318"
        Margin of Error,"±28,617"
"Census Tract 1398.01, Los Angeles County, California",
    Households,
        Estimate,"157,557"
        Margin of Error,"±21,175"
    Families,
        Estimate,"166,908"
        Margin of Error,"±21,905"
    Married-couple families,
        Estimate,"166,711"
        Margin of Error,"±25,065"
    Nonfamily households,
        Estimate,"83,594"
        Margin of Error,"±67,333"
"Census Tract 1398.02, Los Angeles County, California",
    Households,
        Estimate,"153,523"
        Margin of Error,"±55,588"
    Families,
        Estimate,"191,875"
        Margin of Error,"±67,963"
    Married-couple families,
        Estimate,"208,947"
        Margin of Error,"±60,010"
    Nonfamily households,
        Estimate,"92,273"
        Margin of Error,"±27,206"
"Census Tract 1411.01, Los Angeles County, California",
    Households,
        Estimate,"73,333"
        Margin of Error,"±13,821"
    Families,
        Estimate,"87,647"
        Margin of Error,"±52,207"
    Married-couple families,
        Estimate,"123,301"
        Margin of Error,"±25,782"
    Nonfamily households,
        Estimate,"54,328"
        Margin of Error,"±24,690"
"Census Tract 1411.02, Los Angeles County, California",
    Households,
        Estimate,"98,125"
        Margin of Error,"±14,832"
    Families,
        Estimate,"138,750"
        Margin of Error,"±39,018"
    Married-couple families,
        Estimate,"156,125"
        Margin of Error,"±44,288"
    Nonfamily households,
        Estimate,"84,598"
        Margin of Error,"±19,456"
"Census Tract 1412.01, Los Angeles County, California",
    Households,
        Estimate,"84,205"
        Margin of Error,"±8,964"
    Families,
        Estimate,"112,917"
        Margin of Error,"±18,402"
    Married-couple families,
        Estimate,"108,269"
        Margin of Error,"±25,527"
    Nonfamily households,
        Estimate,"65,870"
        Margin of Error,"±10,078"
"Census Tract 1412.02, Los Angeles County, California",
    Households,
        Estimate,"81,250"
        Margin of Error,"±22,239"
    Families,
        Estimate,"163,077"
        Margin of Error,"±56,591"
    Married-couple families,
        Estimate,"187,222"
        Margin of Error,"±24,685"
    Nonfamily households,
        Estimate,"71,522"
        Margin of Error,"±23,241"
"Census Tract 1413.02, Los Angeles County, California",
    Households,
        Estimate,"92,769"
        Margin of Error,"±19,449"
    Families,
        Estimate,"145,313"
        Margin of Error,"±58,745"
    Married-couple families,
        Estimate,"176,912"
        Margin of Error,"±25,277"
    Nonfamily households,
        Estimate,"73,322"
        Margin of Error,"±28,415"
"Census Tract 1413.03, Los Angeles County, California",
    Households,
        Estimate,"82,448"
        Margin of Error,"±13,051"
    Families,
        Estimate,"114,258"
        Margin of Error,"±11,122"
    Married-couple families,
        Estimate,"123,467"
        Margin of Error,"±23,996"
    Nonfamily households,
        Estimate,"61,000"
        Margin of Error,"±21,073"
"Census Tract 1413.04, Los Angeles County, California",
    Households,
        Estimate,"98,375"
        Margin of Error,"±9,629"
    Families,
        Estimate,"162,167"
        Margin of Error,"±63,710"
    Married-couple families,
        Estimate,"176,771"
        Margin of Error,"±75,452"
    Nonfamily households,
        Estimate,"68,309"
        Margin of Error,"±20,786"
"Census Tract 1414, Los Angeles County, California",
    Households,
        Estimate,"101,327"
        Margin of Error,"±8,644"
    Families,
        Estimate,"126,250"
        Margin of Error,"±29,406"
    Married-couple families,
        Estimate,"178,938"
        Margin of Error,"±48,443"
    Nonfamily households,
        Estimate,"58,205"
        Margin of Error,"±14,971"
"Census Tract 1415, Los Angeles County, California",
    Households,
        Estimate,"219,698"
        Margin of Error,"±58,903"
    Families,
        Estimate,"249,602"
        Margin of Error,"±28,578"
    Married-couple families,
        Estimate,"250,000+"
        Margin of Error,***
    Nonfamily households,
        Estimate,"126,875"
        Margin of Error,"±55,819"
"Census Tract 1416, Los Angeles County, California",
    Households,
        Estimate,"196,741"
        Margin of Error,"±21,498"
    Families,
        Estimate,"214,531"
        Margin of Error,"±32,917"
    Married-couple families,
        Estimate,"232,563"
        Margin of Error,"±25,745"
    Nonfamily households,
        Estimate,"98,281"
        Margin of Error,"±69,055"
"Census Tract 1417, Los Angeles County, California",
    Households,
        Estimate,"250,000+"
        Margin of Error,***
    Families,
        Estimate,"250,000+"
        Margin of Error,***
    Married-couple families,
        Estimate,"250,000+"
        Margin of Error,***
    Nonfamily households,
        Estimate,"126,048"
        Margin of Error,"±29,704"
"Census Tract 1431, Los Angeles County, California",
    Households,
        Estimate,"100,948"
        Margin of Error,"±17,359"
    Families,
        Estimate,"145,985"
        Margin of Error,"±27,695"
    Married-couple families,
        Estimate,"160,185"
        Margin of Error,"±32,878"
    Nonfamily households,
        Estimate,"88,289"
        Margin of Error,"±23,487"
"Census Tract 1432, Los Angeles County, California",
    Households,
        Estimate,"75,521"
        Margin of Error,"±7,215"
    Families,
        Estimate,"107,348"
        Margin of Error,"±10,963"
    Married-couple families,
        Estimate,"112,330"
        Margin of Error,"±17,108"
    Nonfamily households,
        Estimate,"62,904"
        Margin of Error,"±28,129"
"Census Tract 1433, Los Angeles County, California",
    Households,
        Estimate,"85,230"
        Margin of Error,"±22,072"
    Families,
        Estimate,"125,500"
        Margin of Error,"±24,083"
    Married-couple families,
        Estimate,"145,710"
        Margin of Error,"±27,178"
    Nonfamily households,
        Estimate,"51,402"
        Margin of Error,"±19,581"
"Census Tract 1434, Los Angeles County, California",
    Households,
        Estimate,"116,222"
        Margin of Error,"±21,566"
    Families,
        Estimate,"131,959"
        Margin of Error,"±6,432"
    Married-couple families,
        Estimate,"147,443"
        Margin of Error,"±38,757"
    Nonfamily households,
        Estimate,"85,847"
        Margin of Error,"±20,062"
"Census Tract 1435, Los Angeles County, California",
    Households,
        Estimate,"108,542"
        Margin of Error,"±19,309"
    Families,
        Estimate,"123,125"
        Margin of Error,"±12,378"
    Married-couple families,
        Estimate,"162,550"
        Margin of Error,"±62,430"
    Nonfamily households,
        Estimate,"77,295"
        Margin of Error,"±15,578"
"Census Tract 1436.02, Los Angeles County, California",
    Households,
        Estimate,"106,442"
        Margin of Error,"±16,290"
    Families,
        Estimate,"133,355"
        Margin of Error,"±64,184"
    Married-couple families,
        Estimate,"186,953"
        Margin of Error,"±91,126"
    Nonfamily households,
        Estimate,"75,461"
        Margin of Error,"±36,374"
"Census Tract 1436.03, Los Angeles County, California",
    Households,
        Estimate,"87,000"
        Margin of Error,"±19,627"
    Families,
        Estimate,"122,396"
        Margin of Error,"±17,401"
    Married-couple families,
        Estimate,"131,250"
        Margin of Error,"±15,809"
    Nonfamily households,
        Estimate,"62,991"
        Margin of Error,"±11,790"
"Census Tract 1436.04, Los Angeles County, California",
    Households,
        Estimate,"82,199"
        Margin of Error,"±13,585"
    Families,
        Estimate,"125,625"
        Margin of Error,"±71,784"
    Married-couple families,
        Estimate,"148,452"
        Margin of Error,"±71,278"
    Nonfamily households,
        Estimate,"59,450"
        Margin of Error,"±10,350"
"Census Tract 1437, Los Angeles County, California",
    Households,
        Estimate,"111,985"
        Margin of Error,"±20,230"
    Families,
        Estimate,"194,583"
        Margin of Error,"±54,453"
    Married-couple families,
        Estimate,"214,750"
        Margin of Error,"±41,097"
    Nonfamily households,
        Estimate,"77,321"
        Margin of Error,"±22,181"
"Census Tract 1438, Los Angeles County, California",
    Households,
        Estimate,"138,151"
        Margin of Error,"±23,948"
    Families,
        Estimate,"178,586"
        Margin of Error,"±42,138"
    Married-couple families,
        Estimate,"202,234"
        Margin of Error,"±40,923"
    Nonfamily households,
        Estimate,"88,654"
        Margin of Error,"±12,597"
"Census Tract 1439.01, Los Angeles County, California",
    Households,
        Estimate,"212,188"
        Margin of Error,"±29,080"
    Families,
        Estimate,"237,847"
        Margin of Error,"±45,103"
    Married-couple families,
        Estimate,"250,000+"
        Margin of Error,***
    Nonfamily households,
        Estimate,"136,771"
        Margin of Error,"±75,868"
"Census Tract 1439.02, Los Angeles County, California",
    Households,
        Estimate,"110,508"
        Margin of Error,"±9,791"
    Families,
        Estimate,"202,188"
        Margin of Error,"±63,223"
    Married-couple families,
        Estimate,"219,250"
        Margin of Error,"±76,673"
    Nonfamily households,
        Estimate,"73,750"
        Margin of Error,"±31,510"
"Census Tract 1810, Los Angeles County, California",
    Households,
        Estimate,"116,958"
        Margin of Error,"±14,053"
    Families,
        Estimate,"137,946"
        Margin of Error,"±33,051"
    Married-couple families,
        Estimate,"156,583"
        Margin of Error,"±10,753"
    Nonfamily households,
        Estimate,"58,009"
        Margin of Error,"±13,454"
"Census Tract 1813, Los Angeles County, California",
    Households,
        Estimate,"110,508"
        Margin of Error,"±8,207"
    Families,
        Estimate,"113,906"
        Margin of Error,"±10,937"
    Married-couple families,
        Estimate,"124,479"
        Margin of Error,"±23,142"
    Nonfamily households,
        Estimate,"90,197"
        Margin of Error,"±24,285"
"Census Tract 1814, Los Angeles County, California",
    Households,
        Estimate,"85,262"
        Margin of Error,"±20,191"
    Families,
        Estimate,"91,050"
        Margin of Error,"±15,443"
    Married-couple families,
        Estimate,"106,632"
        Margin of Error,"±10,731"
    Nonfamily households,
        Estimate,"60,882"
        Margin of Error,"±17,155"
"Census Tract 1815, Los Angeles County, California",
    Households,
        Estimate,"98,250"
        Margin of Error,"±33,890"
    Families,
        Estimate,"113,152"
        Margin of Error,"±33,560"
    Married-couple families,
        Estimate,"147,434"
        Margin of Error,"±46,965"
    Nonfamily households,
        Estimate,"69,459"
        Margin of Error,"±24,456"
"Census Tract 1816, Los Angeles County, California",
    Households,
        Estimate,"82,443"
        Margin of Error,"±15,426"
    Families,
        Estimate,"90,903"
        Margin of Error,"±10,026"
    Married-couple families,
        Estimate,"106,023"
        Margin of Error,"±17,458"
    Nonfamily households,
        Estimate,"58,190"
        Margin of Error,"±13,332"
"Census Tract 1831.01, Los Angeles County, California",
    Households,
        Estimate,"54,548"
        Margin of Error,"±7,373"
    Families,
        Estimate,"72,679"
        Margin of Error,"±26,282"
    Married-couple families,
        Estimate,"91,667"
        Margin of Error,"±29,484"
    Nonfamily households,
        Estimate,"42,324"
        Margin of Error,"±10,056"
"Census Tract 1831.03, Los Angeles County, California",
    Households,
        Estimate,"61,719"
        Margin of Error,"±7,174"
    Families,
        Estimate,"66,791"
        Margin of Error,"±15,559"
    Married-couple families,
        Estimate,"74,432"
        Margin of Error,"±27,066"
    Nonfamily households,
        Estimate,"52,375"
        Margin of Error,"±9,223"
"Census Tract 1831.04, Los Angeles County, California",
    Households,
        Estimate,"92,806"
        Margin of Error,"±12,656"
    Families,
        Estimate,"101,923"
        Margin of Error,"±14,904"
    Married-couple families,
        Estimate,"113,500"
        Margin of Error,"±35,302"
    Nonfamily households,
        Estimate,"67,788"
        Margin of Error,"±20,502"
"Census Tract 1832.20, Los Angeles County, California",
    Households,
        Estimate,"63,899"
        Margin of Error,"±13,372"
    Families,
        Estimate,"63,750"
        Margin of Error,"±15,547"
    Married-couple families,
        Estimate,"83,977"
        Margin of Error,"±20,954"
    Nonfamily households,
        Estimate,-
        Margin of Error,**
"Census Tract 1832.21, Los Angeles County, California",
    Households,
        Estimate,"60,048"
        Margin of Error,"±8,064"
    Families,
        Estimate,"63,047"
        Margin of Error,"±11,728"
    Married-couple families,
        Estimate,"103,393"
        Margin of Error,"±71,699"
    Nonfamily households,
        Estimate,"48,906"
        Margin of Error,"±30,860"
"Census Tract 1832.22, Los Angeles County, California",
    Households,
        Estimate,"79,861"
        Margin of Error,"±30,926"
    Families,
        Estimate,"115,238"
        Margin of Error,"±23,591"
    Married-couple families,
        Estimate,"127,000"
        Margin of Error,"±19,091"
    Nonfamily households,
        Estimate,"48,105"
        Margin of Error,"±8,022"
"Census Tract 1833, Los Angeles County, California",
    Households,
        Estimate,"75,233"
        Margin of Error,"±5,226"
    Families,
        Estimate,"71,129"
        Margin of Error,"±10,454"
    Married-couple families,
        Estimate,"80,833"
        Margin of Error,"±16,500"
    Nonfamily households,
        Estimate,"60,500"
        Margin of Error,"±43,822"
"Census Tract 1834.01, Los Angeles County, California",
    Households,
        Estimate,"61,875"
        Margin of Error,"±9,061"
    Families,
        Estimate,"61,250"
        Margin of Error,"±6,328"
    Married-couple families,
        Estimate,"64,907"
        Margin of Error,"±14,704"
    Nonfamily households,
        Estimate,"56,328"
        Margin of Error,"±24,905"
"Census Tract 1834.02, Los Angeles County, California",
    Households,
        Estimate,"65,568"
        Margin of Error,"±9,422"
    Families,
        Estimate,"70,093"
        Margin of Error,"±46,767"
    Married-couple families,
        Estimate,"105,375"
        Margin of Error,"±20,454"
    Nonfamily households,
        Estimate,"57,026"
        Margin of Error,"±9,440"
"Census Tract 1835.10, Los Angeles County, California",
    Households,
        Estimate,"75,486"
        Margin of Error,"±22,254"
    Families,
        Estimate,"90,972"
        Margin of Error,"±20,372"
    Married-couple families,
        Estimate,"110,000"
        Margin of Error,"±21,315"
    Nonfamily households,
        Estimate,"54,310"
        Margin of Error,"±13,163"
"Census Tract 1835.20, Los Angeles County, California",
    Households,
        Estimate,"52,232"
        Margin of Error,"±10,095"
    Families,
        Estimate,"58,047"
        Margin of Error,"±17,103"
    Married-couple families,
        Estimate,"71,402"
        Margin of Error,"±34,870"
    Nonfamily households,
        Estimate,"43,026"
        Margin of Error,"±13,177"
"Census Tract 1836.10, Los Angeles County, California",
    Households,
        Estimate,"57,727"
        Margin of Error,"±9,171"
    Families,
        Estimate,"63,021"
        Margin of Error,"±12,070"
    Married-couple families,
        Estimate,"87,188"
        Margin of Error,"±11,810"
    Nonfamily households,
        Estimate,"41,806"
        Margin of Error,"±12,529"
"Census Tract 1836.20, Los Angeles County, California",
    Households,
        Estimate,"55,909"
        Margin of Error,"±18,245"
    Families,
        Estimate,"57,321"
        Margin of Error,"±21,926"
    Married-couple families,
        Estimate,"85,250"
        Margin of Error,"±34,282"
    Nonfamily households,
        Estimate,"28,750"
        Margin of Error,"±16,747"
"Census Tract 1837.01, Los Angeles County, California",
    Households,
        Estimate,"48,654"
        Margin of Error,"±19,850"
    Families,
        Estimate,"61,641"
        Margin of Error,"±28,085"
    Married-couple families,
        Estimate,"78,810"
        Margin of Error,"±33,538"
    Nonfamily households,
        Estimate,"43,368"
        Margin of Error,"±8,277"
"Census Tract 1837.02, Los Angeles County, California",
    Households,
        Estimate,"62,778"
        Margin of Error,"±18,571"
    Families,
        Estimate,"75,313"
        Margin of Error,"±40,104"
    Married-couple families,
        Estimate,"105,054"
        Margin of Error,"±24,229"
    Nonfamily households,
        Estimate,"53,469"
        Margin of Error,"±12,928"
"Census Tract 1838.10, Los Angeles County, California",
    Households,
        Estimate,"59,906"
        Margin of Error,"±9,993"
    Families,
        Estimate,"65,000"
        Margin of Error,"±9,313"
    Married-couple families,
        Estimate,"63,750"
        Margin of Error,"±13,058"
    Nonfamily households,
        Estimate,"38,500"
        Margin of Error,"±16,436"
"Census Tract 1838.20, Los Angeles County, California",
    Households,
        Estimate,"46,477"
        Margin of Error,"±17,818"
    Families,
        Estimate,"45,795"
        Margin of Error,"±22,117"
    Married-couple families,
        Estimate,"46,193"
        Margin of Error,"±20,028"
    Nonfamily households,
        Estimate,"47,885"
        Margin of Error,"±25,557"
"Census Tract 1851, Los Angeles County, California",
    Households,
        Estimate,"109,886"
        Margin of Error,"±32,635"
    Families,
        Estimate,"143,279"
        Margin of Error,"±16,402"
    Married-couple families,
        Estimate,"146,176"
        Margin of Error,"±18,512"
    Nonfamily households,
        Estimate,"83,214"
        Margin of Error,"±24,665"
"Census Tract 1852.02, Los Angeles County, California",
    Households,
        Estimate,"64,623"
        Margin of Error,"±13,020"
    Families,
        Estimate,"69,861"
        Margin of Error,"±27,859"
    Married-couple families,
        Estimate,"89,194"
        Margin of Error,"±35,394"
    Nonfamily households,
        Estimate,"59,007"
        Margin of Error,"±8,568"
"Census Tract 1852.03, Los Angeles County, California",
    Households,
        Estimate,"49,698"
        Margin of Error,"±10,662"
    Families,
        Estimate,"48,646"
        Margin of Error,"±11,097"
    Married-couple families,
        Estimate,"59,500"
        Margin of Error,"±32,158"
    Nonfamily households,
        Estimate,"43,250"
        Margin of Error,"±38,671"
"Census Tract 1852.04, Los Angeles County, California",
    Households,
        Estimate,"86,971"
        Margin of Error,"±8,555"
    Families,
        Estimate,"99,896"
        Margin of Error,"±22,025"
    Married-couple families,
        Estimate,"120,455"
        Margin of Error,"±21,302"
    Nonfamily households,
        Estimate,"65,417"
        Margin of Error,"±13,956"
"Census Tract 1853.10, Los Angeles County, California",
    Households,
        Estimate,"64,671"
        Margin of Error,"±10,941"
    Families,
        Estimate,"68,625"
        Margin of Error,"±16,977"
    Married-couple families,
        Estimate,"77,386"
        Margin of Error,"±20,098"
    Nonfamily households,
        Estimate,"53,542"
        Margin of Error,"±34,436"
"Census Tract 1853.20, Los Angeles County, California",
    Households,
        Estimate,"42,202"
        Margin of Error,"±11,123"
    Families,
        Estimate,"48,750"
        Margin of Error,"±18,033"
    Married-couple families,
        Estimate,"62,708"
        Margin of Error,"±16,608"
    Nonfamily households,
        Estimate,"24,044"
        Margin of Error,"±19,331"
"Census Tract 1861, Los Angeles County, California",
    Households,
        Estimate,"92,569"
        Margin of Error,"±11,923"
    Families,
        Estimate,"107,917"
        Margin of Error,"±21,666"
    Married-couple families,
        Estimate,"122,353"
        Margin of Error,"±16,931"
    Nonfamily households,
        Estimate,"56,719"
        Margin of Error,"±11,455"
"Census Tract 1862.01, Los Angeles County, California",
    Households,
        Estimate,"61,733"
        Margin of Error,"±15,952"
    Families,
        Estimate,"73,406"
        Margin of Error,"±12,512"
    Married-couple families,
        Estimate,"84,444"
        Margin of Error,"±31,756"
    Nonfamily households,
        Estimate,"24,103"
        Margin of Error,"±22,882"
"Census Tract 1862.02, Los Angeles County, California",
    Households,
        Estimate,"95,089"
        Margin of Error,"±29,407"
    Families,
        Estimate,"110,000"
        Margin of Error,"±13,737"
    Married-couple families,
        Estimate,"119,444"
        Margin of Error,"±19,980"
    Nonfamily households,
        Estimate,"60,781"
        Margin of Error,"±24,101"
"Census Tract 1862.03, Los Angeles County, California",
    Households,
        Estimate,"114,461"
        Margin of Error,"±16,004"
    Families,
        Estimate,"111,224"
        Margin of Error,"±10,164"
    Married-couple families,
        Estimate,"114,054"
        Margin of Error,"±22,736"
    Nonfamily households,
        Estimate,"113,750"
        Margin of Error,"±48,675"
"Census Tract 1863.01, Los Angeles County, California",
    Households,
        Estimate,"53,125"
        Margin of Error,"±7,468"
    Families,
        Estimate,"52,500"
        Margin of Error,"±6,105"
    Married-couple families,
        Estimate,"64,236"
        Margin of Error,"±38,048"
    Nonfamily households,
        Estimate,"60,363"
        Margin of Error,"±23,699"
"Census Tract 1863.02, Los Angeles County, California",
    Households,
        Estimate,"78,264"
        Margin of Error,"±15,759"
    Families,
        Estimate,"98,833"
        Margin of Error,"±11,723"
    Married-couple families,
        Estimate,"102,277"
        Margin of Error,"±20,855"
    Nonfamily households,
        Estimate,"39,063"
        Margin of Error,"±11,586"
"Census Tract 1864.01, Los Angeles County, California",
    Households,
        Estimate,"41,450"
        Margin of Error,"±8,741"
    Families,
        Estimate,"41,182"
        Margin of Error,"±6,599"
    Married-couple families,
        Estimate,"55,598"
        Margin of Error,"±9,133"
    Nonfamily households,
        Estimate,"26,875"
        Margin of Error,"±17,330"
"Census Tract 1864.03, Los Angeles County, California",
    Households,
        Estimate,"59,861"
        Margin of Error,"±9,893"
    Families,
        Estimate,"66,302"
        Margin of Error,"±9,146"
    Married-couple families,
        Estimate,"66,927"
        Margin of Error,"±11,844"
    Nonfamily households,
        Estimate,"25,789"
        Margin of Error,"±8,964"
"Census Tract 1864.04, Los Angeles County, California",
    Households,
        Estimate,"62,083"
        Margin of Error,"±8,886"
    Families,
        Estimate,"61,250"
        Margin of Error,"±7,222"
    Married-couple families,
        Estimate,"73,750"
        Margin of Error,"±28,393"
    Nonfamily households,
        Estimate,"49,821"
        Margin of Error,"±20,752"
"Census Tract 1871.01, Los Angeles County, California",
    Households,
        Estimate,"76,522"
        Margin of Error,"±12,208"
    Families,
        Estimate,"85,391"
        Margin of Error,"±13,704"
    Married-couple families,
        Estimate,"92,188"
        Margin of Error,"±36,251"
    Nonfamily households,
        Estimate,"49,703"
        Margin of Error,"±30,337"
"Census Tract 1871.02, Los Angeles County, California",
    Households,
        Estimate,"56,683"
        Margin of Error,"±21,396"
    Families,
        Estimate,"68,359"
        Margin of Error,"±37,057"
    Married-couple families,
        Estimate,"77,000"
        Margin of Error,"±67,672"
    Nonfamily households,
        Estimate,"54,225"
        Margin of Error,"±16,121"
"Census Tract 1872, Los Angeles County, California",
    Households,
        Estimate,"76,042"
        Margin of Error,"±12,012"
    Families,
        Estimate,"74,375"
        Margin of Error,"±15,984"
    Married-couple families,
        Estimate,"68,750"
        Margin of Error,"±15,897"
    Nonfamily households,
        Estimate,"76,181"
        Margin of Error,"±15,794"
"Census Tract 1873, Los Angeles County, California",
    Households,
        Estimate,"112,250"
        Margin of Error,"±24,372"
    Families,
        Estimate,"122,031"
        Margin of Error,"±60,806"
    Married-couple families,
        Estimate,"172,031"
        Margin of Error,"±58,648"
    Nonfamily households,
        Estimate,"97,358"
        Margin of Error,"±15,843"
"Census Tract 1881, Los Angeles County, California",
    Households,
        Estimate,"62,500"
        Margin of Error,"±14,197"
    Families,
        Estimate,"91,438"
        Margin of Error,"±27,129"
    Married-couple families,
        Estimate,"100,385"
        Margin of Error,"±13,751"
    Nonfamily households,
        Estimate,"51,215"
        Margin of Error,"±11,976"
"Census Tract 1882.01, Los Angeles County, California",
    Households,
        Estimate,"81,475"
        Margin of Error,"±9,468"
    Families,
        Estimate,"107,875"
        Margin of Error,"±28,348"
    Married-couple families,
        Estimate,"109,417"
        Margin of Error,"±25,757"
    Nonfamily households,
        Estimate,"78,106"
        Margin of Error,"±14,426"
"Census Tract 1882.02, Los Angeles County, California",
    Households,
        Estimate,"113,267"
        Margin of Error,"±20,706"
    Families,
        Estimate,"207,841"
        Margin of Error,"±47,708"
    Married-couple families,
        Estimate,"209,015"
        Margin of Error,"±21,078"
    Nonfamily households,
        Estimate,"86,500"
        Margin of Error,"±10,402"
"Census Tract 1883, Los Angeles County, California",
    Households,
        Estimate,"114,318"
        Margin of Error,"±13,415"
    Families,
        Estimate,"122,273"
        Margin of Error,"±9,697"
    Married-couple families,
        Estimate,"120,852"
        Margin of Error,"±11,615"
    Nonfamily households,
        Estimate,"86,667"
        Margin of Error,"±44,246"
"Census Tract 1891.01, Los Angeles County, California",
    Households,
        Estimate,"81,591"
        Margin of Error,"±18,513"
    Families,
        Estimate,"117,250"
        Margin of Error,"±29,967"
    Married-couple families,
        Estimate,"126,339"
        Margin of Error,"±28,789"
    Nonfamily households,
        Estimate,"56,719"
        Margin of Error,"±21,325"
"Census Tract 1891.02, Los Angeles County, California",
    Households,
        Estimate,"85,708"
        Margin of Error,"±5,973"
    Families,
        Estimate,"121,926"
        Margin of Error,"±9,820"
    Married-couple families,
        Estimate,"124,537"
        Margin of Error,"±12,084"
    Nonfamily households,
        Estimate,"73,523"
        Margin of Error,"±13,068"
"Census Tract 1892.01, Los Angeles County, California",
    Households,
        Estimate,"41,950"
        Margin of Error,"±9,480"
    Families,
        Estimate,"40,694"
        Margin of Error,"±30,989"
    Married-couple families,
        Estimate,"45,000"
        Margin of Error,"±29,788"
    Nonfamily households,
        Estimate,"42,121"
        Margin of Error,"±8,914"
"Census Tract 1892.02, Los Angeles County, California",
    Households,
        Estimate,"118,018"
        Margin of Error,"±11,432"
    Families,
        Estimate,"135,266"
        Margin of Error,"±11,759"
    Married-couple families,
        Estimate,"136,862"
        Margin of Error,"±24,107"
    Nonfamily households,
        Estimate,"106,146"
        Margin of Error,"±21,612"
"Census Tract 1893, Los Angeles County, California",
    Households,
        Estimate,"174,293"
        Margin of Error,"±23,196"
    Families,
        Estimate,"250,000+"
        Margin of Error,***
    Married-couple families,
        Estimate,"250,000+"
        Margin of Error,***
    Nonfamily households,
        Estimate,"102,833"
        Margin of Error,"±31,447"
"Census Tract 1894, Los Angeles County, California",
    Households,
        Estimate,"156,154"
        Margin of Error,"±21,744"
    Families,
        Estimate,"210,500"
        Margin of Error,"±55,081"
    Married-couple families,
        Estimate,"223,864"
        Margin of Error,"±82,235"
    Nonfamily households,
        Estimate,"112,171"
        Margin of Error,"±24,727"
"Census Tract 1895, Los Angeles County, California",
    Households,
        Estimate,"54,265"
        Margin of Error,"±11,084"
    Families,
        Estimate,"92,668"
        Margin of Error,"±25,815"
    Married-couple families,
        Estimate,"76,125"
        Margin of Error,"±34,301"
    Nonfamily households,
        Estimate,"44,403"
        Margin of Error,"±9,609"
"Census Tract 1896, Los Angeles County, California",
    Households,
        Estimate,"74,760"
        Margin of Error,"±12,140"
    Families,
        Estimate,"114,028"
        Margin of Error,"±44,322"
    Married-couple families,
        Estimate,"119,688"
        Margin of Error,"±74,562"
    Nonfamily households,
        Estimate,"64,292"
        Margin of Error,"±9,126"
"Census Tract 1897.01, Los Angeles County, California",
    Households,
        Estimate,"100,256"
        Margin of Error,"±33,107"
    Families,
        Estimate,"145,375"
        Margin of Error,"±65,243"
    Married-couple families,
        Estimate,"185,909"
        Margin of Error,"±46,775"
    Nonfamily households,
        Estimate,"77,413"
        Margin of Error,"±25,867"
"Census Tract 1897.02, Los Angeles County, California",
    Households,
        Estimate,"96,793"
        Margin of Error,"±31,262"
    Families,
        Estimate,"192,125"
        Margin of Error,"±89,369"
    Married-couple families,
        Estimate,"248,060"
        Margin of Error,"±103,456"
    Nonfamily households,
        Estimate,"74,625"
        Margin of Error,"±29,841"
"Census Tract 1898, Los Angeles County, California",
    Households,
        Estimate,"69,616"
        Margin of Error,"±9,040"
    Families,
        Estimate,"91,829"
        Margin of Error,"±32,765"
    Married-couple families,
        Estimate,"90,777"
        Margin of Error,"±35,811"
    Nonfamily households,
        Estimate,"68,387"
        Margin of Error,"±4,434"
"Census Tract 1899.02, Los Angeles County, California",
    Households,
        Estimate,"63,214"
        Margin of Error,"±12,087"
    Families,
        Estimate,"76,532"
        Margin of Error,"±7,094"
    Married-couple families,
        Estimate,"77,206"
        Margin of Error,"±17,122"
    Nonfamily households,
        Estimate,"52,091"
        Margin of Error,"±13,407"
"Census Tract 1899.03, Los Angeles County, California",
    Households,
        Estimate,"64,975"
        Margin of Error,"±15,012"
    Families,
        Estimate,-
        Margin of Error,**
    Married-couple families,
        Estimate,-
        Margin of Error,**
    Nonfamily households,
        Estimate,"65,125"
        Margin of Error,"±16,543"
"Census Tract 1899.04, Los Angeles County, California",
    Households,
        Estimate,"49,960"
        Margin of Error,"±11,772"
    Families,
        Estimate,"67,500"
        Margin of Error,"±24,032"
    Married-couple families,
        Estimate,"92,411"
        Margin of Error,"±52,729"
    Nonfamily households,
        Estimate,"44,592"
        Margin of Error,"±11,364"
"Census Tract 1899.05, Los Angeles County, California",
    Households,
        Estimate,"72,837"
        Margin of Error,"±19,383"
    Families,
        Estimate,"87,917"
        Margin of Error,"±45,143"
    Married-couple families,
        Estimate,"75,469"
        Margin of Error,"±33,790"
    Nonfamily households,
        Estimate,"63,778"
        Margin of Error,"±18,578"
"Census Tract 1901, Los Angeles County, California",
    Households,
        Estimate,"53,778"
        Margin of Error,"±8,904"
    Families,
        Estimate,"57,083"
        Margin of Error,"±35,631"
    Married-couple families,
        Estimate,-
        Margin of Error,**
    Nonfamily households,
        Estimate,"53,083"
        Margin of Error,"±8,589"
"Census Tract 1902.01, Los Angeles County, California",
    Households,
        Estimate,"30,053"
        Margin of Error,"±6,943"
    Families,
        Estimate,-
        Margin of Error,**
    Married-couple families,
        Estimate,"68,315"
        Margin of Error,"±61,262"
    Nonfamily households,
        Estimate,"24,909"
        Margin of Error,"±9,590"
"Census Tract 1902.02, Los Angeles County, California",
    Households,
        Estimate,"32,418"
        Margin of Error,"±8,915"
    Families,
        Estimate,"44,448"
        Margin of Error,"±18,177"
    Married-couple families,
        Estimate,"63,798"
        Margin of Error,"±27,305"
    Nonfamily households,
        Estimate,"31,262"
        Margin of Error,"±9,381"
"Census Tract 1903.01, Los Angeles County, California",
    Households,
        Estimate,"44,986"
        Margin of Error,"±9,160"
    Families,
        Estimate,"44,929"
        Margin of Error,"±14,272"
    Married-couple families,
        Estimate,"48,750"
        Margin of Error,"±29,493"
    Nonfamily households,
        Estimate,"45,078"
        Margin of Error,"±11,904"
"Census Tract 1904.01, Los Angeles County, California",
    Households,
        Estimate,"48,188"
        Margin of Error,"±8,456"
    Families,
        Estimate,"49,031"
        Margin of Error,"±10,214"
    Married-couple families,
        Estimate,"55,273"
        Margin of Error,"±22,496"
    Nonfamily households,
        Estimate,"44,854"
        Margin of Error,"±12,978"
"Census Tract 1904.02, Los Angeles County, California",
    Households,
        Estimate,"40,000"
        Margin of Error,"±10,731"
    Families,
        Estimate,"58,558"
        Margin of Error,"±39,942"
    Married-couple families,
        Estimate,"36,908"
        Margin of Error,"±13,779"
    Nonfamily households,
        Estimate,"34,617"
        Margin of Error,"±11,848"
"Census Tract 1905.10, Los Angeles County, California",
    Households,
        Estimate,"41,950"
        Margin of Error,"±6,819"
    Families,
        Estimate,"48,250"
        Margin of Error,"±14,026"
    Married-couple families,
        Estimate,"55,455"
        Margin of Error,"±14,860"
    Nonfamily households,
        Estimate,"36,316"
        Margin of Error,"±13,130"
"Census Tract 1905.20, Los Angeles County, California",
    Households,
        Estimate,"41,011"
        Margin of Error,"±10,252"
    Families,
        Estimate,"40,691"
        Margin of Error,"±14,078"
    Married-couple families,
        Estimate,"44,000"
        Margin of Error,"±23,110"
    Nonfamily households,
        Estimate,"38,125"
        Margin of Error,"±16,727"
"Census Tract 1907, Los Angeles County, California",
    Households,
        Estimate,"43,877"
        Margin of Error,"±12,191"
    Families,
        Estimate,"58,714"
        Margin of Error,"±31,542"
    Married-couple families,
        Estimate,-
        Margin of Error,**
    Nonfamily households,
        Estimate,"36,101"
        Margin of Error,"±18,127"
"Census Tract 1908.01, Los Angeles County, California",
    Households,
        Estimate,"25,858"
        Margin of Error,"±6,021"
    Families,
        Estimate,"25,184"
        Margin of Error,"±7,358"
    Married-couple families,
        Estimate,-
        Margin of Error,**
    Nonfamily households,
        Estimate,"26,327"
        Margin of Error,"±15,537"
"Census Tract 1908.02, Los Angeles County, California",
    Households,
        Estimate,"50,167"
        Margin of Error,"±7,973"
    Families,
        Estimate,"60,333"
        Margin of Error,"±11,879"
    Married-couple families,
        Estimate,"52,763"
        Margin of Error,"±17,157"
    Nonfamily households,
        Estimate,"42,763"
        Margin of Error,"±17,742"
"Census Tract 1909.01, Los Angeles County, California",
    Households,
        Estimate,"38,140"
        Margin of Error,"±14,325"
    Families,
        Estimate,"41,188"
        Margin of Error,"±18,906"
    Married-couple families,
        Estimate,"43,155"
        Margin of Error,"±29,028"
    Nonfamily households,
        Estimate,"28,750"
        Margin of Error,"±15,897"
"Census Tract 1909.02, Los Angeles County, California",
    Households,
        Estimate,"46,406"
        Margin of Error,"±14,935"
    Families,
        Estimate,"54,602"
        Margin of Error,"±17,000"
    Married-couple families,
        Estimate,"63,906"
        Margin of Error,"±20,154"
    Nonfamily households,
        Estimate,"38,112"
        Margin of Error,"±10,729"
"Census Tract 1910, Los Angeles County, California",
    Households,
        Estimate,"64,816"
        Margin of Error,"±16,179"
    Families,
        Estimate,"52,565"
        Margin of Error,"±10,464"
    Married-couple families,
        Estimate,"63,720"
        Margin of Error,"±20,009"
    Nonfamily households,
        Estimate,"75,844"
        Margin of Error,"±17,264"
"Census Tract 1911.10, Los Angeles County, California",
    Households,
        Estimate,"37,700"
        Margin of Error,"±4,860"
    Families,
        Estimate,"46,464"
        Margin of Error,"±18,394"
    Married-couple families,
        Estimate,"58,333"
        Margin of Error,"±21,081"
    Nonfamily households,
        Estimate,"17,574"
        Margin of Error,"±10,853"
"Census Tract 1911.20, Los Angeles County, California",
    Households,
        Estimate,"40,071"
        Margin of Error,"±7,748"
    Families,
        Estimate,"41,778"
        Margin of Error,"±4,688"
    Married-couple families,
        Estimate,"40,497"
        Margin of Error,"±7,110"
    Nonfamily households,
        Estimate,"22,857"
        Margin of Error,"±15,180"
"Census Tract 1912.01, Los Angeles County, California",
    Households,
        Estimate,"45,332"
        Margin of Error,"±4,441"
    Families,
        Estimate,"47,625"
        Margin of Error,"±8,886"
    Married-couple families,
        Estimate,"49,766"
        Margin of Error,"±15,020"
    Nonfamily households,
        Estimate,"38,375"
        Margin of Error,"±10,503"
"Census Tract 1912.03, Los Angeles County, California",
    Households,
        Estimate,"26,919"
        Margin of Error,"±8,433"
    Families,
        Estimate,"27,471"
        Margin of Error,"±13,894"
    Married-couple families,
        Estimate,"30,809"
        Margin of Error,"±9,401"
    Nonfamily households,
        Estimate,"24,375"
        Margin of Error,"±12,507"
"Census Tract 1912.04, Los Angeles County, California",
    Households,
        Estimate,"41,453"
        Margin of Error,"±5,973"
    Families,
        Estimate,"39,330"
        Margin of Error,"±5,717"
    Married-couple families,
        Estimate,"43,558"
        Margin of Error,"±12,899"
    Nonfamily households,
        Estimate,"40,529"
        Margin of Error,"±16,914"
"Census Tract 1913.01, Los Angeles County, California",
    Households,
        Estimate,"36,875"
        Margin of Error,"±15,222"
    Families,
        Estimate,"55,417"
        Margin of Error,"±46,397"
    Married-couple families,
        Estimate,"72,083"
        Margin of Error,"±27,415"
    Nonfamily households,
        Estimate,"36,103"
        Margin of Error,"±19,123"
"Census Tract 1913.02, Los Angeles County, California",
    Households,
        Estimate,"45,982"
        Margin of Error,"±11,734"
    Families,
        Estimate,"45,515"
        Margin of Error,"±24,100"
    Married-couple families,
        Estimate,"58,750"
        Margin of Error,"±25,293"
    Nonfamily households,
        Estimate,"42,417"
        Margin of Error,"±14,754"
"Census Tract 1914.10, Los Angeles County, California",
    Households,
        Estimate,"42,538"
        Margin of Error,"±8,845"
    Families,
        Estimate,"36,957"
        Margin of Error,"±12,691"
    Married-couple families,
        Estimate,"54,000"
        Margin of Error,"±31,941"
    Nonfamily households,
        Estimate,"44,028"
        Margin of Error,"±11,289"
"Census Tract 1914.20, Los Angeles County, California",
    Households,
        Estimate,"61,190"
        Margin of Error,"±14,231"
    Families,
        Estimate,"70,617"
        Margin of Error,"±8,755"
    Married-couple families,
        Estimate,"79,792"
        Margin of Error,"±22,084"
    Nonfamily households,
        Estimate,"36,739"
        Margin of Error,"±26,253"
"Census Tract 1915, Los Angeles County, California",
    Households,
        Estimate,"49,726"
        Margin of Error,"±5,733"
    Families,
        Estimate,"54,219"
        Margin of Error,"±9,196"
    Married-couple families,
        Estimate,"65,519"
        Margin of Error,"±11,962"
    Nonfamily households,
        Estimate,"35,932"
        Margin of Error,"±15,463"
"Census Tract 1916.10, Los Angeles County, California",
    Households,
        Estimate,"48,767"
        Margin of Error,"±4,554"
    Families,
        Estimate,"45,769"
        Margin of Error,"±6,599"
    Married-couple families,
        Estimate,"65,076"
        Margin of Error,"±14,412"
    Nonfamily households,
        Estimate,"44,083"
        Margin of Error,"±20,952"
"Census Tract 1916.20, Los Angeles County, California",
    Households,
        Estimate,"27,306"
        Margin of Error,"±4,002"
    Families,
        Estimate,"32,632"
        Margin of Error,"±5,279"
    Married-couple families,
        Estimate,-
        Margin of Error,**
    Nonfamily households,
        Estimate,"15,485"
        Margin of Error,"±4,938"
"Census Tract 1917.10, Los Angeles County, California",
    Households,
        Estimate,"30,085"
        Margin of Error,"±6,165"
    Families,
        Estimate,"31,643"
        Margin of Error,"±7,552"
    Married-couple families,
        Estimate,"37,321"
        Margin of Error,"±20,726"
    Nonfamily households,
        Estimate,"25,500"
        Margin of Error,"±8,197"
"Census Tract 1917.20, Los Angeles County, California",
    Households,
        Estimate,"32,355"
        Margin of Error,"±5,361"
    Families,
        Estimate,"30,958"
        Margin of Error,"±4,087"
    Married-couple families,
        Estimate,"31,771"
        Margin of Error,"±30,619"
    Nonfamily households,
        Estimate,"32,886"
        Margin of Error,"±11,859"
"Census Tract 1918.10, Los Angeles County, California",
    Households,
        Estimate,"49,491"
        Margin of Error,"±6,707"
    Families,
        Estimate,"45,219"
        Margin of Error,"±22,169"
    Married-couple families,
        Estimate,"52,535"
        Margin of Error,"±12,416"
    Nonfamily households,
        Estimate,"48,704"
        Margin of Error,"±8,061"
"Census Tract 1918.20, Los Angeles County, California",
    Households,
        Estimate,"56,996"
        Margin of Error,"±14,768"
    Families,
        Estimate,"70,919"
        Margin of Error,"±18,226"
    Married-couple families,
        Estimate,"76,500"
        Margin of Error,"±35,685"
    Nonfamily households,
        Estimate,"55,351"
        Margin of Error,"±8,820"
"Census Tract 1919.01, Los Angeles County, California",
    Households,
        Estimate,"57,000"
        Margin of Error,"±4,131"
    Families,
        Estimate,"60,083"
        Margin of Error,"±18,712"
    Married-couple families,
        Estimate,"82,596"
        Margin of Error,"±31,154"
    Nonfamily households,
        Estimate,"56,112"
        Margin of Error,"±6,172"
"Census Tract 1919.02, Los Angeles County, California",
    Households,
        Estimate,"94,432"
        Margin of Error,"±15,845"
    Families,
        Estimate,"131,250"
        Margin of Error,"±97,712"
    Married-couple families,
        Estimate,"168,750"
        Margin of Error,"±141,596"
    Nonfamily households,
        Estimate,"79,492"
        Margin of Error,"±8,153"
"Census Tract 1920.01, Los Angeles County, California",
    Households,
        Estimate,"74,063"
        Margin of Error,"±20,265"
    Families,
        Estimate,"93,750"
        Margin of Error,"±12,009"
    Married-couple families,
        Estimate,"94,000"
        Margin of Error,"±25,622"
    Nonfamily households,
        Estimate,"64,167"
        Margin of Error,"±16,956"
"Census Tract 1920.02, Los Angeles County, California",
    Households,
        Estimate,"111,111"
        Margin of Error,"±31,332"
    Families,
        Estimate,"154,783"
        Margin of Error,"±16,187"
    Married-couple families,
        Estimate,"156,161"
        Margin of Error,"±14,630"
    Nonfamily households,
        Estimate,"80,774"
        Margin of Error,"±19,831"
"Census Tract 1923, Los Angeles County, California",
    Households,
        Estimate,"88,988"
        Margin of Error,"±15,803"
    Families,
        Estimate,"155,781"
        Margin of Error,"±74,286"
    Married-couple families,
        Estimate,"207,000"
        Margin of Error,"±68,482"
    Nonfamily households,
        Estimate,"62,632"
        Margin of Error,"±13,523"
"Census Tract 1924.10, Los Angeles County, California",
    Households,
        Estimate,"73,750"
        Margin of Error,"±19,854"
    Families,
        Estimate,"99,167"
        Margin of Error,"±45,602"
    Married-couple families,
        Estimate,"115,909"
        Margin of Error,"±45,169"
    Nonfamily households,
        Estimate,"56,985"
        Margin of Error,"±12,769"
"Census Tract 1924.20, Los Angeles County, California",
    Households,
        Estimate,"56,194"
        Margin of Error,"±10,170"
    Families,
        Estimate,"63,477"
        Margin of Error,"±7,449"
    Married-couple families,
        Estimate,"66,818"
        Margin of Error,"±8,938"
    Nonfamily households,
        Estimate,"45,000"
        Margin of Error,"±8,797"
"Census Tract 1925.10, Los Angeles County, California",
    Households,
        Estimate,"49,464"
        Margin of Error,"±5,464"
    Families,
        Estimate,"49,536"
        Margin of Error,"±10,100"
    Married-couple families,
        Estimate,"61,012"
        Margin of Error,"±7,444"
    Nonfamily households,
        Estimate,"48,036"
        Margin of Error,"±13,530"
"Census Tract 1925.20, Los Angeles County, California",
    Households,
        Estimate,"45,823"
        Margin of Error,"±4,060"
    Families,
        Estimate,"44,738"
        Margin of Error,"±3,955"
    Married-couple families,
        Estimate,"50,156"
        Margin of Error,"±6,193"
    Nonfamily households,
        Estimate,"48,816"
        Margin of Error,"±28,816"
"Census Tract 1926.10, Los Angeles County, California",
    Households,
        Estimate,"35,948"
        Margin of Error,"±6,179"
    Families,
        Estimate,"42,083"
        Margin of Error,"±15,304"
    Married-couple families,
        Estimate,"43,365"
        Margin of Error,"±18,150"
    Nonfamily households,
        Estimate,"33,917"
        Margin of Error,"±6,705"
"Census Tract 1926.20, Los Angeles County, California",
    Households,
        Estimate,"40,850"
        Margin of Error,"±8,380"
    Families,
        Estimate,"42,763"
        Margin of Error,"±7,862"
    Married-couple families,
        Estimate,"42,917"
        Margin of Error,"±9,459"
    Nonfamily households,
        Estimate,"36,625"
        Margin of Error,"±12,214"
"Census Tract 1927, Los Angeles County, California",
    Households,
        Estimate,"52,603"
        Margin of Error,"±9,270"
    Families,
        Estimate,"44,826"
        Margin of Error,"±11,011"
    Married-couple families,
        Estimate,"58,661"
        Margin of Error,"±23,159"
    Nonfamily households,
        Estimate,"48,795"
        Margin of Error,"±27,772"
"Census Tract 1941.01, Los Angeles County, California",
    Households,
        Estimate,"86,417"
        Margin of Error,"±10,951"
    Families,
        Estimate,"158,182"
        Margin of Error,"±48,622"
    Married-couple families,
        Estimate,"203,194"
        Margin of Error,"±114,845"
    Nonfamily households,
        Estimate,"70,144"
        Margin of Error,"±16,446"
"Census Tract 1941.02, Los Angeles County, California",
    Households,
        Estimate,"122,829"
        Margin of Error,"±36,536"
    Families,
        Estimate,"177,115"
        Margin of Error,"±49,719"
    Married-couple families,
        Estimate,"176,827"
        Margin of Error,"±51,390"
    Nonfamily households,
        Estimate,"77,708"
        Margin of Error,"±33,169"
"Census Tract 1942, Los Angeles County, California",
    Households,
        Estimate,"168,227"
        Margin of Error,"±34,477"
    Families,
        Estimate,"187,875"
        Margin of Error,"±61,713"
    Married-couple families,
        Estimate,"193,854"
        Margin of Error,"±65,532"
    Nonfamily households,
        Estimate,"128,750"
        Margin of Error,"±37,003"
"Census Tract 1943, Los Angeles County, California",
    Households,
        Estimate,"177,383"
        Margin of Error,"±53,164"
    Families,
        Estimate,"215,313"
        Margin of Error,"±72,174"
    Married-couple families,
        Estimate,"232,045"
        Margin of Error,"±52,954"
    Nonfamily households,
        Estimate,"158,824"
        Margin of Error,"±72,372"
"Census Tract 1944.01, Los Angeles County, California",
    Households,
        Estimate,"86,800"
        Margin of Error,"±11,684"
    Families,
        Estimate,"109,375"
        Margin of Error,"±31,382"
    Married-couple families,
        Estimate,"127,902"
        Margin of Error,"±25,671"
    Nonfamily households,
        Estimate,"81,172"
        Margin of Error,"±8,713"
"Census Tract 1944.02, Los Angeles County, California",
    Households,
        Estimate,"100,368"
        Margin of Error,"±32,758"
    Families,
        Estimate,"132,303"
        Margin of Error,"±21,761"
    Married-couple families,
        Estimate,"132,039"
        Margin of Error,"±22,281"
    Nonfamily households,
        Estimate,"77,279"
        Margin of Error,"±15,618"
"Census Tract 1945, Los Angeles County, California",
    Households,
        Estimate,"113,571"
        Margin of Error,"±17,836"
    Families,
        Estimate,"160,938"
        Margin of Error,"±58,342"
    Married-couple families,
        Estimate,"179,500"
        Margin of Error,"±64,606"
    Nonfamily households,
        Estimate,"80,250"
        Margin of Error,"±18,290"
"Census Tract 1951, Los Angeles County, California",
    Households,
        Estimate,"127,768"
        Margin of Error,"±23,360"
    Families,
        Estimate,"146,881"
        Margin of Error,"±7,074"
    Married-couple families,
        Estimate,"150,327"
        Margin of Error,"±8,741"
    Nonfamily households,
        Estimate,"91,550"
        Margin of Error,"±14,825"
"Census Tract 1952.01, Los Angeles County, California",
    Households,
        Estimate,"85,114"
        Margin of Error,"±18,359"
    Families,
        Estimate,"130,278"
        Margin of Error,"±16,948"
    Married-couple families,
        Estimate,"148,571"
        Margin of Error,"±30,570"
    Nonfamily households,
        Estimate,"72,650"
        Margin of Error,"±22,777"
"Census Tract 1952.02, Los Angeles County, California",
    Households,
        Estimate,"117,630"
        Margin of Error,"±14,456"
    Families,
        Estimate,"154,205"
        Margin of Error,"±50,432"
    Married-couple families,
        Estimate,"173,068"
        Margin of Error,"±40,334"
    Nonfamily households,
        Estimate,"103,214"
        Margin of Error,"±6,895"
"Census Tract 1953, Los Angeles County, California",
    Households,
        Estimate,"75,104"
        Margin of Error,"±8,721"
    Families,
        Estimate,"79,071"
        Margin of Error,"±6,104"
    Married-couple families,
        Estimate,"81,833"
        Margin of Error,"±43,709"
    Nonfamily households,
        Estimate,"70,161"
        Margin of Error,"±11,456"
"Census Tract 1954, Los Angeles County, California",
    Households,
        Estimate,"98,461"
        Margin of Error,"±6,126"
    Families,
        Estimate,"140,491"
        Margin of Error,"±42,057"
    Married-couple families,
        Estimate,"159,041"
        Margin of Error,"±30,919"
    Nonfamily households,
        Estimate,"87,361"
        Margin of Error,"±31,634"
"Census Tract 1955, Los Angeles County, California",
    Households,
        Estimate,"99,660"
        Margin of Error,"±20,575"
    Families,
        Estimate,"118,552"
        Margin of Error,"±16,476"
    Married-couple families,
        Estimate,"119,019"
        Margin of Error,"±16,667"
    Nonfamily households,
        Estimate,"74,935"
        Margin of Error,"±19,180"
"Census Tract 1956, Los Angeles County, California",
    Households,
        Estimate,"72,035"
        Margin of Error,"±9,432"
    Families,
        Estimate,"69,271"
        Margin of Error,"±39,929"
    Married-couple families,
        Estimate,"70,966"
        Margin of Error,"±28,156"
    Nonfamily households,
        Estimate,"74,063"
        Margin of Error,"±13,314"
"Census Tract 1957.10, Los Angeles County, California",
    Households,
        Estimate,"45,398"
        Margin of Error,"±10,182"
    Families,
        Estimate,"40,139"
        Margin of Error,"±11,919"
    Married-couple families,
        Estimate,"83,833"
        Margin of Error,"±43,580"
    Nonfamily households,
        Estimate,"49,583"
        Margin of Error,"±18,195"
"Census Tract 1957.20, Los Angeles County, California",
    Households,
        Estimate,"41,136"
        Margin of Error,"±17,705"
    Families,
        Estimate,"65,329"
        Margin of Error,"±10,833"
    Married-couple families,
        Estimate,"71,250"
        Margin of Error,"±14,182"
    Nonfamily households,
        Estimate,"33,542"
        Margin of Error,"±6,605"
"Census Tract 1958.02, Los Angeles County, California",
    Households,
        Estimate,"53,889"
        Margin of Error,"±14,798"
    Families,
        Estimate,"64,583"
        Margin of Error,"±12,293"
    Married-couple families,
        Estimate,"74,688"
        Margin of Error,"±43,390"
    Nonfamily households,
        Estimate,"39,519"
        Margin of Error,"±4,472"
"Census Tract 1958.03, Los Angeles County, California",
    Households,
        Estimate,"83,167"
        Margin of Error,"±14,860"
    Families,
        Estimate,"64,800"
        Margin of Error,"±41,435"
    Married-couple families,
        Estimate,"84,583"
        Margin of Error,"±25,827"
    Nonfamily households,
        Estimate,"85,403"
        Margin of Error,"±16,926"
"Census Tract 1958.04, Los Angeles County, California",
    Households,
        Estimate,"71,467"
        Margin of Error,"±17,412"
    Families,
        Estimate,"77,778"
        Margin of Error,"±44,565"
    Married-couple families,
        Estimate,"92,969"
        Margin of Error,"±57,424"
    Nonfamily households,
        Estimate,"67,813"
        Margin of Error,"±17,151"
"Census Tract 1959.01, Los Angeles County, California",
    Households,
        Estimate,"64,138"
        Margin of Error,"±9,564"
    Families,
        Estimate,"89,643"
        Margin of Error,"±32,688"
    Married-couple families,
        Estimate,"114,453"
        Margin of Error,"±28,499"
    Nonfamily households,
        Estimate,"58,103"
        Margin of Error,"±12,522"
"Census Tract 1959.02, Los Angeles County, California",
    Households,
        Estimate,"68,875"
        Margin of Error,"±17,358"
    Families,
        Estimate,"110,813"
        Margin of Error,"±36,567"
    Married-couple families,
        Estimate,"151,250"
        Margin of Error,"±64,766"
    Nonfamily households,
        Estimate,"63,469"
        Margin of Error,"±7,977"
"Census Tract 1959.03, Los Angeles County, California",
    Households,
        Estimate,"52,446"
        Margin of Error,"±12,157"
    Families,
        Estimate,"49,828"
        Margin of Error,"±8,803"
    Married-couple families,
        Estimate,"68,026"
        Margin of Error,"±22,861"
    Nonfamily households,
        Estimate,"60,694"
        Margin of Error,"±18,129"
"Census Tract 1972, Los Angeles County, California",
    Households,
        Estimate,"59,719"
        Margin of Error,"±7,980"
    Families,
        Estimate,"59,694"
        Margin of Error,"±13,553"
    Married-couple families,
        Estimate,"82,292"
        Margin of Error,"±31,160"
    Nonfamily households,
        Estimate,"35,650"
        Margin of Error,"±7,461"
"Census Tract 1973, Los Angeles County, California",
    Households,
        Estimate,"83,843"
        Margin of Error,"±6,605"
    Families,
        Estimate,"96,292"
        Margin of Error,"±15,024"
    Married-couple families,
        Estimate,"105,461"
        Margin of Error,"±19,811"
    Nonfamily households,
        Estimate,"80,709"
        Margin of Error,"±10,514"
"Census Tract 1974.10, Los Angeles County, California",
    Households,
        Estimate,"100,556"
        Margin of Error,"±15,680"
    Families,
        Estimate,"126,389"
        Margin of Error,"±20,532"
    Married-couple families,
        Estimate,"141,719"
        Margin of Error,"±40,540"
    Nonfamily households,
        Estimate,"80,112"
        Margin of Error,"±14,227"
"Census Tract 1974.20, Los Angeles County, California",
    Households,
        Estimate,"65,438"
        Margin of Error,"±13,627"
    Families,
        Estimate,"67,727"
        Margin of Error,"±22,122"
    Married-couple families,
        Estimate,"67,727"
        Margin of Error,"±23,596"
    Nonfamily households,
        Estimate,"65,313"
        Margin of Error,"±18,436"
"Census Tract 1975, Los Angeles County, California",
    Households,
        Estimate,"75,571"
        Margin of Error,"±5,813"
    Families,
        Estimate,"76,777"
        Margin of Error,"±13,527"
    Married-couple families,
        Estimate,"83,646"
        Margin of Error,"±34,737"
    Nonfamily households,
        Estimate,"66,705"
        Margin of Error,"±13,534"
"Census Tract 1976, Los Angeles County, California",
    Households,
        Estimate,"74,038"
        Margin of Error,"±5,537"
    Families,
        Estimate,"70,701"
        Margin of Error,"±13,730"
    Married-couple families,
        Estimate,"73,945"
        Margin of Error,"±3,457"
    Nonfamily households,
        Estimate,"81,806"
        Margin of Error,"±15,559"
"Census Tract 1977, Los Angeles County, California",
    Households,
        Estimate,"54,759"
        Margin of Error,"±7,229"
    Families,
        Estimate,"48,153"
        Margin of Error,"±13,908"
    Married-couple families,
        Estimate,"47,585"
        Margin of Error,"±28,158"
    Nonfamily households,
        Estimate,"68,364"
        Margin of Error,"±22,229"
"Census Tract 1990, Los Angeles County, California",
    Households,
        Estimate,"57,625"
        Margin of Error,"±10,547"
    Families,
        Estimate,"58,750"
        Margin of Error,"±16,603"
    Married-couple families,
        Estimate,"66,631"
        Margin of Error,"±19,705"
    Nonfamily households,
        Estimate,"29,318"
        Margin of Error,"±14,951"
"Census Tract 1991.10, Los Angeles County, California",
    Households,
        Estimate,"59,395"
        Margin of Error,"±6,423"
    Families,
        Estimate,"60,069"
        Margin of Error,"±7,057"
    Married-couple families,
        Estimate,"69,605"
        Margin of Error,"±32,931"
    Nonfamily households,
        Estimate,"40,000"
        Margin of Error,"±18,852"
"Census Tract 1991.20, Los Angeles County, California",
    Households,
        Estimate,"38,970"
        Margin of Error,"±5,050"
    Families,
        Estimate,"38,076"
        Margin of Error,"±8,005"
    Married-couple families,
        Estimate,"49,423"
        Margin of Error,"±12,471"
    Nonfamily households,
        Estimate,"53,929"
        Margin of Error,"±30,563"
"Census Tract 1992.01, Los Angeles County, California",
    Households,
        Estimate,"34,277"
        Margin of Error,"±6,773"
    Families,
        Estimate,"41,500"
        Margin of Error,"±11,662"
    Married-couple families,
        Estimate,"49,259"
        Margin of Error,"±11,345"
    Nonfamily households,
        Estimate,"17,837"
        Margin of Error,"±9,363"
"Census Tract 1992.02, Los Angeles County, California",
    Households,
        Estimate,"67,257"
        Margin of Error,"±11,168"
    Families,
        Estimate,"66,420"
        Margin of Error,"±13,320"
    Married-couple families,
        Estimate,"54,769"
        Margin of Error,"±27,903"
    Nonfamily households,
        Estimate,-
        Margin of Error,**
"Census Tract 1993, Los Angeles County, California",
    Households,
        Estimate,"81,172"
        Margin of Error,"±32,235"
    Families,
        Estimate,"74,844"
        Margin of Error,"±51,556"
    Married-couple families,
        Estimate,"163,026"
        Margin of Error,"±46,465"
    Nonfamily households,
        Estimate,"58,750"
        Margin of Error,"±35,803"
"Census Tract 1994, Los Angeles County, California",
    Households,
        Estimate,"44,637"
        Margin of Error,"±9,303"
    Families,
        Estimate,"47,031"
        Margin of Error,"±9,223"
    Married-couple families,
        Estimate,"51,000"
        Margin of Error,"±20,131"
    Nonfamily households,
        Estimate,"40,519"
        Margin of Error,"±27,770"
"Census Tract 1997, Los Angeles County, California",
    Households,
        Estimate,"42,614"
        Margin of Error,"±11,537"
    Families,
        Estimate,"37,422"
        Margin of Error,"±8,913"
    Married-couple families,
        Estimate,"46,806"
        Margin of Error,"±14,730"
    Nonfamily households,
        Estimate,"50,694"
        Margin of Error,"±39,034"
"Census Tract 1998, Los Angeles County, California",
    Households,
        Estimate,"37,755"
        Margin of Error,"±5,885"
    Families,
        Estimate,"39,815"
        Margin of Error,"±4,714"
    Married-couple families,
        Estimate,"38,866"
        Margin of Error,"±7,806"
    Nonfamily households,
        Estimate,"25,509"
        Margin of Error,"±8,050"
"Census Tract 1999, Los Angeles County, California",
    Households,
        Estimate,"39,184"
        Margin of Error,"±4,436"
    Families,
        Estimate,"54,643"
        Margin of Error,"±11,160"
    Married-couple families,
        Estimate,"65,417"
        Margin of Error,"±16,301"
    Nonfamily households,
        Estimate,"22,167"
        Margin of Error,"±9,663"
"Census Tract 2011.10, Los Angeles County, California",
    Households,
        Estimate,"67,059"
        Margin of Error,"±22,808"
    Families,
        Estimate,"82,813"
        Margin of Error,"±25,173"
    Married-couple families,
        Estimate,"92,000"
        Margin of Error,"±27,764"
    Nonfamily households,
        Estimate,"33,750"
        Margin of Error,"±3,988"
"Census Tract 2011.20, Los Angeles County, California",
    Households,
        Estimate,"68,667"
        Margin of Error,"±21,280"
    Families,
        Estimate,"75,909"
        Margin of Error,"±18,812"
    Married-couple families,
        Estimate,"127,143"
        Margin of Error,"±47,729"
    Nonfamily households,
        Estimate,"53,077"
        Margin of Error,"±24,402"
"Census Tract 2012, Los Angeles County, California",
    Households,
        Estimate,"46,976"
        Margin of Error,"±5,058"
    Families,
        Estimate,"50,139"
        Margin of Error,"±10,089"
    Married-couple families,
        Estimate,"60,769"
        Margin of Error,"±28,435"
    Nonfamily households,
        Estimate,"32,578"
        Margin of Error,"±9,301"
"Census Tract 2013.01, Los Angeles County, California",
    Households,
        Estimate,"59,955"
        Margin of Error,"±11,994"
    Families,
        Estimate,"63,379"
        Margin of Error,"±8,330"
    Married-couple families,
        Estimate,"64,414"
        Margin of Error,"±23,179"
    Nonfamily households,
        Estimate,"28,163"
        Margin of Error,"±14,792"
"Census Tract 2013.02, Los Angeles County, California",
    Households,
        Estimate,"91,250"
        Margin of Error,"±13,224"
    Families,
        Estimate,"107,083"
        Margin of Error,"±18,988"
    Married-couple families,
        Estimate,"114,205"
        Margin of Error,"±22,713"
    Nonfamily households,
        Estimate,"70,278"
        Margin of Error,"±22,501"
"Census Tract 2014.01, Los Angeles County, California",
    Households,
        Estimate,"51,212"
        Margin of Error,"±11,864"
    Families,
        Estimate,"57,978"
        Margin of Error,"±7,923"
    Married-couple families,
        Estimate,"71,875"
        Margin of Error,"±18,755"
    Nonfamily households,
        Estimate,"36,277"
        Margin of Error,"±9,021"
"Census Tract 2014.02, Los Angeles County, California",
    Households,
        Estimate,"55,352"
        Margin of Error,"±8,194"
    Families,
        Estimate,"53,793"
        Margin of Error,"±9,094"
    Married-couple families,
        Estimate,"57,336"
        Margin of Error,"±9,879"
    Nonfamily households,
        Estimate,-
        Margin of Error,**
"Census Tract 2015.01, Los Angeles County, California",
    Households,
        Estimate,"60,088"
        Margin of Error,"±7,253"
    Families,
        Estimate,"60,516"
        Margin of Error,"±8,178"
    Married-couple families,
        Estimate,"69,205"
        Margin of Error,"±22,752"
    Nonfamily households,
        Estimate,"46,979"
        Margin of Error,"±29,380"
"Census Tract 2015.03, Los Angeles County, California",
    Households,
        Estimate,"51,433"
        Margin of Error,"±3,986"
    Families,
        Estimate,"50,652"
        Margin of Error,"±4,460"
    Married-couple families,
        Estimate,"50,598"
        Margin of Error,"±5,584"
    Nonfamily households,
        Estimate,-
        Margin of Error,**
"Census Tract 2015.04, Los Angeles County, California",
    Households,
        Estimate,"53,750"
        Margin of Error,"±8,117"
    Families,
        Estimate,"53,826"
        Margin of Error,"±7,919"
    Married-couple families,
        Estimate,"56,250"
        Margin of Error,"±12,599"
    Nonfamily households,
        Estimate,"49,853"
        Margin of Error,"±29,334"
"Census Tract 2016.01, Los Angeles County, California",
    Households,
        Estimate,"55,795"
        Margin of Error,"±18,235"
    Families,
        Estimate,"64,191"
        Margin of Error,"±10,001"
    Married-couple families,
        Estimate,"82,639"
        Margin of Error,"±17,125"
    Nonfamily households,
        Estimate,"30,313"
        Margin of Error,"±16,171"
"Census Tract 2016.02, Los Angeles County, California",
    Households,
        Estimate,"55,909"
        Margin of Error,"±18,684"
    Families,
        Estimate,"58,370"
        Margin of Error,"±16,049"
    Married-couple families,
        Estimate,"72,604"
        Margin of Error,"±8,160"
    Nonfamily households,
        Estimate,"37,917"
        Margin of Error,"±25,194"
"Census Tract 2017, Los Angeles County, California",
    Households,
        Estimate,"64,769"
        Margin of Error,"±6,961"
    Families,
        Estimate,"71,890"
        Margin of Error,"±13,153"
    Married-couple families,
        Estimate,"90,598"
        Margin of Error,"±14,948"
    Nonfamily households,
        Estimate,"37,188"
        Margin of Error,"±24,588"
"Census Tract 2031, Los Angeles County, California",
    Households,
        Estimate,"33,179"
        Margin of Error,"±5,066"
    Families,
        Estimate,"38,125"
        Margin of Error,"±6,512"
    Married-couple families,
        Estimate,"55,040"
        Margin of Error,"±13,440"
    Nonfamily households,
        Estimate,"12,101"
        Margin of Error,"±6,152"
"Census Tract 2032, Los Angeles County, California",
    Households,
        Estimate,"56,161"
        Margin of Error,"±10,010"
    Families,
        Estimate,"51,031"
        Margin of Error,"±7,027"
    Married-couple families,
        Estimate,"65,450"
        Margin of Error,"±5,968"
    Nonfamily households,
        Estimate,"75,625"
        Margin of Error,"±35,927"
"Census Tract 2033, Los Angeles County, California",
    Households,
        Estimate,"39,750"
        Margin of Error,"±7,749"
    Families,
        Estimate,"34,091"
        Margin of Error,"±15,548"
    Married-couple families,
        Estimate,-
        Margin of Error,**
    Nonfamily households,
        Estimate,"31,042"
        Margin of Error,"±17,797"
"Census Tract 2035, Los Angeles County, California",
    Households,
        Estimate,"41,444"
        Margin of Error,"±8,399"
    Families,
        Estimate,"33,929"
        Margin of Error,"±10,836"
    Married-couple families,
        Estimate,"33,750"
        Margin of Error,"±14,237"
    Nonfamily households,
        Estimate,"46,603"
        Margin of Error,"±8,833"
"Census Tract 2036, Los Angeles County, California",
    Households,
        Estimate,"49,922"
        Margin of Error,"±8,541"
    Families,
        Estimate,"46,480"
        Margin of Error,"±9,384"
    Married-couple families,
        Estimate,"54,946"
        Margin of Error,"±11,007"
    Nonfamily households,
        Estimate,"29,028"
        Margin of Error,"±23,779"
"Census Tract 2037.10, Los Angeles County, California",
    Households,
        Estimate,"46,840"
        Margin of Error,"±13,766"
    Families,
        Estimate,"53,385"
        Margin of Error,"±11,629"
    Married-couple families,
        Estimate,"53,219"
        Margin of Error,"±12,045"
    Nonfamily households,
        Estimate,"36,080"
        Margin of Error,"±19,221"
"Census Tract 2037.20, Los Angeles County, California",
    Households,
        Estimate,"37,917"
        Margin of Error,"±8,574"
    Families,
        Estimate,"32,253"
        Margin of Error,"±8,386"
    Married-couple families,
        Estimate,"61,397"
        Margin of Error,"±28,182"
    Nonfamily households,
        Estimate,-
        Margin of Error,**
"Census Tract 2038, Los Angeles County, California",
    Households,
        Estimate,"45,108"
        Margin of Error,"±5,575"
    Families,
        Estimate,"45,744"
        Margin of Error,"±6,216"
    Married-couple families,
        Estimate,"65,750"
        Margin of Error,"±17,550"
    Nonfamily households,
        Estimate,"20,800"
        Margin of Error,"±11,392"
"Census Tract 2039, Los Angeles County, California",
    Households,
        Estimate,"57,054"
        Margin of Error,"±10,783"
    Families,
        Estimate,"64,922"
        Margin of Error,"±15,275"
    Married-couple families,
        Estimate,"77,222"
        Margin of Error,"±14,865"
    Nonfamily households,
        Estimate,"27,125"
        Margin of Error,"±17,941"
"Census Tract 2041.10, Los Angeles County, California",
    Households,
        Estimate,"57,417"
        Margin of Error,"±15,873"
    Families,
        Estimate,"60,357"
        Margin of Error,"±6,047"
    Married-couple families,
        Estimate,"60,833"
        Margin of Error,"±8,621"
    Nonfamily households,
        Estimate,"26,083"
        Margin of Error,"±18,825"
"Census Tract 2041.20, Los Angeles County, California",
    Households,
        Estimate,"52,813"
        Margin of Error,"±12,622"
    Families,
        Estimate,"52,500"
        Margin of Error,"±17,730"
    Married-couple families,
        Estimate,"59,457"
        Margin of Error,"±37,013"
    Nonfamily households,
        Estimate,-
        Margin of Error,**
"Census Tract 2042, Los Angeles County, California",
    Households,
        Estimate,"32,946"
        Margin of Error,"±6,685"
    Families,
        Estimate,"40,556"
        Margin of Error,"±12,587"
    Married-couple families,
        Estimate,"46,905"
        Margin of Error,"±16,516"
    Nonfamily households,
        Estimate,"16,667"
        Margin of Error,"±7,423"
"Census Tract 2043, Los Angeles County, California",
    Households,
        Estimate,"41,912"
        Margin of Error,"±6,527"
    Families,
        Estimate,"44,681"
        Margin of Error,"±8,338"
    Married-couple families,
        Estimate,"56,371"
        Margin of Error,"±6,446"
    Nonfamily households,
        Estimate,"20,500"
        Margin of Error,"±12,234"
"Census Tract 2044.10, Los Angeles County, California",
    Households,
        Estimate,"47,232"
        Margin of Error,"±15,700"
    Families,
        Estimate,"48,036"
        Margin of Error,"±16,541"
    Married-couple families,
        Estimate,"64,583"
        Margin of Error,"±13,657"
    Nonfamily households,
        Estimate,"22,411"
        Margin of Error,"±13,993"
"Census Tract 2044.20, Los Angeles County, California",
    Households,
        Estimate,"29,730"
        Margin of Error,"±5,283"
    Families,
        Estimate,"30,000"
        Margin of Error,"±8,794"
    Married-couple families,
        Estimate,"47,548"
        Margin of Error,"±22,336"
    Nonfamily households,
        Estimate,-
        Margin of Error,**
"Census Tract 2046, Los Angeles County, California",
    Households,
        Estimate,"31,786"
        Margin of Error,"±6,429"
    Families,
        Estimate,"39,625"
        Margin of Error,"±12,470"
    Married-couple families,
        Estimate,"41,071"
        Margin of Error,"±12,577"
    Nonfamily households,
        Estimate,"20,083"
        Margin of Error,"±10,464"
"Census Tract 2047, Los Angeles County, California",
    Households,
        Estimate,"54,809"
        Margin of Error,"±12,331"
    Families,
        Estimate,"64,145"
        Margin of Error,"±16,890"
    Married-couple families,
        Estimate,"69,719"
        Margin of Error,"±12,749"
    Nonfamily households,
        Estimate,"20,132"
        Margin of Error,"±8,459"
"Census Tract 2048.10, Los Angeles County, California",
    Households,
        Estimate,"46,440"
        Margin of Error,"±4,755"
    Families,
        Estimate,"44,871"
        Margin of Error,"±4,579"
    Married-couple families,
        Estimate,"67,931"
        Margin of Error,"±25,984"
    Nonfamily households,
        Estimate,-
        Margin of Error,**
"Census Tract 2048.20, Los Angeles County, California",
    Households,
        Estimate,"40,000"
        Margin of Error,"±10,525"
    Families,
        Estimate,"41,250"
        Margin of Error,"±11,544"
    Married-couple families,
        Estimate,"37,448"
        Margin of Error,"±14,115"
    Nonfamily households,
        Estimate,-
        Margin of Error,**
"Census Tract 2049.10, Los Angeles County, California",
    Households,
        Estimate,"38,523"
        Margin of Error,"±5,052"
    Families,
        Estimate,"44,719"
        Margin of Error,"±12,964"
    Married-couple families,
        Estimate,"56,364"
        Margin of Error,"±16,491"
    Nonfamily households,
        Estimate,"14,053"
        Margin of Error,"±4,926"
"Census Tract 2049.20, Los Angeles County, California",
    Households,
        Estimate,"39,904"
        Margin of Error,"±9,932"
    Families,
        Estimate,"42,206"
        Margin of Error,"±14,468"
    Married-couple families,
        Estimate,"57,669"
        Margin of Error,"±23,099"
    Nonfamily households,
        Estimate,-
        Margin of Error,**
"Census Tract 2051.10, Los Angeles County, California",
    Households,
        Estimate,"47,219"
        Margin of Error,"±5,496"
    Families,
        Estimate,"44,907"
        Margin of Error,"±5,311"
    Married-couple families,
        Estimate,"44,408"
        Margin of Error,"±8,746"
    Nonfamily households,
        Estimate,"53,750"
        Margin of Error,"±17,048"
"Census Tract 2051.20, Los Angeles County, California",
    Households,
        Estimate,"26,844"
        Margin of Error,"±3,897"
    Families,
        Estimate,"27,930"
        Margin of Error,"±3,204"
    Married-couple families,
        Estimate,"42,951"
        Margin of Error,"±13,870"
    Nonfamily households,
        Estimate,"16,688"
        Margin of Error,"±8,191"
"Census Tract 2060.10, Los Angeles County, California",
    Households,
        Estimate,"42,063"
        Margin of Error,"±11,565"
    Families,
        Estimate,"38,750"
        Margin of Error,"±7,691"
    Married-couple families,
        Estimate,"53,105"
        Margin of Error,"±19,813"
    Nonfamily households,
        Estimate,-
        Margin of Error,**
"Census Tract 2060.20, Los Angeles County, California",
    Households,
        Estimate,"100,809"
        Margin of Error,"±14,974"
    Families,
        Estimate,"88,438"
        Margin of Error,"±17,261"
    Married-couple families,
        Estimate,-
        Margin of Error,**
    Nonfamily households,
        Estimate,"100,417"
        Margin of Error,"±23,807"
"Census Tract 2060.31, Los Angeles County, California",
    Households,
        Estimate,"99,205"
        Margin of Error,"±25,091"
    Families,
        Estimate,"127,656"
        Margin of Error,"±58,125"
    Married-couple families,
        Estimate,"159,063"
        Margin of Error,"±65,982"
    Nonfamily households,
        Estimate,"86,154"
        Margin of Error,"±22,811"
"Census Tract 2060.32, Los Angeles County, California",
    Households,
        Estimate,"30,625"
        Margin of Error,"±8,177"
    Families,
        Estimate,"30,625"
        Margin of Error,"±8,110"
    Married-couple families,
        Estimate,"48,429"
        Margin of Error,"±13,553"
    Nonfamily households,
        Estimate,"16,693"
        Margin of Error,"±6,001"
"Census Tract 2060.50, Los Angeles County, California",
    Households,
        Estimate,"23,380"
        Margin of Error,"±5,151"
    Families,
        Estimate,"38,100"
        Margin of Error,"±18,674"
    Married-couple families,
        Estimate,"63,250"
        Margin of Error,"±30,265"
    Nonfamily households,
        Estimate,"16,250"
        Margin of Error,"±7,199"
"Census Tract 2062, Los Angeles County, California",
    Households,
        Estimate,"23,515"
        Margin of Error,"±4,086"
    Families,
        Estimate,"37,955"
        Margin of Error,"±19,407"
    Married-couple families,
        Estimate,-
        Margin of Error,**
    Nonfamily households,
        Estimate,"20,513"
        Margin of Error,"±6,466"
"Census Tract 2063, Los Angeles County, California",
    Households,
        Estimate,"9,191"
        Margin of Error,"±2,804"
    Families,
        Estimate,-
        Margin of Error,**
    Married-couple families,
        Estimate,-
        Margin of Error,**
    Nonfamily households,
        Estimate,"8,987"
        Margin of Error,"±2,970"
"Census Tract 2071.01, Los Angeles County, California",
    Households,
        Estimate,"39,063"
        Margin of Error,"±11,011"
    Families,
        Estimate,"43,333"
        Margin of Error,"±15,690"
    Married-couple families,
        Estimate,"33,077"
        Margin of Error,"±23,517"
    Nonfamily households,
        Estimate,"36,007"
        Margin of Error,"±15,249"
"Census Tract 2071.02, Los Angeles County, California",
    Households,
        Estimate,"30,165"
        Margin of Error,"±9,620"
    Families,
        Estimate,"34,792"
        Margin of Error,"±15,891"
    Married-couple families,
        Estimate,"38,750"
        Margin of Error,"±23,318"
    Nonfamily households,
        Estimate,"17,135"
        Margin of Error,"±9,488"
"Census Tract 2071.03, Los Angeles County, California",
    Households,
        Estimate,"29,243"
        Margin of Error,"±5,632"
    Families,
        Estimate,"29,297"
        Margin of Error,"±11,135"
    Married-couple families,
        Estimate,"26,793"
        Margin of Error,"±8,376"
    Nonfamily households,
        Estimate,"21,354"
        Margin of Error,"±16,726"
"Census Tract 2073.01, Los Angeles County, California",
    Households,
        Estimate,"51,667"
        Margin of Error,"±13,753"
    Families,
        Estimate,"116,111"
        Margin of Error,"±25,673"
    Married-couple families,
        Estimate,"121,029"
        Margin of Error,"±28,863"
    Nonfamily households,
        Estimate,"40,500"
        Margin of Error,"±30,091"
"Census Tract 2073.02, Los Angeles County, California",
    Households,
        Estimate,"39,972"
        Margin of Error,"±10,564"
    Families,
        Estimate,-
        Margin of Error,**
    Married-couple families,
        Estimate,-
        Margin of Error,**
    Nonfamily households,
        Estimate,"37,813"
        Margin of Error,"±13,873"
"Census Tract 2074, Los Angeles County, California",
    Households,
        Estimate,"87,000"
        Margin of Error,"±52,676"
    Families,
        Estimate,"162,273"
        Margin of Error,"±51,598"
    Married-couple families,
        Estimate,"169,583"
        Margin of Error,"±54,746"
    Nonfamily households,
        Estimate,"46,806"
        Margin of Error,"±38,749"
"Census Tract 2075.01, Los Angeles County, California",
    Households,
        Estimate,"60,625"
        Margin of Error,"±20,544"
    Families,
        Estimate,"102,396"
        Margin of Error,"±36,674"
    Married-couple families,
        Estimate,"118,426"
        Margin of Error,"±31,396"
    Nonfamily households,
        Estimate,"49,653"
        Margin of Error,"±14,136"
"Census Tract 2075.02, Los Angeles County, California",
    Households,
        Estimate,"18,594"
        Margin of Error,"±2,695"
    Families,
        Estimate,"66,354"
        Margin of Error,"±20,467"
    Married-couple families,
        Estimate,"66,250"
        Margin of Error,"±19,887"
    Nonfamily households,
        Estimate,"12,415"
        Margin of Error,"±6,626"
"Census Tract 2077.10, Los Angeles County, California",
    Households,
        Estimate,"100,972"
        Margin of Error,"±23,539"
    Families,
        Estimate,"148,702"
        Margin of Error,"±38,273"
    Married-couple families,
        Estimate,"158,553"
        Margin of Error,"±54,652"
    Nonfamily households,
        Estimate,"81,950"
        Margin of Error,"±25,152"
"Census Tract 2079, Los Angeles County, California",
    Households,
        Estimate,"92,104"
        Margin of Error,"±11,420"
    Families,
        Estimate,"150,714"
        Margin of Error,"±39,187"
    Married-couple families,
        Estimate,"156,953"
        Margin of Error,"±25,412"
    Nonfamily households,
        Estimate,"80,882"
        Margin of Error,"±25,028"
"Census Tract 2080, Los Angeles County, California",
    Households,
        Estimate,"37,330"
        Margin of Error,"±11,349"
    Families,
        Estimate,"36,188"
        Margin of Error,"±8,263"
    Married-couple families,
        Estimate,"44,435"
        Margin of Error,"±38,248"
    Nonfamily households,
        Estimate,"43,026"
        Margin of Error,"±35,522"
"Census Tract 2083.01, Los Angeles County, California",
    Households,
        Estimate,"50,093"
        Margin of Error,"±12,179"
    Families,
        Estimate,"36,974"
        Margin of Error,"±11,274"
    Married-couple families,
        Estimate,"27,358"
        Margin of Error,"±8,838"
    Nonfamily households,
        Estimate,"50,625"
        Margin of Error,"±45,560"
"Census Tract 2083.02, Los Angeles County, California",
    Households,
        Estimate,"38,365"
        Margin of Error,"±7,745"
    Families,
        Estimate,"40,072"
        Margin of Error,"±7,467"
    Married-couple families,
        Estimate,"42,043"
        Margin of Error,"±4,408"
    Nonfamily households,
        Estimate,"36,364"
        Margin of Error,"±26,112"
"Census Tract 2084.01, Los Angeles County, California",
    Households,
        Estimate,"31,218"
        Margin of Error,"±3,743"
    Families,
        Estimate,"31,831"
        Margin of Error,"±7,996"
    Married-couple families,
        Estimate,"36,103"
        Margin of Error,"±12,058"
    Nonfamily households,
        Estimate,"25,972"
        Margin of Error,"±11,049"
"Census Tract 2084.02, Los Angeles County, California",
    Households,
        Estimate,"45,804"
        Margin of Error,"±6,372"
    Families,
        Estimate,"48,045"
        Margin of Error,"±6,965"
    Married-couple families,
        Estimate,"45,536"
        Margin of Error,"±4,906"
    Nonfamily households,
        Estimate,"35,667"
        Margin of Error,"±12,310"
"Census Tract 2085.01, Los Angeles County, California",
    Households,
        Estimate,"56,974"
        Margin of Error,"±9,595"
    Families,
        Estimate,"58,750"
        Margin of Error,"±13,148"
    Married-couple families,
        Estimate,"70,474"
        Margin of Error,"±4,969"
    Nonfamily households,
        Estimate,"53,393"
        Margin of Error,"±24,771"
"Census Tract 2085.02, Los Angeles County, California",
    Households,
        Estimate,"41,804"
        Margin of Error,"±2,876"
    Families,
        Estimate,"44,028"
        Margin of Error,"±5,087"
    Married-couple families,
        Estimate,"59,519"
        Margin of Error,"±15,591"
    Nonfamily households,
        Estimate,"24,239"
        Margin of Error,"±7,555"
"Census Tract 2086.10, Los Angeles County, California",
    Households,
        Estimate,"52,537"
        Margin of Error,"±10,057"
    Families,
        Estimate,"54,955"
        Margin of Error,"±5,752"
    Married-couple families,
        Estimate,"73,516"
        Margin of Error,"±18,537"
    Nonfamily households,
        Estimate,"39,643"
        Margin of Error,"±7,506"
"Census Tract 2086.20, Los Angeles County, California",
    Households,
        Estimate,"48,910"
        Margin of Error,"±7,938"
    Families,
        Estimate,"50,000"
        Margin of Error,"±16,476"
    Married-couple families,
        Estimate,"66,731"
        Margin of Error,"±8,239"
    Nonfamily households,
        Estimate,"42,368"
        Margin of Error,"±17,407"
"Census Tract 2087.10, Los Angeles County, California",
    Households,
        Estimate,"69,656"
        Margin of Error,"±14,244"
    Families,
        Estimate,"73,857"
        Margin of Error,"±5,120"
    Married-couple families,
        Estimate,"74,851"
        Margin of Error,"±7,707"
    Nonfamily households,
        Estimate,"51,171"
        Margin of Error,"±4,498"
"Census Tract 2087.20, Los Angeles County, California",
    Households,
        Estimate,"32,727"
        Margin of Error,"±6,941"
    Families,
        Estimate,"26,868"
        Margin of Error,"±4,121"
    Married-couple families,
        Estimate,"46,691"
        Margin of Error,"±29,289"
    Nonfamily households,
        Estimate,"37,743"
        Margin of Error,"±11,639"
"Census Tract 2088.01, Los Angeles County, California",
    Households,
        Estimate,"33,211"
        Margin of Error,"±5,433"
    Families,
        Estimate,"34,450"
        Margin of Error,"±7,424"
    Married-couple families,
        Estimate,"23,947"
        Margin of Error,"±16,257"
    Nonfamily households,
        Estimate,"26,830"
        Margin of Error,"±5,228"
"Census Tract 2088.02, Los Angeles County, California",
    Households,
        Estimate,"34,079"
        Margin of Error,"±10,678"
    Families,
        Estimate,"44,053"
        Margin of Error,"±7,592"
    Married-couple families,
        Estimate,"44,000"
        Margin of Error,"±16,572"
    Nonfamily households,
        Estimate,"26,675"
        Margin of Error,"±6,445"
"Census Tract 2089.02, Los Angeles County, California",
    Households,
        Estimate,"34,568"
        Margin of Error,"±5,465"
    Families,
        Estimate,"30,903"
        Margin of Error,"±7,771"
    Married-couple families,
        Estimate,"30,694"
        Margin of Error,"±11,202"
    Nonfamily households,
        Estimate,"38,382"
        Margin of Error,"±15,897"
"Census Tract 2089.03, Los Angeles County, California",
    Households,
        Estimate,"31,731"
        Margin of Error,"±13,589"
    Families,
        Estimate,"27,171"
        Margin of Error,"±7,795"
    Married-couple families,
        Estimate,"27,955"
        Margin of Error,"±8,248"
    Nonfamily households,
        Estimate,"27,019"
        Margin of Error,"±25,765"
"Census Tract 2089.04, Los Angeles County, California",
    Households,
        Estimate,"27,250"
        Margin of Error,"±7,459"
    Families,
        Estimate,"26,360"
        Margin of Error,"±4,302"
    Married-couple families,
        Estimate,"28,405"
        Margin of Error,"±6,192"
    Nonfamily households,
        Estimate,"14,167"
        Margin of Error,"±5,470"
"Census Tract 2091.02, Los Angeles County, California",
    Households,
        Estimate,"29,190"
        Margin of Error,"±4,168"
    Families,
        Estimate,"29,547"
        Margin of Error,"±4,307"
    Married-couple families,
        Estimate,"39,474"
        Margin of Error,"±11,263"
    Nonfamily households,
        Estimate,"20,125"
        Margin of Error,"±12,672"
"Census Tract 2091.03, Los Angeles County, California",
    Households,
        Estimate,"29,509"
        Margin of Error,"±3,451"
    Families,
        Estimate,"25,531"
        Margin of Error,"±4,352"
    Married-couple families,
        Estimate,"30,238"
        Margin of Error,"±3,996"
    Nonfamily households,
        Estimate,"30,677"
        Margin of Error,"±12,143"
"Census Tract 2091.04, Los Angeles County, California",
    Households,
        Estimate,"30,078"
        Margin of Error,"±5,671"
    Families,
        Estimate,"34,291"
        Margin of Error,"±8,678"
    Married-couple families,
        Estimate,"48,105"
        Margin of Error,"±5,094"
    Nonfamily households,
        Estimate,"15,800"
        Margin of Error,"±3,730"
"Census Tract 2092, Los Angeles County, California",
    Households,
        Estimate,"54,894"
        Margin of Error,"±12,170"
    Families,
        Estimate,"60,000"
        Margin of Error,"±30,378"
    Married-couple families,
        Estimate,"78,828"
        Margin of Error,"±14,563"
    Nonfamily households,
        Estimate,"54,333"
        Margin of Error,"±11,084"
"Census Tract 2093, Los Angeles County, California",
    Households,
        Estimate,"30,092"
        Margin of Error,"±4,547"
    Families,
        Estimate,"31,379"
        Margin of Error,"±10,715"
    Married-couple families,
        Estimate,"44,938"
        Margin of Error,"±14,866"
    Nonfamily households,
        Estimate,"28,404"
        Margin of Error,"±5,213"
"Census Tract 2094.01, Los Angeles County, California",
    Households,
        Estimate,"30,926"
        Margin of Error,"±4,075"
    Families,
        Estimate,"31,817"
        Margin of Error,"±2,546"
    Married-couple families,
        Estimate,"30,302"
        Margin of Error,"±6,890"
    Nonfamily households,
        Estimate,"20,208"
        Margin of Error,"±10,077"
"Census Tract 2094.02, Los Angeles County, California",
    Households,
        Estimate,"32,879"
        Margin of Error,"±3,996"
    Families,
        Estimate,"21,500"
        Margin of Error,"±8,328"
    Married-couple families,
        Estimate,"21,228"
        Margin of Error,"±7,886"
    Nonfamily households,
        Estimate,"33,750"
        Margin of Error,"±14,390"
"Census Tract 2094.03, Los Angeles County, California",
    Households,
        Estimate,"27,188"
        Margin of Error,"±7,065"
    Families,
        Estimate,"30,907"
        Margin of Error,"±2,392"
    Married-couple families,
        Estimate,"31,696"
        Margin of Error,"±10,224"
    Nonfamily households,
        Estimate,"17,991"
        Margin of Error,"±7,467"
"Census Tract 2095.10, Los Angeles County, California",
    Households,
        Estimate,"30,722"
        Margin of Error,"±6,266"
    Families,
        Estimate,"28,333"
        Margin of Error,"±9,093"
    Married-couple families,
        Estimate,"30,250"
        Margin of Error,"±9,723"
    Nonfamily households,
        Estimate,"30,921"
        Margin of Error,"±9,043"
"Census Tract 2095.20, Los Angeles County, California",
    Households,
        Estimate,"33,168"
        Margin of Error,"±4,540"
    Families,
        Estimate,"29,672"
        Margin of Error,"±3,994"
    Married-couple families,
        Estimate,"31,845"
        Margin of Error,"±11,414"
    Nonfamily households,
        Estimate,"28,450"
        Margin of Error,"±6,301"
"Census Tract 2098.10, Los Angeles County, California",
    Households,
        Estimate,"30,373"
        Margin of Error,"±2,636"
    Families,
        Estimate,"28,306"
        Margin of Error,"±3,934"
    Married-couple families,
        Estimate,"31,917"
        Margin of Error,"±8,209"
    Nonfamily households,
        Estimate,"30,599"
        Margin of Error,"±4,214"
"Census Tract 2098.20, Los Angeles County, California",
    Households,
        Estimate,"31,289"
        Margin of Error,"±7,712"
    Families,
        Estimate,"28,077"
        Margin of Error,"±13,116"
    Married-couple families,
        Estimate,"53,906"
        Margin of Error,"±12,748"
    Nonfamily households,
        Estimate,"23,631"
        Margin of Error,"±9,352"
"Census Tract 2100.10, Los Angeles County, California",
    Households,
        Estimate,"31,712"
        Margin of Error,"±5,392"
    Families,
        Estimate,"33,203"
        Margin of Error,"±11,419"
    Married-couple families,
        Estimate,"33,015"
        Margin of Error,"±10,686"
    Nonfamily households,
        Estimate,"23,802"
        Margin of Error,"±11,229"
"Census Tract 2110, Los Angeles County, California",
    Households,
        Estimate,"127,197"
        Margin of Error,"±13,744"
    Families,
        Estimate,"155,556"
        Margin of Error,"±57,695"
    Married-couple families,
        Estimate,"193,167"
        Margin of Error,"±90,712"
    Nonfamily households,
        Estimate,"110,370"
        Margin of Error,"±21,553"
"Census Tract 2111.20, Los Angeles County, California",
    Households,
        Estimate,"52,342"
        Margin of Error,"±6,525"
    Families,
        Estimate,"54,509"
        Margin of Error,"±10,270"
    Married-couple families,
        Estimate,"60,833"
        Margin of Error,"±13,310"
    Nonfamily households,
        Estimate,"49,282"
        Margin of Error,"±13,647"
"Census Tract 2111.21, Los Angeles County, California",
    Households,
        Estimate,"48,846"
        Margin of Error,"±10,190"
    Families,
        Estimate,"62,727"
        Margin of Error,"±19,448"
    Married-couple families,
        Estimate,"62,188"
        Margin of Error,"±13,703"
    Nonfamily households,
        Estimate,"41,136"
        Margin of Error,"±11,655"
"Census Tract 2111.22, Los Angeles County, California",
    Households,
        Estimate,"50,175"
        Margin of Error,"±7,105"
    Families,
        Estimate,"39,601"
        Margin of Error,"±7,788"
    Married-couple families,
        Estimate,"44,531"
        Margin of Error,"±15,418"
    Nonfamily households,
        Estimate,"53,862"
        Margin of Error,"±6,824"
"Census Tract 2112.01, Los Angeles County, California",
    Households,
        Estimate,"44,353"
        Margin of Error,"±6,604"
    Families,
        Estimate,"45,781"
        Margin of Error,"±8,959"
    Married-couple families,
        Estimate,"52,454"
        Margin of Error,"±10,710"
    Nonfamily households,
        Estimate,"37,313"
        Margin of Error,"±10,096"
"Census Tract 2112.02, Los Angeles County, California",
    Households,
        Estimate,"41,280"
        Margin of Error,"±5,834"
    Families,
        Estimate,"40,857"
        Margin of Error,"±7,043"
    Married-couple families,
        Estimate,"51,190"
        Margin of Error,"±8,370"
    Nonfamily households,
        Estimate,"41,667"
        Margin of Error,"±12,719"
"Census Tract 2113.10, Los Angeles County, California",
    Households,
        Estimate,"42,637"
        Margin of Error,"±4,051"
    Families,
        Estimate,"43,250"
        Margin of Error,"±6,510"
    Married-couple families,
        Estimate,"46,898"
        Margin of Error,"±10,845"
    Nonfamily households,
        Estimate,"39,792"
        Margin of Error,"±18,873"
"Census Tract 2113.20, Los Angeles County, California",
    Households,
        Estimate,"31,250"
        Margin of Error,"±12,504"
    Families,
        Estimate,"31,000"
        Margin of Error,"±11,416"
    Married-couple families,
        Estimate,"47,105"
        Margin of Error,"±40,449"
    Nonfamily households,
        Estimate,"21,170"
        Margin of Error,"±6,743"
"Census Tract 2114.10, Los Angeles County, California",
    Households,
        Estimate,"43,011"
        Margin of Error,"±12,648"
    Families,
        Estimate,"60,213"
        Margin of Error,"±11,704"
    Married-couple families,
        Estimate,"62,500"
        Margin of Error,"±13,022"
    Nonfamily households,
        Estimate,"31,250"
        Margin of Error,"±6,994"
"Census Tract 2114.20, Los Angeles County, California",
    Households,
        Estimate,"44,330"
        Margin of Error,"±3,832"
    Families,
        Estimate,"45,156"
        Margin of Error,"±13,587"
    Married-couple families,
        Estimate,"59,286"
        Margin of Error,"±27,257"
    Nonfamily households,
        Estimate,"38,015"
        Margin of Error,"±4,301"
"Census Tract 2115, Los Angeles County, California",
    Households,
        Estimate,"66,042"
        Margin of Error,"±11,804"
    Families,
        Estimate,"80,761"
        Margin of Error,"±20,601"
    Married-couple families,
        Estimate,"103,906"
        Margin of Error,"±44,851"
    Nonfamily households,
        Estimate,"51,625"
        Margin of Error,"±17,271"
"Census Tract 2117.01, Los Angeles County, California",
    Households,
        Estimate,"75,469"
        Margin of Error,"±27,713"
    Families,
        Estimate,"77,344"
        Margin of Error,"±35,436"
    Married-couple families,
        Estimate,"89,605"
        Margin of Error,"±41,388"
    Nonfamily households,
        Estimate,"63,333"
        Margin of Error,"±53,039"
"Census Tract 2117.03, Los Angeles County, California",
    Households,
        Estimate,"52,352"
        Margin of Error,"±4,698"
    Families,
        Estimate,"53,719"
        Margin of Error,"±9,005"
    Married-couple families,
        Estimate,"66,510"
        Margin of Error,"±11,703"
    Nonfamily households,
        Estimate,"50,903"
        Margin of Error,"±9,897"
"Census Tract 2117.04, Los Angeles County, California",
    Households,
        Estimate,"43,462"
        Margin of Error,"±9,709"
    Families,
        Estimate,"59,934"
        Margin of Error,"±10,551"
    Married-couple families,
        Estimate,"64,940"
        Margin of Error,"±23,948"
    Nonfamily households,
        Estimate,"34,026"
        Margin of Error,"±4,934"
"Census Tract 2118.02, Los Angeles County, California",
    Households,
        Estimate,"43,720"
        Margin of Error,"±6,392"
    Families,
        Estimate,"45,494"
        Margin of Error,"±7,765"
    Married-couple families,
        Estimate,"46,730"
        Margin of Error,"±4,931"
    Nonfamily households,
        Estimate,"38,426"
        Margin of Error,"±14,802"
"Census Tract 2118.03, Los Angeles County, California",
    Households,
        Estimate,"53,301"
        Margin of Error,"±5,935"
    Families,
        Estimate,"63,650"
        Margin of Error,"±15,758"
    Married-couple families,
        Estimate,"67,266"
        Margin of Error,"±14,175"
    Nonfamily households,
        Estimate,"32,093"
        Margin of Error,"±13,501"
"Census Tract 2118.04, Los Angeles County, California",
    Households,
        Estimate,"41,635"
        Margin of Error,"±9,624"
    Families,
        Estimate,"42,194"
        Margin of Error,"±13,753"
    Married-couple families,
        Estimate,"48,648"
        Margin of Error,"±13,108"
    Nonfamily households,
        Estimate,"40,871"
        Margin of Error,"±13,193"
"Census Tract 2119.10, Los Angeles County, California",
    Households,
        Estimate,"46,941"
        Margin of Error,"±8,635"
    Families,
        Estimate,"44,917"
        Margin of Error,"±12,145"
    Married-couple families,
        Estimate,"44,779"
        Margin of Error,"±16,021"
    Nonfamily households,
        Estimate,"42,219"
        Margin of Error,"±9,745"
"Census Tract 2119.21, Los Angeles County, California",
    Households,
        Estimate,"35,993"
        Margin of Error,"±5,691"
    Families,
        Estimate,"38,992"
        Margin of Error,"±4,351"
    Married-couple families,
        Estimate,"48,750"
        Margin of Error,"±19,186"
    Nonfamily households,
        Estimate,"31,385"
        Margin of Error,"±7,030"
"Census Tract 2119.22, Los Angeles County, California",
    Households,
        Estimate,"49,554"
        Margin of Error,"±4,875"
    Families,
        Estimate,"50,068"
        Margin of Error,"±5,967"
    Married-couple families,
        Estimate,"48,710"
        Margin of Error,"±11,629"
    Nonfamily households,
        Estimate,"48,045"
        Margin of Error,"±13,988"
"Census Tract 2121.01, Los Angeles County, California",
    Households,
        Estimate,"51,370"
        Margin of Error,"±10,420"
    Families,
        Estimate,"64,798"
        Margin of Error,"±12,700"
    Married-couple families,
        Estimate,"75,156"
        Margin of Error,"±22,377"
    Nonfamily households,
        Estimate,"41,895"
        Margin of Error,"±7,086"
"Census Tract 2121.02, Los Angeles County, California",
    Households,
        Estimate,"27,167"
        Margin of Error,"±6,495"
    Families,
        Estimate,"30,953"
        Margin of Error,"±3,746"
    Married-couple families,
        Estimate,"26,397"
        Margin of Error,"±5,448"
    Nonfamily households,
        Estimate,"22,344"
        Margin of Error,"±9,412"
"Census Tract 2122.02, Los Angeles County, California",
    Households,
        Estimate,"39,229"
        Margin of Error,"±6,592"
    Families,
        Estimate,"40,338"
        Margin of Error,"±11,348"
    Married-couple families,
        Estimate,"51,250"
        Margin of Error,"±18,767"
    Nonfamily households,
        Estimate,"36,469"
        Margin of Error,"±7,585"
"Census Tract 2122.03, Los Angeles County, California",
    Households,
        Estimate,"27,092"
        Margin of Error,"±7,035"
    Families,
        Estimate,"29,408"
        Margin of Error,"±11,250"
    Married-couple families,
        Estimate,"28,816"
        Margin of Error,"±9,295"
    Nonfamily households,
        Estimate,"20,264"
        Margin of Error,"±6,978"
"Census Tract 2122.04, Los Angeles County, California",
    Households,
        Estimate,"34,196"
        Margin of Error,"±4,158"
    Families,
        Estimate,"33,333"
        Margin of Error,"±10,557"
    Married-couple families,
        Estimate,"34,792"
        Margin of Error,"±17,093"
    Nonfamily households,
        Estimate,"33,849"
        Margin of Error,"±7,573"
"Census Tract 2123.03, Los Angeles County, California",
    Households,
        Estimate,"41,797"
        Margin of Error,"±10,009"
    Families,
        Estimate,"52,740"
        Margin of Error,"±9,481"
    Married-couple families,
        Estimate,"60,208"
        Margin of Error,"±6,089"
    Nonfamily households,
        Estimate,"32,426"
        Margin of Error,"±8,928"
"Census Tract 2123.04, Los Angeles County, California",
    Households,
        Estimate,"30,265"
        Margin of Error,"±7,334"
    Families,
        Estimate,"35,000"
        Margin of Error,"±13,543"
    Married-couple families,
        Estimate,"46,016"
        Margin of Error,"±12,391"
    Nonfamily households,
        Estimate,"25,694"
        Margin of Error,"±5,883"
"Census Tract 2123.05, Los Angeles County, California",
    Households,
        Estimate,"37,550"
        Margin of Error,"±6,474"
    Families,
        Estimate,"39,514"
        Margin of Error,"±10,368"
    Married-couple families,
        Estimate,"53,309"
        Margin of Error,"±10,850"
    Nonfamily households,
        Estimate,"31,612"
        Margin of Error,"±7,197"
"Census Tract 2123.06, Los Angeles County, California",
    Households,
        Estimate,"40,590"
        Margin of Error,"±6,157"
    Families,
        Estimate,"35,787"
        Margin of Error,"±4,566"
    Married-couple families,
        Estimate,"37,500"
        Margin of Error,"±17,732"
    Nonfamily households,
        Estimate,"41,356"
        Margin of Error,"±7,462"
"Census Tract 2124.10, Los Angeles County, California",
    Households,
        Estimate,"46,424"
        Margin of Error,"±4,272"
    Families,
        Estimate,"47,862"
        Margin of Error,"±7,349"
    Married-couple families,
        Estimate,"54,792"
        Margin of Error,"±18,001"
    Nonfamily households,
        Estimate,"41,908"
        Margin of Error,"±11,259"
"Census Tract 2124.20, Los Angeles County, California",
    Households,
        Estimate,"40,809"
        Margin of Error,"±8,867"
    Families,
        Estimate,"43,488"
        Margin of Error,"±6,728"
    Married-couple families,
        Estimate,"47,892"
        Margin of Error,"±7,332"
    Nonfamily households,
        Estimate,"29,464"
        Margin of Error,"±10,423"
"Census Tract 2125.01, Los Angeles County, California",
    Households,
        Estimate,"39,093"
        Margin of Error,"±3,744"
    Families,
        Estimate,"45,333"
        Margin of Error,"±12,799"
    Married-couple families,
        Estimate,"51,250"
        Margin of Error,"±13,100"
    Nonfamily households,
        Estimate,"37,301"
        Margin of Error,"±3,013"
"Census Tract 2125.02, Los Angeles County, California",
    Households,
        Estimate,"47,731"
        Margin of Error,"±7,564"
    Families,
        Estimate,"44,853"
        Margin of Error,"±10,933"
    Married-couple families,
        Estimate,"55,000"
        Margin of Error,"±19,294"
    Nonfamily households,
        Estimate,"60,568"
        Margin of Error,"±24,400"
"Census Tract 2126.10, Los Angeles County, California",
    Households,
        Estimate,"43,608"
        Margin of Error,"±7,339"
    Families,
        Estimate,"47,292"
        Margin of Error,"±13,839"
    Married-couple families,
        Estimate,"62,966"
        Margin of Error,"±16,754"
    Nonfamily households,
        Estimate,"38,389"
        Margin of Error,"±8,017"
"Census Tract 2126.20, Los Angeles County, California",
    Households,
        Estimate,"43,212"
        Margin of Error,"±4,457"
    Families,
        Estimate,"52,333"
        Margin of Error,"±19,706"
    Married-couple families,
        Estimate,"57,837"
        Margin of Error,"±14,183"
    Nonfamily households,
        Estimate,"40,258"
        Margin of Error,"±5,699"
"Census Tract 2127.01, Los Angeles County, California",
    Households,
        Estimate,"47,000"
        Margin of Error,"±6,074"
    Families,
        Estimate,"50,795"
        Margin of Error,"±6,976"
    Married-couple families,
        Estimate,"57,039"
        Margin of Error,"±14,418"
    Nonfamily households,
        Estimate,"34,333"
        Margin of Error,"±13,783"
"Census Tract 2127.02, Los Angeles County, California",
    Households,
        Estimate,"73,028"
        Margin of Error,"±15,437"
    Families,
        Estimate,"91,944"
        Margin of Error,"±38,948"
    Married-couple families,
        Estimate,"104,180"
        Margin of Error,"±47,808"
    Nonfamily households,
        Estimate,"47,989"
        Margin of Error,"±20,693"
"Census Tract 2128, Los Angeles County, California",
    Households,
        Estimate,"49,867"
        Margin of Error,"±6,412"
    Families,
        Estimate,"79,375"
        Margin of Error,"±41,460"
    Married-couple families,
        Estimate,"119,904"
        Margin of Error,"±31,338"
    Nonfamily households,
        Estimate,"32,750"
        Margin of Error,"±9,555"
"Census Tract 2129, Los Angeles County, California",
    Households,
        Estimate,"43,167"
        Margin of Error,"±6,527"
    Families,
        Estimate,"47,596"
        Margin of Error,"±9,888"
    Married-couple families,
        Estimate,-
        Margin of Error,**
    Nonfamily households,
        Estimate,"37,727"
        Margin of Error,"±9,427"
"Census Tract 2131, Los Angeles County, California",
    Households,
        Estimate,"44,167"
        Margin of Error,"±6,951"
    Families,
        Estimate,"45,962"
        Margin of Error,"±19,259"
    Married-couple families,
        Estimate,"86,154"
        Margin of Error,"±34,495"
    Nonfamily households,
        Estimate,"30,500"
        Margin of Error,"±11,565"
"Census Tract 2132.01, Los Angeles County, California",
    Households,
        Estimate,"32,819"
        Margin of Error,"±7,418"
    Families,
        Estimate,"33,556"
        Margin of Error,"±5,924"
    Married-couple families,
        Estimate,"33,917"
        Margin of Error,"±5,488"
    Nonfamily households,
        Estimate,"27,786"
        Margin of Error,"±12,893"
"Census Tract 2132.02, Los Angeles County, California",
    Households,
        Estimate,"38,899"
        Margin of Error,"±8,107"
    Families,
        Estimate,"42,583"
        Margin of Error,"±9,648"
    Married-couple families,
        Estimate,"51,875"
        Margin of Error,"±11,275"
    Nonfamily households,
        Estimate,"26,118"
        Margin of Error,"±22,389"
"Census Tract 2133.10, Los Angeles County, California",
    Households,
        Estimate,"48,333"
        Margin of Error,"±8,689"
    Families,
        Estimate,"45,142"
        Margin of Error,"±13,802"
    Married-couple families,
        Estimate,"46,845"
        Margin of Error,"±26,777"
    Nonfamily households,
        Estimate,"50,333"
        Margin of Error,"±11,457"
"Census Tract 2133.20, Los Angeles County, California",
    Households,
        Estimate,"26,759"
        Margin of Error,"±5,685"
    Families,
        Estimate,"38,077"
        Margin of Error,"±4,855"
    Married-couple families,
        Estimate,"37,813"
        Margin of Error,"±10,097"
    Nonfamily households,
        Estimate,"17,847"
        Margin of Error,"±7,292"
"Census Tract 2134.01, Los Angeles County, California",
    Households,
        Estimate,"33,607"
        Margin of Error,"±3,640"
    Families,
        Estimate,"32,299"
        Margin of Error,"±4,304"
    Married-couple families,
        Estimate,"52,321"
        Margin of Error,"±11,627"
    Nonfamily households,
        Estimate,"31,080"
        Margin of Error,"±6,503"
"Census Tract 2134.02, Los Angeles County, California",
    Households,
        Estimate,"42,766"
        Margin of Error,"±3,047"
    Families,
        Estimate,"43,605"
        Margin of Error,"±4,919"
    Married-couple families,
        Estimate,"58,958"
        Margin of Error,"±8,405"
    Nonfamily households,
        Estimate,"24,730"
        Margin of Error,"±23,406"
"Census Tract 2140, Los Angeles County, California",
    Households,
        Estimate,"120,625"
        Margin of Error,"±40,013"
    Families,
        Estimate,"170,165"
        Margin of Error,"±38,896"
    Married-couple families,
        Estimate,"170,565"
        Margin of Error,"±35,232"
    Nonfamily households,
        Estimate,"80,824"
        Margin of Error,"±25,855"
"Census Tract 2141, Los Angeles County, California",
    Households,
        Estimate,"100,824"
        Margin of Error,"±16,381"
    Families,
        Estimate,"162,955"
        Margin of Error,"±42,471"
    Married-couple families,
        Estimate,"194,267"
        Margin of Error,"±34,043"
    Nonfamily households,
        Estimate,"69,886"
        Margin of Error,"±28,227"
"Census Tract 2144, Los Angeles County, California",
    Households,
        Estimate,"77,708"
        Margin of Error,"±8,085"
    Families,
        Estimate,"164,375"
        Margin of Error,"±59,924"
    Married-couple families,
        Estimate,"171,250"
        Margin of Error,"±40,206"
    Nonfamily households,
        Estimate,"69,661"
        Margin of Error,"±7,188"
"Census Tract 2145.01, Los Angeles County, California",
    Households,
        Estimate,"87,364"
        Margin of Error,"±14,558"
    Families,
        Estimate,"106,250"
        Margin of Error,"±29,382"
    Married-couple families,
        Estimate,"134,875"
        Margin of Error,"±48,586"
    Nonfamily households,
        Estimate,"63,963"
        Margin of Error,"±20,269"
"Census Tract 2145.02, Los Angeles County, California",
    Households,
        Estimate,"60,093"
        Margin of Error,"±11,468"
    Families,
        Estimate,"93,140"
        Margin of Error,"±20,932"
    Married-couple families,
        Estimate,"107,083"
        Margin of Error,"±26,545"
    Nonfamily households,
        Estimate,"50,434"
        Margin of Error,"±19,479"
"Census Tract 2145.03, Los Angeles County, California",
    Households,
        Estimate,"75,294"
        Margin of Error,"±6,995"
    Families,
        Estimate,"106,435"
        Margin of Error,"±18,716"
    Married-couple families,
        Estimate,"121,250"
        Margin of Error,"±27,197"
    Nonfamily households,
        Estimate,"45,054"
        Margin of Error,"±21,339"
"Census Tract 2146, Los Angeles County, California",
    Households,
        Estimate,"102,868"
        Margin of Error,"±21,717"
    Families,
        Estimate,"159,886"
        Margin of Error,"±51,190"
    Married-couple families,
        Estimate,"145,729"
        Margin of Error,"±54,823"
    Nonfamily households,
        Estimate,"86,761"
        Margin of Error,"±7,408"
"Census Tract 2147, Los Angeles County, California",
    Households,
        Estimate,"96,579"
        Margin of Error,"±22,232"
    Families,
        Estimate,"119,911"
        Margin of Error,"±25,988"
    Married-couple families,
        Estimate,"154,219"
        Margin of Error,"±60,804"
    Nonfamily households,
        Estimate,"83,214"
        Margin of Error,"±28,045"
"Census Tract 2148, Los Angeles County, California",
    Households,
        Estimate,"108,648"
        Margin of Error,"±7,053"
    Families,
        Estimate,"158,205"
        Margin of Error,"±40,737"
    Married-couple families,
        Estimate,"145,729"
        Margin of Error,"±46,505"
    Nonfamily households,
        Estimate,"98,258"
        Margin of Error,"±29,463"
"Census Tract 2149.01, Los Angeles County, California",
    Households,
        Estimate,"71,844"
        Margin of Error,"±4,486"
    Families,
        Estimate,"76,648"
        Margin of Error,"±71,171"
    Married-couple families,
        Estimate,-
        Margin of Error,**
    Nonfamily households,
        Estimate,"68,737"
        Margin of Error,"±6,700"
"Census Tract 2149.02, Los Angeles County, California",
    Households,
        Estimate,"84,840"
        Margin of Error,"±19,390"
    Families,
        Estimate,"120,764"
        Margin of Error,"±24,142"
    Married-couple families,
        Estimate,"136,483"
        Margin of Error,"±16,020"
    Nonfamily households,
        Estimate,"70,764"
        Margin of Error,"±19,412"
"Census Tract 2151.01, Los Angeles County, California",
    Households,
        Estimate,"67,888"
        Margin of Error,"±6,375"
    Families,
        Estimate,"75,125"
        Margin of Error,"±37,700"
    Married-couple families,
        Estimate,"109,632"
        Margin of Error,"±43,895"
    Nonfamily households,
        Estimate,"62,616"
        Margin of Error,"±6,598"
"Census Tract 2151.02, Los Angeles County, California",
    Households,
        Estimate,"69,979"
        Margin of Error,"±12,062"
    Families,
        Estimate,"84,561"
        Margin of Error,"±17,089"
    Married-couple families,
        Estimate,"84,539"
        Margin of Error,"±13,392"
    Nonfamily households,
        Estimate,"64,135"
        Margin of Error,"±8,326"
"Census Tract 2161, Los Angeles County, California",
    Households,
        Estimate,"104,604"
        Margin of Error,"±26,712"
    Families,
        Estimate,"132,250"
        Margin of Error,"±46,857"
    Married-couple families,
        Estimate,"158,235"
        Margin of Error,"±36,078"
    Nonfamily households,
        Estimate,"77,708"
        Margin of Error,"±55,823"
"Census Tract 2162, Los Angeles County, California",
    Households,
        Estimate,"88,854"
        Margin of Error,"±20,279"
    Families,
        Estimate,"99,559"
        Margin of Error,"±31,982"
    Married-couple families,
        Estimate,"131,800"
        Margin of Error,"±43,476"
    Nonfamily households,
        Estimate,"68,519"
        Margin of Error,"±16,344"
"Census Tract 2163, Los Angeles County, California",
    Households,
        Estimate,"94,620"
        Margin of Error,"±14,287"
    Families,
        Estimate,"118,667"
        Margin of Error,"±23,796"
    Married-couple families,
        Estimate,"132,721"
        Margin of Error,"±32,602"
    Nonfamily households,
        Estimate,"77,482"
        Margin of Error,"±20,446"
"Census Tract 2164.01, Los Angeles County, California",
    Households,
        Estimate,"75,597"
        Margin of Error,"±14,920"
    Families,
        Estimate,"143,508"
        Margin of Error,"±60,940"
    Married-couple families,
        Estimate,"144,516"
        Margin of Error,"±65,899"
    Nonfamily households,
        Estimate,"63,704"
        Margin of Error,"±20,019"
"Census Tract 2164.02, Los Angeles County, California",
    Households,
        Estimate,"75,000"
        Margin of Error,"±16,894"
    Families,
        Estimate,"76,397"
        Margin of Error,"±20,351"
    Married-couple families,
        Estimate,"68,125"
        Margin of Error,"±64,253"
    Nonfamily households,
        Estimate,"69,844"
        Margin of Error,"±26,387"
"Census Tract 2167, Los Angeles County, California",
    Households,
        Estimate,"79,730"
        Margin of Error,"±13,310"
    Families,
        Estimate,"82,188"
        Margin of Error,"±39,626"
    Married-couple families,
        Estimate,"128,571"
        Margin of Error,"±19,997"
    Nonfamily households,
        Estimate,"74,946"
        Margin of Error,"±12,240"
"Census Tract 2168, Los Angeles County, California",
    Households,
        Estimate,"91,821"
        Margin of Error,"±16,812"
    Families,
        Estimate,"121,875"
        Margin of Error,"±22,122"
    Married-couple families,
        Estimate,"180,750"
        Margin of Error,"±58,164"
    Nonfamily households,
        Estimate,"66,520"
        Margin of Error,"±8,638"
"Census Tract 2169, Los Angeles County, California",
    Households,
        Estimate,"89,547"
        Margin of Error,"±20,184"
    Families,
        Estimate,"132,719"
        Margin of Error,"±16,667"
    Married-couple families,
        Estimate,"143,702"
        Margin of Error,"±29,696"
    Nonfamily households,
        Estimate,"69,583"
        Margin of Error,"±13,219"
"Census Tract 2170.01, Los Angeles County, California",
    Households,
        Estimate,"87,250"
        Margin of Error,"±31,195"
    Families,
        Estimate,"125,417"
        Margin of Error,"±16,615"
    Married-couple families,
        Estimate,"129,700"
        Margin of Error,"±22,754"
    Nonfamily households,
        Estimate,"46,167"
        Margin of Error,"±17,160"
"Census Tract 2170.02, Los Angeles County, California",
    Households,
        Estimate,"87,934"
        Margin of Error,"±17,133"
    Families,
        Estimate,"118,676"
        Margin of Error,"±19,126"
    Married-couple families,
        Estimate,"120,306"
        Margin of Error,"±13,004"
    Nonfamily households,
        Estimate,"76,313"
        Margin of Error,"±3,970"
"Census Tract 2171, Los Angeles County, California",
    Households,
        Estimate,"67,414"
        Margin of Error,"±17,306"
    Families,
        Estimate,"78,095"
        Margin of Error,"±22,475"
    Married-couple families,
        Estimate,"96,033"
        Margin of Error,"±63,671"
    Nonfamily households,
        Estimate,"56,681"
        Margin of Error,"±9,930"
"Census Tract 2172, Los Angeles County, California",
    Households,
        Estimate,"69,817"
        Margin of Error,"±14,025"
    Families,
        Estimate,"74,402"
        Margin of Error,"±15,667"
    Married-couple families,
        Estimate,"101,477"
        Margin of Error,"±43,046"
    Nonfamily households,
        Estimate,"42,469"
        Margin of Error,"±27,675"
"Census Tract 2181.10, Los Angeles County, California",
    Households,
        Estimate,"44,009"
        Margin of Error,"±7,686"
    Families,
        Estimate,"43,750"
        Margin of Error,"±8,471"
    Married-couple families,
        Estimate,"44,773"
        Margin of Error,"±34,036"
    Nonfamily households,
        Estimate,"38,977"
        Margin of Error,"±20,452"
"Census Tract 2181.20, Los Angeles County, California",
    Households,
        Estimate,"36,488"
        Margin of Error,"±7,219"
    Families,
        Estimate,"40,000"
        Margin of Error,"±13,639"
    Married-couple families,
        Estimate,"42,257"
        Margin of Error,"±22,840"
    Nonfamily households,
        Estimate,"18,155"
        Margin of Error,"±9,698"
"Census Tract 2182.10, Los Angeles County, California",
    Households,
        Estimate,"35,436"
        Margin of Error,"±4,656"
    Families,
        Estimate,"55,120"
        Margin of Error,"±19,432"
    Married-couple families,
        Estimate,"58,125"
        Margin of Error,"±12,072"
    Nonfamily households,
        Estimate,"22,153"
        Margin of Error,"±8,907"
"Census Tract 2182.20, Los Angeles County, California",
    Households,
        Estimate,"49,632"
        Margin of Error,"±10,359"
    Families,
        Estimate,"54,750"
        Margin of Error,"±14,110"
    Married-couple families,
        Estimate,"61,827"
        Margin of Error,"±32,560"
    Nonfamily households,
        Estimate,"39,306"
        Margin of Error,"±6,813"
"Census Tract 2183, Los Angeles County, California",
    Households,
        Estimate,"53,621"
        Margin of Error,"±12,060"
    Families,
        Estimate,"70,444"
        Margin of Error,"±18,254"
    Married-couple families,
        Estimate,"85,541"
        Margin of Error,"±32,224"
    Nonfamily households,
        Estimate,"39,358"
        Margin of Error,"±6,182"
"Census Tract 2184, Los Angeles County, California",
    Households,
        Estimate,"64,018"
        Margin of Error,"±5,397"
    Families,
        Estimate,"62,407"
        Margin of Error,"±7,809"
    Married-couple families,
        Estimate,"70,685"
        Margin of Error,"±9,347"
    Nonfamily households,
        Estimate,-
        Margin of Error,**
"Census Tract 2185, Los Angeles County, California",
    Households,
        Estimate,"44,872"
        Margin of Error,"±7,522"
    Families,
        Estimate,"62,115"
        Margin of Error,"±9,908"
    Married-couple families,
        Estimate,"76,094"
        Margin of Error,"±24,348"
    Nonfamily households,
        Estimate,"24,345"
        Margin of Error,"±6,691"
"Census Tract 2186, Los Angeles County, California",
    Households,
        Estimate,"51,604"
        Margin of Error,"±15,167"
    Families,
        Estimate,"51,316"
        Margin of Error,"±37,673"
    Married-couple families,
        Estimate,"73,980"
        Margin of Error,"±30,938"
    Nonfamily households,
        Estimate,"50,000"
        Margin of Error,"±15,319"
"Census Tract 2187.01, Los Angeles County, California",
    Households,
        Estimate,"49,316"
        Margin of Error,"±4,507"
    Families,
        Estimate,"52,143"
        Margin of Error,"±11,629"
    Married-couple families,
        Estimate,"59,907"
        Margin of Error,"±2,841"
    Nonfamily households,
        Estimate,"27,404"
        Margin of Error,"±8,963"
"Census Tract 2187.02, Los Angeles County, California",
    Households,
        Estimate,"38,827"
        Margin of Error,"±2,699"
    Families,
        Estimate,"49,653"
        Margin of Error,"±7,597"
    Married-couple families,
        Estimate,"52,039"
        Margin of Error,"±6,314"
    Nonfamily households,
        Estimate,"30,922"
        Margin of Error,"±4,973"
"Census Tract 2188, Los Angeles County, California",
    Households,
        Estimate,"46,140"
        Margin of Error,"±10,227"
    Families,
        Estimate,"52,833"
        Margin of Error,"±20,958"
    Married-couple families,
        Estimate,"57,000"
        Margin of Error,"±31,694"
    Nonfamily households,
        Estimate,"45,037"
        Margin of Error,"±6,980"
"Census Tract 2189, Los Angeles County, California",
    Households,
        Estimate,"41,019"
        Margin of Error,"±7,592"
    Families,
        Estimate,"44,941"
        Margin of Error,"±12,791"
    Married-couple families,
        Estimate,"64,500"
        Margin of Error,"±33,589"
    Nonfamily households,
        Estimate,"25,096"
        Margin of Error,"±14,808"
"Census Tract 2190.10, Los Angeles County, California",
    Households,
        Estimate,"54,708"
        Margin of Error,"±16,829"
    Families,
        Estimate,"54,338"
        Margin of Error,"±19,705"
    Married-couple families,
        Estimate,"58,929"
        Margin of Error,"±38,215"
    Nonfamily households,
        Estimate,"43,750"
        Margin of Error,"±21,606"
"Census Tract 2190.20, Los Angeles County, California",
    Households,
        Estimate,"59,180"
        Margin of Error,"±6,037"
    Families,
        Estimate,"56,929"
        Margin of Error,"±7,504"
    Married-couple families,
        Estimate,"64,058"
        Margin of Error,"±8,188"
    Nonfamily households,
        Estimate,-
        Margin of Error,**
"Census Tract 2193, Los Angeles County, California",
    Households,
        Estimate,"43,103"
        Margin of Error,"±13,689"
    Families,
        Estimate,"64,118"
        Margin of Error,"±24,862"
    Married-couple families,
        Estimate,"87,768"
        Margin of Error,"±18,189"
    Nonfamily households,
        Estimate,"31,266"
        Margin of Error,"±6,441"
"Census Tract 2195, Los Angeles County, California",
    Households,
        Estimate,"77,147"
        Margin of Error,"±8,828"
    Families,
        Estimate,"87,292"
        Margin of Error,"±13,598"
    Married-couple families,
        Estimate,"91,250"
        Margin of Error,"±24,595"
    Nonfamily households,
        Estimate,"39,567"
        Margin of Error,"±18,923"
"Census Tract 2197, Los Angeles County, California",
    Households,
        Estimate,"50,220"
        Margin of Error,"±9,376"
    Families,
        Estimate,"60,962"
        Margin of Error,"±12,987"
    Married-couple families,
        Estimate,"81,389"
        Margin of Error,"±15,961"
    Nonfamily households,
        Estimate,"27,765"
        Margin of Error,"±6,973"
"Census Tract 2198, Los Angeles County, California",
    Households,
        Estimate,"43,214"
        Margin of Error,"±8,268"
    Families,
        Estimate,"53,125"
        Margin of Error,"±14,542"
    Married-couple families,
        Estimate,"64,554"
        Margin of Error,"±13,059"
    Nonfamily households,
        Estimate,"27,063"
        Margin of Error,"±7,702"
"Census Tract 2199.01, Los Angeles County, California",
    Households,
        Estimate,"39,006"
        Margin of Error,"±9,342"
    Families,
        Estimate,"42,857"
        Margin of Error,"±10,831"
    Married-couple families,
        Estimate,"60,652"
        Margin of Error,"±14,816"
    Nonfamily households,
        Estimate,-
        Margin of Error,**
"Census Tract 2199.02, Los Angeles County, California",
    Households,
        Estimate,"49,531"
        Margin of Error,"±13,082"
    Families,
        Estimate,"50,259"
        Margin of Error,"±22,917"
    Married-couple families,
        Estimate,"46,534"
        Margin of Error,"±21,304"
    Nonfamily households,
        Estimate,"48,594"
        Margin of Error,"±21,984"
"Census Tract 2200, Los Angeles County, California",
    Households,
        Estimate,"42,500"
        Margin of Error,"±8,396"
    Families,
        Estimate,"50,385"
        Margin of Error,"±12,876"
    Married-couple families,
        Estimate,"59,016"
        Margin of Error,"±21,897"
    Nonfamily households,
        Estimate,"35,087"
        Margin of Error,"±14,622"
"Census Tract 2201, Los Angeles County, California",
    Households,
        Estimate,"40,091"
        Margin of Error,"±11,441"
    Families,
        Estimate,"45,515"
        Margin of Error,"±27,405"
    Married-couple families,
        Estimate,"80,357"
        Margin of Error,"±59,587"
    Nonfamily households,
        Estimate,"26,791"
        Margin of Error,"±11,335"
"Census Tract 2211.10, Los Angeles County, California",
    Households,
        Estimate,"34,868"
        Margin of Error,"±6,340"
    Families,
        Estimate,"29,938"
        Margin of Error,"±9,086"
    Married-couple families,
        Estimate,"35,938"
        Margin of Error,"±13,844"
    Nonfamily households,
        Estimate,"32,313"
        Margin of Error,"±12,782"
"Census Tract 2211.20, Los Angeles County, California",
    Households,
        Estimate,"38,060"
        Margin of Error,"±6,410"
    Families,
        Estimate,"39,353"
        Margin of Error,"±8,753"
    Married-couple families,
        Estimate,"39,940"
        Margin of Error,"±11,143"
    Nonfamily households,
        Estimate,"30,789"
        Margin of Error,"±8,415"
"Census Tract 2212.10, Los Angeles County, California",
    Households,
        Estimate,"50,035"
        Margin of Error,"±13,337"
    Families,
        Estimate,"45,179"
        Margin of Error,"±12,265"
    Married-couple families,
        Estimate,"55,833"
        Margin of Error,"±21,904"
    Nonfamily households,
        Estimate,"25,580"
        Margin of Error,"±6,512"
"Census Tract 2212.20, Los Angeles County, California",
    Households,
        Estimate,"43,611"
        Margin of Error,"±12,066"
    Families,
        Estimate,"39,792"
        Margin of Error,"±12,897"
    Married-couple families,
        Estimate,"54,500"
        Margin of Error,"±21,795"
    Nonfamily households,
        Estimate,"27,206"
        Margin of Error,"±17,051"
"Census Tract 2213.02, Los Angeles County, California",
    Households,
        Estimate,"37,500"
        Margin of Error,"±8,738"
    Families,
        Estimate,"41,929"
        Margin of Error,"±8,556"
    Married-couple families,
        Estimate,"56,632"
        Margin of Error,"±15,446"
    Nonfamily households,
        Estimate,"20,980"
        Margin of Error,"±3,098"
"Census Tract 2213.03, Los Angeles County, California",
    Households,
        Estimate,"39,244"
        Margin of Error,"±4,757"
    Families,
        Estimate,"42,730"
        Margin of Error,"±8,981"
    Married-couple families,
        Estimate,"50,156"
        Margin of Error,"±13,565"
    Nonfamily households,
        Estimate,"27,386"
        Margin of Error,"±9,065"
"Census Tract 2213.04, Los Angeles County, California",
    Households,
        Estimate,"43,125"
        Margin of Error,"±18,519"
    Families,
        Estimate,"54,043"
        Margin of Error,"±7,079"
    Married-couple families,
        Estimate,"58,056"
        Margin of Error,"±14,250"
    Nonfamily households,
        Estimate,"21,705"
        Margin of Error,"±7,204"
"Census Tract 2214.01, Los Angeles County, California",
    Households,
        Estimate,"24,904"
        Margin of Error,"±6,002"
    Families,
        Estimate,"33,438"
        Margin of Error,"±6,742"
    Married-couple families,
        Estimate,"42,778"
        Margin of Error,"±16,954"
    Nonfamily households,
        Estimate,"19,470"
        Margin of Error,"±2,772"
"Census Tract 2214.02, Los Angeles County, California",
    Households,
        Estimate,"37,976"
        Margin of Error,"±7,743"
    Families,
        Estimate,"47,438"
        Margin of Error,"±18,181"
    Married-couple families,
        Estimate,"82,188"
        Margin of Error,"±48,875"
    Nonfamily households,
        Estimate,"14,700"
        Margin of Error,"±2,404"
"Census Tract 2215, Los Angeles County, California",
    Households,
        Estimate,"29,420"
        Margin of Error,"±5,731"
    Families,
        Estimate,"36,759"
        Margin of Error,"±16,636"
    Married-couple families,
        Estimate,"37,176"
        Margin of Error,"±16,785"
    Nonfamily households,
        Estimate,"17,868"
        Margin of Error,"±15,071"
"Census Tract 2216.01, Los Angeles County, California",
    Households,
        Estimate,"45,288"
        Margin of Error,"±15,784"
    Families,
        Estimate,"52,857"
        Margin of Error,"±16,209"
    Married-couple families,
        Estimate,"77,679"
        Margin of Error,"±29,738"
    Nonfamily households,
        Estimate,"28,879"
        Margin of Error,"±6,658"
"Census Tract 2216.02, Los Angeles County, California",
    Households,
        Estimate,"36,008"
        Margin of Error,"±4,189"
    Families,
        Estimate,"42,734"
        Margin of Error,"±12,900"
    Married-couple families,
        Estimate,"60,240"
        Margin of Error,"±10,270"
    Nonfamily households,
        Estimate,"11,463"
        Margin of Error,"±3,284"
"Census Tract 2217.10, Los Angeles County, California",
    Households,
        Estimate,"39,212"
        Margin of Error,"±4,056"
    Families,
        Estimate,"41,731"
        Margin of Error,"±10,453"
    Married-couple families,
        Estimate,"55,104"
        Margin of Error,"±14,753"
    Nonfamily households,
        Estimate,"20,446"
        Margin of Error,"±20,320"
"Census Tract 2218.10, Los Angeles County, California",
    Households,
        Estimate,"25,357"
        Margin of Error,"±3,285"
    Families,
        Estimate,"45,972"
        Margin of Error,"±26,830"
    Married-couple families,
        Estimate,"50,536"
        Margin of Error,"±24,160"
    Nonfamily households,
        Estimate,"13,008"
        Margin of Error,"±3,940"
"Census Tract 2218.20, Los Angeles County, California",
    Households,
        Estimate,"12,235"
        Margin of Error,"±2,899"
    Families,
        Estimate,"44,894"
        Margin of Error,"±42,750"
    Married-couple families,
        Estimate,"43,750"
        Margin of Error,"±15,182"
    Nonfamily households,
        Estimate,"8,750"
        Margin of Error,"±5,485"
"Census Tract 2219, Los Angeles County, California",
    Households,
        Estimate,"17,237"
        Margin of Error,"±8,026"
    Families,
        Estimate,"36,600"
        Margin of Error,"±12,002"
    Married-couple families,
        Estimate,"41,406"
        Margin of Error,"±23,041"
    Nonfamily households,
        Estimate,"11,897"
        Margin of Error,"±2,614"
"Census Tract 2220.01, Los Angeles County, California",
    Households,
        Estimate,"71,000"
        Margin of Error,"±16,550"
    Families,
        Estimate,"75,536"
        Margin of Error,"±15,015"
    Married-couple families,
        Estimate,"100,069"
        Margin of Error,"±29,355"
    Nonfamily households,
        Estimate,"40,139"
        Margin of Error,"±33,106"
"Census Tract 2220.02, Los Angeles County, California",
    Households,
        Estimate,"48,641"
        Margin of Error,"±19,705"
    Families,
        Estimate,"55,234"
        Margin of Error,"±15,151"
    Married-couple families,
        Estimate,"73,176"
        Margin of Error,"±16,842"
    Nonfamily households,
        Estimate,"21,750"
        Margin of Error,"±12,839"
"Census Tract 2221, Los Angeles County, California",
    Households,
        Estimate,"53,864"
        Margin of Error,"±12,608"
    Families,
        Estimate,"52,000"
        Margin of Error,"±16,582"
    Married-couple families,
        Estimate,"64,833"
        Margin of Error,"±18,994"
    Nonfamily households,
        Estimate,"33,981"
        Margin of Error,"±17,327"
"Census Tract 2222, Los Angeles County, California",
    Households,
        Estimate,"40,227"
        Margin of Error,"±19,507"
    Families,
        Estimate,"52,330"
        Margin of Error,"±24,323"
    Married-couple families,
        Estimate,"73,621"
        Margin of Error,"±23,171"
    Nonfamily households,
        Estimate,"16,535"
        Margin of Error,"±12,733"
"Census Tract 2225, Los Angeles County, California",
    Households,
        Estimate,"56,548"
        Margin of Error,"±10,016"
    Families,
        Estimate,"61,979"
        Margin of Error,"±10,239"
    Married-couple families,
        Estimate,"57,019"
        Margin of Error,"±29,162"
    Nonfamily households,
        Estimate,"32,685"
        Margin of Error,"±19,934"
"Census Tract 2226, Los Angeles County, California",
    Households,
        Estimate,"28,581"
        Margin of Error,"±6,120"
    Families,
        Estimate,"41,111"
        Margin of Error,"±19,452"
    Married-couple families,
        Estimate,"67,632"
        Margin of Error,"±34,027"
    Nonfamily households,
        Estimate,"20,329"
        Margin of Error,"±8,722"
"Census Tract 2227, Los Angeles County, California",
    Households,
        Estimate,"9,632"
        Margin of Error,"±7,616"
    Families,
        Estimate,-
        Margin of Error,**
    Married-couple families,
        Estimate,-
        Margin of Error,**
    Nonfamily households,
        Estimate,-
        Margin of Error,**
"Census Tract 2240.10, Los Angeles County, California",
    Households,
        Estimate,"28,082"
        Margin of Error,"±3,055"
    Families,
        Estimate,"35,128"
        Margin of Error,"±13,233"
    Married-couple families,
        Estimate,-
        Margin of Error,**
    Nonfamily households,
        Estimate,"25,372"
        Margin of Error,"±6,913"
"Census Tract 2240.20, Los Angeles County, California",
    Households,
        Estimate,"27,332"
        Margin of Error,"±4,038"
    Families,
        Estimate,"23,889"
        Margin of Error,"±3,919"
    Married-couple families,
        Estimate,"36,250"
        Margin of Error,"±18,861"
    Nonfamily households,
        Estimate,"26,603"
        Margin of Error,"±3,997"
"Census Tract 2242, Los Angeles County, California",
    Households,
        Estimate,"31,996"
        Margin of Error,"±7,067"
    Families,
        Estimate,"38,947"
        Margin of Error,"±10,978"
    Married-couple families,
        Estimate,"55,089"
        Margin of Error,"±27,306"
    Nonfamily households,
        Estimate,"16,705"
        Margin of Error,"±14,003"
"Census Tract 2243.10, Los Angeles County, California",
    Households,
        Estimate,"36,932"
        Margin of Error,"±8,700"
    Families,
        Estimate,"35,739"
        Margin of Error,"±7,370"
    Married-couple families,
        Estimate,"36,250"
        Margin of Error,"±11,157"
    Nonfamily households,
        Estimate,"15,234"
        Margin of Error,"±11,078"
"Census Tract 2243.20, Los Angeles County, California",
    Households,
        Estimate,"28,616"
        Margin of Error,"±6,145"
    Families,
        Estimate,"28,795"
        Margin of Error,"±5,838"
    Married-couple families,
        Estimate,"32,440"
        Margin of Error,"±13,946"
    Nonfamily households,
        Estimate,"13,606"
        Margin of Error,"±5,841"
"Census Tract 2244.10, Los Angeles County, California",
    Households,
        Estimate,"26,773"
        Margin of Error,"±2,302"
    Families,
        Estimate,"48,802"
        Margin of Error,"±14,364"
    Married-couple families,
        Estimate,"59,423"
        Margin of Error,"±13,294"
    Nonfamily households,
        Estimate,"12,434"
        Margin of Error,"±2,454"
"Census Tract 2244.20, Los Angeles County, California",
    Households,
        Estimate,"24,878"
        Margin of Error,"±11,538"
    Families,
        Estimate,"23,924"
        Margin of Error,"±6,950"
    Married-couple families,
        Estimate,-
        Margin of Error,**
    Nonfamily households,
        Estimate,"24,500"
        Margin of Error,"±20,400"
"Census Tract 2246, Los Angeles County, California",
    Households,
        Estimate,"46,162"
        Margin of Error,"±3,495"
    Families,
        Estimate,"38,258"
        Margin of Error,"±5,964"
    Married-couple families,
        Estimate,"53,250"
        Margin of Error,"±11,721"
    Nonfamily households,
        Estimate,-
        Margin of Error,**
"Census Tract 2247, Los Angeles County, California",
    Households,
        Estimate,"11,576"
        Margin of Error,"±3,918"
    Families,
        Estimate,-
        Margin of Error,**
    Married-couple families,
        Estimate,"72,000"
        Margin of Error,"±46,388"
    Nonfamily households,
        Estimate,"10,763"
        Margin of Error,"±2,995"
"Census Tract 2260.01, Los Angeles County, California",
    Households,
        Estimate,"34,808"
        Margin of Error,"±19,921"
    Families,
        Estimate,"29,632"
        Margin of Error,"±16,980"
    Married-couple families,
        Estimate,"40,096"
        Margin of Error,"±18,470"
    Nonfamily households,
        Estimate,-
        Margin of Error,**
"Census Tract 2260.02, Los Angeles County, California",
    Households,
        Estimate,"37,643"
        Margin of Error,"±8,292"
    Families,
        Estimate,"68,750"
        Margin of Error,"±40,608"
    Married-couple families,
        Estimate,"83,833"
        Margin of Error,"±43,589"
    Nonfamily households,
        Estimate,"28,083"
        Margin of Error,"±13,656"
"Census Tract 2264.10, Los Angeles County, California",
    Households,
        Estimate,"40,147"
        Margin of Error,"±6,029"
    Families,
        Estimate,"36,447"
        Margin of Error,"±4,844"
    Married-couple families,
        Estimate,"41,875"
        Margin of Error,"±8,365"
    Nonfamily households,
        Estimate,"25,385"
        Margin of Error,"±6,146"
"Census Tract 2264.20, Los Angeles County, California",
    Households,
        Estimate,"44,209"
        Margin of Error,"±3,916"
    Families,
        Estimate,"45,000"
        Margin of Error,"±7,730"
    Married-couple families,
        Estimate,"44,122"
        Margin of Error,"±14,264"
    Nonfamily households,
        Estimate,"18,777"
        Margin of Error,"±2,872"
"Census Tract 2267, Los Angeles County, California",
    Households,
        Estimate,"40,140"
        Margin of Error,"±7,386"
    Families,
        Estimate,"35,403"
        Margin of Error,"±8,777"
    Married-couple families,
        Estimate,"42,604"
        Margin of Error,"±8,565"
    Nonfamily households,
        Estimate,-
        Margin of Error,**
"Census Tract 2270.10, Los Angeles County, California",
    Households,
        Estimate,"48,200"
        Margin of Error,"±8,255"
    Families,
        Estimate,"42,078"
        Margin of Error,"±10,851"
    Married-couple families,
        Estimate,"50,880"
        Margin of Error,"±11,951"
    Nonfamily households,
        Estimate,-
        Margin of Error,**
"Census Tract 2270.20, Los Angeles County, California",
    Households,
        Estimate,"47,361"
        Margin of Error,"±11,084"
    Families,
        Estimate,"43,417"
        Margin of Error,"±8,705"
    Married-couple families,
        Estimate,"49,375"
        Margin of Error,"±19,110"
    Nonfamily households,
        Estimate,"59,250"
        Margin of Error,"±20,916"
"Census Tract 2281, Los Angeles County, California",
    Households,
        Estimate,"47,444"
        Margin of Error,"±10,593"
    Families,
        Estimate,"39,646"
        Margin of Error,"±20,082"
    Married-couple families,
        Estimate,"64,048"
        Margin of Error,"±16,645"
    Nonfamily households,
        Estimate,"46,625"
        Margin of Error,"±40,476"
"Census Tract 2282.10, Los Angeles County, California",
    Households,
        Estimate,"35,969"
        Margin of Error,"±5,318"
    Families,
        Estimate,"36,774"
        Margin of Error,"±7,764"
    Married-couple families,
        Estimate,"49,453"
        Margin of Error,"±8,907"
    Nonfamily households,
        Estimate,"25,156"
        Margin of Error,"±8,759"
"Census Tract 2282.20, Los Angeles County, California",
    Households,
        Estimate,"43,482"
        Margin of Error,"±5,301"
    Families,
        Estimate,"42,689"
        Margin of Error,"±9,315"
    Married-couple families,
        Estimate,"45,833"
        Margin of Error,"±11,323"
    Nonfamily households,
        Estimate,"16,453"
        Margin of Error,"±9,987"
"Census Tract 2283.10, Los Angeles County, California",
    Households,
        Estimate,"44,375"
        Margin of Error,"±6,552"
    Families,
        Estimate,"43,259"
        Margin of Error,"±9,069"
    Married-couple families,
        Estimate,"59,511"
        Margin of Error,"±13,142"
    Nonfamily households,
        Estimate,"20,125"
        Margin of Error,"±11,113"
"Census Tract 2283.20, Los Angeles County, California",
    Households,
        Estimate,"43,272"
        Margin of Error,"±11,745"
    Families,
        Estimate,"38,750"
        Margin of Error,"±11,777"
    Married-couple families,
        Estimate,"51,914"
        Margin of Error,"±7,623"
    Nonfamily households,
        Estimate,"25,139"
        Margin of Error,"±8,567"
"Census Tract 2284.10, Los Angeles County, California",
    Households,
        Estimate,"41,012"
        Margin of Error,"±10,344"
    Families,
        Estimate,"41,845"
        Margin of Error,"±11,968"
    Married-couple families,
        Estimate,"44,583"
        Margin of Error,"±16,467"
    Nonfamily households,
        Estimate,"26,563"
        Margin of Error,"±21,705"
"Census Tract 2284.20, Los Angeles County, California",
    Households,
        Estimate,"38,094"
        Margin of Error,"±3,081"
    Families,
        Estimate,"37,143"
        Margin of Error,"±4,241"
    Married-couple families,
        Estimate,"39,801"
        Margin of Error,"±14,721"
    Nonfamily households,
        Estimate,-
        Margin of Error,**
"Census Tract 2285, Los Angeles County, California",
    Households,
        Estimate,"33,125"
        Margin of Error,"±4,184"
    Families,
        Estimate,"32,324"
        Margin of Error,"±6,488"
    Married-couple families,
        Estimate,"68,047"
        Margin of Error,"±30,147"
    Nonfamily households,
        Estimate,"16,858"
        Margin of Error,"±4,563"
"Census Tract 2286, Los Angeles County, California",
    Households,
        Estimate,"48,393"
        Margin of Error,"±11,506"
    Families,
        Estimate,"40,857"
        Margin of Error,"±12,746"
    Married-couple families,
        Estimate,"51,724"
        Margin of Error,"±10,007"
    Nonfamily households,
        Estimate,"22,228"
        Margin of Error,"±16,415"
"Census Tract 2287.10, Los Angeles County, California",
    Households,
        Estimate,"31,849"
        Margin of Error,"±2,234"
    Families,
        Estimate,"31,627"
        Margin of Error,"±3,076"
    Married-couple families,
        Estimate,"39,271"
        Margin of Error,"±6,621"
    Nonfamily households,
        Estimate,"20,333"
        Margin of Error,"±7,170"
"Census Tract 2287.20, Los Angeles County, California",
    Households,
        Estimate,"38,933"
        Margin of Error,"±2,942"
    Families,
        Estimate,"37,564"
        Margin of Error,"±2,394"
    Married-couple families,
        Estimate,"52,917"
        Margin of Error,"±15,622"
    Nonfamily households,
        Estimate,"37,563"
        Margin of Error,"±9,346"
"Census Tract 2288, Los Angeles County, California",
    Households,
        Estimate,"41,250"
        Margin of Error,"±4,566"
    Families,
        Estimate,"39,167"
        Margin of Error,"±8,535"
    Married-couple families,
        Estimate,"46,091"
        Margin of Error,"±5,166"
    Nonfamily households,
        Estimate,-
        Margin of Error,**
"Census Tract 2289, Los Angeles County, California",
    Households,
        Estimate,"23,750"
        Margin of Error,"±11,147"
    Families,
        Estimate,"28,867"
        Margin of Error,"±6,363"
    Married-couple families,
        Estimate,"47,692"
        Margin of Error,"±29,512"
    Nonfamily households,
        Estimate,"7,813"
        Margin of Error,"±7,347"
"Census Tract 2291, Los Angeles County, California",
    Households,
        Estimate,"46,678"
        Margin of Error,"±7,374"
    Families,
        Estimate,"44,368"
        Margin of Error,"±2,901"
    Married-couple families,
        Estimate,"55,000"
        Margin of Error,"±29,561"
    Nonfamily households,
        Estimate,"21,500"
        Margin of Error,"±8,484"
"Census Tract 2292, Los Angeles County, California",
    Households,
        Estimate,"41,250"
        Margin of Error,"±13,739"
    Families,
        Estimate,"39,559"
        Margin of Error,"±17,198"
    Married-couple families,
        Estimate,"57,222"
        Margin of Error,"±35,069"
    Nonfamily households,
        Estimate,"11,087"
        Margin of Error,"±3,960"
"Census Tract 2293, Los Angeles County, California",
    Households,
        Estimate,"37,468"
        Margin of Error,"±5,270"
    Families,
        Estimate,"36,728"
        Margin of Error,"±6,702"
    Married-couple families,
        Estimate,"40,658"
        Margin of Error,"±7,960"
    Nonfamily households,
        Estimate,"24,868"
        Margin of Error,"±14,411"
"Census Tract 2294.10, Los Angeles County, California",
    Households,
        Estimate,"34,403"
        Margin of Error,"±6,662"
    Families,
        Estimate,"32,727"
        Margin of Error,"±17,821"
    Married-couple families,
        Estimate,"29,706"
        Margin of Error,"±15,951"
    Nonfamily households,
        Estimate,"33,750"
        Margin of Error,"±6,574"
"Census Tract 2294.20, Los Angeles County, California",
    Households,
        Estimate,"42,250"
        Margin of Error,"±8,345"
    Families,
        Estimate,"45,845"
        Margin of Error,"±6,721"
    Married-couple families,
        Estimate,"46,696"
        Margin of Error,"±8,713"
    Nonfamily households,
        Estimate,"22,458"
        Margin of Error,"±13,621"
"Census Tract 2311, Los Angeles County, California",
    Households,
        Estimate,"31,494"
        Margin of Error,"±2,249"
    Families,
        Estimate,"30,966"
        Margin of Error,"±5,103"
    Married-couple families,
        Estimate,"42,039"
        Margin of Error,"±18,688"
    Nonfamily households,
        Estimate,"20,052"
        Margin of Error,"±6,709"
"Census Tract 2312.10, Los Angeles County, California",
    Households,
        Estimate,"32,258"
        Margin of Error,"±9,174"
    Families,
        Estimate,"31,123"
        Margin of Error,"±7,998"
    Married-couple families,
        Estimate,"36,146"
        Margin of Error,"±20,349"
    Nonfamily households,
        Estimate,"22,554"
        Margin of Error,"±22,064"
"Census Tract 2312.20, Los Angeles County, California",
    Households,
        Estimate,"29,741"
        Margin of Error,"±6,921"
    Families,
        Estimate,"37,407"
        Margin of Error,"±10,789"
    Married-couple families,
        Estimate,"54,375"
        Margin of Error,"±13,196"
    Nonfamily households,
        Estimate,"12,347"
        Margin of Error,"±3,938"
"Census Tract 2313, Los Angeles County, California",
    Households,
        Estimate,"49,803"
        Margin of Error,"±20,697"
    Families,
        Estimate,"49,789"
        Margin of Error,"±24,034"
    Married-couple families,
        Estimate,"76,783"
        Margin of Error,"±17,472"
    Nonfamily households,
        Estimate,"30,250"
        Margin of Error,"±19,977"
"Census Tract 2314, Los Angeles County, California",
    Households,
        Estimate,"41,774"
        Margin of Error,"±14,301"
    Families,
        Estimate,"55,759"
        Margin of Error,"±16,370"
    Married-couple families,
        Estimate,"57,629"
        Margin of Error,"±20,260"
    Nonfamily households,
        Estimate,"27,227"
        Margin of Error,"±24,219"
"Census Tract 2315, Los Angeles County, California",
    Households,
        Estimate,"48,912"
        Margin of Error,"±15,253"
    Families,
        Estimate,"68,917"
        Margin of Error,"±27,760"
    Married-couple families,
        Estimate,"99,536"
        Margin of Error,"±15,189"
    Nonfamily households,
        Estimate,"24,828"
        Margin of Error,"±13,109"
"Census Tract 2316, Los Angeles County, California",
    Households,
        Estimate,"45,123"
        Margin of Error,"±3,312"
    Families,
        Estimate,"46,859"
        Margin of Error,"±5,473"
    Married-couple families,
        Estimate,"51,111"
        Margin of Error,"±17,802"
    Nonfamily households,
        Estimate,"19,709"
        Margin of Error,"±13,297"
"Census Tract 2317.10, Los Angeles County, California",
    Households,
        Estimate,"26,444"
        Margin of Error,"±10,289"
    Families,
        Estimate,"32,310"
        Margin of Error,"±8,948"
    Married-couple families,
        Estimate,"41,875"
        Margin of Error,"±4,542"
    Nonfamily households,
        Estimate,-
        Margin of Error,**
"Census Tract 2317.20, Los Angeles County, California",
    Households,
        Estimate,"36,528"
        Margin of Error,"±6,653"
    Families,
        Estimate,"44,679"
        Margin of Error,"±6,088"
    Married-couple families,
        Estimate,"52,708"
        Margin of Error,"±24,448"
    Nonfamily households,
        Estimate,"14,289"
        Margin of Error,"±3,557"
"Census Tract 2318, Los Angeles County, California",
    Households,
        Estimate,"36,765"
        Margin of Error,"±7,667"
    Families,
        Estimate,"30,757"
        Margin of Error,"±7,114"
    Married-couple families,
        Estimate,"33,534"
        Margin of Error,"±13,557"
    Nonfamily households,
        Estimate,"32,578"
        Margin of Error,"±15,202"
"Census Tract 2319, Los Angeles County, California",
    Households,
        Estimate,"33,958"
        Margin of Error,"±6,695"
    Families,
        Estimate,"34,349"
        Margin of Error,"±8,586"
    Married-couple families,
        Estimate,"37,463"
        Margin of Error,"±8,952"
    Nonfamily households,
        Estimate,"13,676"
        Margin of Error,"±9,460"
"Census Tract 2321.10, Los Angeles County, California",
    Households,
        Estimate,"33,203"
        Margin of Error,"±5,804"
    Families,
        Estimate,"38,036"
        Margin of Error,"±13,299"
    Married-couple families,
        Estimate,"51,667"
        Margin of Error,"±9,210"
    Nonfamily households,
        Estimate,"16,331"
        Margin of Error,"±3,891"
"Census Tract 2321.20, Los Angeles County, California",
    Households,
        Estimate,"37,555"
        Margin of Error,"±5,980"
    Families,
        Estimate,"42,095"
        Margin of Error,"±4,209"
    Married-couple families,
        Estimate,"45,556"
        Margin of Error,"±7,392"
    Nonfamily households,
        Estimate,"19,167"
        Margin of Error,"±8,944"
"Census Tract 2322, Los Angeles County, California",
    Households,
        Estimate,"43,911"
        Margin of Error,"±10,212"
    Families,
        Estimate,"48,917"
        Margin of Error,"±9,094"
    Married-couple families,
        Estimate,"67,841"
        Margin of Error,"±24,876"
    Nonfamily households,
        Estimate,"17,645"
        Margin of Error,"±4,675"
"Census Tract 2323, Los Angeles County, California",
    Households,
        Estimate,"58,576"
        Margin of Error,"±19,663"
    Families,
        Estimate,"49,266"
        Margin of Error,"±21,686"
    Married-couple families,
        Estimate,-
        Margin of Error,**
    Nonfamily households,
        Estimate,"37,768"
        Margin of Error,"±24,519"
"Census Tract 2324, Los Angeles County, California",
    Households,
        Estimate,"46,883"
        Margin of Error,"±6,195"
    Families,
        Estimate,"53,427"
        Margin of Error,"±6,513"
    Married-couple families,
        Estimate,"76,250"
        Margin of Error,"±26,760"
    Nonfamily households,
        Estimate,"20,246"
        Margin of Error,"±8,513"
"Census Tract 2325, Los Angeles County, California",
    Households,
        Estimate,"55,841"
        Margin of Error,"±10,590"
    Families,
        Estimate,"62,207"
        Margin of Error,"±14,590"
    Married-couple families,
        Estimate,"80,434"
        Margin of Error,"±14,470"
    Nonfamily households,
        Estimate,"38,426"
        Margin of Error,"±10,194"
"Census Tract 2326, Los Angeles County, California",
    Households,
        Estimate,"42,734"
        Margin of Error,"±15,287"
    Families,
        Estimate,"47,448"
        Margin of Error,"±17,561"
    Married-couple families,
        Estimate,"62,007"
        Margin of Error,"±26,093"
    Nonfamily households,
        Estimate,"12,421"
        Margin of Error,"±5,669"
"Census Tract 2327, Los Angeles County, California",
    Households,
        Estimate,"38,341"
        Margin of Error,"±4,990"
    Families,
        Estimate,"42,344"
        Margin of Error,"±10,118"
    Married-couple families,
        Estimate,"61,888"
        Margin of Error,"±6,875"
    Nonfamily households,
        Estimate,"25,066"
        Margin of Error,"±14,190"
"Census Tract 2328, Los Angeles County, California",
    Households,
        Estimate,"33,438"
        Margin of Error,"±9,156"
    Families,
        Estimate,"39,091"
        Margin of Error,"±15,515"
    Married-couple families,
        Estimate,"44,886"
        Margin of Error,"±26,371"
    Nonfamily households,
        Estimate,"14,728"
        Margin of Error,"±10,951"
"Census Tract 2340, Los Angeles County, California",
    Households,
        Estimate,"54,722"
        Margin of Error,"±15,350"
    Families,
        Estimate,"81,506"
        Margin of Error,"±13,037"
    Married-couple families,
        Estimate,"101,105"
        Margin of Error,"±21,736"
    Nonfamily households,
        Estimate,"30,365"
        Margin of Error,"±8,221"
"Census Tract 2342, Los Angeles County, California",
    Households,
        Estimate,"76,761"
        Margin of Error,"±27,402"
    Families,
        Estimate,"100,417"
        Margin of Error,"±48,041"
    Married-couple families,
        Estimate,"124,821"
        Margin of Error,"±27,731"
    Nonfamily households,
        Estimate,"44,349"
        Margin of Error,"±15,429"
"Census Tract 2343, Los Angeles County, California",
    Households,
        Estimate,"45,815"
        Margin of Error,"±7,624"
    Families,
        Estimate,"74,071"
        Margin of Error,"±31,245"
    Married-couple families,
        Estimate,"96,588"
        Margin of Error,"±25,729"
    Nonfamily households,
        Estimate,"36,383"
        Margin of Error,"±11,508"
"Census Tract 2345.01, Los Angeles County, California",
    Households,
        Estimate,"54,622"
        Margin of Error,"±6,038"
    Families,
        Estimate,"85,882"
        Margin of Error,"±20,936"
    Married-couple families,
        Estimate,"87,857"
        Margin of Error,"±19,635"
    Nonfamily households,
        Estimate,"17,560"
        Margin of Error,"±7,788"
"Census Tract 2345.02, Los Angeles County, California",
    Households,
        Estimate,"33,500"
        Margin of Error,"±16,135"
    Families,
        Estimate,"45,602"
        Margin of Error,"±7,773"
    Married-couple families,
        Estimate,"109,081"
        Margin of Error,"±24,237"
    Nonfamily households,
        Estimate,"13,813"
        Margin of Error,"±2,360"
"Census Tract 2346, Los Angeles County, California",
    Households,
        Estimate,"55,887"
        Margin of Error,"±9,564"
    Families,
        Estimate,"83,702"
        Margin of Error,"±24,864"
    Married-couple families,
        Estimate,"109,219"
        Margin of Error,"±22,885"
    Nonfamily households,
        Estimate,"30,568"
        Margin of Error,"±14,068"
"Census Tract 2347, Los Angeles County, California",
    Households,
        Estimate,"40,375"
        Margin of Error,"±7,902"
    Families,
        Estimate,"58,261"
        Margin of Error,"±16,055"
    Married-couple families,
        Estimate,"77,878"
        Margin of Error,"±33,284"
    Nonfamily households,
        Estimate,"29,358"
        Margin of Error,"±12,866"
"Census Tract 2348, Los Angeles County, California",
    Households,
        Estimate,"58,736"
        Margin of Error,"±3,189"
    Families,
        Estimate,"61,969"
        Margin of Error,"±13,250"
    Married-couple families,
        Estimate,"75,921"
        Margin of Error,"±49,699"
    Nonfamily households,
        Estimate,"28,750"
        Margin of Error,"±20,541"
"Census Tract 2349.01, Los Angeles County, California",
    Households,
        Estimate,"22,693"
        Margin of Error,"±9,231"
    Families,
        Estimate,"32,579"
        Margin of Error,"±11,355"
    Married-couple families,
        Estimate,"38,795"
        Margin of Error,"±11,233"
    Nonfamily households,
        Estimate,"12,426"
        Margin of Error,"±5,686"
"Census Tract 2349.02, Los Angeles County, California",
    Households,
        Estimate,"23,981"
        Margin of Error,"±5,049"
    Families,
        Estimate,"37,270"
        Margin of Error,"±8,548"
    Married-couple families,
        Estimate,"46,083"
        Margin of Error,"±27,164"
    Nonfamily households,
        Estimate,"15,923"
        Margin of Error,"±8,229"
"Census Tract 2351, Los Angeles County, California",
    Households,
        Estimate,"87,246"
        Margin of Error,"±10,278"
    Families,
        Estimate,"103,594"
        Margin of Error,"±18,903"
    Married-couple families,
        Estimate,"119,722"
        Margin of Error,"±35,603"
    Nonfamily households,
        Estimate,"35,363"
        Margin of Error,"±20,906"
"Census Tract 2352.01, Los Angeles County, California",
    Households,
        Estimate,"45,341"
        Margin of Error,"±22,469"
    Families,
        Estimate,"64,205"
        Margin of Error,"±8,329"
    Married-couple families,
        Estimate,"104,583"
        Margin of Error,"±30,254"
    Nonfamily households,
        Estimate,"24,911"
        Margin of Error,"±14,343"
"Census Tract 2352.02, Los Angeles County, California",
    Households,
        Estimate,"31,732"
        Margin of Error,"±6,611"
    Families,
        Estimate,"57,217"
        Margin of Error,"±9,480"
    Married-couple families,
        Estimate,"68,466"
        Margin of Error,"±19,529"
    Nonfamily households,
        Estimate,"17,488"
        Margin of Error,"±6,453"
"Census Tract 2360, Los Angeles County, California",
    Households,
        Estimate,"90,790"
        Margin of Error,"±11,568"
    Families,
        Estimate,"103,169"
        Margin of Error,"±16,776"
    Married-couple families,
        Estimate,"127,227"
        Margin of Error,"±30,535"
    Nonfamily households,
        Estimate,"65,089"
        Margin of Error,"±23,265"
"Census Tract 2361, Los Angeles County, California",
    Households,
        Estimate,"30,380"
        Margin of Error,"±10,664"
    Families,
        Estimate,"47,017"
        Margin of Error,"±6,579"
    Married-couple families,
        Estimate,"74,213"
        Margin of Error,"±40,256"
    Nonfamily households,
        Estimate,"21,138"
        Margin of Error,"±2,800"
"Census Tract 2362.02, Los Angeles County, California",
    Households,
        Estimate,"29,766"
        Margin of Error,"±8,359"
    Families,
        Estimate,"35,121"
        Margin of Error,"±16,592"
    Married-couple families,
        Estimate,"46,313"
        Margin of Error,"±19,761"
    Nonfamily households,
        Estimate,"25,347"
        Margin of Error,"±12,010"
"Census Tract 2362.03, Los Angeles County, California",
    Households,
        Estimate,"30,144"
        Margin of Error,"±9,916"
    Families,
        Estimate,"40,772"
        Margin of Error,"±10,318"
    Married-couple families,
        Estimate,"40,478"
        Margin of Error,"±16,726"
    Nonfamily households,
        Estimate,"22,283"
        Margin of Error,"±6,023"
"Census Tract 2362.04, Los Angeles County, California",
    Households,
        Estimate,"23,677"
        Margin of Error,"±5,539"
    Families,
        Estimate,"28,533"
        Margin of Error,"±9,160"
    Married-couple families,
        Estimate,"35,368"
        Margin of Error,"±11,656"
    Nonfamily households,
        Estimate,"14,774"
        Margin of Error,"±4,645"
"Census Tract 2364, Los Angeles County, California",
    Households,
        Estimate,"66,359"
        Margin of Error,"±12,295"
    Families,
        Estimate,"106,111"
        Margin of Error,"±12,482"
    Married-couple families,
        Estimate,"151,111"
        Margin of Error,"±45,859"
    Nonfamily households,
        Estimate,"51,201"
        Margin of Error,"±8,363"
"Census Tract 2371.01, Los Angeles County, California",
    Households,
        Estimate,"33,569"
        Margin of Error,"±6,439"
    Families,
        Estimate,"40,769"
        Margin of Error,"±14,279"
    Married-couple families,
        Estimate,"49,178"
        Margin of Error,"±16,069"
    Nonfamily households,
        Estimate,"16,938"
        Margin of Error,"±5,560"
"Census Tract 2371.02, Los Angeles County, California",
    Households,
        Estimate,"37,849"
        Margin of Error,"±6,187"
    Families,
        Estimate,"42,988"
        Margin of Error,"±6,533"
    Married-couple families,
        Estimate,"44,909"
        Margin of Error,"±22,106"
    Nonfamily households,
        Estimate,"16,793"
        Margin of Error,"±3,946"
"Census Tract 2372.01, Los Angeles County, California",
    Households,
        Estimate,"44,911"
        Margin of Error,"±12,151"
    Families,
        Estimate,"53,125"
        Margin of Error,"±4,725"
    Married-couple families,
        Estimate,"56,797"
        Margin of Error,"±15,500"
    Nonfamily households,
        Estimate,"18,542"
        Margin of Error,"±15,095"
"Census Tract 2372.02, Los Angeles County, California",
    Households,
        Estimate,"38,438"
        Margin of Error,"±8,306"
    Families,
        Estimate,"49,500"
        Margin of Error,"±10,621"
    Married-couple families,
        Estimate,"53,382"
        Margin of Error,"±8,901"
    Nonfamily households,
        Estimate,"17,292"
        Margin of Error,"±15,141"
"Census Tract 2373, Los Angeles County, California",
    Households,
        Estimate,"45,107"
        Margin of Error,"±15,838"
    Families,
        Estimate,"57,708"
        Margin of Error,"±19,780"
    Married-couple families,
        Estimate,"69,125"
        Margin of Error,"±27,925"
    Nonfamily households,
        Estimate,"19,038"
        Margin of Error,"±7,981"
"Census Tract 2374.01, Los Angeles County, California",
    Households,
        Estimate,"41,703"
        Margin of Error,"±5,527"
    Families,
        Estimate,"47,112"
        Margin of Error,"±12,402"
    Married-couple families,
        Estimate,"57,533"
        Margin of Error,"±7,717"
    Nonfamily households,
        Estimate,"14,412"
        Margin of Error,"±9,416"
"Census Tract 2374.02, Los Angeles County, California",
    Households,
        Estimate,"45,875"
        Margin of Error,"±21,890"
    Families,
        Estimate,"66,964"
        Margin of Error,"±16,909"
    Married-couple families,
        Estimate,"86,136"
        Margin of Error,"±16,053"
    Nonfamily households,
        Estimate,"20,250"
        Margin of Error,"±10,541"
"Census Tract 2375, Los Angeles County, California",
    Households,
        Estimate,"32,051"
        Margin of Error,"±5,414"
    Families,
        Estimate,"35,833"
        Margin of Error,"±5,378"
    Married-couple families,
        Estimate,"42,727"
        Margin of Error,"±8,391"
    Nonfamily households,
        Estimate,"21,042"
        Margin of Error,"±11,931"
"Census Tract 2376, Los Angeles County, California",
    Households,
        Estimate,"32,456"
        Margin of Error,"±11,942"
    Families,
        Estimate,"40,218"
        Margin of Error,"±16,801"
    Married-couple families,
        Estimate,"43,125"
        Margin of Error,"±5,094"
    Nonfamily households,
        Estimate,"16,406"
        Margin of Error,"±15,250"
"Census Tract 2377.10, Los Angeles County, California",
    Households,
        Estimate,"36,029"
        Margin of Error,"±16,132"
    Families,
        Estimate,"45,149"
        Margin of Error,"±13,286"
    Married-couple families,
        Estimate,"48,536"
        Margin of Error,"±16,337"
    Nonfamily households,
        Estimate,"11,467"
        Margin of Error,"±2,711"
"Census Tract 2377.20, Los Angeles County, California",
    Households,
        Estimate,"33,897"
        Margin of Error,"±3,516"
    Families,
        Estimate,"36,820"
        Margin of Error,"±8,473"
    Married-couple families,
        Estimate,"70,655"
        Margin of Error,"±28,069"
    Nonfamily households,
        Estimate,"10,873"
        Margin of Error,"±1,793"
"Census Tract 2378, Los Angeles County, California",
    Households,
        Estimate,"48,922"
        Margin of Error,"±8,243"
    Families,
        Estimate,"63,266"
        Margin of Error,"±15,519"
    Married-couple families,
        Estimate,"67,857"
        Margin of Error,"±19,397"
    Nonfamily households,
        Estimate,"30,672"
        Margin of Error,"±8,714"
"Census Tract 2379, Los Angeles County, California",
    Households,
        Estimate,"51,612"
        Margin of Error,"±9,476"
    Families,
        Estimate,"68,750"
        Margin of Error,"±21,388"
    Married-couple families,
        Estimate,"95,854"
        Margin of Error,"±27,284"
    Nonfamily households,
        Estimate,-
        Margin of Error,**
"Census Tract 2380, Los Angeles County, California",
    Households,
        Estimate,"61,773"
        Margin of Error,"±14,122"
    Families,
        Estimate,"63,865"
        Margin of Error,"±17,293"
    Married-couple families,
        Estimate,"84,214"
        Margin of Error,"±47,792"
    Nonfamily households,
        Estimate,"39,233"
        Margin of Error,"±32,622"
"Census Tract 2381, Los Angeles County, California",
    Households,
        Estimate,"48,034"
        Margin of Error,"±8,469"
    Families,
        Estimate,"67,939"
        Margin of Error,"±11,536"
    Married-couple families,
        Estimate,"97,500"
        Margin of Error,"±45,365"
    Nonfamily households,
        Estimate,"30,659"
        Margin of Error,"±10,224"
"Census Tract 2382, Los Angeles County, California",
    Households,
        Estimate,"45,075"
        Margin of Error,"±11,155"
    Families,
        Estimate,"54,664"
        Margin of Error,"±39,538"
    Married-couple families,
        Estimate,"110,718"
        Margin of Error,"±57,137"
    Nonfamily households,
        Estimate,"30,111"
        Margin of Error,"±8,469"
"Census Tract 2383.10, Los Angeles County, California",
    Households,
        Estimate,"26,356"
        Margin of Error,"±4,332"
    Families,
        Estimate,"32,321"
        Margin of Error,"±11,807"
    Married-couple families,
        Estimate,"46,875"
        Margin of Error,"±7,379"
    Nonfamily households,
        Estimate,"11,670"
        Margin of Error,"±1,501"
"Census Tract 2383.20, Los Angeles County, California",
    Households,
        Estimate,"34,131"
        Margin of Error,"±6,853"
    Families,
        Estimate,"33,517"
        Margin of Error,"±5,390"
    Married-couple families,
        Estimate,"58,500"
        Margin of Error,"±21,744"
    Nonfamily households,
        Estimate,-
        Margin of Error,**
"Census Tract 2384, Los Angeles County, California",
    Households,
        Estimate,"54,746"
        Margin of Error,"±19,300"
    Families,
        Estimate,"79,412"
        Margin of Error,"±18,068"
    Married-couple families,
        Estimate,"92,333"
        Margin of Error,"±25,459"
    Nonfamily households,
        Estimate,"23,269"
        Margin of Error,"±10,494"
"Census Tract 2392.01, Los Angeles County, California",
    Households,
        Estimate,"36,034"
        Margin of Error,"±5,377"
    Families,
        Estimate,"40,962"
        Margin of Error,"±16,929"
    Married-couple families,
        Estimate,"44,844"
        Margin of Error,"±27,219"
    Nonfamily households,
        Estimate,"19,444"
        Margin of Error,"±6,423"
"Census Tract 2392.02, Los Angeles County, California",
    Households,
        Estimate,"42,609"
        Margin of Error,"±10,482"
    Families,
        Estimate,"45,341"
        Margin of Error,"±10,060"
    Married-couple families,
        Estimate,"49,973"
        Margin of Error,"±12,782"
    Nonfamily households,
        Estimate,"14,830"
        Margin of Error,"±3,377"
"Census Tract 2393.10, Los Angeles County, California",
    Households,
        Estimate,"37,259"
        Margin of Error,"±4,446"
    Families,
        Estimate,"34,167"
        Margin of Error,"±9,928"
    Married-couple families,
        Estimate,"37,768"
        Margin of Error,"±11,768"
    Nonfamily households,
        Estimate,"21,181"
        Margin of Error,"±15,616"
"Census Tract 2393.20, Los Angeles County, California",
    Households,
        Estimate,"44,896"
        Margin of Error,"±5,477"
    Families,
        Estimate,"44,167"
        Margin of Error,"±5,409"
    Married-couple families,
        Estimate,"56,618"
        Margin of Error,"±20,797"
    Nonfamily households,
        Estimate,"12,054"
        Margin of Error,"±10,036"
"Census Tract 2393.30, Los Angeles County, California",
    Households,
        Estimate,"32,708"
        Margin of Error,"±6,561"
    Families,
        Estimate,"38,750"
        Margin of Error,"±8,869"
    Married-couple families,
        Estimate,"41,250"
        Margin of Error,"±33,211"
    Nonfamily households,
        Estimate,"19,922"
        Margin of Error,"±6,448"
"Census Tract 2395.01, Los Angeles County, California",
    Households,
        Estimate,"44,177"
        Margin of Error,"±4,859"
    Families,
        Estimate,"45,625"
        Margin of Error,"±5,308"
    Married-couple families,
        Estimate,"54,231"
        Margin of Error,"±13,473"
    Nonfamily households,
        Estimate,"24,722"
        Margin of Error,"±16,357"
"Census Tract 2395.02, Los Angeles County, California",
    Households,
        Estimate,"41,250"
        Margin of Error,"±6,439"
    Families,
        Estimate,"42,500"
        Margin of Error,"±5,311"
    Married-couple families,
        Estimate,"44,934"
        Margin of Error,"±17,636"
    Nonfamily households,
        Estimate,"22,308"
        Margin of Error,"±6,513"
"Census Tract 2396.01, Los Angeles County, California",
    Households,
        Estimate,"43,102"
        Margin of Error,"±10,388"
    Families,
        Estimate,"39,936"
        Margin of Error,"±8,086"
    Married-couple families,
        Estimate,"59,500"
        Margin of Error,"±16,124"
    Nonfamily households,
        Estimate,-
        Margin of Error,**
"Census Tract 2396.02, Los Angeles County, California",
    Households,
        Estimate,"38,295"
        Margin of Error,"±6,268"
    Families,
        Estimate,"36,007"
        Margin of Error,"±4,966"
    Married-couple families,
        Estimate,"45,144"
        Margin of Error,"±11,412"
    Nonfamily households,
        Estimate,-
        Margin of Error,**
"Census Tract 2397.01, Los Angeles County, California",
    Households,
        Estimate,"36,232"
        Margin of Error,"±7,630"
    Families,
        Estimate,"40,313"
        Margin of Error,"±10,347"
    Married-couple families,
        Estimate,"44,444"
        Margin of Error,"±22,495"
    Nonfamily households,
        Estimate,"32,744"
        Margin of Error,"±5,816"
"Census Tract 2397.02, Los Angeles County, California",
    Households,
        Estimate,"31,189"
        Margin of Error,"±6,281"
    Families,
        Estimate,"42,691"
        Margin of Error,"±15,498"
    Married-couple families,
        Estimate,"53,077"
        Margin of Error,"±8,404"
    Nonfamily households,
        Estimate,"14,570"
        Margin of Error,"±6,061"
"Census Tract 2398.01, Los Angeles County, California",
    Households,
        Estimate,"46,938"
        Margin of Error,"±13,019"
    Families,
        Estimate,"46,500"
        Margin of Error,"±18,363"
    Married-couple families,
        Estimate,"53,667"
        Margin of Error,"±17,082"
    Nonfamily households,
        Estimate,-
        Margin of Error,**
"Census Tract 2398.02, Los Angeles County, California",
    Households,
        Estimate,"42,171"
        Margin of Error,"±13,054"
    Families,
        Estimate,"48,866"
        Margin of Error,"±8,226"
    Married-couple families,
        Estimate,"60,472"
        Margin of Error,"±12,645"
    Nonfamily households,
        Estimate,"19,412"
        Margin of Error,"±3,859"
"Census Tract 2400.10, Los Angeles County, California",
    Households,
        Estimate,"30,612"
        Margin of Error,"±4,674"
    Families,
        Estimate,"32,672"
        Margin of Error,"±5,655"
    Married-couple families,
        Estimate,"34,900"
        Margin of Error,"±13,086"
    Nonfamily households,
        Estimate,"12,969"
        Margin of Error,"±5,077"
"Census Tract 2400.20, Los Angeles County, California",
    Households,
        Estimate,"38,266"
        Margin of Error,"±13,782"
    Families,
        Estimate,"40,341"
        Margin of Error,"±19,005"
    Married-couple families,
        Estimate,"69,770"
        Margin of Error,"±31,787"
    Nonfamily households,
        Estimate,"27,681"
        Margin of Error,"±10,698"
"Census Tract 2402, Los Angeles County, California",
    Households,
        Estimate,"40,286"
        Margin of Error,"±12,906"
    Families,
        Estimate,"50,536"
        Margin of Error,"±11,025"
    Married-couple families,
        Estimate,"62,708"
        Margin of Error,"±13,720"
    Nonfamily households,
        Estimate,"12,188"
        Margin of Error,"±6,136"
"Census Tract 2403, Los Angeles County, California",
    Households,
        Estimate,"22,875"
        Margin of Error,"±3,967"
    Families,
        Estimate,"32,828"
        Margin of Error,"±10,000"
    Married-couple families,
        Estimate,-
        Margin of Error,**
    Nonfamily households,
        Estimate,"11,572"
        Margin of Error,±806
"Census Tract 2404.01, Los Angeles County, California",
    Households,
        Estimate,"42,662"
        Margin of Error,"±7,269"
    Families,
        Estimate,"43,799"
        Margin of Error,"±9,256"
    Married-couple families,
        Estimate,"65,163"
        Margin of Error,"±44,019"
    Nonfamily households,
        Estimate,-
        Margin of Error,**
"Census Tract 2404.02, Los Angeles County, California",
    Households,
        Estimate,"42,422"
        Margin of Error,"±16,112"
    Families,
        Estimate,"54,797"
        Margin of Error,"±12,107"
    Married-couple families,
        Estimate,"71,333"
        Margin of Error,"±33,190"
    Nonfamily households,
        Estimate,-
        Margin of Error,**
"Census Tract 2405, Los Angeles County, California",
    Households,
        Estimate,"40,764"
        Margin of Error,"±10,613"
    Families,
        Estimate,"45,833"
        Margin of Error,"±8,806"
    Married-couple families,
        Estimate,"60,500"
        Margin of Error,"±18,792"
    Nonfamily households,
        Estimate,"23,417"
        Margin of Error,"±13,253"
"Census Tract 2406, Los Angeles County, California",
    Households,
        Estimate,"43,250"
        Margin of Error,"±7,688"
    Families,
        Estimate,"43,625"
        Margin of Error,"±8,403"
    Married-couple families,
        Estimate,"58,684"
        Margin of Error,"±14,909"
    Nonfamily households,
        Estimate,"26,591"
        Margin of Error,"±13,077"
"Census Tract 2407, Los Angeles County, California",
    Households,
        Estimate,"43,584"
        Margin of Error,"±2,167"
    Families,
        Estimate,"45,417"
        Margin of Error,"±15,953"
    Married-couple families,
        Estimate,"66,042"
        Margin of Error,"±23,841"
    Nonfamily households,
        Estimate,"36,528"
        Margin of Error,"±36,230"
"Census Tract 2408, Los Angeles County, California",
    Households,
        Estimate,"41,277"
        Margin of Error,"±5,397"
    Families,
        Estimate,"44,125"
        Margin of Error,"±9,765"
    Married-couple families,
        Estimate,"56,902"
        Margin of Error,"±17,315"
    Nonfamily households,
        Estimate,"17,981"
        Margin of Error,"±4,213"
"Census Tract 2409, Los Angeles County, California",
    Households,
        Estimate,"45,619"
        Margin of Error,"±12,960"
    Families,
        Estimate,"37,279"
        Margin of Error,"±20,893"
    Married-couple families,
        Estimate,"49,158"
        Margin of Error,"±10,342"
    Nonfamily households,
        Estimate,"15,858"
        Margin of Error,"±7,683"
"Census Tract 2410.01, Los Angeles County, California",
    Households,
        Estimate,"41,563"
        Margin of Error,"±12,739"
    Families,
        Estimate,"51,026"
        Margin of Error,"±6,079"
    Married-couple families,
        Estimate,"52,372"
        Margin of Error,"±16,839"
    Nonfamily households,
        Estimate,"16,719"
        Margin of Error,"±7,457"
"Census Tract 2410.02, Los Angeles County, California",
    Households,
        Estimate,"59,116"
        Margin of Error,"±14,271"
    Families,
        Estimate,"67,705"
        Margin of Error,"±9,576"
    Married-couple families,
        Estimate,"80,156"
        Margin of Error,"±13,735"
    Nonfamily households,
        Estimate,"11,524"
        Margin of Error,"±6,008"
"Census Tract 2411.10, Los Angeles County, California",
    Households,
        Estimate,"47,090"
        Margin of Error,"±3,723"
    Families,
        Estimate,"48,000"
        Margin of Error,"±8,443"
    Married-couple families,
        Estimate,"51,250"
        Margin of Error,"±15,219"
    Nonfamily households,
        Estimate,"45,759"
        Margin of Error,"±19,489"
"Census Tract 2411.20, Los Angeles County, California",
    Households,
        Estimate,"35,114"
        Margin of Error,"±8,990"
    Families,
        Estimate,"38,235"
        Margin of Error,"±16,240"
    Married-couple families,
        Estimate,"55,857"
        Margin of Error,"±21,367"
    Nonfamily households,
        Estimate,"18,640"
        Margin of Error,"±7,485"
"Census Tract 2412.01, Los Angeles County, California",
    Households,
        Estimate,"48,864"
        Margin of Error,"±11,795"
    Families,
        Estimate,"56,957"
        Margin of Error,"±9,053"
    Married-couple families,
        Estimate,"64,152"
        Margin of Error,"±14,509"
    Nonfamily households,
        Estimate,"19,722"
        Margin of Error,"±5,510"
"Census Tract 2412.02, Los Angeles County, California",
    Households,
        Estimate,"34,662"
        Margin of Error,"±8,713"
    Families,
        Estimate,"48,750"
        Margin of Error,"±19,089"
    Married-couple families,
        Estimate,"93,167"
        Margin of Error,"±38,238"
    Nonfamily households,
        Estimate,"20,242"
        Margin of Error,"±6,758"
"Census Tract 2413, Los Angeles County, California",
    Households,
        Estimate,"46,111"
        Margin of Error,"±16,137"
    Families,
        Estimate,"44,598"
        Margin of Error,"±11,651"
    Married-couple families,
        Estimate,"68,750"
        Margin of Error,"±26,865"
    Nonfamily households,
        Estimate,"20,855"
        Margin of Error,"±5,420"
"Census Tract 2414, Los Angeles County, California",
    Households,
        Estimate,"36,667"
        Margin of Error,"±13,423"
    Families,
        Estimate,"40,795"
        Margin of Error,"±16,130"
    Married-couple families,
        Estimate,"56,688"
        Margin of Error,"±7,947"
    Nonfamily households,
        Estimate,"23,250"
        Margin of Error,"±14,625"
"Census Tract 2420, Los Angeles County, California",
    Households,
        Estimate,"30,698"
        Margin of Error,"±5,346"
    Families,
        Estimate,"36,686"
        Margin of Error,"±11,775"
    Married-couple families,
        Estimate,"44,318"
        Margin of Error,"±15,106"
    Nonfamily households,
        Estimate,"18,409"
        Margin of Error,"±5,673"
"Census Tract 2421, Los Angeles County, California",
    Households,
        Estimate,"18,177"
        Margin of Error,"±3,825"
    Families,
        Estimate,"18,368"
        Margin of Error,"±2,406"
    Married-couple families,
        Estimate,"20,057"
        Margin of Error,"±2,389"
    Nonfamily households,
        Estimate,"12,076"
        Margin of Error,"±5,201"
"Census Tract 2422, Los Angeles County, California",
    Households,
        Estimate,"28,313"
        Margin of Error,"±7,275"
    Families,
        Estimate,"31,481"
        Margin of Error,"±4,393"
    Married-couple families,
        Estimate,"45,500"
        Margin of Error,"±11,357"
    Nonfamily households,
        Estimate,"14,205"
        Margin of Error,"±5,765"
"Census Tract 2423, Los Angeles County, California",
    Households,
        Estimate,"26,515"
        Margin of Error,"±7,058"
    Families,
        Estimate,"30,000"
        Margin of Error,"±8,798"
    Married-couple families,
        Estimate,"36,750"
        Margin of Error,"±12,005"
    Nonfamily households,
        Estimate,"12,386"
        Margin of Error,"±6,037"
"Census Tract 2426, Los Angeles County, California",
    Households,
        Estimate,"16,586"
        Margin of Error,"±3,141"
    Families,
        Estimate,"22,788"
        Margin of Error,"±10,692"
    Married-couple families,
        Estimate,"34,464"
        Margin of Error,"±13,416"
    Nonfamily households,
        Estimate,"12,401"
        Margin of Error,"±2,224"
"Census Tract 2427, Los Angeles County, California",
    Households,
        Estimate,"46,492"
        Margin of Error,"±12,317"
    Families,
        Estimate,"52,250"
        Margin of Error,"±14,610"
    Married-couple families,
        Estimate,"56,641"
        Margin of Error,"±21,519"
    Nonfamily households,
        Estimate,"22,440"
        Margin of Error,"±5,970"
"Census Tract 2430, Los Angeles County, California",
    Households,
        Estimate,"51,479"
        Margin of Error,"±4,135"
    Families,
        Estimate,"51,759"
        Margin of Error,"±5,399"
    Married-couple families,
        Estimate,"56,900"
        Margin of Error,"±10,083"
    Nonfamily households,
        Estimate,"30,948"
        Margin of Error,"±21,826"
"Census Tract 2431, Los Angeles County, California",
    Households,
        Estimate,"27,879"
        Margin of Error,"±3,083"
    Families,
        Estimate,"29,353"
        Margin of Error,"±4,331"
    Married-couple families,
        Estimate,"45,476"
        Margin of Error,"±15,430"
    Nonfamily households,
        Estimate,"12,475"
        Margin of Error,"±6,821"
"Census Tract 2611.01, Los Angeles County, California",
    Households,
        Estimate,"199,094"
        Margin of Error,"±22,313"
    Families,
        Estimate,"236,964"
        Margin of Error,"±35,775"
    Married-couple families,
        Estimate,"250,000+"
        Margin of Error,***
    Nonfamily households,
        Estimate,"110,521"
        Margin of Error,"±35,405"
"Census Tract 2611.02, Los Angeles County, California",
    Households,
        Estimate,"159,563"
        Margin of Error,"±37,815"
    Families,
        Estimate,"190,417"
        Margin of Error,"±41,667"
    Married-couple families,
        Estimate,"221,250"
        Margin of Error,"±53,924"
    Nonfamily households,
        Estimate,"53,500"
        Margin of Error,"±33,443"
"Census Tract 2612, Los Angeles County, California",
    Households,
        Estimate,"188,424"
        Margin of Error,"±34,260"
    Families,
        Estimate,"220,083"
        Margin of Error,"±73,973"
    Married-couple families,
        Estimate,"248,750"
        Margin of Error,"±44,083"
    Nonfamily households,
        Estimate,"123,750"
        Margin of Error,"±80,004"
"Census Tract 2621, Los Angeles County, California",
    Households,
        Estimate,"217,462"
        Margin of Error,"±71,136"
    Families,
        Estimate,"250,000+"
        Margin of Error,***
    Married-couple families,
        Estimate,"250,000+"
        Margin of Error,***
    Nonfamily households,
        Estimate,"106,591"
        Margin of Error,"±39,005"
"Census Tract 2622, Los Angeles County, California",
    Households,
        Estimate,"184,000"
        Margin of Error,"±44,756"
    Families,
        Estimate,"248,924"
        Margin of Error,"±16,654"
    Married-couple families,
        Estimate,"250,000+"
        Margin of Error,***
    Nonfamily households,
        Estimate,"85,417"
        Margin of Error,"±53,434"
"Census Tract 2623.01, Los Angeles County, California",
    Households,
        Estimate,"215,750"
        Margin of Error,"±72,729"
    Families,
        Estimate,"238,269"
        Margin of Error,"±47,458"
    Married-couple families,
        Estimate,"250,000+"
        Margin of Error,***
    Nonfamily households,
        Estimate,"159,688"
        Margin of Error,"±67,149"
"Census Tract 2623.02, Los Angeles County, California",
    Households,
        Estimate,"158,571"
        Margin of Error,"±41,566"
    Families,
        Estimate,"250,000+"
        Margin of Error,***
    Married-couple families,
        Estimate,"250,000+"
        Margin of Error,***
    Nonfamily households,
        Estimate,"106,250"
        Margin of Error,"±37,551"
"Census Tract 2623.03, Los Angeles County, California",
    Households,
        Estimate,"250,000+"
        Margin of Error,***
    Families,
        Estimate,"250,000+"
        Margin of Error,***
    Married-couple families,
        Estimate,"250,000+"
        Margin of Error,***
    Nonfamily households,
        Estimate,-
        Margin of Error,**
"Census Tract 2624, Los Angeles County, California",
    Households,
        Estimate,"250,000+"
        Margin of Error,***
    Families,
        Estimate,"250,000+"
        Margin of Error,***
    Married-couple families,
        Estimate,"250,000+"
        Margin of Error,***
    Nonfamily households,
        Estimate,"151,691"
        Margin of Error,"±79,997"
"Census Tract 2625.01, Los Angeles County, California",
    Households,
        Estimate,"224,962"
        Margin of Error,"±24,985"
    Families,
        Estimate,"250,000+"
        Margin of Error,***
    Married-couple families,
        Estimate,"250,000+"
        Margin of Error,***
    Nonfamily households,
        Estimate,"148,594"
        Margin of Error,"±69,431"
"Census Tract 2626.01, Los Angeles County, California",
    Households,
        Estimate,"212,386"
        Margin of Error,"±22,458"
    Families,
        Estimate,"243,750"
        Margin of Error,"±32,330"
    Married-couple families,
        Estimate,"250,000+"
        Margin of Error,***
    Nonfamily households,
        Estimate,"113,824"
        Margin of Error,"±14,329"
"Census Tract 2626.04, Los Angeles County, California",
    Households,
        Estimate,"200,625"
        Margin of Error,"±28,531"
    Families,
        Estimate,"250,000+"
        Margin of Error,***
    Married-couple families,
        Estimate,"250,000+"
        Margin of Error,***
    Nonfamily households,
        Estimate,"90,172"
        Margin of Error,"±34,631"
"Census Tract 2627.04, Los Angeles County, California",
    Households,
        Estimate,"122,083"
        Margin of Error,"±13,421"
    Families,
        Estimate,"180,208"
        Margin of Error,"±91,439"
    Married-couple families,
        Estimate,"229,821"
        Margin of Error,"±59,766"
    Nonfamily households,
        Estimate,"76,304"
        Margin of Error,"±30,221"
"Census Tract 2627.06, Los Angeles County, California",
    Households,
        Estimate,"188,409"
        Margin of Error,"±81,265"
    Families,
        Estimate,"250,000+"
        Margin of Error,***
    Married-couple families,
        Estimate,"250,000+"
        Margin of Error,***
    Nonfamily households,
        Estimate,"51,125"
        Margin of Error,"±16,708"
"Census Tract 2628.02, Los Angeles County, California",
    Households,
        Estimate,"217,292"
        Margin of Error,"±22,614"
    Families,
        Estimate,"219,891"
        Margin of Error,"±32,175"
    Married-couple families,
        Estimate,"250,000+"
        Margin of Error,***
    Nonfamily households,
        Estimate,-
        Margin of Error,**
"Census Tract 2640, Los Angeles County, California",
    Households,
        Estimate,"220,417"
        Margin of Error,"±67,305"
    Families,
        Estimate,"246,607"
        Margin of Error,"±38,383"
    Married-couple families,
        Estimate,"250,000+"
        Margin of Error,***
    Nonfamily households,
        Estimate,"155,114"
        Margin of Error,"±70,119"
"Census Tract 2641.02, Los Angeles County, California",
    Households,
        Estimate,"108,004"
        Margin of Error,"±15,956"
    Families,
        Estimate,"161,125"
        Margin of Error,"±40,223"
    Married-couple families,
        Estimate,"181,719"
        Margin of Error,"±98,578"
    Nonfamily households,
        Estimate,"90,242"
        Margin of Error,"±23,470"
"Census Tract 2641.03, Los Angeles County, California",
    Households,
        Estimate,"105,481"
        Margin of Error,"±17,530"
    Families,
        Estimate,"137,930"
        Margin of Error,"±29,633"
    Married-couple families,
        Estimate,"173,375"
        Margin of Error,"±43,636"
    Nonfamily households,
        Estimate,"92,813"
        Margin of Error,"±8,144"
"Census Tract 2643.01, Los Angeles County, California",
    Households,
        Estimate,"101,439"
        Margin of Error,"±13,389"
    Families,
        Estimate,"107,262"
        Margin of Error,"±22,805"
    Married-couple families,
        Estimate,"156,295"
        Margin of Error,"±36,774"
    Nonfamily households,
        Estimate,"97,888"
        Margin of Error,"±15,343"
"Census Tract 2643.02, Los Angeles County, California",
    Households,
        Estimate,"92,381"
        Margin of Error,"±14,383"
    Families,
        Estimate,"151,889"
        Margin of Error,"±27,276"
    Married-couple families,
        Estimate,"178,173"
        Margin of Error,"±41,276"
    Nonfamily households,
        Estimate,"75,269"
        Margin of Error,"±16,027"
"Census Tract 2651, Los Angeles County, California",
    Households,
        Estimate,"112,500"
        Margin of Error,"±23,765"
    Families,
        Estimate,"250,000+"
        Margin of Error,***
    Married-couple families,
        Estimate,"250,000+"
        Margin of Error,***
    Nonfamily households,
        Estimate,"59,306"
        Margin of Error,"±49,450"
"Census Tract 2652.01, Los Angeles County, California",
    Households,
        Estimate,"72,361"
        Margin of Error,"±36,838"
    Families,
        Estimate,"245,000"
        Margin of Error,"±127,459"
    Married-couple families,
        Estimate,"250,000+"
        Margin of Error,***
    Nonfamily households,
        Estimate,"30,625"
        Margin of Error,"±10,518"
"Census Tract 2652.02, Los Angeles County, California",
    Households,
        Estimate,"74,417"
        Margin of Error,"±31,718"
    Families,
        Estimate,"112,344"
        Margin of Error,"±69,379"
    Married-couple families,
        Estimate,"209,193"
        Margin of Error,"±78,576"
    Nonfamily households,
        Estimate,"43,333"
        Margin of Error,"±23,961"
"Census Tract 2653.01, Los Angeles County, California",
    Households,
        Estimate,-
        Margin of Error,**
    Families,
        Estimate,-
        Margin of Error,**
    Married-couple families,
        Estimate,-
        Margin of Error,**
    Nonfamily households,
        Estimate,-
        Margin of Error,**
"Census Tract 2653.03, Los Angeles County, California",
    Households,
        Estimate,"21,506"
        Margin of Error,"±8,418"
    Families,
        Estimate,"115,956"
        Margin of Error,"±52,910"
    Married-couple families,
        Estimate,-
        Margin of Error,**
    Nonfamily households,
        Estimate,"18,432"
        Margin of Error,"±4,804"
"Census Tract 2653.04, Los Angeles County, California",
    Households,
        Estimate,"21,228"
        Margin of Error,"±3,675"
    Families,
        Estimate,"22,604"
        Margin of Error,"±8,252"
    Married-couple families,
        Estimate,"22,917"
        Margin of Error,"±6,793"
    Nonfamily households,
        Estimate,"18,618"
        Margin of Error,"±7,530"
"Census Tract 2653.05, Los Angeles County, California",
    Households,
        Estimate,"20,655"
        Margin of Error,"±8,015"
    Families,
        Estimate,"188,750"
        Margin of Error,"±136,951"
    Married-couple families,
        Estimate,"188,750"
        Margin of Error,"±136,951"
    Nonfamily households,
        Estimate,"18,697"
        Margin of Error,"±8,767"
"Census Tract 2654.10, Los Angeles County, California",
    Households,
        Estimate,"117,885"
        Margin of Error,"±20,642"
    Families,
        Estimate,"197,321"
        Margin of Error,"±47,395"
    Married-couple families,
        Estimate,"243,571"
        Margin of Error,"±87,510"
    Nonfamily households,
        Estimate,"70,893"
        Margin of Error,"±29,443"
"Census Tract 2654.20, Los Angeles County, California",
    Households,
        Estimate,"198,542"
        Margin of Error,"±75,036"
    Families,
        Estimate,"250,000+"
        Margin of Error,***
    Married-couple families,
        Estimate,"250,000+"
        Margin of Error,***
    Nonfamily households,
        Estimate,"99,375"
        Margin of Error,"±7,416"
"Census Tract 2655.10, Los Angeles County, California",
    Households,
        Estimate,"54,847"
        Margin of Error,"±10,761"
    Families,
        Estimate,"91,250"
        Margin of Error,"±25,144"
    Married-couple families,
        Estimate,"108,456"
        Margin of Error,"±26,561"
    Nonfamily households,
        Estimate,"51,379"
        Margin of Error,"±10,999"
"Census Tract 2655.20, Los Angeles County, California",
    Households,
        Estimate,"104,559"
        Margin of Error,"±12,613"
    Families,
        Estimate,"126,875"
        Margin of Error,"±24,957"
    Married-couple families,
        Estimate,"157,500"
        Margin of Error,"±24,384"
    Nonfamily households,
        Estimate,"90,189"
        Margin of Error,"±30,813"
"Census Tract 2656.01, Los Angeles County, California",
    Households,
        Estimate,"119,886"
        Margin of Error,"±13,783"
    Families,
        Estimate,"154,833"
        Margin of Error,"±68,269"
    Married-couple families,
        Estimate,"153,083"
        Margin of Error,"±61,052"
    Nonfamily households,
        Estimate,"71,809"
        Margin of Error,"±16,705"
"Census Tract 2656.02, Los Angeles County, California",
    Households,
        Estimate,"117,629"
        Margin of Error,"±11,171"
    Families,
        Estimate,"154,276"
        Margin of Error,"±32,602"
    Married-couple families,
        Estimate,"154,243"
        Margin of Error,"±29,571"
    Nonfamily households,
        Estimate,"96,829"
        Margin of Error,"±15,766"
"Census Tract 2657, Los Angeles County, California",
    Households,
        Estimate,"85,083"
        Margin of Error,"±17,567"
    Families,
        Estimate,"115,270"
        Margin of Error,"±17,030"
    Married-couple families,
        Estimate,"135,139"
        Margin of Error,"±64,486"
    Nonfamily households,
        Estimate,"66,420"
        Margin of Error,"±27,563"
"Census Tract 2671, Los Angeles County, California",
    Households,
        Estimate,"105,284"
        Margin of Error,"±19,417"
    Families,
        Estimate,"159,868"
        Margin of Error,"±35,935"
    Married-couple families,
        Estimate,"163,558"
        Margin of Error,"±30,844"
    Nonfamily households,
        Estimate,"81,836"
        Margin of Error,"±12,310"
"Census Tract 2672, Los Angeles County, California",
    Households,
        Estimate,"86,601"
        Margin of Error,"±26,308"
    Families,
        Estimate,"112,674"
        Margin of Error,"±10,386"
    Married-couple families,
        Estimate,"117,443"
        Margin of Error,"±36,968"
    Nonfamily households,
        Estimate,"62,762"
        Margin of Error,"±12,283"
"Census Tract 2673, Los Angeles County, California",
    Households,
        Estimate,"68,913"
        Margin of Error,"±14,617"
    Families,
        Estimate,"54,831"
        Margin of Error,"±35,794"
    Married-couple families,
        Estimate,"85,449"
        Margin of Error,"±52,302"
    Nonfamily households,
        Estimate,"70,000"
        Margin of Error,"±13,499"
"Census Tract 2674.02, Los Angeles County, California",
    Households,
        Estimate,"87,095"
        Margin of Error,"±19,279"
    Families,
        Estimate,"141,400"
        Margin of Error,"±43,610"
    Married-couple families,
        Estimate,"158,462"
        Margin of Error,"±43,519"
    Nonfamily households,
        Estimate,"75,397"
        Margin of Error,"±11,900"
"Census Tract 2674.03, Los Angeles County, California",
    Households,
        Estimate,"88,631"
        Margin of Error,"±11,616"
    Families,
        Estimate,"121,111"
        Margin of Error,"±28,669"
    Married-couple families,
        Estimate,"127,105"
        Margin of Error,"±48,912"
    Nonfamily households,
        Estimate,"78,713"
        Margin of Error,"±12,490"
"Census Tract 2674.04, Los Angeles County, California",
    Households,
        Estimate,"82,500"
        Margin of Error,"±14,411"
    Families,
        Estimate,"122,714"
        Margin of Error,"±44,375"
    Married-couple families,
        Estimate,"186,071"
        Margin of Error,"±61,028"
    Nonfamily households,
        Estimate,"65,139"
        Margin of Error,"±19,496"
"Census Tract 2675.01, Los Angeles County, California",
    Households,
        Estimate,"86,086"
        Margin of Error,"±30,421"
    Families,
        Estimate,"72,200"
        Margin of Error,"±53,182"
    Married-couple families,
        Estimate,"115,750"
        Margin of Error,"±72,928"
    Nonfamily households,
        Estimate,"76,125"
        Margin of Error,"±32,989"
"Census Tract 2675.02, Los Angeles County, California",
    Households,
        Estimate,"86,343"
        Margin of Error,"±14,537"
    Families,
        Estimate,"102,679"
        Margin of Error,"±28,819"
    Married-couple families,
        Estimate,"108,214"
        Margin of Error,"±21,437"
    Nonfamily households,
        Estimate,"83,244"
        Margin of Error,"±13,668"
"Census Tract 2676, Los Angeles County, California",
    Households,
        Estimate,"70,692"
        Margin of Error,"±14,525"
    Families,
        Estimate,"93,409"
        Margin of Error,"±50,496"
    Married-couple families,
        Estimate,"128,068"
        Margin of Error,"±37,479"
    Nonfamily households,
        Estimate,"61,250"
        Margin of Error,"±25,942"
"Census Tract 2677, Los Angeles County, California",
    Households,
        Estimate,"94,185"
        Margin of Error,"±10,211"
    Families,
        Estimate,"130,500"
        Margin of Error,"±15,611"
    Married-couple families,
        Estimate,"128,375"
        Margin of Error,"±15,748"
    Nonfamily households,
        Estimate,"85,903"
        Margin of Error,"±17,756"
"Census Tract 2678, Los Angeles County, California",
    Households,
        Estimate,"86,121"
        Margin of Error,"±14,578"
    Families,
        Estimate,"164,722"
        Margin of Error,"±49,248"
    Married-couple families,
        Estimate,"194,226"
        Margin of Error,"±22,810"
    Nonfamily households,
        Estimate,"37,500"
        Margin of Error,"±20,590"
"Census Tract 2679.01, Los Angeles County, California",
    Households,
        Estimate,"118,393"
        Margin of Error,"±42,425"
    Families,
        Estimate,"176,375"
        Margin of Error,"±52,021"
    Married-couple families,
        Estimate,"180,781"
        Margin of Error,"±55,716"
    Nonfamily households,
        Estimate,"104,091"
        Margin of Error,"±47,290"
"Census Tract 2679.02, Los Angeles County, California",
    Households,
        Estimate,"138,750"
        Margin of Error,"±27,437"
    Families,
        Estimate,"173,393"
        Margin of Error,"±50,517"
    Married-couple families,
        Estimate,"199,205"
        Margin of Error,"±69,081"
    Nonfamily households,
        Estimate,"102,961"
        Margin of Error,"±23,905"
"Census Tract 2690, Los Angeles County, California",
    Households,
        Estimate,"127,054"
        Margin of Error,"±31,338"
    Families,
        Estimate,"183,036"
        Margin of Error,"±36,907"
    Married-couple families,
        Estimate,"199,570"
        Margin of Error,"±50,830"
    Nonfamily households,
        Estimate,"52,326"
        Margin of Error,"±28,005"
"Census Tract 2691, Los Angeles County, California",
    Households,
        Estimate,"88,656"
        Margin of Error,"±23,501"
    Families,
        Estimate,"139,881"
        Margin of Error,"±47,488"
    Married-couple families,
        Estimate,"173,171"
        Margin of Error,"±38,816"
    Nonfamily households,
        Estimate,"50,536"
        Margin of Error,"±11,146"
"Census Tract 2693, Los Angeles County, California",
    Households,
        Estimate,"165,208"
        Margin of Error,"±54,842"
    Families,
        Estimate,"231,875"
        Margin of Error,"±41,714"
    Married-couple families,
        Estimate,"250,000+"
        Margin of Error,***
    Nonfamily households,
        Estimate,"81,402"
        Margin of Error,"±31,299"
"Census Tract 2695, Los Angeles County, California",
    Households,
        Estimate,"191,538"
        Margin of Error,"±38,518"
    Families,
        Estimate,"240,682"
        Margin of Error,"±47,328"
    Married-couple families,
        Estimate,"249,911"
        Margin of Error,"±34,560"
    Nonfamily households,
        Estimate,"75,786"
        Margin of Error,"±26,850"
"Census Tract 2696.01, Los Angeles County, California",
    Households,
        Estimate,"53,664"
        Margin of Error,"±13,471"
    Families,
        Estimate,"63,667"
        Margin of Error,"±13,428"
    Married-couple families,
        Estimate,"54,783"
        Margin of Error,"±29,001"
    Nonfamily households,
        Estimate,"47,528"
        Margin of Error,"±25,468"
"Census Tract 2696.02, Los Angeles County, California",
    Households,
        Estimate,"58,668"
        Margin of Error,"±10,610"
    Families,
        Estimate,"57,543"
        Margin of Error,"±9,616"
    Married-couple families,
        Estimate,"59,698"
        Margin of Error,"±23,221"
    Nonfamily households,
        Estimate,"57,794"
        Margin of Error,"±19,818"
"Census Tract 2697, Los Angeles County, California",
    Households,
        Estimate,"89,450"
        Margin of Error,"±17,895"
    Families,
        Estimate,"107,656"
        Margin of Error,"±18,309"
    Married-couple families,
        Estimate,"119,934"
        Margin of Error,"±6,306"
    Nonfamily households,
        Estimate,"76,542"
        Margin of Error,"±15,185"
"Census Tract 2698, Los Angeles County, California",
    Households,
        Estimate,"83,214"
        Margin of Error,"±12,714"
    Families,
        Estimate,"87,981"
        Margin of Error,"±17,404"
    Married-couple families,
        Estimate,"90,385"
        Margin of Error,"±26,363"
    Nonfamily households,
        Estimate,"80,184"
        Margin of Error,"±18,414"
"Census Tract 2699.03, Los Angeles County, California",
    Households,
        Estimate,"65,750"
        Margin of Error,"±8,561"
    Families,
        Estimate,"70,250"
        Margin of Error,"±22,946"
    Married-couple families,
        Estimate,"95,125"
        Margin of Error,"±25,951"
    Nonfamily households,
        Estimate,"64,403"
        Margin of Error,"±7,088"
"Census Tract 2699.04, Los Angeles County, California",
    Households,
        Estimate,"70,682"
        Margin of Error,"±9,263"
    Families,
        Estimate,"80,091"
        Margin of Error,"±16,287"
    Married-couple families,
        Estimate,-
        Margin of Error,**
    Nonfamily households,
        Estimate,"63,750"
        Margin of Error,"±16,888"
"Census Tract 2699.05, Los Angeles County, California",
    Households,
        Estimate,"80,119"
        Margin of Error,"±5,071"
    Families,
        Estimate,"94,643"
        Margin of Error,"±28,804"
    Married-couple families,
        Estimate,"105,435"
        Margin of Error,"±21,315"
    Nonfamily households,
        Estimate,"78,333"
        Margin of Error,"±12,271"
"Census Tract 2699.06, Los Angeles County, California",
    Households,
        Estimate,"95,542"
        Margin of Error,"±19,338"
    Families,
        Estimate,"108,403"
        Margin of Error,"±9,516"
    Married-couple families,
        Estimate,"111,435"
        Margin of Error,"±9,032"
    Nonfamily households,
        Estimate,"64,455"
        Margin of Error,"±21,199"
"Census Tract 2699.07, Los Angeles County, California",
    Households,
        Estimate,"78,895"
        Margin of Error,"±11,157"
    Families,
        Estimate,"86,071"
        Margin of Error,"±16,266"
    Married-couple families,
        Estimate,"95,125"
        Margin of Error,"±17,712"
    Nonfamily households,
        Estimate,"65,652"
        Margin of Error,"±23,183"
"Census Tract 2701, Los Angeles County, California",
    Households,
        Estimate,"71,389"
        Margin of Error,"±18,066"
    Families,
        Estimate,"77,279"
        Margin of Error,"±29,970"
    Married-couple families,
        Estimate,"83,807"
        Margin of Error,"±44,524"
    Nonfamily households,
        Estimate,"66,635"
        Margin of Error,"±19,426"
"Census Tract 2702, Los Angeles County, California",
    Households,
        Estimate,"67,516"
        Margin of Error,"±12,726"
    Families,
        Estimate,"68,403"
        Margin of Error,"±12,481"
    Married-couple families,
        Estimate,"110,766"
        Margin of Error,"±16,037"
    Nonfamily households,
        Estimate,"59,375"
        Margin of Error,"±15,270"
"Census Tract 2703, Los Angeles County, California",
    Households,
        Estimate,"74,323"
        Margin of Error,"±9,943"
    Families,
        Estimate,"95,282"
        Margin of Error,"±17,913"
    Married-couple families,
        Estimate,"114,375"
        Margin of Error,"±44,706"
    Nonfamily households,
        Estimate,"63,125"
        Margin of Error,"±13,762"
"Census Tract 2711, Los Angeles County, California",
    Households,
        Estimate,"89,219"
        Margin of Error,"±29,544"
    Families,
        Estimate,"128,854"
        Margin of Error,"±40,365"
    Married-couple families,
        Estimate,"173,906"
        Margin of Error,"±41,381"
    Nonfamily households,
        Estimate,"65,568"
        Margin of Error,"±21,471"
"Census Tract 2712, Los Angeles County, California",
    Households,
        Estimate,"71,393"
        Margin of Error,"±5,753"
    Families,
        Estimate,"70,101"
        Margin of Error,"±38,506"
    Married-couple families,
        Estimate,"120,368"
        Margin of Error,"±80,646"
    Nonfamily households,
        Estimate,"72,203"
        Margin of Error,"±8,175"
"Census Tract 2713, Los Angeles County, California",
    Households,
        Estimate,"101,006"
        Margin of Error,"±17,510"
    Families,
        Estimate,"175,268"
        Margin of Error,"±46,756"
    Married-couple families,
        Estimate,"175,655"
        Margin of Error,"±39,000"
    Nonfamily households,
        Estimate,"69,500"
        Margin of Error,"±36,768"
"Census Tract 2714, Los Angeles County, California",
    Households,
        Estimate,"133,547"
        Margin of Error,"±29,443"
    Families,
        Estimate,"137,500"
        Margin of Error,"±34,159"
    Married-couple families,
        Estimate,"151,111"
        Margin of Error,"±30,290"
    Nonfamily households,
        Estimate,"81,000"
        Margin of Error,"±54,885"
"Census Tract 2715, Los Angeles County, California",
    Households,
        Estimate,"100,679"
        Margin of Error,"±19,461"
    Families,
        Estimate,"150,179"
        Margin of Error,"±32,783"
    Married-couple families,
        Estimate,"179,063"
        Margin of Error,"±35,080"
    Nonfamily households,
        Estimate,"65,125"
        Margin of Error,"±15,500"
"Census Tract 2716, Los Angeles County, California",
    Households,
        Estimate,"89,792"
        Margin of Error,"±13,280"
    Families,
        Estimate,"105,625"
        Margin of Error,"±13,729"
    Married-couple families,
        Estimate,"107,448"
        Margin of Error,"±20,936"
    Nonfamily households,
        Estimate,"66,250"
        Margin of Error,"±26,965"
"Census Tract 2717.01, Los Angeles County, California",
    Households,
        Estimate,"93,972"
        Margin of Error,"±11,486"
    Families,
        Estimate,"109,233"
        Margin of Error,"±38,370"
    Married-couple families,
        Estimate,"132,143"
        Margin of Error,"±22,240"
    Nonfamily households,
        Estimate,"74,569"
        Margin of Error,"±16,303"
"Census Tract 2717.02, Los Angeles County, California",
    Households,
        Estimate,"67,446"
        Margin of Error,"±12,724"
    Families,
        Estimate,"78,112"
        Margin of Error,"±11,203"
    Married-couple families,
        Estimate,"79,764"
        Margin of Error,"±20,099"
    Nonfamily households,
        Estimate,"55,915"
        Margin of Error,"±19,246"
"Census Tract 2718.01, Los Angeles County, California",
    Households,
        Estimate,"55,417"
        Margin of Error,"±7,138"
    Families,
        Estimate,"71,518"
        Margin of Error,"±35,887"
    Married-couple families,
        Estimate,"95,703"
        Margin of Error,"±18,450"
    Nonfamily households,
        Estimate,"47,216"
        Margin of Error,"±12,376"
"Census Tract 2718.02, Los Angeles County, California",
    Households,
        Estimate,"85,318"
        Margin of Error,"±6,160"
    Families,
        Estimate,"87,393"
        Margin of Error,"±19,997"
    Married-couple families,
        Estimate,"112,986"
        Margin of Error,"±15,041"
    Nonfamily households,
        Estimate,"75,927"
        Margin of Error,"±15,905"
"Census Tract 2719.01, Los Angeles County, California",
    Households,
        Estimate,"92,991"
        Margin of Error,"±18,800"
    Families,
        Estimate,"99,875"
        Margin of Error,"±16,765"
    Married-couple families,
        Estimate,"101,563"
        Margin of Error,"±24,968"
    Nonfamily households,
        Estimate,"78,750"
        Margin of Error,"±20,568"
"Census Tract 2719.02, Los Angeles County, California",
    Households,
        Estimate,"73,918"
        Margin of Error,"±8,423"
    Families,
        Estimate,"102,188"
        Margin of Error,"±16,222"
    Married-couple families,
        Estimate,"114,306"
        Margin of Error,"±43,840"
    Nonfamily households,
        Estimate,"54,833"
        Margin of Error,"±10,984"
"Census Tract 2721, Los Angeles County, California",
    Households,
        Estimate,"94,911"
        Margin of Error,"±11,851"
    Families,
        Estimate,"144,318"
        Margin of Error,"±35,952"
    Married-couple families,
        Estimate,"157,045"
        Margin of Error,"±41,888"
    Nonfamily households,
        Estimate,"54,387"
        Margin of Error,"±20,890"
"Census Tract 2722.01, Los Angeles County, California",
    Households,
        Estimate,"62,716"
        Margin of Error,"±15,536"
    Families,
        Estimate,"74,722"
        Margin of Error,"±10,045"
    Married-couple families,
        Estimate,"77,446"
        Margin of Error,"±27,291"
    Nonfamily households,
        Estimate,"56,023"
        Margin of Error,"±6,166"
"Census Tract 2722.02, Los Angeles County, California",
    Households,
        Estimate,"63,355"
        Margin of Error,"±11,380"
    Families,
        Estimate,"73,421"
        Margin of Error,"±13,432"
    Married-couple families,
        Estimate,"79,167"
        Margin of Error,"±16,990"
    Nonfamily households,
        Estimate,"58,333"
        Margin of Error,"±12,475"
"Census Tract 2723.01, Los Angeles County, California",
    Households,
        Estimate,"84,583"
        Margin of Error,"±11,925"
    Families,
        Estimate,"96,570"
        Margin of Error,"±13,124"
    Married-couple families,
        Estimate,"144,615"
        Margin of Error,"±36,979"
    Nonfamily households,
        Estimate,"64,293"
        Margin of Error,"±16,826"
"Census Tract 2723.02, Los Angeles County, California",
    Households,
        Estimate,"59,286"
        Margin of Error,"±14,171"
    Families,
        Estimate,"60,503"
        Margin of Error,"±10,705"
    Married-couple families,
        Estimate,"62,011"
        Margin of Error,"±33,824"
    Nonfamily households,
        Estimate,"56,181"
        Margin of Error,"±18,101"
"Census Tract 2731, Los Angeles County, California",
    Households,
        Estimate,"121,500"
        Margin of Error,"±30,352"
    Families,
        Estimate,"156,250"
        Margin of Error,"±40,932"
    Married-couple families,
        Estimate,"204,500"
        Margin of Error,"±33,142"
    Nonfamily households,
        Estimate,"96,071"
        Margin of Error,"±25,660"
"Census Tract 2732, Los Angeles County, California",
    Households,
        Estimate,"88,720"
        Margin of Error,"±18,401"
    Families,
        Estimate,"87,679"
        Margin of Error,"±21,616"
    Married-couple families,
        Estimate,"139,375"
        Margin of Error,"±52,836"
    Nonfamily households,
        Estimate,"88,984"
        Margin of Error,"±29,642"
"Census Tract 2733, Los Angeles County, California",
    Households,
        Estimate,"71,823"
        Margin of Error,"±11,808"
    Families,
        Estimate,"53,250"
        Margin of Error,"±36,091"
    Married-couple families,
        Estimate,"135,655"
        Margin of Error,"±95,440"
    Nonfamily households,
        Estimate,"73,182"
        Margin of Error,"±17,732"
"Census Tract 2734.02, Los Angeles County, California",
    Households,
        Estimate,"72,258"
        Margin of Error,"±33,093"
    Families,
        Estimate,-
        Margin of Error,**
    Married-couple families,
        Estimate,"221,525"
        Margin of Error,"±91,625"
    Nonfamily households,
        Estimate,"67,301"
        Margin of Error,"±28,808"
"Census Tract 2735.02, Los Angeles County, California",
    Households,
        Estimate,"90,161"
        Margin of Error,"±13,055"
    Families,
        Estimate,"159,333"
        Margin of Error,"±47,421"
    Married-couple families,
        Estimate,"181,184"
        Margin of Error,"±15,858"
    Nonfamily households,
        Estimate,"64,605"
        Margin of Error,"±20,260"
"Census Tract 2736, Los Angeles County, California",
    Households,
        Estimate,"123,819"
        Margin of Error,"±16,873"
    Families,
        Estimate,"179,063"
        Margin of Error,"±28,418"
    Married-couple families,
        Estimate,"179,219"
        Margin of Error,"±47,732"
    Nonfamily households,
        Estimate,"61,484"
        Margin of Error,"±36,967"
"Census Tract 2737, Los Angeles County, California",
    Households,
        Estimate,"96,719"
        Margin of Error,"±21,387"
    Families,
        Estimate,"125,938"
        Margin of Error,"±56,002"
    Married-couple families,
        Estimate,"162,656"
        Margin of Error,"±33,307"
    Nonfamily households,
        Estimate,"93,219"
        Margin of Error,"±10,965"
"Census Tract 2738, Los Angeles County, California",
    Households,
        Estimate,"96,750"
        Margin of Error,"±10,510"
    Families,
        Estimate,"120,278"
        Margin of Error,"±25,460"
    Married-couple families,
        Estimate,"135,909"
        Margin of Error,"±48,257"
    Nonfamily households,
        Estimate,"82,270"
        Margin of Error,"±5,976"
"Census Tract 2739.02, Los Angeles County, California",
    Households,
        Estimate,"144,924"
        Margin of Error,"±28,639"
    Families,
        Estimate,"205,625"
        Margin of Error,"±68,274"
    Married-couple families,
        Estimate,"224,205"
        Margin of Error,"±59,490"
    Nonfamily households,
        Estimate,"117,147"
        Margin of Error,"±25,119"
"Census Tract 2741, Los Angeles County, California",
    Households,
        Estimate,"116,141"
        Margin of Error,"±25,853"
    Families,
        Estimate,"110,786"
        Margin of Error,"±73,211"
    Married-couple families,
        Estimate,"126,346"
        Margin of Error,"±86,503"
    Nonfamily households,
        Estimate,"116,793"
        Margin of Error,"±24,777"
"Census Tract 2742.02, Los Angeles County, California",
    Households,
        Estimate,"128,766"
        Margin of Error,"±25,306"
    Families,
        Estimate,"158,426"
        Margin of Error,"±37,894"
    Married-couple families,
        Estimate,"187,031"
        Margin of Error,"±129,347"
    Nonfamily households,
        Estimate,"108,849"
        Margin of Error,"±36,474"
"Census Tract 2751.01, Los Angeles County, California",
    Households,
        Estimate,"97,500"
        Margin of Error,"±22,922"
    Families,
        Estimate,"105,313"
        Margin of Error,"±20,963"
    Married-couple families,
        Estimate,"105,729"
        Margin of Error,"±29,023"
    Nonfamily households,
        Estimate,"86,964"
        Margin of Error,"±43,607"
"Census Tract 2751.02, Los Angeles County, California",
    Households,
        Estimate,"58,221"
        Margin of Error,"±9,218"
    Families,
        Estimate,"62,955"
        Margin of Error,"±13,764"
    Married-couple families,
        Estimate,"71,392"
        Margin of Error,"±7,308"
    Nonfamily households,
        Estimate,"51,042"
        Margin of Error,"±7,753"
"Census Tract 2752, Los Angeles County, California",
    Households,
        Estimate,"62,241"
        Margin of Error,"±11,063"
    Families,
        Estimate,"90,893"
        Margin of Error,"±32,458"
    Married-couple families,
        Estimate,"102,596"
        Margin of Error,"±51,735"
    Nonfamily households,
        Estimate,"41,729"
        Margin of Error,"±14,370"
"Census Tract 2753.02, Los Angeles County, California",
    Households,
        Estimate,"96,917"
        Margin of Error,"±22,933"
    Families,
        Estimate,"109,000"
        Margin of Error,"±22,963"
    Married-couple families,
        Estimate,"177,054"
        Margin of Error,"±61,970"
    Nonfamily households,
        Estimate,"69,597"
        Margin of Error,"±35,241"
"Census Tract 2753.11, Los Angeles County, California",
    Households,
        Estimate,"90,261"
        Margin of Error,"±10,533"
    Families,
        Estimate,"97,419"
        Margin of Error,"±26,838"
    Married-couple families,
        Estimate,"117,083"
        Margin of Error,"±17,602"
    Nonfamily households,
        Estimate,"66,917"
        Margin of Error,"±23,793"
"Census Tract 2754, Los Angeles County, California",
    Households,
        Estimate,"137,027"
        Margin of Error,"±14,083"
    Families,
        Estimate,"158,750"
        Margin of Error,"±59,143"
    Married-couple families,
        Estimate,"199,615"
        Margin of Error,"±25,955"
    Nonfamily households,
        Estimate,"127,125"
        Margin of Error,"±25,390"
"Census Tract 2755, Los Angeles County, California",
    Households,
        Estimate,"42,544"
        Margin of Error,"±9,617"
    Families,
        Estimate,"43,365"
        Margin of Error,"±8,584"
    Married-couple families,
        Estimate,"46,806"
        Margin of Error,"±25,160"
    Nonfamily households,
        Estimate,"34,602"
        Margin of Error,"±10,841"
"Census Tract 2756.02, Los Angeles County, California",
    Households,
        Estimate,"148,965"
        Margin of Error,"±11,619"
    Families,
        Estimate,"212,242"
        Margin of Error,"±26,175"
    Married-couple families,
        Estimate,"236,750"
        Margin of Error,"±21,515"
    Nonfamily households,
        Estimate,"93,224"
        Margin of Error,"±25,207"
"Census Tract 2756.03, Los Angeles County, California",
    Households,
        Estimate,"84,130"
        Margin of Error,"±23,659"
    Families,
        Estimate,"132,031"
        Margin of Error,"±27,280"
    Married-couple families,
        Estimate,"136,806"
        Margin of Error,"±29,664"
    Nonfamily households,
        Estimate,"54,821"
        Margin of Error,"±19,915"
"Census Tract 2760, Los Angeles County, California",
    Households,
        Estimate,"144,688"
        Margin of Error,"±17,808"
    Families,
        Estimate,"168,665"
        Margin of Error,"±12,892"
    Married-couple families,
        Estimate,"169,091"
        Margin of Error,"±10,676"
    Nonfamily households,
        Estimate,"101,716"
        Margin of Error,"±20,800"
"Census Tract 2761, Los Angeles County, California",
    Households,
        Estimate,"66,520"
        Margin of Error,"±23,947"
    Families,
        Estimate,"103,333"
        Margin of Error,"±46,057"
    Married-couple families,
        Estimate,"137,232"
        Margin of Error,"±40,814"
    Nonfamily households,
        Estimate,"58,456"
        Margin of Error,"±20,702"
"Census Tract 2764, Los Angeles County, California",
    Households,
        Estimate,"158,056"
        Margin of Error,"±26,017"
    Families,
        Estimate,"202,396"
        Margin of Error,"±25,954"
    Married-couple families,
        Estimate,"217,083"
        Margin of Error,"±16,762"
    Nonfamily households,
        Estimate,"49,333"
        Margin of Error,"±34,769"
"Census Tract 2765, Los Angeles County, California",
    Households,
        Estimate,"91,667"
        Margin of Error,"±35,821"
    Families,
        Estimate,"144,559"
        Margin of Error,"±40,080"
    Married-couple families,
        Estimate,"148,906"
        Margin of Error,"±71,846"
    Nonfamily households,
        Estimate,"48,500"
        Margin of Error,"±24,373"
"Census Tract 2766.01, Los Angeles County, California",
    Households,
        Estimate,"138,929"
        Margin of Error,"±28,046"
    Families,
        Estimate,"157,944"
        Margin of Error,"±25,928"
    Married-couple families,
        Estimate,"161,146"
        Margin of Error,"±38,195"
    Nonfamily households,
        Estimate,"95,469"
        Margin of Error,"±36,370"
"Census Tract 2766.03, Los Angeles County, California",
    Households,
        Estimate,"90,375"
        Margin of Error,"±23,269"
    Families,
        Estimate,"78,173"
        Margin of Error,"±37,520"
    Married-couple families,
        Estimate,"103,077"
        Margin of Error,"±28,151"
    Nonfamily households,
        Estimate,"90,096"
        Margin of Error,"±24,833"
"Census Tract 2766.04, Los Angeles County, California",
    Households,
        Estimate,"93,525"
        Margin of Error,"±16,172"
    Families,
        Estimate,"97,306"
        Margin of Error,"±42,484"
    Married-couple families,
        Estimate,"149,676"
        Margin of Error,"±74,556"
    Nonfamily households,
        Estimate,"85,873"
        Margin of Error,"±24,987"
"Census Tract 2770, Los Angeles County, California",
    Households,
        Estimate,"137,961"
        Margin of Error,"±28,606"
    Families,
        Estimate,"162,670"
        Margin of Error,"±55,377"
    Married-couple families,
        Estimate,"200,798"
        Margin of Error,"±53,844"
    Nonfamily households,
        Estimate,"71,250"
        Margin of Error,"±26,204"
"Census Tract 2771, Los Angeles County, California",
    Households,
        Estimate,"124,219"
        Margin of Error,"±37,274"
    Families,
        Estimate,"131,875"
        Margin of Error,"±32,396"
    Married-couple families,
        Estimate,"150,859"
        Margin of Error,"±27,586"
    Nonfamily households,
        Estimate,"89,659"
        Margin of Error,"±40,223"
"Census Tract 2772, Los Angeles County, California",
    Households,
        Estimate,"60,179"
        Margin of Error,"±18,373"
    Families,
        Estimate,"77,885"
        Margin of Error,"±16,236"
    Married-couple families,
        Estimate,"105,156"
        Margin of Error,"±61,181"
    Nonfamily households,
        Estimate,"51,027"
        Margin of Error,"±9,470"
"Census Tract 2774, Los Angeles County, California",
    Households,
        Estimate,"43,264"
        Margin of Error,"±15,159"
    Families,
        Estimate,"56,304"
        Margin of Error,"±22,040"
    Married-couple families,
        Estimate,-
        Margin of Error,**
    Nonfamily households,
        Estimate,"16,908"
        Margin of Error,"±11,024"
"Census Tract 2780.01, Los Angeles County, California",
    Households,
        Estimate,"109,468"
        Margin of Error,"±18,995"
    Families,
        Estimate,"141,296"
        Margin of Error,"±13,309"
    Married-couple families,
        Estimate,"157,000"
        Margin of Error,"±32,371"
    Nonfamily households,
        Estimate,"40,795"
        Margin of Error,"±35,343"
"Census Tract 2781.02, Los Angeles County, California",
    Households,
        Estimate,"148,182"
        Margin of Error,"±36,646"
    Families,
        Estimate,"227,083"
        Margin of Error,"±33,859"
    Married-couple families,
        Estimate,"231,250"
        Margin of Error,"±28,884"
    Nonfamily households,
        Estimate,"113,661"
        Margin of Error,"±29,708"
"Census Tract 2911.10, Los Angeles County, California",
    Households,
        Estimate,"43,544"
        Margin of Error,"±6,470"
    Families,
        Estimate,"47,316"
        Margin of Error,"±9,656"
    Married-couple families,
        Estimate,"73,000"
        Margin of Error,"±14,358"
    Nonfamily households,
        Estimate,"23,147"
        Margin of Error,"±10,156"
"Census Tract 2911.20, Los Angeles County, California",
    Households,
        Estimate,"53,393"
        Margin of Error,"±10,719"
    Families,
        Estimate,"60,577"
        Margin of Error,"±8,091"
    Married-couple families,
        Estimate,"81,705"
        Margin of Error,"±12,930"
    Nonfamily households,
        Estimate,"45,577"
        Margin of Error,"±21,635"
"Census Tract 2911.30, Los Angeles County, California",
    Households,
        Estimate,"67,587"
        Margin of Error,"±4,868"
    Families,
        Estimate,"69,080"
        Margin of Error,"±4,293"
    Married-couple families,
        Estimate,"69,888"
        Margin of Error,"±16,533"
    Nonfamily households,
        Estimate,"19,118"
        Margin of Error,"±16,425"
"Census Tract 2912.10, Los Angeles County, California",
    Households,
        Estimate,"61,277"
        Margin of Error,"±7,815"
    Families,
        Estimate,"64,559"
        Margin of Error,"±14,132"
    Married-couple families,
        Estimate,"84,583"
        Margin of Error,"±15,626"
    Nonfamily households,
        Estimate,"25,066"
        Margin of Error,"±8,405"
"Census Tract 2912.20, Los Angeles County, California",
    Households,
        Estimate,"50,260"
        Margin of Error,"±10,443"
    Families,
        Estimate,"53,550"
        Margin of Error,"±11,514"
    Married-couple families,
        Estimate,"58,911"
        Margin of Error,"±9,473"
    Nonfamily households,
        Estimate,"22,188"
        Margin of Error,"±12,744"
"Census Tract 2913, Los Angeles County, California",
    Households,
        Estimate,"81,281"
        Margin of Error,"±11,317"
    Families,
        Estimate,"106,250"
        Margin of Error,"±14,648"
    Married-couple families,
        Estimate,"111,042"
        Margin of Error,"±28,889"
    Nonfamily households,
        Estimate,"43,266"
        Margin of Error,"±9,958"
"Census Tract 2920, Los Angeles County, California",
    Households,
        Estimate,"42,135"
        Margin of Error,"±9,442"
    Families,
        Estimate,"46,698"
        Margin of Error,"±17,219"
    Married-couple families,
        Estimate,"65,147"
        Margin of Error,"±20,544"
    Nonfamily households,
        Estimate,"37,188"
        Margin of Error,"±5,769"
"Census Tract 2932.01, Los Angeles County, California",
    Households,
        Estimate,"64,273"
        Margin of Error,"±9,764"
    Families,
        Estimate,"59,128"
        Margin of Error,"±10,167"
    Married-couple families,
        Estimate,"77,530"
        Margin of Error,"±19,082"
    Nonfamily households,
        Estimate,"71,125"
        Margin of Error,"±35,207"
"Census Tract 2932.02, Los Angeles County, California",
    Households,
        Estimate,"42,877"
        Margin of Error,"±5,817"
    Families,
        Estimate,"41,761"
        Margin of Error,"±8,867"
    Married-couple families,
        Estimate,"52,361"
        Margin of Error,"±15,844"
    Nonfamily households,
        Estimate,"41,000"
        Margin of Error,"±11,688"
"Census Tract 2933.01, Los Angeles County, California",
    Households,
        Estimate,"83,768"
        Margin of Error,"±6,317"
    Families,
        Estimate,"83,668"
        Margin of Error,"±7,665"
    Married-couple families,
        Estimate,"87,656"
        Margin of Error,"±16,628"
    Nonfamily households,
        Estimate,"82,614"
        Margin of Error,"±6,760"
"Census Tract 2933.02, Los Angeles County, California",
    Households,
        Estimate,"83,955"
        Margin of Error,"±13,064"
    Families,
        Estimate,"88,487"
        Margin of Error,"±17,845"
    Married-couple families,
        Estimate,"101,382"
        Margin of Error,"±12,287"
    Nonfamily households,
        Estimate,"62,917"
        Margin of Error,"±31,972"
"Census Tract 2933.04, Los Angeles County, California",
    Households,
        Estimate,"63,150"
        Margin of Error,"±5,813"
    Families,
        Estimate,"64,525"
        Margin of Error,"±6,058"
    Married-couple families,
        Estimate,"64,872"
        Margin of Error,"±10,371"
    Nonfamily households,
        Estimate,"48,472"
        Margin of Error,"±15,428"
"Census Tract 2933.06, Los Angeles County, California",
    Households,
        Estimate,"100,200"
        Margin of Error,"±10,905"
    Families,
        Estimate,"106,875"
        Margin of Error,"±20,649"
    Married-couple families,
        Estimate,"110,938"
        Margin of Error,"±25,109"
    Nonfamily households,
        Estimate,"49,250"
        Margin of Error,"±46,750"
"Census Tract 2933.07, Los Angeles County, California",
    Households,
        Estimate,"51,379"
        Margin of Error,"±10,293"
    Families,
        Estimate,"55,625"
        Margin of Error,"±12,256"
    Married-couple families,
        Estimate,"71,667"
        Margin of Error,"±25,664"
    Nonfamily households,
        Estimate,"42,321"
        Margin of Error,"±16,652"
"Census Tract 2941.10, Los Angeles County, California",
    Households,
        Estimate,"51,011"
        Margin of Error,"±12,130"
    Families,
        Estimate,"40,972"
        Margin of Error,"±15,470"
    Married-couple families,
        Estimate,"52,292"
        Margin of Error,"±44,660"
    Nonfamily households,
        Estimate,-
        Margin of Error,**
"Census Tract 2941.20, Los Angeles County, California",
    Households,
        Estimate,"57,159"
        Margin of Error,"±17,774"
    Families,
        Estimate,"56,477"
        Margin of Error,"±14,507"
    Married-couple families,
        Estimate,"70,313"
        Margin of Error,"±29,675"
    Nonfamily households,
        Estimate,"18,182"
        Margin of Error,"±14,476"
"Census Tract 2942, Los Angeles County, California",
    Households,
        Estimate,"70,272"
        Margin of Error,"±14,374"
    Families,
        Estimate,"73,824"
        Margin of Error,"±12,197"
    Married-couple families,
        Estimate,"84,018"
        Margin of Error,"±12,835"
    Nonfamily households,
        Estimate,"44,250"
        Margin of Error,"±27,178"
"Census Tract 2943.01, Los Angeles County, California",
    Households,
        Estimate,"65,870"
        Margin of Error,"±3,856"
    Families,
        Estimate,"65,852"
        Margin of Error,"±5,747"
    Married-couple families,
        Estimate,"71,250"
        Margin of Error,"±21,780"
    Nonfamily households,
        Estimate,"28,664"
        Margin of Error,"±26,329"
"Census Tract 2943.02, Los Angeles County, California",
    Households,
        Estimate,"55,313"
        Margin of Error,"±9,838"
    Families,
        Estimate,"58,967"
        Margin of Error,"±5,995"
    Married-couple families,
        Estimate,"64,276"
        Margin of Error,"±17,747"
    Nonfamily households,
        Estimate,"42,269"
        Margin of Error,"±12,414"
"Census Tract 2944.10, Los Angeles County, California",
    Households,
        Estimate,"50,926"
        Margin of Error,"±7,605"
    Families,
        Estimate,"52,404"
        Margin of Error,"±10,233"
    Married-couple families,
        Estimate,"74,853"
        Margin of Error,"±22,647"
    Nonfamily households,
        Estimate,"28,333"
        Margin of Error,"±21,324"
"Census Tract 2944.21, Los Angeles County, California",
    Households,
        Estimate,"47,917"
        Margin of Error,"±11,474"
    Families,
        Estimate,"43,464"
        Margin of Error,"±10,042"
    Married-couple families,
        Estimate,"56,071"
        Margin of Error,"±17,653"
    Nonfamily households,
        Estimate,"31,471"
        Margin of Error,"±19,389"
"Census Tract 2945.10, Los Angeles County, California",
    Households,
        Estimate,"49,979"
        Margin of Error,"±12,251"
    Families,
        Estimate,"55,259"
        Margin of Error,"±12,432"
    Married-couple families,
        Estimate,"52,422"
        Margin of Error,"±11,945"
    Nonfamily households,
        Estimate,-
        Margin of Error,**
"Census Tract 2945.20, Los Angeles County, California",
    Households,
        Estimate,"50,732"
        Margin of Error,"±8,313"
    Families,
        Estimate,"60,202"
        Margin of Error,"±18,535"
    Married-couple families,
        Estimate,"66,316"
        Margin of Error,"±10,115"
    Nonfamily households,
        Estimate,"26,076"
        Margin of Error,"±4,238"
"Census Tract 2946.10, Los Angeles County, California",
    Households,
        Estimate,"49,773"
        Margin of Error,"±12,527"
    Families,
        Estimate,"54,712"
        Margin of Error,"±24,750"
    Married-couple families,
        Estimate,"74,762"
        Margin of Error,"±18,069"
    Nonfamily households,
        Estimate,"25,179"
        Margin of Error,"±17,614"
"Census Tract 2946.20, Los Angeles County, California",
    Households,
        Estimate,"44,148"
        Margin of Error,"±9,985"
    Families,
        Estimate,"52,642"
        Margin of Error,"±13,273"
    Married-couple families,
        Estimate,"55,625"
        Margin of Error,"±16,147"
    Nonfamily households,
        Estimate,"26,111"
        Margin of Error,"±9,871"
"Census Tract 2947.01, Los Angeles County, California",
    Households,
        Estimate,"36,719"
        Margin of Error,"±8,139"
    Families,
        Estimate,"41,471"
        Margin of Error,"±6,235"
    Married-couple families,
        Estimate,"53,239"
        Margin of Error,"±4,196"
    Nonfamily households,
        Estimate,"20,750"
        Margin of Error,"±10,700"
"Census Tract 2948.10, Los Angeles County, California",
    Households,
        Estimate,"49,952"
        Margin of Error,"±7,387"
    Families,
        Estimate,"46,413"
        Margin of Error,"±6,167"
    Married-couple families,
        Estimate,"49,423"
        Margin of Error,"±10,750"
    Nonfamily households,
        Estimate,"32,614"
        Margin of Error,"±29,552"
"Census Tract 2948.20, Los Angeles County, California",
    Households,
        Estimate,"39,400"
        Margin of Error,"±4,907"
    Families,
        Estimate,"37,422"
        Margin of Error,"±5,444"
    Married-couple families,
        Estimate,"41,492"
        Margin of Error,"±4,745"
    Nonfamily households,
        Estimate,"22,083"
        Margin of Error,"±9,065"
"Census Tract 2948.30, Los Angeles County, California",
    Households,
        Estimate,"44,527"
        Margin of Error,"±9,512"
    Families,
        Estimate,"47,841"
        Margin of Error,"±11,683"
    Married-couple families,
        Estimate,"44,688"
        Margin of Error,"±10,816"
    Nonfamily households,
        Estimate,"26,806"
        Margin of Error,"±14,091"
"Census Tract 2949, Los Angeles County, California",
    Households,
        Estimate,"42,150"
        Margin of Error,"±8,633"
    Families,
        Estimate,"42,414"
        Margin of Error,"±9,102"
    Married-couple families,
        Estimate,"48,125"
        Margin of Error,"±11,642"
    Nonfamily households,
        Estimate,"12,039"
        Margin of Error,"±1,417"
"Census Tract 2951.03, Los Angeles County, California",
    Households,
        Estimate,"124,663"
        Margin of Error,"±11,563"
    Families,
        Estimate,"140,875"
        Margin of Error,"±26,896"
    Married-couple families,
        Estimate,"147,099"
        Margin of Error,"±17,089"
    Nonfamily households,
        Estimate,"67,667"
        Margin of Error,"±41,314"
"Census Tract 2962.10, Los Angeles County, California",
    Households,
        Estimate,"40,145"
        Margin of Error,"±10,696"
    Families,
        Estimate,"36,833"
        Margin of Error,"±10,426"
    Married-couple families,
        Estimate,"58,625"
        Margin of Error,"±18,769"
    Nonfamily households,
        Estimate,"30,938"
        Margin of Error,"±6,432"
"Census Tract 2962.20, Los Angeles County, California",
    Households,
        Estimate,"30,020"
        Margin of Error,"±6,288"
    Families,
        Estimate,"33,582"
        Margin of Error,"±10,056"
    Married-couple families,
        Estimate,"39,188"
        Margin of Error,"±26,645"
    Nonfamily households,
        Estimate,"16,689"
        Margin of Error,"±8,427"
"Census Tract 2963, Los Angeles County, California",
    Households,
        Estimate,"80,718"
        Margin of Error,"±7,216"
    Families,
        Estimate,"96,520"
        Margin of Error,"±21,639"
    Married-couple families,
        Estimate,"117,411"
        Margin of Error,"±16,610"
    Nonfamily households,
        Estimate,"69,637"
        Margin of Error,"±21,089"
"Census Tract 2964.01, Los Angeles County, California",
    Households,
        Estimate,"92,571"
        Margin of Error,"±16,671"
    Families,
        Estimate,"110,365"
        Margin of Error,"±27,915"
    Married-couple families,
        Estimate,"115,901"
        Margin of Error,"±8,216"
    Nonfamily households,
        Estimate,"58,875"
        Margin of Error,"±23,205"
"Census Tract 2964.02, Los Angeles County, California",
    Households,
        Estimate,"108,929"
        Margin of Error,"±31,174"
    Families,
        Estimate,"129,273"
        Margin of Error,"±16,059"
    Married-couple families,
        Estimate,"139,500"
        Margin of Error,"±8,778"
    Nonfamily households,
        Estimate,"42,841"
        Margin of Error,"±17,085"
"Census Tract 2965, Los Angeles County, California",
    Households,
        Estimate,"35,870"
        Margin of Error,"±9,920"
    Families,
        Estimate,"42,500"
        Margin of Error,"±11,976"
    Married-couple families,
        Estimate,"62,639"
        Margin of Error,"±48,610"
    Nonfamily households,
        Estimate,"26,607"
        Margin of Error,"±8,315"
"Census Tract 2966, Los Angeles County, California",
    Households,
        Estimate,"40,607"
        Margin of Error,"±6,242"
    Families,
        Estimate,"45,980"
        Margin of Error,"±7,585"
    Married-couple families,
        Estimate,"67,634"
        Margin of Error,"±23,334"
    Nonfamily households,
        Estimate,"30,050"
        Margin of Error,"±9,589"
"Census Tract 2969.01, Los Angeles County, California",
    Households,
        Estimate,"40,913"
        Margin of Error,"±11,667"
    Families,
        Estimate,"39,605"
        Margin of Error,"±13,356"
    Married-couple families,
        Estimate,"71,250"
        Margin of Error,"±25,154"
    Nonfamily households,
        Estimate,"37,679"
        Margin of Error,"±22,873"
"Census Tract 2969.02, Los Angeles County, California",
    Households,
        Estimate,"52,585"
        Margin of Error,"±7,645"
    Families,
        Estimate,"58,952"
        Margin of Error,"±12,021"
    Married-couple families,
        Estimate,"72,650"
        Margin of Error,"±28,145"
    Nonfamily households,
        Estimate,"36,800"
        Margin of Error,"±9,917"
"Census Tract 2970, Los Angeles County, California",
    Households,
        Estimate,"110,699"
        Margin of Error,"±26,855"
    Families,
        Estimate,"141,250"
        Margin of Error,"±21,424"
    Married-couple families,
        Estimate,"144,423"
        Margin of Error,"±15,709"
    Nonfamily households,
        Estimate,"61,591"
        Margin of Error,"±21,363"
"Census Tract 2971.10, Los Angeles County, California",
    Households,
        Estimate,"40,000"
        Margin of Error,"±7,158"
    Families,
        Estimate,"44,907"
        Margin of Error,"±14,231"
    Married-couple families,
        Estimate,"54,719"
        Margin of Error,"±20,740"
    Nonfamily households,
        Estimate,"29,306"
        Margin of Error,"±21,059"
"Census Tract 2971.20, Los Angeles County, California",
    Households,
        Estimate,"49,229"
        Margin of Error,"±11,003"
    Families,
        Estimate,"61,071"
        Margin of Error,"±32,528"
    Married-couple families,
        Estimate,"80,375"
        Margin of Error,"±48,753"
    Nonfamily households,
        Estimate,"41,103"
        Margin of Error,"±7,454"
"Census Tract 2972.01, Los Angeles County, California",
    Households,
        Estimate,"60,574"
        Margin of Error,"±9,221"
    Families,
        Estimate,"61,182"
        Margin of Error,"±15,556"
    Married-couple families,
        Estimate,"79,519"
        Margin of Error,"±24,625"
    Nonfamily households,
        Estimate,"50,250"
        Margin of Error,"±29,025"
"Census Tract 2972.02, Los Angeles County, California",
    Households,
        Estimate,"70,767"
        Margin of Error,"±8,092"
    Families,
        Estimate,"97,222"
        Margin of Error,"±27,672"
    Married-couple families,
        Estimate,"111,250"
        Margin of Error,"±33,362"
    Nonfamily households,
        Estimate,"48,520"
        Margin of Error,"±10,046"
"Census Tract 2973, Los Angeles County, California",
    Households,
        Estimate,"102,143"
        Margin of Error,"±28,917"
    Families,
        Estimate,"105,417"
        Margin of Error,"±33,735"
    Married-couple families,
        Estimate,"125,500"
        Margin of Error,"±37,550"
    Nonfamily households,
        Estimate,"76,000"
        Margin of Error,"±46,609"
"Census Tract 2974, Los Angeles County, California",
    Households,
        Estimate,"82,955"
        Margin of Error,"±22,552"
    Families,
        Estimate,"118,500"
        Margin of Error,"±15,808"
    Married-couple families,
        Estimate,"119,875"
        Margin of Error,"±16,137"
    Nonfamily households,
        Estimate,"52,600"
        Margin of Error,"±7,092"
"Census Tract 2975, Los Angeles County, California",
    Households,
        Estimate,"88,229"
        Margin of Error,"±25,724"
    Families,
        Estimate,"125,042"
        Margin of Error,"±36,957"
    Married-couple families,
        Estimate,"151,250"
        Margin of Error,"±26,737"
    Nonfamily households,
        Estimate,"63,125"
        Margin of Error,"±15,991"
"Census Tract 2976.01, Los Angeles County, California",
    Households,
        Estimate,"55,246"
        Margin of Error,"±9,057"
    Families,
        Estimate,"60,875"
        Margin of Error,"±28,157"
    Married-couple families,
        Estimate,"77,885"
        Margin of Error,"±40,347"
    Nonfamily households,
        Estimate,"37,955"
        Margin of Error,"±17,648"
"Census Tract 2976.02, Los Angeles County, California",
    Households,
        Estimate,"64,873"
        Margin of Error,"±16,551"
    Families,
        Estimate,"103,438"
        Margin of Error,"±23,022"
    Married-couple families,
        Estimate,"111,513"
        Margin of Error,"±9,906"
    Nonfamily households,
        Estimate,"42,107"
        Margin of Error,"±24,010"
"Census Tract 3001, Los Angeles County, California",
    Households,
        Estimate,"139,458"
        Margin of Error,"±8,789"
    Families,
        Estimate,"144,543"
        Margin of Error,"±11,381"
    Married-couple families,
        Estimate,"150,000"
        Margin of Error,"±17,813"
    Nonfamily households,
        Estimate,"37,778"
        Margin of Error,"±12,901"
"Census Tract 3002, Los Angeles County, California",
    Households,
        Estimate,"103,209"
        Margin of Error,"±19,789"
    Families,
        Estimate,"120,409"
        Margin of Error,"±15,051"
    Married-couple families,
        Estimate,"130,857"
        Margin of Error,"±13,268"
    Nonfamily households,
        Estimate,"33,015"
        Margin of Error,"±19,538"
"Census Tract 3003.01, Los Angeles County, California",
    Households,
        Estimate,"114,890"
        Margin of Error,"±14,786"
    Families,
        Estimate,"125,372"
        Margin of Error,"±16,187"
    Married-couple families,
        Estimate,"133,295"
        Margin of Error,"±14,046"
    Nonfamily households,
        Estimate,"103,087"
        Margin of Error,"±38,290"
"Census Tract 3004, Los Angeles County, California",
    Households,
        Estimate,"97,083"
        Margin of Error,"±27,454"
    Families,
        Estimate,"111,298"
        Margin of Error,"±30,694"
    Married-couple families,
        Estimate,"115,761"
        Margin of Error,"±29,798"
    Nonfamily households,
        Estimate,"67,153"
        Margin of Error,"±37,807"
"Census Tract 3005.01, Los Angeles County, California",
    Households,
        Estimate,"110,792"
        Margin of Error,"±14,757"
    Families,
        Estimate,"115,417"
        Margin of Error,"±17,626"
    Married-couple families,
        Estimate,"126,076"
        Margin of Error,"±12,546"
    Nonfamily households,
        Estimate,"95,455"
        Margin of Error,"±83,703"
"Census Tract 3005.02, Los Angeles County, California",
    Households,
        Estimate,"67,407"
        Margin of Error,"±8,423"
    Families,
        Estimate,"97,583"
        Margin of Error,"±25,048"
    Married-couple families,
        Estimate,"98,750"
        Margin of Error,"±21,801"
    Nonfamily households,
        Estimate,"41,739"
        Margin of Error,"±8,270"
"Census Tract 3006, Los Angeles County, California",
    Households,
        Estimate,"69,107"
        Margin of Error,"±11,290"
    Families,
        Estimate,"86,250"
        Margin of Error,"±20,383"
    Married-couple families,
        Estimate,"111,549"
        Margin of Error,"±26,784"
    Nonfamily households,
        Estimate,"32,204"
        Margin of Error,"±22,426"
"Census Tract 3007.01, Los Angeles County, California",
    Households,
        Estimate,"129,025"
        Margin of Error,"±18,897"
    Families,
        Estimate,"142,007"
        Margin of Error,"±12,964"
    Married-couple families,
        Estimate,"144,853"
        Margin of Error,"±38,142"
    Nonfamily households,
        Estimate,"84,141"
        Margin of Error,"±19,972"
"Census Tract 3007.02, Los Angeles County, California",
    Households,
        Estimate,"112,802"
        Margin of Error,"±16,329"
    Families,
        Estimate,"124,650"
        Margin of Error,"±46,358"
    Married-couple families,
        Estimate,"124,000"
        Margin of Error,"±60,471"
    Nonfamily households,
        Estimate,"49,509"
        Margin of Error,"±28,623"
"Census Tract 3008, Los Angeles County, California",
    Households,
        Estimate,"96,157"
        Margin of Error,"±15,092"
    Families,
        Estimate,"112,250"
        Margin of Error,"±32,646"
    Married-couple families,
        Estimate,"135,167"
        Margin of Error,"±32,832"
    Nonfamily households,
        Estimate,"48,175"
        Margin of Error,"±11,133"
"Census Tract 3009.01, Los Angeles County, California",
    Households,
        Estimate,"149,707"
        Margin of Error,"±26,319"
    Families,
        Estimate,"175,288"
        Margin of Error,"±46,440"
    Married-couple families,
        Estimate,"178,929"
        Margin of Error,"±47,762"
    Nonfamily households,
        Estimate,"87,350"
        Margin of Error,"±34,096"
"Census Tract 3009.02, Los Angeles County, California",
    Households,
        Estimate,"136,708"
        Margin of Error,"±10,930"
    Families,
        Estimate,"144,500"
        Margin of Error,"±11,526"
    Married-couple families,
        Estimate,"144,250"
        Margin of Error,"±15,414"
    Nonfamily households,
        Estimate,"62,679"
        Margin of Error,"±44,124"
"Census Tract 3010, Los Angeles County, California",
    Households,
        Estimate,"68,967"
        Margin of Error,"±16,510"
    Families,
        Estimate,"81,120"
        Margin of Error,"±19,354"
    Married-couple families,
        Estimate,"97,545"
        Margin of Error,"±17,495"
    Nonfamily households,
        Estimate,"41,296"
        Margin of Error,"±21,867"
"Census Tract 3011, Los Angeles County, California",
    Households,
        Estimate,"74,303"
        Margin of Error,"±9,929"
    Families,
        Estimate,"97,780"
        Margin of Error,"±30,196"
    Married-couple families,
        Estimate,"129,637"
        Margin of Error,"±36,940"
    Nonfamily households,
        Estimate,"55,938"
        Margin of Error,"±28,174"
"Census Tract 3012.03, Los Angeles County, California",
    Households,
        Estimate,"66,563"
        Margin of Error,"±12,075"
    Families,
        Estimate,"78,536"
        Margin of Error,"±18,925"
    Married-couple families,
        Estimate,"95,948"
        Margin of Error,"±21,966"
    Nonfamily households,
        Estimate,"45,156"
        Margin of Error,"±22,067"
"Census Tract 3012.04, Los Angeles County, California",
    Households,
        Estimate,"58,497"
        Margin of Error,"±19,558"
    Families,
        Estimate,"85,761"
        Margin of Error,"±51,689"
    Married-couple families,
        Estimate,"100,581"
        Margin of Error,"±26,537"
    Nonfamily households,
        Estimate,"32,113"
        Margin of Error,"±23,212"
"Census Tract 3012.05, Los Angeles County, California",
    Households,
        Estimate,"107,159"
        Margin of Error,"±21,178"
    Families,
        Estimate,"112,500"
        Margin of Error,"±8,617"
    Married-couple families,
        Estimate,"115,536"
        Margin of Error,"±7,930"
    Nonfamily households,
        Estimate,"53,750"
        Margin of Error,"±35,980"
"Census Tract 3012.06, Los Angeles County, California",
    Households,
        Estimate,"63,715"
        Margin of Error,"±14,822"
    Families,
        Estimate,"77,926"
        Margin of Error,"±17,727"
    Married-couple families,
        Estimate,"79,858"
        Margin of Error,"±18,503"
    Nonfamily households,
        Estimate,"32,419"
        Margin of Error,"±21,001"
"Census Tract 3013, Los Angeles County, California",
    Households,
        Estimate,"119,107"
        Margin of Error,"±14,336"
    Families,
        Estimate,"173,929"
        Margin of Error,"±27,400"
    Married-couple families,
        Estimate,"192,841"
        Margin of Error,"±53,956"
    Nonfamily households,
        Estimate,"53,636"
        Margin of Error,"±8,329"
"Census Tract 3014, Los Angeles County, California",
    Households,
        Estimate,"150,489"
        Margin of Error,"±46,423"
    Families,
        Estimate,"180,353"
        Margin of Error,"±37,204"
    Married-couple families,
        Estimate,"180,469"
        Margin of Error,"±48,337"
    Nonfamily households,
        Estimate,"100,921"
        Margin of Error,"±7,260"
"Census Tract 3015.01, Los Angeles County, California",
    Households,
        Estimate,"94,375"
        Margin of Error,"±16,765"
    Families,
        Estimate,"96,875"
        Margin of Error,"±30,240"
    Married-couple families,
        Estimate,"96,250"
        Margin of Error,"±37,099"
    Nonfamily households,
        Estimate,-
        Margin of Error,**
"Census Tract 3015.02, Los Angeles County, California",
    Households,
        Estimate,"50,205"
        Margin of Error,"±6,307"
    Families,
        Estimate,"52,783"
        Margin of Error,"±9,680"
    Married-couple families,
        Estimate,"51,667"
        Margin of Error,"±16,849"
    Nonfamily households,
        Estimate,"30,388"
        Margin of Error,"±20,729"
"Census Tract 3016.01, Los Angeles County, California",
    Households,
        Estimate,"39,053"
        Margin of Error,"±16,175"
    Families,
        Estimate,"42,199"
        Margin of Error,"±11,247"
    Married-couple families,
        Estimate,"42,235"
        Margin of Error,"±29,813"
    Nonfamily households,
        Estimate,"21,676"
        Margin of Error,"±21,467"
"Census Tract 3016.02, Los Angeles County, California",
    Households,
        Estimate,"65,947"
        Margin of Error,"±8,431"
    Families,
        Estimate,"80,268"
        Margin of Error,"±14,605"
    Married-couple families,
        Estimate,"87,934"
        Margin of Error,"±11,348"
    Nonfamily households,
        Estimate,"44,671"
        Margin of Error,"±24,038"
"Census Tract 3017.01, Los Angeles County, California",
    Households,
        Estimate,"84,688"
        Margin of Error,"±14,822"
    Families,
        Estimate,"103,594"
        Margin of Error,"±35,297"
    Married-couple families,
        Estimate,"127,534"
        Margin of Error,"±28,311"
    Nonfamily households,
        Estimate,"51,685"
        Margin of Error,"±38,933"
"Census Tract 3017.02, Los Angeles County, California",
    Households,
        Estimate,"56,571"
        Margin of Error,"±11,227"
    Families,
        Estimate,"63,771"
        Margin of Error,"±8,487"
    Married-couple families,
        Estimate,"63,966"
        Margin of Error,"±12,804"
    Nonfamily households,
        Estimate,-
        Margin of Error,**
"Census Tract 3018.01, Los Angeles County, California",
    Households,
        Estimate,"58,779"
        Margin of Error,"±9,971"
    Families,
        Estimate,"66,328"
        Margin of Error,"±14,769"
    Married-couple families,
        Estimate,"74,792"
        Margin of Error,"±21,075"
    Nonfamily households,
        Estimate,"47,969"
        Margin of Error,"±10,835"
"Census Tract 3018.02, Los Angeles County, California",
    Households,
        Estimate,"63,328"
        Margin of Error,"±7,566"
    Families,
        Estimate,"70,363"
        Margin of Error,"±15,996"
    Married-couple families,
        Estimate,"69,891"
        Margin of Error,"±16,879"
    Nonfamily households,
        Estimate,"50,294"
        Margin of Error,"±16,693"
"Census Tract 3019, Los Angeles County, California",
    Households,
        Estimate,"66,061"
        Margin of Error,"±9,841"
    Families,
        Estimate,"72,333"
        Margin of Error,"±20,397"
    Married-couple families,
        Estimate,"67,531"
        Margin of Error,"±21,225"
    Nonfamily households,
        Estimate,"39,904"
        Margin of Error,"±24,682"
"Census Tract 3020.02, Los Angeles County, California",
    Households,
        Estimate,"49,417"
        Margin of Error,"±7,955"
    Families,
        Estimate,"54,806"
        Margin of Error,"±13,647"
    Married-couple families,
        Estimate,"57,361"
        Margin of Error,"±29,204"
    Nonfamily households,
        Estimate,"39,280"
        Margin of Error,"±12,863"
"Census Tract 3020.03, Los Angeles County, California",
    Households,
        Estimate,"55,305"
        Margin of Error,"±17,660"
    Families,
        Estimate,"77,292"
        Margin of Error,"±39,349"
    Married-couple families,
        Estimate,"84,595"
        Margin of Error,"±23,083"
    Nonfamily households,
        Estimate,-
        Margin of Error,**
"Census Tract 3020.04, Los Angeles County, California",
    Households,
        Estimate,"50,875"
        Margin of Error,"±29,330"
    Families,
        Estimate,"66,339"
        Margin of Error,"±8,708"
    Married-couple families,
        Estimate,"64,324"
        Margin of Error,"±15,877"
    Nonfamily households,
        Estimate,"18,382"
        Margin of Error,"±11,832"
"Census Tract 3021.02, Los Angeles County, California",
    Households,
        Estimate,"76,602"
        Margin of Error,"±11,075"
    Families,
        Estimate,"107,569"
        Margin of Error,"±34,018"
    Married-couple families,
        Estimate,"118,692"
        Margin of Error,"±37,422"
    Nonfamily households,
        Estimate,"41,042"
        Margin of Error,"±19,911"
"Census Tract 3021.03, Los Angeles County, California",
    Households,
        Estimate,"42,461"
        Margin of Error,"±12,895"
    Families,
        Estimate,"57,944"
        Margin of Error,"±14,137"
    Married-couple families,
        Estimate,"44,087"
        Margin of Error,"±12,825"
    Nonfamily households,
        Estimate,"22,770"
        Margin of Error,"±11,531"
"Census Tract 3021.04, Los Angeles County, California",
    Households,
        Estimate,"61,005"
        Margin of Error,"±11,832"
    Families,
        Estimate,"61,453"
        Margin of Error,"±12,562"
    Married-couple families,
        Estimate,"84,107"
        Margin of Error,"±18,634"
    Nonfamily households,
        Estimate,"56,429"
        Margin of Error,"±20,240"
"Census Tract 3022.01, Los Angeles County, California",
    Households,
        Estimate,"24,851"
        Margin of Error,"±2,525"
    Families,
        Estimate,"30,417"
        Margin of Error,"±20,736"
    Married-couple families,
        Estimate,"38,472"
        Margin of Error,"±31,438"
    Nonfamily households,
        Estimate,"12,482"
        Margin of Error,"±3,379"
"Census Tract 3022.02, Los Angeles County, California",
    Households,
        Estimate,"45,156"
        Margin of Error,"±6,108"
    Families,
        Estimate,"50,282"
        Margin of Error,"±7,715"
    Married-couple families,
        Estimate,"49,375"
        Margin of Error,"±9,676"
    Nonfamily households,
        Estimate,"17,929"
        Margin of Error,"±7,489"
"Census Tract 3023.01, Los Angeles County, California",
    Households,
        Estimate,"55,795"
        Margin of Error,"±16,926"
    Families,
        Estimate,"51,629"
        Margin of Error,"±12,248"
    Married-couple families,
        Estimate,"54,408"
        Margin of Error,"±35,422"
    Nonfamily households,
        Estimate,"66,111"
        Margin of Error,"±17,371"
"Census Tract 3023.02, Los Angeles County, California",
    Households,
        Estimate,"52,763"
        Margin of Error,"±6,633"
    Families,
        Estimate,"56,366"
        Margin of Error,"±6,466"
    Married-couple families,
        Estimate,"60,714"
        Margin of Error,"±8,071"
    Nonfamily households,
        Estimate,"41,433"
        Margin of Error,"±10,966"
"Census Tract 3024.01, Los Angeles County, California",
    Households,
        Estimate,"41,300"
        Margin of Error,"±15,770"
    Families,
        Estimate,"38,321"
        Margin of Error,"±17,459"
    Married-couple families,
        Estimate,"41,711"
        Margin of Error,"±39,078"
    Nonfamily households,
        Estimate,"48,698"
        Margin of Error,"±27,912"
"Census Tract 3025.03, Los Angeles County, California",
    Households,
        Estimate,"41,016"
        Margin of Error,"±13,205"
    Families,
        Estimate,"42,566"
        Margin of Error,"±15,768"
    Married-couple families,
        Estimate,"41,528"
        Margin of Error,"±36,577"
    Nonfamily households,
        Estimate,-
        Margin of Error,**
"Census Tract 3025.04, Los Angeles County, California",
    Households,
        Estimate,"38,468"
        Margin of Error,"±6,094"
    Families,
        Estimate,"40,825"
        Margin of Error,"±6,016"
    Married-couple families,
        Estimate,"44,535"
        Margin of Error,"±8,592"
    Nonfamily households,
        Estimate,"27,109"
        Margin of Error,"±12,434"
"Census Tract 3025.05, Los Angeles County, California",
    Households,
        Estimate,"35,269"
        Margin of Error,"±7,756"
    Families,
        Estimate,"46,328"
        Margin of Error,"±3,139"
    Married-couple families,
        Estimate,"44,695"
        Margin of Error,"±10,200"
    Nonfamily households,
        Estimate,"16,806"
        Margin of Error,"±8,205"
"Census Tract 3025.06, Los Angeles County, California",
    Households,
        Estimate,"61,283"
        Margin of Error,"±5,425"
    Families,
        Estimate,"59,938"
        Margin of Error,"±16,065"
    Married-couple families,
        Estimate,"63,125"
        Margin of Error,"±19,907"
    Nonfamily households,
        Estimate,"62,216"
        Margin of Error,"±18,892"
"Census Tract 3101, Los Angeles County, California",
    Households,
        Estimate,"136,000"
        Margin of Error,"±39,226"
    Families,
        Estimate,"160,521"
        Margin of Error,"±28,395"
    Married-couple families,
        Estimate,"161,729"
        Margin of Error,"±19,007"
    Nonfamily households,
        Estimate,"46,853"
        Margin of Error,"±38,508"
"Census Tract 3102.01, Los Angeles County, California",
    Households,
        Estimate,"75,324"
        Margin of Error,"±14,056"
    Families,
        Estimate,"95,344"
        Margin of Error,"±15,244"
    Married-couple families,
        Estimate,"96,484"
        Margin of Error,"±30,408"
    Nonfamily households,
        Estimate,"55,972"
        Margin of Error,"±20,229"
"Census Tract 3102.02, Los Angeles County, California",
    Households,
        Estimate,"74,375"
        Margin of Error,"±5,698"
    Families,
        Estimate,"83,729"
        Margin of Error,"±12,303"
    Married-couple families,
        Estimate,"84,573"
        Margin of Error,"±20,792"
    Nonfamily households,
        Estimate,"53,177"
        Margin of Error,"±12,112"
"Census Tract 3103, Los Angeles County, California",
    Households,
        Estimate,"151,364"
        Margin of Error,"±26,432"
    Families,
        Estimate,"170,417"
        Margin of Error,"±11,354"
    Married-couple families,
        Estimate,"171,808"
        Margin of Error,"±21,029"
    Nonfamily households,
        Estimate,"64,570"
        Margin of Error,"±25,380"
"Census Tract 3104, Los Angeles County, California",
    Households,
        Estimate,"92,955"
        Margin of Error,"±34,089"
    Families,
        Estimate,"130,474"
        Margin of Error,"±42,472"
    Married-couple families,
        Estimate,"138,720"
        Margin of Error,"±12,580"
    Nonfamily households,
        Estimate,"39,743"
        Margin of Error,"±10,900"
"Census Tract 3105.01, Los Angeles County, California",
    Households,
        Estimate,"61,906"
        Margin of Error,"±10,332"
    Families,
        Estimate,"59,464"
        Margin of Error,"±7,884"
    Married-couple families,
        Estimate,"75,114"
        Margin of Error,"±12,917"
    Nonfamily households,
        Estimate,"62,778"
        Margin of Error,"±21,227"
"Census Tract 3106.01, Los Angeles County, California",
    Households,
        Estimate,"69,277"
        Margin of Error,"±9,956"
    Families,
        Estimate,"77,476"
        Margin of Error,"±12,174"
    Married-couple families,
        Estimate,"82,833"
        Margin of Error,"±13,674"
    Nonfamily households,
        Estimate,"43,487"
        Margin of Error,"±23,727"
"Census Tract 3106.02, Los Angeles County, California",
    Households,
        Estimate,"86,806"
        Margin of Error,"±14,491"
    Families,
        Estimate,"96,384"
        Margin of Error,"±14,618"
    Married-couple families,
        Estimate,"100,787"
        Margin of Error,"±17,144"
    Nonfamily households,
        Estimate,"73,571"
        Margin of Error,"±25,468"
"Census Tract 3107.01, Los Angeles County, California",
    Households,
        Estimate,"30,371"
        Margin of Error,"±9,990"
    Families,
        Estimate,"57,656"
        Margin of Error,"±19,423"
    Married-couple families,
        Estimate,"61,250"
        Margin of Error,"±34,574"
    Nonfamily households,
        Estimate,"12,158"
        Margin of Error,"±3,689"
"Census Tract 3107.02, Los Angeles County, California",
    Households,
        Estimate,"45,632"
        Margin of Error,"±7,624"
    Families,
        Estimate,"56,447"
        Margin of Error,"±11,293"
    Married-couple families,
        Estimate,"59,408"
        Margin of Error,"±20,351"
    Nonfamily households,
        Estimate,"38,406"
        Margin of Error,"±15,766"
"Census Tract 3107.03, Los Angeles County, California",
    Households,
        Estimate,"42,344"
        Margin of Error,"±14,186"
    Families,
        Estimate,"45,938"
        Margin of Error,"±16,890"
    Married-couple families,
        Estimate,"58,750"
        Margin of Error,"±22,464"
    Nonfamily households,
        Estimate,"30,859"
        Margin of Error,"±16,543"
"Census Tract 3108, Los Angeles County, California",
    Households,
        Estimate,"66,429"
        Margin of Error,"±21,884"
    Families,
        Estimate,"104,731"
        Margin of Error,"±19,999"
    Married-couple families,
        Estimate,"121,429"
        Margin of Error,"±20,130"
    Nonfamily households,
        Estimate,"27,500"
        Margin of Error,"±7,952"
"Census Tract 3109, Los Angeles County, California",
    Households,
        Estimate,"81,536"
        Margin of Error,"±11,475"
    Families,
        Estimate,"102,589"
        Margin of Error,"±29,037"
    Married-couple families,
        Estimate,"127,841"
        Margin of Error,"±23,020"
    Nonfamily households,
        Estimate,"54,667"
        Margin of Error,"±19,336"
"Census Tract 3110, Los Angeles County, California",
    Households,
        Estimate,"104,875"
        Margin of Error,"±11,586"
    Families,
        Estimate,"124,886"
        Margin of Error,"±10,213"
    Married-couple families,
        Estimate,"128,429"
        Margin of Error,"±15,960"
    Nonfamily households,
        Estimate,"45,691"
        Margin of Error,"±11,860"
"Census Tract 3111, Los Angeles County, California",
    Households,
        Estimate,"106,321"
        Margin of Error,"±21,215"
    Families,
        Estimate,"117,670"
        Margin of Error,"±13,407"
    Married-couple families,
        Estimate,"130,391"
        Margin of Error,"±14,263"
    Nonfamily households,
        Estimate,"50,714"
        Margin of Error,"±33,690"
"Census Tract 3112, Los Angeles County, California",
    Households,
        Estimate,"77,147"
        Margin of Error,"±8,327"
    Families,
        Estimate,"81,507"
        Margin of Error,"±11,510"
    Married-couple families,
        Estimate,"92,813"
        Margin of Error,"±38,726"
    Nonfamily households,
        Estimate,"71,125"
        Margin of Error,"±34,820"
"Census Tract 3113, Los Angeles County, California",
    Households,
        Estimate,"97,931"
        Margin of Error,"±11,425"
    Families,
        Estimate,"108,911"
        Margin of Error,"±18,716"
    Married-couple families,
        Estimate,"136,667"
        Margin of Error,"±42,155"
    Nonfamily households,
        Estimate,"72,465"
        Margin of Error,"±21,078"
"Census Tract 3114, Los Angeles County, California",
    Households,
        Estimate,"105,000"
        Margin of Error,"±23,813"
    Families,
        Estimate,"151,250"
        Margin of Error,"±25,668"
    Married-couple families,
        Estimate,"147,500"
        Margin of Error,"±41,130"
    Nonfamily households,
        Estimate,"77,143"
        Margin of Error,"±19,910"
"Census Tract 3115, Los Angeles County, California",
    Households,
        Estimate,"93,125"
        Margin of Error,"±14,906"
    Families,
        Estimate,"127,974"
        Margin of Error,"±22,498"
    Married-couple families,
        Estimate,"142,813"
        Margin of Error,"±28,937"
    Nonfamily households,
        Estimate,"54,161"
        Margin of Error,"±11,258"
"Census Tract 3116, Los Angeles County, California",
    Households,
        Estimate,"71,528"
        Margin of Error,"±13,656"
    Families,
        Estimate,"118,472"
        Margin of Error,"±17,474"
    Married-couple families,
        Estimate,"120,438"
        Margin of Error,"±30,601"
    Nonfamily households,
        Estimate,"47,908"
        Margin of Error,"±12,508"
"Census Tract 3117, Los Angeles County, California",
    Households,
        Estimate,"93,750"
        Margin of Error,"±13,255"
    Families,
        Estimate,"121,006"
        Margin of Error,"±15,730"
    Married-couple families,
        Estimate,"130,278"
        Margin of Error,"±24,880"
    Nonfamily households,
        Estimate,"67,868"
        Margin of Error,"±30,119"
"Census Tract 3118.01, Los Angeles County, California",
    Households,
        Estimate,"63,041"
        Margin of Error,"±10,650"
    Families,
        Estimate,"80,673"
        Margin of Error,"±31,607"
    Married-couple families,
        Estimate,"100,511"
        Margin of Error,"±32,677"
    Nonfamily households,
        Estimate,"51,563"
        Margin of Error,"±6,391"
"Census Tract 3118.02, Los Angeles County, California",
    Households,
        Estimate,"72,992"
        Margin of Error,"±8,616"
    Families,
        Estimate,"73,798"
        Margin of Error,"±11,995"
    Married-couple families,
        Estimate,"89,063"
        Margin of Error,"±19,256"
    Nonfamily households,
        Estimate,"69,028"
        Margin of Error,"±16,050"
"Census Tract 3200, Los Angeles County, California",
    Households,
        Estimate,-
        Margin of Error,**
    Families,
        Estimate,-
        Margin of Error,**
    Married-couple families,
        Estimate,-
        Margin of Error,**
    Nonfamily households,
        Estimate,-
        Margin of Error,**
"Census Tract 3201, Los Angeles County, California",
    Households,
        Estimate,"72,438"
        Margin of Error,"±11,862"
    Families,
        Estimate,"70,957"
        Margin of Error,"±9,540"
    Married-couple families,
        Estimate,"84,375"
        Margin of Error,"±15,662"
    Nonfamily households,
        Estimate,-
        Margin of Error,**
"Census Tract 3202.01, Los Angeles County, California",
    Households,
        Estimate,"35,205"
        Margin of Error,"±5,132"
    Families,
        Estimate,"41,192"
        Margin of Error,"±7,081"
    Married-couple families,
        Estimate,"43,634"
        Margin of Error,"±14,495"
    Nonfamily households,
        Estimate,"17,527"
        Margin of Error,"±6,114"
"Census Tract 3202.02, Los Angeles County, California",
    Households,
        Estimate,"77,386"
        Margin of Error,"±22,746"
    Families,
        Estimate,"87,390"
        Margin of Error,"±21,639"
    Married-couple families,
        Estimate,"99,274"
        Margin of Error,"±14,864"
    Nonfamily households,
        Estimate,"41,023"
        Margin of Error,"±27,843"
"Census Tract 3203, Los Angeles County, California",
    Households,
        Estimate,"52,532"
        Margin of Error,"±11,332"
    Families,
        Estimate,"69,844"
        Margin of Error,"±17,305"
    Married-couple families,
        Estimate,"71,779"
        Margin of Error,"±14,011"
    Nonfamily households,
        Estimate,"30,500"
        Margin of Error,"±8,236"
"Census Tract 4002.04, Los Angeles County, California",
    Households,
        Estimate,"117,073"
        Margin of Error,"±11,213"
    Families,
        Estimate,"128,878"
        Margin of Error,"±16,077"
    Married-couple families,
        Estimate,"134,958"
        Margin of Error,"±17,461"
    Nonfamily households,
        Estimate,"72,813"
        Margin of Error,"±35,958"
"Census Tract 4002.05, Los Angeles County, California",
    Households,
        Estimate,"201,250"
        Margin of Error,"±57,491"
    Families,
        Estimate,"230,313"
        Margin of Error,"±63,498"
    Married-couple families,
        Estimate,"214,688"
        Margin of Error,"±67,458"
    Nonfamily households,
        Estimate,"84,231"
        Margin of Error,"±45,030"
"Census Tract 4002.06, Los Angeles County, California",
    Households,
        Estimate,"133,715"
        Margin of Error,"±13,670"
    Families,
        Estimate,"135,863"
        Margin of Error,"±8,364"
    Married-couple families,
        Estimate,"139,261"
        Margin of Error,"±10,799"
    Nonfamily households,
        Estimate,"78,438"
        Margin of Error,"±33,461"
"Census Tract 4002.07, Los Angeles County, California",
    Households,
        Estimate,"136,500"
        Margin of Error,"±10,035"
    Families,
        Estimate,"139,830"
        Margin of Error,"±15,043"
    Married-couple families,
        Estimate,"153,472"
        Margin of Error,"±24,915"
    Nonfamily households,
        Estimate,"71,313"
        Margin of Error,"±29,167"
"Census Tract 4003.02, Los Angeles County, California",
    Households,
        Estimate,"81,853"
        Margin of Error,"±16,481"
    Families,
        Estimate,"90,478"
        Margin of Error,"±13,185"
    Married-couple families,
        Estimate,"92,353"
        Margin of Error,"±17,667"
    Nonfamily households,
        Estimate,"45,357"
        Margin of Error,"±36,706"
"Census Tract 4003.04, Los Angeles County, California",
    Households,
        Estimate,"74,453"
        Margin of Error,"±5,793"
    Families,
        Estimate,"87,275"
        Margin of Error,"±15,915"
    Married-couple families,
        Estimate,"97,813"
        Margin of Error,"±20,349"
    Nonfamily households,
        Estimate,"43,516"
        Margin of Error,"±24,519"
"Census Tract 4004.02, Los Angeles County, California",
    Households,
        Estimate,"99,107"
        Margin of Error,"±20,065"
    Families,
        Estimate,"118,882"
        Margin of Error,"±24,212"
    Married-couple families,
        Estimate,"148,654"
        Margin of Error,"±13,541"
    Nonfamily households,
        Estimate,"35,764"
        Margin of Error,"±6,140"
"Census Tract 4004.03, Los Angeles County, California",
    Households,
        Estimate,"106,875"
        Margin of Error,"±13,573"
    Families,
        Estimate,"118,889"
        Margin of Error,"±11,781"
    Married-couple families,
        Estimate,"121,534"
        Margin of Error,"±18,553"
    Nonfamily households,
        Estimate,"43,611"
        Margin of Error,"±20,240"
"Census Tract 4004.04, Los Angeles County, California",
    Households,
        Estimate,"135,038"
        Margin of Error,"±13,387"
    Families,
        Estimate,"136,402"
        Margin of Error,"±11,368"
    Married-couple families,
        Estimate,"139,600"
        Margin of Error,"±12,885"
    Nonfamily households,
        Estimate,"116,875"
        Margin of Error,"±22,906"
"Census Tract 4005.01, Los Angeles County, California",
    Households,
        Estimate,"145,417"
        Margin of Error,"±45,490"
    Families,
        Estimate,"171,786"
        Margin of Error,"±43,135"
    Married-couple families,
        Estimate,"182,031"
        Margin of Error,"±53,660"
    Nonfamily households,
        Estimate,-
        Margin of Error,**
"Census Tract 4006.02, Los Angeles County, California",
    Households,
        Estimate,"75,722"
        Margin of Error,"±6,271"
    Families,
        Estimate,"78,288"
        Margin of Error,"±4,205"
    Married-couple families,
        Estimate,"85,875"
        Margin of Error,"±7,411"
    Nonfamily households,
        Estimate,"58,750"
        Margin of Error,"±6,271"
"Census Tract 4006.03, Los Angeles County, California",
    Households,
        Estimate,"80,729"
        Margin of Error,"±9,566"
    Families,
        Estimate,"81,556"
        Margin of Error,"±17,401"
    Married-couple families,
        Estimate,"95,804"
        Margin of Error,"±11,775"
    Nonfamily households,
        Estimate,"63,264"
        Margin of Error,"±24,364"
"Census Tract 4006.04, Los Angeles County, California",
    Households,
        Estimate,"100,556"
        Margin of Error,"±17,277"
    Families,
        Estimate,"106,563"
        Margin of Error,"±22,334"
    Married-couple families,
        Estimate,"140,234"
        Margin of Error,"±53,770"
    Nonfamily households,
        Estimate,"75,625"
        Margin of Error,"±17,225"
"Census Tract 4008, Los Angeles County, California",
    Households,
        Estimate,"86,897"
        Margin of Error,"±10,749"
    Families,
        Estimate,"100,329"
        Margin of Error,"±14,738"
    Married-couple families,
        Estimate,"105,000"
        Margin of Error,"±21,732"
    Nonfamily households,
        Estimate,"63,036"
        Margin of Error,"±27,295"
"Census Tract 4009, Los Angeles County, California",
    Households,
        Estimate,"102,758"
        Margin of Error,"±10,757"
    Families,
        Estimate,"109,922"
        Margin of Error,"±22,312"
    Married-couple families,
        Estimate,"126,500"
        Margin of Error,"±24,621"
    Nonfamily households,
        Estimate,"64,500"
        Margin of Error,"±16,288"
"Census Tract 4010.01, Los Angeles County, California",
    Households,
        Estimate,"117,260"
        Margin of Error,"±10,966"
    Families,
        Estimate,"125,250"
        Margin of Error,"±20,697"
    Married-couple families,
        Estimate,"136,949"
        Margin of Error,"±14,212"
    Nonfamily households,
        Estimate,"51,250"
        Margin of Error,"±22,335"
"Census Tract 4010.02, Los Angeles County, California",
    Households,
        Estimate,"68,676"
        Margin of Error,"±32,662"
    Families,
        Estimate,"111,071"
        Margin of Error,"±13,823"
    Married-couple families,
        Estimate,"118,846"
        Margin of Error,"±14,673"
    Nonfamily households,
        Estimate,"33,333"
        Margin of Error,"±16,255"
"Census Tract 4011.01, Los Angeles County, California",
    Households,
        Estimate,"69,719"
        Margin of Error,"±12,416"
    Families,
        Estimate,"81,630"
        Margin of Error,"±23,212"
    Married-couple families,
        Estimate,"86,968"
        Margin of Error,"±20,447"
    Nonfamily households,
        Estimate,"45,264"
        Margin of Error,"±20,237"
"Census Tract 4011.02, Los Angeles County, California",
    Households,
        Estimate,"79,539"
        Margin of Error,"±16,890"
    Families,
        Estimate,"72,922"
        Margin of Error,"±11,829"
    Married-couple families,
        Estimate,"89,667"
        Margin of Error,"±11,019"
    Nonfamily households,
        Estimate,-
        Margin of Error,**
"Census Tract 4012.01, Los Angeles County, California",
    Households,
        Estimate,"113,194"
        Margin of Error,"±18,780"
    Families,
        Estimate,"130,114"
        Margin of Error,"±27,892"
    Married-couple families,
        Estimate,"140,278"
        Margin of Error,"±18,607"
    Nonfamily households,
        Estimate,"64,286"
        Margin of Error,"±41,989"
"Census Tract 4012.02, Los Angeles County, California",
    Households,
        Estimate,"95,046"
        Margin of Error,"±17,875"
    Families,
        Estimate,"105,492"
        Margin of Error,"±11,294"
    Married-couple families,
        Estimate,"107,791"
        Margin of Error,"±8,737"
    Nonfamily households,
        Estimate,"50,250"
        Margin of Error,"±30,500"
"Census Tract 4012.03, Los Angeles County, California",
    Households,
        Estimate,"84,063"
        Margin of Error,"±19,786"
    Families,
        Estimate,"98,214"
        Margin of Error,"±18,071"
    Married-couple families,
        Estimate,"106,957"
        Margin of Error,"±8,637"
    Nonfamily households,
        Estimate,"52,566"
        Margin of Error,"±45,146"
"Census Tract 4013.03, Los Angeles County, California",
    Households,
        Estimate,"107,938"
        Margin of Error,"±15,676"
    Families,
        Estimate,"125,625"
        Margin of Error,"±21,698"
    Married-couple families,
        Estimate,"150,000"
        Margin of Error,"±25,284"
    Nonfamily households,
        Estimate,"43,750"
        Margin of Error,"±37,441"
"Census Tract 4013.04, Los Angeles County, California",
    Households,
        Estimate,"132,026"
        Margin of Error,"±4,290"
    Families,
        Estimate,"147,559"
        Margin of Error,"±13,583"
    Married-couple families,
        Estimate,"148,477"
        Margin of Error,"±11,337"
    Nonfamily households,
        Estimate,"40,917"
        Margin of Error,"±27,056"
"Census Tract 4013.11, Los Angeles County, California",
    Households,
        Estimate,"80,811"
        Margin of Error,"±17,339"
    Families,
        Estimate,"91,148"
        Margin of Error,"±13,509"
    Married-couple families,
        Estimate,"97,522"
        Margin of Error,"±17,771"
    Nonfamily households,
        Estimate,"64,079"
        Margin of Error,"±18,327"
"Census Tract 4013.12, Los Angeles County, California",
    Households,
        Estimate,"74,219"
        Margin of Error,"±11,475"
    Families,
        Estimate,"115,000"
        Margin of Error,"±38,617"
    Married-couple families,
        Estimate,"126,304"
        Margin of Error,"±8,362"
    Nonfamily households,
        Estimate,"24,398"
        Margin of Error,"±13,273"
"Census Tract 4015, Los Angeles County, California",
    Households,
        Estimate,"78,000"
        Margin of Error,"±8,146"
    Families,
        Estimate,"82,887"
        Margin of Error,"±9,849"
    Married-couple families,
        Estimate,"108,224"
        Margin of Error,"±32,938"
    Nonfamily households,
        Estimate,"25,492"
        Margin of Error,"±11,113"
"Census Tract 4016.01, Los Angeles County, California",
    Households,
        Estimate,"75,964"
        Margin of Error,"±7,191"
    Families,
        Estimate,"95,525"
        Margin of Error,"±26,183"
    Married-couple families,
        Estimate,"109,647"
        Margin of Error,"±74,849"
    Nonfamily households,
        Estimate,"36,413"
        Margin of Error,"±17,577"
"Census Tract 4016.02, Los Angeles County, California",
    Households,
        Estimate,"67,034"
        Margin of Error,"±10,074"
    Families,
        Estimate,"82,835"
        Margin of Error,"±16,728"
    Married-couple families,
        Estimate,"118,929"
        Margin of Error,"±20,659"
    Nonfamily households,
        Estimate,"37,162"
        Margin of Error,"±11,255"
"Census Tract 4016.03, Los Angeles County, California",
    Households,
        Estimate,"63,611"
        Margin of Error,"±5,540"
    Families,
        Estimate,"89,850"
        Margin of Error,"±22,422"
    Married-couple families,
        Estimate,"95,694"
        Margin of Error,"±20,294"
    Nonfamily households,
        Estimate,"39,821"
        Margin of Error,"±16,729"
"Census Tract 4017.01, Los Angeles County, California",
    Households,
        Estimate,"86,856"
        Margin of Error,"±28,298"
    Families,
        Estimate,"113,800"
        Margin of Error,"±19,974"
    Married-couple families,
        Estimate,"136,875"
        Margin of Error,"±30,092"
    Nonfamily households,
        Estimate,"23,078"
        Margin of Error,"±2,770"
"Census Tract 4017.03, Los Angeles County, California",
    Households,
        Estimate,"70,642"
        Margin of Error,"±16,216"
    Families,
        Estimate,"81,125"
        Margin of Error,"±13,118"
    Married-couple families,
        Estimate,"94,091"
        Margin of Error,"±21,198"
    Nonfamily households,
        Estimate,"36,538"
        Margin of Error,"±24,708"
"Census Tract 4017.04, Los Angeles County, California",
    Households,
        Estimate,"59,513"
        Margin of Error,"±20,809"
    Families,
        Estimate,"65,978"
        Margin of Error,"±15,773"
    Married-couple families,
        Estimate,"77,138"
        Margin of Error,"±18,292"
    Nonfamily households,
        Estimate,"44,688"
        Margin of Error,"±17,201"
"Census Tract 4018, Los Angeles County, California",
    Households,
        Estimate,"104,643"
        Margin of Error,"±13,806"
    Families,
        Estimate,"127,441"
        Margin of Error,"±14,819"
    Married-couple families,
        Estimate,"144,271"
        Margin of Error,"±24,101"
    Nonfamily households,
        Estimate,"54,648"
        Margin of Error,"±20,152"
"Census Tract 4019.01, Los Angeles County, California",
    Households,
        Estimate,"79,327"
        Margin of Error,"±23,962"
    Families,
        Estimate,"102,054"
        Margin of Error,"±47,438"
    Married-couple families,
        Estimate,"102,054"
        Margin of Error,"±47,438"
    Nonfamily households,
        Estimate,"64,808"
        Margin of Error,"±22,620"
"Census Tract 4019.02, Los Angeles County, California",
    Households,
        Estimate,"96,466"
        Margin of Error,"±17,793"
    Families,
        Estimate,"145,777"
        Margin of Error,"±18,064"
    Married-couple families,
        Estimate,"145,034"
        Margin of Error,"±19,753"
    Nonfamily households,
        Estimate,"62,250"
        Margin of Error,"±17,397"
"Census Tract 4020.01, Los Angeles County, California",
    Households,
        Estimate,"83,409"
        Margin of Error,"±33,341"
    Families,
        Estimate,"84,545"
        Margin of Error,"±25,528"
    Married-couple families,
        Estimate,"88,897"
        Margin of Error,"±24,858"
    Nonfamily households,
        Estimate,"58,393"
        Margin of Error,"±52,357"
"Census Tract 4020.02, Los Angeles County, California",
    Households,
        Estimate,"55,946"
        Margin of Error,"±8,466"
    Families,
        Estimate,"66,250"
        Margin of Error,"±16,284"
    Married-couple families,
        Estimate,"105,278"
        Margin of Error,"±53,322"
    Nonfamily households,
        Estimate,"29,375"
        Margin of Error,"±9,411"
"Census Tract 4021.01, Los Angeles County, California",
    Households,
        Estimate,"77,026"
        Margin of Error,"±8,105"
    Families,
        Estimate,"76,800"
        Margin of Error,"±6,034"
    Married-couple families,
        Estimate,"75,647"
        Margin of Error,"±8,942"
    Nonfamily households,
        Estimate,-
        Margin of Error,**
"Census Tract 4021.02, Los Angeles County, California",
    Households,
        Estimate,"76,500"
        Margin of Error,"±11,459"
    Families,
        Estimate,"75,719"
        Margin of Error,"±11,088"
    Married-couple families,
        Estimate,"89,301"
        Margin of Error,"±14,346"
    Nonfamily households,
        Estimate,"51,250"
        Margin of Error,"±24,482"
"Census Tract 4022, Los Angeles County, California",
    Households,
        Estimate,"85,963"
        Margin of Error,"±5,444"
    Families,
        Estimate,"89,457"
        Margin of Error,"±8,720"
    Married-couple families,
        Estimate,"103,361"
        Margin of Error,"±8,373"
    Nonfamily households,
        Estimate,"59,609"
        Margin of Error,"±42,109"
"Census Tract 4023.01, Los Angeles County, California",
    Households,
        Estimate,"55,565"
        Margin of Error,"±7,613"
    Families,
        Estimate,"54,461"
        Margin of Error,"±6,421"
    Married-couple families,
        Estimate,"55,833"
        Margin of Error,"±19,478"
    Nonfamily households,
        Estimate,-
        Margin of Error,**
"Census Tract 4023.03, Los Angeles County, California",
    Households,
        Estimate,"50,625"
        Margin of Error,"±5,560"
    Families,
        Estimate,"50,795"
        Margin of Error,"±5,379"
    Married-couple families,
        Estimate,"68,618"
        Margin of Error,"±27,780"
    Nonfamily households,
        Estimate,"24,432"
        Margin of Error,"±24,233"
"Census Tract 4023.04, Los Angeles County, California",
    Households,
        Estimate,"39,427"
        Margin of Error,"±4,618"
    Families,
        Estimate,"43,125"
        Margin of Error,"±7,283"
    Married-couple families,
        Estimate,"48,500"
        Margin of Error,"±13,988"
    Nonfamily households,
        Estimate,"20,833"
        Margin of Error,"±14,898"
"Census Tract 4024.02, Los Angeles County, California",
    Households,
        Estimate,"57,650"
        Margin of Error,"±12,549"
    Families,
        Estimate,"61,442"
        Margin of Error,"±26,654"
    Married-couple families,
        Estimate,"85,893"
        Margin of Error,"±45,243"
    Nonfamily households,
        Estimate,"45,446"
        Margin of Error,"±22,869"
"Census Tract 4024.03, Los Angeles County, California",
    Households,
        Estimate,"74,592"
        Margin of Error,"±6,486"
    Families,
        Estimate,"74,293"
        Margin of Error,"±6,001"
    Married-couple families,
        Estimate,"90,804"
        Margin of Error,"±13,480"
    Nonfamily households,
        Estimate,-
        Margin of Error,**
"Census Tract 4024.04, Los Angeles County, California",
    Households,
        Estimate,-
        Margin of Error,**
    Families,
        Estimate,-
        Margin of Error,**
    Married-couple families,
        Estimate,-
        Margin of Error,**
    Nonfamily households,
        Estimate,-
        Margin of Error,**
"Census Tract 4024.05, Los Angeles County, California",
    Households,
        Estimate,"55,000"
        Margin of Error,"±11,400"
    Families,
        Estimate,"54,107"
        Margin of Error,"±12,209"
    Married-couple families,
        Estimate,"53,482"
        Margin of Error,"±12,475"
    Nonfamily households,
        Estimate,"52,000"
        Margin of Error,"±36,492"
"Census Tract 4024.06, Los Angeles County, California",
    Households,
        Estimate,"49,679"
        Margin of Error,"±20,738"
    Families,
        Estimate,"46,947"
        Margin of Error,"±7,674"
    Married-couple families,
        Estimate,"49,071"
        Margin of Error,"±23,516"
    Nonfamily households,
        Estimate,"65,365"
        Margin of Error,"±41,051"
"Census Tract 4025.01, Los Angeles County, California",
    Households,
        Estimate,"40,542"
        Margin of Error,"±5,696"
    Families,
        Estimate,"40,990"
        Margin of Error,"±6,769"
    Married-couple families,
        Estimate,"51,250"
        Margin of Error,"±13,287"
    Nonfamily households,
        Estimate,"23,877"
        Margin of Error,"±4,487"
"Census Tract 4025.02, Los Angeles County, California",
    Households,
        Estimate,"45,432"
        Margin of Error,"±8,096"
    Families,
        Estimate,"44,969"
        Margin of Error,"±6,233"
    Married-couple families,
        Estimate,"55,601"
        Margin of Error,"±8,900"
    Nonfamily households,
        Estimate,"23,705"
        Margin of Error,"±12,163"
"Census Tract 4026, Los Angeles County, California",
    Households,
        Estimate,"54,727"
        Margin of Error,"±9,371"
    Families,
        Estimate,"61,100"
        Margin of Error,"±13,598"
    Married-couple families,
        Estimate,"89,044"
        Margin of Error,"±29,756"
    Nonfamily households,
        Estimate,"37,939"
        Margin of Error,"±14,707"
"Census Tract 4027.02, Los Angeles County, California",
    Households,
        Estimate,"34,095"
        Margin of Error,"±7,638"
    Families,
        Estimate,"31,835"
        Margin of Error,"±6,916"
    Married-couple families,
        Estimate,"47,633"
        Margin of Error,"±19,010"
    Nonfamily households,
        Estimate,"30,238"
        Margin of Error,"±3,114"
"Census Tract 4027.03, Los Angeles County, California",
    Households,
        Estimate,"70,091"
        Margin of Error,"±10,105"
    Families,
        Estimate,"71,250"
        Margin of Error,"±14,508"
    Married-couple families,
        Estimate,"90,938"
        Margin of Error,"±22,328"
    Nonfamily households,
        Estimate,"51,607"
        Margin of Error,"±10,002"
"Census Tract 4027.05, Los Angeles County, California",
    Households,
        Estimate,"80,000"
        Margin of Error,"±10,036"
    Families,
        Estimate,"77,222"
        Margin of Error,"±7,573"
    Married-couple families,
        Estimate,"80,750"
        Margin of Error,"±10,870"
    Nonfamily households,
        Estimate,"90,000"
        Margin of Error,"±69,397"
"Census Tract 4027.06, Los Angeles County, California",
    Households,
        Estimate,"69,875"
        Margin of Error,"±9,977"
    Families,
        Estimate,"68,375"
        Margin of Error,"±8,031"
    Married-couple families,
        Estimate,"76,250"
        Margin of Error,"±17,163"
    Nonfamily households,
        Estimate,"59,375"
        Margin of Error,"±47,559"
"Census Tract 4028.01, Los Angeles County, California",
    Households,
        Estimate,"45,313"
        Margin of Error,"±6,938"
    Families,
        Estimate,"43,140"
        Margin of Error,"±3,435"
    Married-couple families,
        Estimate,"44,840"
        Margin of Error,"±18,873"
    Nonfamily households,
        Estimate,"33,071"
        Margin of Error,"±17,716"
"Census Tract 4028.03, Los Angeles County, California",
    Households,
        Estimate,"48,090"
        Margin of Error,"±10,063"
    Families,
        Estimate,"48,242"
        Margin of Error,"±7,970"
    Married-couple families,
        Estimate,"62,981"
        Margin of Error,"±24,299"
    Nonfamily households,
        Estimate,-
        Margin of Error,**
"Census Tract 4028.04, Los Angeles County, California",
    Households,
        Estimate,"54,063"
        Margin of Error,"±8,533"
    Families,
        Estimate,"49,800"
        Margin of Error,"±7,604"
    Married-couple families,
        Estimate,"51,328"
        Margin of Error,"±11,049"
    Nonfamily households,
        Estimate,"49,559"
        Margin of Error,"±22,416"
"Census Tract 4029.02, Los Angeles County, California",
    Households,
        Estimate,"64,583"
        Margin of Error,"±14,116"
    Families,
        Estimate,"67,159"
        Margin of Error,"±12,852"
    Married-couple families,
        Estimate,"67,917"
        Margin of Error,"±14,328"
    Nonfamily households,
        Estimate,"26,958"
        Margin of Error,"±13,738"
"Census Tract 4029.03, Los Angeles County, California",
    Households,
        Estimate,"56,667"
        Margin of Error,"±12,963"
    Families,
        Estimate,"53,938"
        Margin of Error,"±12,212"
    Married-couple families,
        Estimate,"56,750"
        Margin of Error,"±24,810"
    Nonfamily households,
        Estimate,"17,438"
        Margin of Error,"±16,201"
"Census Tract 4029.04, Los Angeles County, California",
    Households,
        Estimate,"71,637"
        Margin of Error,"±6,808"
    Families,
        Estimate,"65,588"
        Margin of Error,"±7,761"
    Married-couple families,
        Estimate,"71,328"
        Margin of Error,"±15,633"
    Nonfamily households,
        Estimate,"47,750"
        Margin of Error,"±30,203"
"Census Tract 4030, Los Angeles County, California",
    Households,
        Estimate,"62,300"
        Margin of Error,"±10,990"
    Families,
        Estimate,"59,882"
        Margin of Error,"±5,452"
    Married-couple families,
        Estimate,"61,900"
        Margin of Error,"±11,763"
    Nonfamily households,
        Estimate,"50,469"
        Margin of Error,"±8,599"
"Census Tract 4032, Los Angeles County, California",
    Households,
        Estimate,-
        Margin of Error,**
    Families,
        Estimate,-
        Margin of Error,**
    Married-couple families,
        Estimate,-
        Margin of Error,**
    Nonfamily households,
        Estimate,-
        Margin of Error,**
"Census Tract 4033.03, Los Angeles County, California",
    Households,
        Estimate,"77,083"
        Margin of Error,"±18,915"
    Families,
        Estimate,"86,875"
        Margin of Error,"±23,588"
    Married-couple families,
        Estimate,"108,482"
        Margin of Error,"±21,911"
    Nonfamily households,
        Estimate,"40,000"
        Margin of Error,"±16,799"
"Census Tract 4033.04, Los Angeles County, California",
    Households,
        Estimate,"106,188"
        Margin of Error,"±10,980"
    Families,
        Estimate,"112,308"
        Margin of Error,"±13,490"
    Married-couple families,
        Estimate,"128,250"
        Margin of Error,"±26,566"
    Nonfamily households,
        Estimate,"54,803"
        Margin of Error,"±18,801"
"Census Tract 4033.05, Los Angeles County, California",
    Households,
        Estimate,"106,758"
        Margin of Error,"±18,438"
    Families,
        Estimate,"115,432"
        Margin of Error,"±14,016"
    Married-couple families,
        Estimate,"116,614"
        Margin of Error,"±5,313"
    Nonfamily households,
        Estimate,"57,083"
        Margin of Error,"±21,121"
"Census Tract 4033.12, Los Angeles County, California",
    Households,
        Estimate,"77,813"
        Margin of Error,"±15,995"
    Families,
        Estimate,"79,583"
        Margin of Error,"±23,333"
    Married-couple families,
        Estimate,"99,141"
        Margin of Error,"±11,540"
    Nonfamily households,
        Estimate,"56,154"
        Margin of Error,"±33,370"
"Census Tract 4033.16, Los Angeles County, California",
    Households,
        Estimate,"84,976"
        Margin of Error,"±12,109"
    Families,
        Estimate,"97,784"
        Margin of Error,"±12,941"
    Married-couple families,
        Estimate,"113,944"
        Margin of Error,"±21,928"
    Nonfamily households,
        Estimate,"35,729"
        Margin of Error,"±33,358"
"Census Tract 4033.17, Los Angeles County, California",
    Households,
        Estimate,"107,208"
        Margin of Error,"±23,461"
    Families,
        Estimate,"122,917"
        Margin of Error,"±23,443"
    Married-couple families,
        Estimate,"136,161"
        Margin of Error,"±24,812"
    Nonfamily households,
        Estimate,"73,938"
        Margin of Error,"±16,716"
"Census Tract 4033.18, Los Angeles County, California",
    Households,
        Estimate,"92,935"
        Margin of Error,"±10,524"
    Families,
        Estimate,"102,054"
        Margin of Error,"±15,830"
    Married-couple families,
        Estimate,"116,065"
        Margin of Error,"±13,303"
    Nonfamily households,
        Estimate,"63,029"
        Margin of Error,"±37,521"
"Census Tract 4033.19, Los Angeles County, California",
    Households,
        Estimate,"79,750"
        Margin of Error,"±17,433"
    Families,
        Estimate,"94,815"
        Margin of Error,"±17,832"
    Married-couple families,
        Estimate,"105,861"
        Margin of Error,"±12,410"
    Nonfamily households,
        Estimate,"60,441"
        Margin of Error,"±12,935"
"Census Tract 4033.20, Los Angeles County, California",
    Households,
        Estimate,"114,063"
        Margin of Error,"±15,686"
    Families,
        Estimate,"119,886"
        Margin of Error,"±19,314"
    Married-couple families,
        Estimate,"130,573"
        Margin of Error,"±19,961"
    Nonfamily households,
        Estimate,"74,886"
        Margin of Error,"±60,447"
"Census Tract 4033.21, Los Angeles County, California",
    Households,
        Estimate,"102,188"
        Margin of Error,"±7,718"
    Families,
        Estimate,"111,875"
        Margin of Error,"±11,605"
    Married-couple families,
        Estimate,"113,782"
        Margin of Error,"±16,346"
    Nonfamily households,
        Estimate,"40,893"
        Margin of Error,"±19,707"
"Census Tract 4033.22, Los Angeles County, California",
    Households,
        Estimate,"108,822"
        Margin of Error,"±15,399"
    Families,
        Estimate,"120,804"
        Margin of Error,"±25,175"
    Married-couple families,
        Estimate,"127,321"
        Margin of Error,"±28,448"
    Nonfamily households,
        Estimate,"52,188"
        Margin of Error,"±36,530"
"Census Tract 4033.23, Los Angeles County, California",
    Households,
        Estimate,"90,902"
        Margin of Error,"±9,673"
    Families,
        Estimate,"91,762"
        Margin of Error,"±8,398"
    Married-couple families,
        Estimate,"103,438"
        Margin of Error,"±14,558"
    Nonfamily households,
        Estimate,"80,000"
        Margin of Error,"±26,203"
"Census Tract 4033.24, Los Angeles County, California",
    Households,
        Estimate,"106,642"
        Margin of Error,"±23,011"
    Families,
        Estimate,"120,221"
        Margin of Error,"±27,119"
    Married-couple families,
        Estimate,"126,308"
        Margin of Error,"±18,179"
    Nonfamily households,
        Estimate,"64,390"
        Margin of Error,"±48,044"
"Census Tract 4033.25, Los Angeles County, California",
    Households,
        Estimate,"118,481"
        Margin of Error,"±16,163"
    Families,
        Estimate,"133,173"
        Margin of Error,"±25,998"
    Married-couple families,
        Estimate,"137,823"
        Margin of Error,"±27,264"
    Nonfamily households,
        Estimate,-
        Margin of Error,**
"Census Tract 4034.01, Los Angeles County, California",
    Households,
        Estimate,"106,477"
        Margin of Error,"±31,143"
    Families,
        Estimate,"115,625"
        Margin of Error,"±31,953"
    Married-couple families,
        Estimate,"112,361"
        Margin of Error,"±33,487"
    Nonfamily households,
        Estimate,"71,917"
        Margin of Error,"±36,061"
"Census Tract 4034.02, Los Angeles County, California",
    Households,
        Estimate,"84,906"
        Margin of Error,"±7,290"
    Families,
        Estimate,"93,625"
        Margin of Error,"±22,634"
    Married-couple families,
        Estimate,"123,542"
        Margin of Error,"±16,555"
    Nonfamily households,
        Estimate,"61,500"
        Margin of Error,"±35,048"
"Census Tract 4034.03, Los Angeles County, California",
    Households,
        Estimate,"136,094"
        Margin of Error,"±21,131"
    Families,
        Estimate,"139,375"
        Margin of Error,"±18,076"
    Married-couple families,
        Estimate,"166,029"
        Margin of Error,"±40,957"
    Nonfamily households,
        Estimate,"107,802"
        Margin of Error,"±47,081"
"Census Tract 4034.04, Los Angeles County, California",
    Households,
        Estimate,"95,625"
        Margin of Error,"±24,734"
    Families,
        Estimate,"114,297"
        Margin of Error,"±23,654"
    Married-couple families,
        Estimate,"124,375"
        Margin of Error,"±20,421"
    Nonfamily households,
        Estimate,"41,985"
        Margin of Error,"±11,314"
"Census Tract 4034.05, Los Angeles County, California",
    Households,
        Estimate,"134,688"
        Margin of Error,"±23,967"
    Families,
        Estimate,"145,688"
        Margin of Error,"±29,929"
    Married-couple families,
        Estimate,"156,607"
        Margin of Error,"±16,195"
    Nonfamily households,
        Estimate,-
        Margin of Error,**
"Census Tract 4034.06, Los Angeles County, California",
    Households,
        Estimate,"85,417"
        Margin of Error,"±18,738"
    Families,
        Estimate,"98,214"
        Margin of Error,"±29,234"
    Married-couple families,
        Estimate,"119,375"
        Margin of Error,"±6,714"
    Nonfamily households,
        Estimate,-
        Margin of Error,**
"Census Tract 4034.07, Los Angeles County, California",
    Households,
        Estimate,"143,889"
        Margin of Error,"±11,455"
    Families,
        Estimate,"143,750"
        Margin of Error,"±11,342"
    Married-couple families,
        Estimate,"151,583"
        Margin of Error,"±20,102"
    Nonfamily households,
        Estimate,-
        Margin of Error,**
"Census Tract 4034.08, Los Angeles County, California",
    Households,
        Estimate,"102,292"
        Margin of Error,"±13,563"
    Families,
        Estimate,"107,522"
        Margin of Error,"±15,227"
    Married-couple families,
        Estimate,"113,679"
        Margin of Error,"±13,234"
    Nonfamily households,
        Estimate,"57,250"
        Margin of Error,"±45,626"
"Census Tract 4035, Los Angeles County, California",
    Households,
        Estimate,"106,250"
        Margin of Error,"±30,890"
    Families,
        Estimate,"118,125"
        Margin of Error,"±29,157"
    Married-couple families,
        Estimate,"131,042"
        Margin of Error,"±26,535"
    Nonfamily households,
        Estimate,"21,705"
        Margin of Error,"±21,000"
"Census Tract 4036, Los Angeles County, California",
    Households,
        Estimate,"76,635"
        Margin of Error,"±20,398"
    Families,
        Estimate,"71,875"
        Margin of Error,"±34,310"
    Married-couple families,
        Estimate,"98,243"
        Margin of Error,"±27,430"
    Nonfamily households,
        Estimate,"63,600"
        Margin of Error,"±20,199"
"Census Tract 4037.02, Los Angeles County, California",
    Households,
        Estimate,"103,438"
        Margin of Error,"±27,180"
    Families,
        Estimate,"110,114"
        Margin of Error,"±34,443"
    Married-couple families,
        Estimate,"106,607"
        Margin of Error,"±62,790"
    Nonfamily households,
        Estimate,"46,563"
        Margin of Error,"±45,793"
"Census Tract 4037.03, Los Angeles County, California",
    Households,
        Estimate,"85,977"
        Margin of Error,"±19,779"
    Families,
        Estimate,"103,910"
        Margin of Error,"±18,300"
    Married-couple families,
        Estimate,"128,393"
        Margin of Error,"±25,107"
    Nonfamily households,
        Estimate,"31,607"
        Margin of Error,"±15,611"
"Census Tract 4037.21, Los Angeles County, California",
    Households,
        Estimate,"64,628"
        Margin of Error,"±18,169"
    Families,
        Estimate,"85,658"
        Margin of Error,"±17,536"
    Married-couple families,
        Estimate,"117,500"
        Margin of Error,"±16,769"
    Nonfamily households,
        Estimate,"31,800"
        Margin of Error,"±12,091"
"Census Tract 4037.22, Los Angeles County, California",
    Households,
        Estimate,"57,377"
        Margin of Error,"±3,487"
    Families,
        Estimate,"57,294"
        Margin of Error,"±2,853"
    Married-couple families,
        Estimate,"66,528"
        Margin of Error,"±16,785"
    Nonfamily households,
        Estimate,"35,682"
        Margin of Error,"±12,489"
"Census Tract 4038.01, Los Angeles County, California",
    Households,
        Estimate,"73,250"
        Margin of Error,"±9,994"
    Families,
        Estimate,"78,281"
        Margin of Error,"±10,214"
    Married-couple families,
        Estimate,"92,955"
        Margin of Error,"±18,168"
    Nonfamily households,
        Estimate,"54,792"
        Margin of Error,"±11,930"
"Census Tract 4038.02, Los Angeles County, California",
    Households,
        Estimate,"71,591"
        Margin of Error,"±8,953"
    Families,
        Estimate,"79,180"
        Margin of Error,"±13,519"
    Married-couple families,
        Estimate,"100,200"
        Margin of Error,"±12,309"
    Nonfamily households,
        Estimate,"42,778"
        Margin of Error,"±16,947"
"Census Tract 4039.01, Los Angeles County, California",
    Households,
        Estimate,"83,750"
        Margin of Error,"±12,529"
    Families,
        Estimate,"85,987"
        Margin of Error,"±13,167"
    Married-couple families,
        Estimate,"98,000"
        Margin of Error,"±22,876"
    Nonfamily households,
        Estimate,"41,000"
        Margin of Error,"±21,595"
"Census Tract 4039.02, Los Angeles County, California",
    Households,
        Estimate,"88,611"
        Margin of Error,"±19,271"
    Families,
        Estimate,"100,112"
        Margin of Error,"±13,333"
    Married-couple families,
        Estimate,"103,625"
        Margin of Error,"±8,140"
    Nonfamily households,
        Estimate,"49,375"
        Margin of Error,"±33,364"
"Census Tract 4040, Los Angeles County, California",
    Households,
        Estimate,"84,519"
        Margin of Error,"±10,283"
    Families,
        Estimate,"93,092"
        Margin of Error,"±18,824"
    Married-couple families,
        Estimate,"111,739"
        Margin of Error,"±13,237"
    Nonfamily households,
        Estimate,-
        Margin of Error,**
"Census Tract 4041, Los Angeles County, California",
    Households,
        Estimate,"64,643"
        Margin of Error,"±10,558"
    Families,
        Estimate,"61,889"
        Margin of Error,"±5,859"
    Married-couple families,
        Estimate,"61,154"
        Margin of Error,"±18,061"
    Nonfamily households,
        Estimate,"32,303"
        Margin of Error,"±19,940"
"Census Tract 4042.01, Los Angeles County, California",
    Households,
        Estimate,"54,896"
        Margin of Error,"±11,849"
    Families,
        Estimate,"51,944"
        Margin of Error,"±14,188"
    Married-couple families,
        Estimate,"68,684"
        Margin of Error,"±24,682"
    Nonfamily households,
        Estimate,"63,603"
        Margin of Error,"±26,477"
"Census Tract 4042.02, Los Angeles County, California",
    Households,
        Estimate,"68,537"
        Margin of Error,"±4,814"
    Families,
        Estimate,"68,586"
        Margin of Error,"±4,466"
    Married-couple families,
        Estimate,"73,750"
        Margin of Error,"±12,742"
    Nonfamily households,
        Estimate,"54,444"
        Margin of Error,"±25,114"
"Census Tract 4043.01, Los Angeles County, California",
    Households,
        Estimate,"49,534"
        Margin of Error,"±5,892"
    Families,
        Estimate,"52,756"
        Margin of Error,"±5,975"
    Married-couple families,
        Estimate,"55,577"
        Margin of Error,"±11,284"
    Nonfamily households,
        Estimate,"23,319"
        Margin of Error,"±5,828"
"Census Tract 4043.02, Los Angeles County, California",
    Households,
        Estimate,"78,077"
        Margin of Error,"±12,366"
    Families,
        Estimate,"78,077"
        Margin of Error,"±11,300"
    Married-couple families,
        Estimate,"88,068"
        Margin of Error,"±18,663"
    Nonfamily households,
        Estimate,-
        Margin of Error,**
"Census Tract 4044.01, Los Angeles County, California",
    Households,
        Estimate,"67,353"
        Margin of Error,"±8,661"
    Families,
        Estimate,"70,458"
        Margin of Error,"±8,973"
    Married-couple families,
        Estimate,"73,421"
        Margin of Error,"±17,908"
    Nonfamily households,
        Estimate,"30,662"
        Margin of Error,"±3,909"
"Census Tract 4044.02, Los Angeles County, California",
    Households,
        Estimate,"69,444"
        Margin of Error,"±11,487"
    Families,
        Estimate,"73,914"
        Margin of Error,"±8,484"
    Married-couple families,
        Estimate,"90,625"
        Margin of Error,"±31,099"
    Nonfamily households,
        Estimate,"32,344"
        Margin of Error,"±23,544"
"Census Tract 4045.01, Los Angeles County, California",
    Households,
        Estimate,"56,115"
        Margin of Error,"±5,999"
    Families,
        Estimate,"59,931"
        Margin of Error,"±9,361"
    Married-couple families,
        Estimate,"56,655"
        Margin of Error,"±8,087"
    Nonfamily households,
        Estimate,"24,602"
        Margin of Error,"±11,033"
"Census Tract 4045.03, Los Angeles County, California",
    Households,
        Estimate,"76,394"
        Margin of Error,"±10,568"
    Families,
        Estimate,"75,375"
        Margin of Error,"±8,507"
    Married-couple families,
        Estimate,"83,000"
        Margin of Error,"±11,607"
    Nonfamily households,
        Estimate,"76,042"
        Margin of Error,"±53,542"
"Census Tract 4045.04, Los Angeles County, California",
    Households,
        Estimate,"57,206"
        Margin of Error,"±11,635"
    Families,
        Estimate,"63,182"
        Margin of Error,"±9,941"
    Married-couple families,
        Estimate,"75,938"
        Margin of Error,"±11,149"
    Nonfamily households,
        Estimate,"30,943"
        Margin of Error,"±4,058"
"Census Tract 4046, Los Angeles County, California",
    Households,
        Estimate,"72,500"
        Margin of Error,"±13,477"
    Families,
        Estimate,"86,667"
        Margin of Error,"±17,321"
    Married-couple families,
        Estimate,"91,786"
        Margin of Error,"±19,110"
    Nonfamily households,
        Estimate,"21,250"
        Margin of Error,"±12,586"
"Census Tract 4047.01, Los Angeles County, California",
    Households,
        Estimate,"75,931"
        Margin of Error,"±5,862"
    Families,
        Estimate,"76,544"
        Margin of Error,"±8,777"
    Married-couple families,
        Estimate,"81,861"
        Margin of Error,"±8,618"
    Nonfamily households,
        Estimate,-
        Margin of Error,**
"Census Tract 4047.02, Los Angeles County, California",
    Households,
        Estimate,"58,929"
        Margin of Error,"±6,352"
    Families,
        Estimate,"58,587"
        Margin of Error,"±7,415"
    Married-couple families,
        Estimate,"58,696"
        Margin of Error,"±4,365"
    Nonfamily households,
        Estimate,"40,000"
        Margin of Error,"±39,334"
"Census Tract 4047.03, Los Angeles County, California",
    Households,
        Estimate,"55,455"
        Margin of Error,"±14,767"
    Families,
        Estimate,"56,121"
        Margin of Error,"±11,531"
    Married-couple families,
        Estimate,"62,361"
        Margin of Error,"±15,123"
    Nonfamily households,
        Estimate,"30,313"
        Margin of Error,"±26,552"
"Census Tract 4048.01, Los Angeles County, California",
    Households,
        Estimate,"62,153"
        Margin of Error,"±11,963"
    Families,
        Estimate,"63,558"
        Margin of Error,"±17,989"
    Married-couple families,
        Estimate,"70,568"
        Margin of Error,"±11,535"
    Nonfamily households,
        Estimate,"28,929"
        Margin of Error,"±12,306"
"Census Tract 4048.02, Los Angeles County, California",
    Households,
        Estimate,"61,921"
        Margin of Error,"±9,971"
    Families,
        Estimate,"67,245"
        Margin of Error,"±11,124"
    Married-couple families,
        Estimate,"71,161"
        Margin of Error,"±20,254"
    Nonfamily households,
        Estimate,"19,960"
        Margin of Error,"±14,060"
"Census Tract 4048.03, Los Angeles County, California",
    Households,
        Estimate,"66,736"
        Margin of Error,"±8,911"
    Families,
        Estimate,"70,865"
        Margin of Error,"±5,307"
    Married-couple families,
        Estimate,"71,591"
        Margin of Error,"±13,296"
    Nonfamily households,
        Estimate,"25,500"
        Margin of Error,"±21,418"
"Census Tract 4049.01, Los Angeles County, California",
    Households,
        Estimate,"67,636"
        Margin of Error,"±12,243"
    Families,
        Estimate,"69,592"
        Margin of Error,"±15,635"
    Married-couple families,
        Estimate,"80,972"
        Margin of Error,"±26,215"
    Nonfamily households,
        Estimate,"25,625"
        Margin of Error,"±12,263"
"Census Tract 4049.02, Los Angeles County, California",
    Households,
        Estimate,"74,618"
        Margin of Error,"±6,947"
    Families,
        Estimate,"75,461"
        Margin of Error,"±6,805"
    Married-couple families,
        Estimate,"83,102"
        Margin of Error,"±14,264"
    Nonfamily households,
        Estimate,"27,083"
        Margin of Error,"±18,181"
"Census Tract 4049.03, Los Angeles County, California",
    Households,
        Estimate,"60,993"
        Margin of Error,"±10,489"
    Families,
        Estimate,"52,228"
        Margin of Error,"±9,202"
    Married-couple families,
        Estimate,"53,281"
        Margin of Error,"±17,692"
    Nonfamily households,
        Estimate,"60,104"
        Margin of Error,"±22,644"
"Census Tract 4050.01, Los Angeles County, California",
    Households,
        Estimate,"80,042"
        Margin of Error,"±13,126"
    Families,
        Estimate,"79,487"
        Margin of Error,"±10,020"
    Married-couple families,
        Estimate,"78,542"
        Margin of Error,"±14,131"
    Nonfamily households,
        Estimate,-
        Margin of Error,**
"Census Tract 4050.02, Los Angeles County, California",
    Households,
        Estimate,"66,316"
        Margin of Error,"±8,270"
    Families,
        Estimate,"64,922"
        Margin of Error,"±8,891"
    Married-couple families,
        Estimate,"70,714"
        Margin of Error,"±13,855"
    Nonfamily households,
        Estimate,"47,083"
        Margin of Error,"±29,839"
"Census Tract 4051.01, Los Angeles County, California",
    Households,
        Estimate,"78,667"
        Margin of Error,"±10,132"
    Families,
        Estimate,"74,235"
        Margin of Error,"±13,743"
    Married-couple families,
        Estimate,"90,133"
        Margin of Error,"±25,115"
    Nonfamily households,
        Estimate,"79,000"
        Margin of Error,"±41,016"
"Census Tract 4051.02, Los Angeles County, California",
    Households,
        Estimate,"49,130"
        Margin of Error,"±15,940"
    Families,
        Estimate,"61,301"
        Margin of Error,"±13,288"
    Married-couple families,
        Estimate,"61,402"
        Margin of Error,"±18,554"
    Nonfamily households,
        Estimate,-
        Margin of Error,**
"Census Tract 4052.01, Los Angeles County, California",
    Households,
        Estimate,"56,705"
        Margin of Error,"±10,904"
    Families,
        Estimate,"57,986"
        Margin of Error,"±11,561"
    Married-couple families,
        Estimate,"63,357"
        Margin of Error,"±5,435"
    Nonfamily households,
        Estimate,"35,469"
        Margin of Error,"±24,524"
"Census Tract 4052.02, Los Angeles County, California",
    Households,
        Estimate,"64,423"
        Margin of Error,"±10,540"
    Families,
        Estimate,"75,536"
        Margin of Error,"±13,116"
    Married-couple families,
        Estimate,"76,220"
        Margin of Error,"±15,763"
    Nonfamily households,
        Estimate,"12,137"
        Margin of Error,"±9,573"
"Census Tract 4052.03, Los Angeles County, California",
    Households,
        Estimate,"78,615"
        Margin of Error,"±5,265"
    Families,
        Estimate,"77,500"
        Margin of Error,"±5,703"
    Married-couple families,
        Estimate,"79,556"
        Margin of Error,"±10,001"
    Nonfamily households,
        Estimate,-
        Margin of Error,**
"Census Tract 4053.01, Los Angeles County, California",
    Households,
        Estimate,"61,654"
        Margin of Error,"±21,957"
    Families,
        Estimate,"77,535"
        Margin of Error,"±25,040"
    Married-couple families,
        Estimate,"94,917"
        Margin of Error,"±13,329"
    Nonfamily households,
        Estimate,"33,750"
        Margin of Error,"±16,132"
"Census Tract 4053.02, Los Angeles County, California",
    Households,
        Estimate,"57,159"
        Margin of Error,"±7,612"
    Families,
        Estimate,"70,091"
        Margin of Error,"±16,738"
    Married-couple families,
        Estimate,"83,333"
        Margin of Error,"±22,535"
    Nonfamily households,
        Estimate,"50,872"
        Margin of Error,"±3,544"
"Census Tract 4054, Los Angeles County, California",
    Households,
        Estimate,"89,332"
        Margin of Error,"±6,132"
    Families,
        Estimate,"89,247"
        Margin of Error,"±6,009"
    Married-couple families,
        Estimate,"100,119"
        Margin of Error,"±21,015"
    Nonfamily households,
        Estimate,"59,271"
        Margin of Error,"±22,523"
"Census Tract 4055, Los Angeles County, California",
    Households,
        Estimate,"73,566"
        Margin of Error,"±15,237"
    Families,
        Estimate,"83,242"
        Margin of Error,"±14,686"
    Married-couple families,
        Estimate,"89,602"
        Margin of Error,"±18,972"
    Nonfamily households,
        Estimate,"24,545"
        Margin of Error,"±15,242"
"Census Tract 4056, Los Angeles County, California",
    Households,
        Estimate,"87,102"
        Margin of Error,"±12,068"
    Families,
        Estimate,"106,771"
        Margin of Error,"±7,781"
    Married-couple families,
        Estimate,"109,936"
        Margin of Error,"±10,483"
    Nonfamily households,
        Estimate,"22,386"
        Margin of Error,"±9,163"
"Census Tract 4057.01, Los Angeles County, California",
    Households,
        Estimate,"95,036"
        Margin of Error,"±15,360"
    Families,
        Estimate,"96,875"
        Margin of Error,"±20,450"
    Married-couple families,
        Estimate,"101,056"
        Margin of Error,"±7,380"
    Nonfamily households,
        Estimate,-
        Margin of Error,**
"Census Tract 4057.02, Los Angeles County, California",
    Households,
        Estimate,"83,558"
        Margin of Error,"±13,129"
    Families,
        Estimate,"92,692"
        Margin of Error,"±17,740"
    Married-couple families,
        Estimate,"110,439"
        Margin of Error,"±19,448"
    Nonfamily households,
        Estimate,"63,644"
        Margin of Error,"±6,911"
"Census Tract 4058, Los Angeles County, California",
    Households,
        Estimate,"79,728"
        Margin of Error,"±14,039"
    Families,
        Estimate,"87,344"
        Margin of Error,"±20,814"
    Married-couple families,
        Estimate,"100,000"
        Margin of Error,"±4,804"
    Nonfamily households,
        Estimate,"39,537"
        Margin of Error,"±25,817"
"Census Tract 4059, Los Angeles County, California",
    Households,
        Estimate,"63,672"
        Margin of Error,"±9,072"
    Families,
        Estimate,"60,313"
        Margin of Error,"±20,954"
    Married-couple families,
        Estimate,"81,484"
        Margin of Error,"±23,301"
    Nonfamily households,
        Estimate,"58,500"
        Margin of Error,"±14,854"
"Census Tract 4060, Los Angeles County, California",
    Households,
        Estimate,"79,203"
        Margin of Error,"±7,976"
    Families,
        Estimate,"85,691"
        Margin of Error,"±10,197"
    Married-couple families,
        Estimate,"91,727"
        Margin of Error,"±8,995"
    Nonfamily households,
        Estimate,"42,375"
        Margin of Error,"±24,129"
"Census Tract 4061.01, Los Angeles County, California",
    Households,
        Estimate,"68,514"
        Margin of Error,"±13,138"
    Families,
        Estimate,"79,236"
        Margin of Error,"±15,219"
    Married-couple families,
        Estimate,"108,977"
        Margin of Error,"±22,053"
    Nonfamily households,
        Estimate,"32,500"
        Margin of Error,"±5,171"
"Census Tract 4061.02, Los Angeles County, California",
    Households,
        Estimate,"57,321"
        Margin of Error,"±8,500"
    Families,
        Estimate,"72,188"
        Margin of Error,"±16,823"
    Married-couple families,
        Estimate,"78,368"
        Margin of Error,"±11,551"
    Nonfamily households,
        Estimate,"42,331"
        Margin of Error,"±9,834"
"Census Tract 4062, Los Angeles County, California",
    Households,
        Estimate,"49,833"
        Margin of Error,"±12,508"
    Families,
        Estimate,"63,245"
        Margin of Error,"±11,291"
    Married-couple families,
        Estimate,"69,938"
        Margin of Error,"±19,774"
    Nonfamily households,
        Estimate,"22,574"
        Margin of Error,"±12,729"
"Census Tract 4063, Los Angeles County, California",
    Households,
        Estimate,"99,770"
        Margin of Error,"±18,871"
    Families,
        Estimate,"103,173"
        Margin of Error,"±16,146"
    Married-couple families,
        Estimate,"117,679"
        Margin of Error,"±21,234"
    Nonfamily households,
        Estimate,-
        Margin of Error,**
"Census Tract 4064.02, Los Angeles County, California",
    Households,
        Estimate,"95,795"
        Margin of Error,"±28,442"
    Families,
        Estimate,"116,389"
        Margin of Error,"±20,948"
    Married-couple families,
        Estimate,"116,528"
        Margin of Error,"±30,304"
    Nonfamily households,
        Estimate,"51,042"
        Margin of Error,"±45,204"
"Census Tract 4064.11, Los Angeles County, California",
    Households,
        Estimate,"75,398"
        Margin of Error,"±15,026"
    Families,
        Estimate,"76,648"
        Margin of Error,"±13,667"
    Married-couple families,
        Estimate,"77,159"
        Margin of Error,"±11,269"
    Nonfamily households,
        Estimate,"21,000"
        Margin of Error,"±20,811"
"Census Tract 4064.12, Los Angeles County, California",
    Households,
        Estimate,"85,156"
        Margin of Error,"±22,945"
    Families,
        Estimate,"102,000"
        Margin of Error,"±9,050"
    Married-couple families,
        Estimate,"106,875"
        Margin of Error,"±26,003"
    Nonfamily households,
        Estimate,"38,750"
        Margin of Error,"±11,700"
"Census Tract 4065, Los Angeles County, California",
    Households,
        Estimate,"89,559"
        Margin of Error,"±10,880"
    Families,
        Estimate,"102,857"
        Margin of Error,"±14,325"
    Married-couple families,
        Estimate,"114,972"
        Margin of Error,"±18,831"
    Nonfamily households,
        Estimate,"46,480"
        Margin of Error,"±14,509"
"Census Tract 4066.01, Los Angeles County, California",
    Households,
        Estimate,"103,484"
        Margin of Error,"±11,601"
    Families,
        Estimate,"110,125"
        Margin of Error,"±11,397"
    Married-couple families,
        Estimate,"103,615"
        Margin of Error,"±11,797"
    Nonfamily households,
        Estimate,-
        Margin of Error,**
"Census Tract 4066.02, Los Angeles County, California",
    Households,
        Estimate,"91,591"
        Margin of Error,"±12,805"
    Families,
        Estimate,"91,477"
        Margin of Error,"±11,659"
    Married-couple families,
        Estimate,"101,157"
        Margin of Error,"±18,611"
    Nonfamily households,
        Estimate,-
        Margin of Error,**
"Census Tract 4067.01, Los Angeles County, California",
    Households,
        Estimate,"83,906"
        Margin of Error,"±11,801"
    Families,
        Estimate,"90,769"
        Margin of Error,"±10,890"
    Married-couple families,
        Estimate,"99,583"
        Margin of Error,"±12,675"
    Nonfamily households,
        Estimate,"72,933"
        Margin of Error,"±12,877"
"Census Tract 4067.02, Los Angeles County, California",
    Households,
        Estimate,"79,990"
        Margin of Error,"±12,046"
    Families,
        Estimate,"86,297"
        Margin of Error,"±7,501"
    Married-couple families,
        Estimate,"92,202"
        Margin of Error,"±15,590"
    Nonfamily households,
        Estimate,"65,345"
        Margin of Error,"±11,903"
"Census Tract 4068, Los Angeles County, California",
    Households,
        Estimate,"96,042"
        Margin of Error,"±14,784"
    Families,
        Estimate,"102,665"
        Margin of Error,"±18,772"
    Married-couple families,
        Estimate,"103,007"
        Margin of Error,"±21,825"
    Nonfamily households,
        Estimate,"58,438"
        Margin of Error,"±34,298"
"Census Tract 4069.01, Los Angeles County, California",
    Households,
        Estimate,"74,571"
        Margin of Error,"±8,730"
    Families,
        Estimate,"74,890"
        Margin of Error,"±9,989"
    Married-couple families,
        Estimate,"74,708"
        Margin of Error,"±8,774"
    Nonfamily households,
        Estimate,"9,422"
        Margin of Error,"±1,973"
"Census Tract 4069.02, Los Angeles County, California",
    Households,
        Estimate,"62,692"
        Margin of Error,"±14,386"
    Families,
        Estimate,"77,292"
        Margin of Error,"±10,244"
    Married-couple families,
        Estimate,"81,528"
        Margin of Error,"±10,559"
    Nonfamily households,
        Estimate,"14,423"
        Margin of Error,"±9,136"
"Census Tract 4070.01, Los Angeles County, California",
    Households,
        Estimate,"80,592"
        Margin of Error,"±20,625"
    Families,
        Estimate,"68,784"
        Margin of Error,"±15,660"
    Married-couple families,
        Estimate,"87,647"
        Margin of Error,"±16,123"
    Nonfamily households,
        Estimate,-
        Margin of Error,**
"Census Tract 4070.02, Los Angeles County, California",
    Households,
        Estimate,"62,330"
        Margin of Error,"±16,150"
    Families,
        Estimate,"73,289"
        Margin of Error,"±16,280"
    Married-couple families,
        Estimate,"86,500"
        Margin of Error,"±12,245"
    Nonfamily households,
        Estimate,"27,396"
        Margin of Error,"±24,681"
"Census Tract 4071.01, Los Angeles County, California",
    Households,
        Estimate,"64,375"
        Margin of Error,"±15,837"
    Families,
        Estimate,"67,952"
        Margin of Error,"±12,544"
    Married-couple families,
        Estimate,"89,688"
        Margin of Error,"±13,296"
    Nonfamily households,
        Estimate,"45,682"
        Margin of Error,"±9,679"
"Census Tract 4071.02, Los Angeles County, California",
    Households,
        Estimate,"73,529"
        Margin of Error,"±12,502"
    Families,
        Estimate,"74,904"
        Margin of Error,"±13,998"
    Married-couple families,
        Estimate,"79,514"
        Margin of Error,"±20,250"
    Nonfamily households,
        Estimate,"43,281"
        Margin of Error,"±29,865"
"Census Tract 4072, Los Angeles County, California",
    Households,
        Estimate,"61,519"
        Margin of Error,"±3,373"
    Families,
        Estimate,"62,754"
        Margin of Error,"±3,825"
    Married-couple families,
        Estimate,"61,667"
        Margin of Error,"±4,516"
    Nonfamily households,
        Estimate,"16,750"
        Margin of Error,"±12,113"
"Census Tract 4073.01, Los Angeles County, California",
    Households,
        Estimate,"84,458"
        Margin of Error,"±14,822"
    Families,
        Estimate,"82,386"
        Margin of Error,"±16,618"
    Married-couple families,
        Estimate,"85,750"
        Margin of Error,"±19,640"
    Nonfamily households,
        Estimate,"43,958"
        Margin of Error,"±34,933"
"Census Tract 4073.02, Los Angeles County, California",
    Households,
        Estimate,"68,158"
        Margin of Error,"±8,052"
    Families,
        Estimate,"63,681"
        Margin of Error,"±10,083"
    Married-couple families,
        Estimate,"83,958"
        Margin of Error,"±14,784"
    Nonfamily households,
        Estimate,"26,364"
        Margin of Error,"±11,595"
"Census Tract 4074, Los Angeles County, California",
    Households,
        Estimate,"96,164"
        Margin of Error,"±20,073"
    Families,
        Estimate,"98,333"
        Margin of Error,"±27,725"
    Married-couple families,
        Estimate,"116,125"
        Margin of Error,"±22,071"
    Nonfamily households,
        Estimate,"79,107"
        Margin of Error,"±52,845"
"Census Tract 4075.01, Los Angeles County, California",
    Households,
        Estimate,"68,860"
        Margin of Error,"±5,039"
    Families,
        Estimate,"66,938"
        Margin of Error,"±7,654"
    Married-couple families,
        Estimate,"76,528"
        Margin of Error,"±10,921"
    Nonfamily households,
        Estimate,"49,896"
        Margin of Error,"±33,182"
"Census Tract 4075.02, Los Angeles County, California",
    Households,
        Estimate,"78,984"
        Margin of Error,"±13,815"
    Families,
        Estimate,"85,724"
        Margin of Error,"±14,480"
    Married-couple families,
        Estimate,"88,542"
        Margin of Error,"±6,217"
    Nonfamily households,
        Estimate,"57,083"
        Margin of Error,"±29,863"
"Census Tract 4076.01, Los Angeles County, California",
    Households,
        Estimate,"61,429"
        Margin of Error,"±17,929"
    Families,
        Estimate,"56,944"
        Margin of Error,"±15,456"
    Married-couple families,
        Estimate,"85,492"
        Margin of Error,"±22,236"
    Nonfamily households,
        Estimate,-
        Margin of Error,**
"Census Tract 4076.02, Los Angeles County, California",
    Households,
        Estimate,"68,346"
        Margin of Error,"±6,837"
    Families,
        Estimate,"69,868"
        Margin of Error,"±8,243"
    Married-couple families,
        Estimate,"78,667"
        Margin of Error,"±16,598"
    Nonfamily households,
        Estimate,-
        Margin of Error,**
"Census Tract 4077.01, Los Angeles County, California",
    Households,
        Estimate,"49,531"
        Margin of Error,"±12,701"
    Families,
        Estimate,"42,027"
        Margin of Error,"±13,743"
    Married-couple families,
        Estimate,"76,406"
        Margin of Error,"±45,406"
    Nonfamily households,
        Estimate,"28,625"
        Margin of Error,"±13,825"
"Census Tract 4077.02, Los Angeles County, California",
    Households,
        Estimate,"75,664"
        Margin of Error,"±7,486"
    Families,
        Estimate,"79,735"
        Margin of Error,"±12,293"
    Married-couple families,
        Estimate,"90,560"
        Margin of Error,"±20,678"
    Nonfamily households,
        Estimate,"47,857"
        Margin of Error,"±32,154"
"Census Tract 4078.01, Los Angeles County, California",
    Households,
        Estimate,"96,620"
        Margin of Error,"±21,624"
    Families,
        Estimate,"89,750"
        Margin of Error,"±17,706"
    Married-couple families,
        Estimate,"96,691"
        Margin of Error,"±18,100"
    Nonfamily households,
        Estimate,"27,273"
        Margin of Error,"±23,638"
"Census Tract 4078.02, Los Angeles County, California",
    Households,
        Estimate,"84,643"
        Margin of Error,"±13,657"
    Families,
        Estimate,"82,560"
        Margin of Error,"±7,934"
    Married-couple families,
        Estimate,"83,333"
        Margin of Error,"±10,156"
    Nonfamily households,
        Estimate,-
        Margin of Error,**
"Census Tract 4079, Los Angeles County, California",
    Households,
        Estimate,"91,458"
        Margin of Error,"±8,239"
    Families,
        Estimate,"93,512"
        Margin of Error,"±8,271"
    Married-couple families,
        Estimate,"97,554"
        Margin of Error,"±12,878"
    Nonfamily households,
        Estimate,"51,779"
        Margin of Error,"±39,381"
"Census Tract 4080.03, Los Angeles County, California",
    Households,
        Estimate,"86,463"
        Margin of Error,"±23,395"
    Families,
        Estimate,"88,529"
        Margin of Error,"±37,389"
    Married-couple families,
        Estimate,"104,853"
        Margin of Error,"±35,668"
    Nonfamily households,
        Estimate,-
        Margin of Error,**
"Census Tract 4080.04, Los Angeles County, California",
    Households,
        Estimate,"78,641"
        Margin of Error,"±6,905"
    Families,
        Estimate,"82,917"
        Margin of Error,"±3,275"
    Married-couple families,
        Estimate,"84,435"
        Margin of Error,"±21,010"
    Nonfamily households,
        Estimate,"63,533"
        Margin of Error,"±16,274"
"Census Tract 4080.05, Los Angeles County, California",
    Households,
        Estimate,"113,477"
        Margin of Error,"±13,962"
    Families,
        Estimate,"124,505"
        Margin of Error,"±16,176"
    Married-couple families,
        Estimate,"144,107"
        Margin of Error,"±22,620"
    Nonfamily households,
        Estimate,"70,278"
        Margin of Error,"±44,128"
"Census Tract 4080.06, Los Angeles County, California",
    Households,
        Estimate,"80,500"
        Margin of Error,"±15,619"
    Families,
        Estimate,"81,711"
        Margin of Error,"±17,133"
    Married-couple families,
        Estimate,"92,375"
        Margin of Error,"±19,612"
    Nonfamily households,
        Estimate,-
        Margin of Error,**
"Census Tract 4081.33, Los Angeles County, California",
    Households,
        Estimate,"70,667"
        Margin of Error,"±12,280"
    Families,
        Estimate,"80,026"
        Margin of Error,"±15,185"
    Married-couple families,
        Estimate,"93,446"
        Margin of Error,"±14,449"
    Nonfamily households,
        Estimate,"34,350"
        Margin of Error,"±14,354"
"Census Tract 4081.34, Los Angeles County, California",
    Households,
        Estimate,"107,404"
        Margin of Error,"±17,597"
    Families,
        Estimate,"106,442"
        Margin of Error,"±27,911"
    Married-couple families,
        Estimate,"126,917"
        Margin of Error,"±12,938"
    Nonfamily households,
        Estimate,"35,978"
        Margin of Error,"±18,873"
"Census Tract 4081.35, Los Angeles County, California",
    Households,
        Estimate,"92,250"
        Margin of Error,"±9,804"
    Families,
        Estimate,"95,521"
        Margin of Error,"±7,707"
    Married-couple families,
        Estimate,"96,544"
        Margin of Error,"±14,457"
    Nonfamily households,
        Estimate,"46,429"
        Margin of Error,"±41,359"
"Census Tract 4081.36, Los Angeles County, California",
    Households,
        Estimate,"97,500"
        Margin of Error,"±12,856"
    Families,
        Estimate,"97,225"
        Margin of Error,"±12,824"
    Married-couple families,
        Estimate,"98,750"
        Margin of Error,"±17,675"
    Nonfamily households,
        Estimate,"40,703"
        Margin of Error,"±24,500"
"Census Tract 4081.37, Los Angeles County, California",
    Households,
        Estimate,"70,976"
        Margin of Error,"±7,414"
    Families,
        Estimate,"73,882"
        Margin of Error,"±15,651"
    Married-couple families,
        Estimate,"83,972"
        Margin of Error,"±8,497"
    Nonfamily households,
        Estimate,"57,841"
        Margin of Error,"±19,536"
"Census Tract 4081.38, Los Angeles County, California",
    Households,
        Estimate,"58,594"
        Margin of Error,"±18,695"
    Families,
        Estimate,"62,391"
        Margin of Error,"±23,288"
    Married-couple families,
        Estimate,"74,508"
        Margin of Error,"±14,390"
    Nonfamily households,
        Estimate,"27,917"
        Margin of Error,"±12,753"
"Census Tract 4081.39, Los Angeles County, California",
    Households,
        Estimate,"71,028"
        Margin of Error,"±5,555"
    Families,
        Estimate,"68,250"
        Margin of Error,"±9,655"
    Married-couple families,
        Estimate,"73,250"
        Margin of Error,"±12,987"
    Nonfamily households,
        Estimate,"29,375"
        Margin of Error,"±25,621"
"Census Tract 4081.40, Los Angeles County, California",
    Households,
        Estimate,"64,692"
        Margin of Error,"±6,499"
    Families,
        Estimate,"65,515"
        Margin of Error,"±9,661"
    Married-couple families,
        Estimate,"83,462"
        Margin of Error,"±26,250"
    Nonfamily households,
        Estimate,"21,250"
        Margin of Error,"±16,212"
"Census Tract 4081.41, Los Angeles County, California",
    Households,
        Estimate,"75,722"
        Margin of Error,"±14,703"
    Families,
        Estimate,"77,472"
        Margin of Error,"±11,830"
    Married-couple families,
        Estimate,"75,833"
        Margin of Error,"±13,678"
    Nonfamily households,
        Estimate,-
        Margin of Error,**
"Census Tract 4082.02, Los Angeles County, California",
    Households,
        Estimate,"62,583"
        Margin of Error,"±20,539"
    Families,
        Estimate,"52,813"
        Margin of Error,"±16,271"
    Married-couple families,
        Estimate,"96,750"
        Margin of Error,"±73,028"
    Nonfamily households,
        Estimate,"58,750"
        Margin of Error,"±14,981"
"Census Tract 4082.11, Los Angeles County, California",
    Households,
        Estimate,"60,429"
        Margin of Error,"±11,768"
    Families,
        Estimate,"62,250"
        Margin of Error,"±12,988"
    Married-couple families,
        Estimate,"75,227"
        Margin of Error,"±10,009"
    Nonfamily households,
        Estimate,"32,946"
        Margin of Error,"±22,014"
"Census Tract 4082.12, Los Angeles County, California",
    Households,
        Estimate,"74,167"
        Margin of Error,"±9,613"
    Families,
        Estimate,"83,024"
        Margin of Error,"±15,889"
    Married-couple families,
        Estimate,"86,500"
        Margin of Error,"±22,367"
    Nonfamily households,
        Estimate,"38,375"
        Margin of Error,"±15,551"
"Census Tract 4083.01, Los Angeles County, California",
    Households,
        Estimate,"67,464"
        Margin of Error,"±10,723"
    Families,
        Estimate,"69,438"
        Margin of Error,"±10,023"
    Married-couple families,
        Estimate,"74,000"
        Margin of Error,"±18,362"
    Nonfamily households,
        Estimate,"31,250"
        Margin of Error,"±28,903"
"Census Tract 4083.02, Los Angeles County, California",
    Households,
        Estimate,"85,968"
        Margin of Error,"±29,270"
    Families,
        Estimate,"88,981"
        Margin of Error,"±21,889"
    Married-couple families,
        Estimate,"89,120"
        Margin of Error,"±21,923"
    Nonfamily households,
        Estimate,"33,750"
        Margin of Error,"±17,902"
"Census Tract 4083.03, Los Angeles County, California",
    Households,
        Estimate,"91,750"
        Margin of Error,"±29,222"
    Families,
        Estimate,"95,179"
        Margin of Error,"±33,097"
    Married-couple families,
        Estimate,"105,982"
        Margin of Error,"±26,638"
    Nonfamily households,
        Estimate,-
        Margin of Error,**
"Census Tract 4084.01, Los Angeles County, California",
    Households,
        Estimate,"75,023"
        Margin of Error,"±20,041"
    Families,
        Estimate,"79,177"
        Margin of Error,"±8,902"
    Married-couple families,
        Estimate,"84,297"
        Margin of Error,"±8,478"
    Nonfamily households,
        Estimate,"26,579"
        Margin of Error,"±1,289"
"Census Tract 4084.02, Los Angeles County, California",
    Households,
        Estimate,"86,667"
        Margin of Error,"±20,816"
    Families,
        Estimate,"89,250"
        Margin of Error,"±15,023"
    Married-couple families,
        Estimate,"102,857"
        Margin of Error,"±11,111"
    Nonfamily households,
        Estimate,"63,125"
        Margin of Error,"±2,366"
"Census Tract 4085.01, Los Angeles County, California",
    Households,
        Estimate,"64,306"
        Margin of Error,"±9,384"
    Families,
        Estimate,"73,472"
        Margin of Error,"±12,340"
    Married-couple families,
        Estimate,"81,375"
        Margin of Error,"±24,966"
    Nonfamily households,
        Estimate,"16,591"
        Margin of Error,"±10,483"
"Census Tract 4085.03, Los Angeles County, California",
    Households,
        Estimate,"120,721"
        Margin of Error,"±18,461"
    Families,
        Estimate,"131,932"
        Margin of Error,"±23,399"
    Married-couple families,
        Estimate,"133,717"
        Margin of Error,"±24,122"
    Nonfamily households,
        Estimate,"78,750"
        Margin of Error,"±23,449"
"Census Tract 4085.04, Los Angeles County, California",
    Households,
        Estimate,"86,296"
        Margin of Error,"±6,090"
    Families,
        Estimate,"86,528"
        Margin of Error,"±7,941"
    Married-couple families,
        Estimate,"90,043"
        Margin of Error,"±14,010"
    Nonfamily households,
        Estimate,"69,219"
        Margin of Error,"±37,319"
"Census Tract 4085.05, Los Angeles County, California",
    Households,
        Estimate,"113,702"
        Margin of Error,"±14,875"
    Families,
        Estimate,"118,869"
        Margin of Error,"±17,131"
    Married-couple families,
        Estimate,"130,313"
        Margin of Error,"±28,223"
    Nonfamily households,
        Estimate,"77,000"
        Margin of Error,"±50,295"
"Census Tract 4086.23, Los Angeles County, California",
    Households,
        Estimate,"73,393"
        Margin of Error,"±11,614"
    Families,
        Estimate,"84,167"
        Margin of Error,"±11,000"
    Married-couple families,
        Estimate,"86,850"
        Margin of Error,"±10,683"
    Nonfamily households,
        Estimate,"26,400"
        Margin of Error,"±9,591"
"Census Tract 4086.24, Los Angeles County, California",
    Households,
        Estimate,"89,107"
        Margin of Error,"±15,622"
    Families,
        Estimate,"100,833"
        Margin of Error,"±25,590"
    Married-couple families,
        Estimate,"108,750"
        Margin of Error,"±28,477"
    Nonfamily households,
        Estimate,"27,244"
        Margin of Error,"±26,902"
"Census Tract 4086.25, Los Angeles County, California",
    Households,
        Estimate,"87,632"
        Margin of Error,"±19,835"
    Families,
        Estimate,"93,571"
        Margin of Error,"±29,103"
    Married-couple families,
        Estimate,"112,852"
        Margin of Error,"±30,020"
    Nonfamily households,
        Estimate,"49,250"
        Margin of Error,"±21,685"
"Census Tract 4086.26, Los Angeles County, California",
    Households,
        Estimate,"81,379"
        Margin of Error,"±12,637"
    Families,
        Estimate,"86,393"
        Margin of Error,"±8,543"
    Married-couple families,
        Estimate,"103,875"
        Margin of Error,"±19,118"
    Nonfamily households,
        Estimate,"31,467"
        Margin of Error,"±16,380"
"Census Tract 4086.27, Los Angeles County, California",
    Households,
        Estimate,"104,141"
        Margin of Error,"±4,461"
    Families,
        Estimate,"106,328"
        Margin of Error,"±10,014"
    Married-couple families,
        Estimate,"113,646"
        Margin of Error,"±13,990"
    Nonfamily households,
        Estimate,"74,514"
        Margin of Error,"±14,793"
"Census Tract 4086.28, Los Angeles County, California",
    Households,
        Estimate,"67,029"
        Margin of Error,"±6,718"
    Families,
        Estimate,"75,107"
        Margin of Error,"±20,406"
    Married-couple families,
        Estimate,"75,821"
        Margin of Error,"±22,936"
    Nonfamily households,
        Estimate,"65,016"
        Margin of Error,"±30,045"
"Census Tract 4086.29, Los Angeles County, California",
    Households,
        Estimate,"96,786"
        Margin of Error,"±12,396"
    Families,
        Estimate,"105,167"
        Margin of Error,"±18,432"
    Married-couple families,
        Estimate,"109,375"
        Margin of Error,"±25,554"
    Nonfamily households,
        Estimate,"45,893"
        Margin of Error,"±11,969"
"Census Tract 4086.30, Los Angeles County, California",
    Households,
        Estimate,"83,793"
        Margin of Error,"±16,977"
    Families,
        Estimate,"84,181"
        Margin of Error,"±15,741"
    Married-couple families,
        Estimate,"88,295"
        Margin of Error,"±22,393"
    Nonfamily households,
        Estimate,"68,125"
        Margin of Error,"±52,886"
"Census Tract 4086.31, Los Angeles County, California",
    Households,
        Estimate,"80,417"
        Margin of Error,"±17,418"
    Families,
        Estimate,"77,261"
        Margin of Error,"±19,572"
    Married-couple families,
        Estimate,"88,750"
        Margin of Error,"±24,381"
    Nonfamily households,
        Estimate,"51,964"
        Margin of Error,"±31,411"
"Census Tract 4087.03, Los Angeles County, California",
    Households,
        Estimate,"124,643"
        Margin of Error,"±27,406"
    Families,
        Estimate,"135,809"
        Margin of Error,"±18,724"
    Married-couple families,
        Estimate,"146,786"
        Margin of Error,"±32,515"
    Nonfamily households,
        Estimate,"41,542"
        Margin of Error,"±6,886"
"Census Tract 4087.04, Los Angeles County, California",
    Households,
        Estimate,"58,281"
        Margin of Error,"±24,786"
    Families,
        Estimate,"79,750"
        Margin of Error,"±18,696"
    Married-couple families,
        Estimate,"100,893"
        Margin of Error,"±19,716"
    Nonfamily households,
        Estimate,"19,236"
        Margin of Error,"±11,524"
"Census Tract 4087.05, Los Angeles County, California",
    Households,
        Estimate,"72,656"
        Margin of Error,"±7,516"
    Families,
        Estimate,"75,991"
        Margin of Error,"±6,597"
    Married-couple families,
        Estimate,"78,004"
        Margin of Error,"±4,027"
    Nonfamily households,
        Estimate,"38,203"
        Margin of Error,"±20,138"
"Census Tract 4087.06, Los Angeles County, California",
    Households,
        Estimate,"120,341"
        Margin of Error,"±24,366"
    Families,
        Estimate,"120,985"
        Margin of Error,"±11,804"
    Married-couple families,
        Estimate,"114,342"
        Margin of Error,"±23,607"
    Nonfamily households,
        Estimate,"66,458"
        Margin of Error,"±28,652"
"Census Tract 4087.22, Los Angeles County, California",
    Households,
        Estimate,"90,962"
        Margin of Error,"±20,491"
    Families,
        Estimate,"91,058"
        Margin of Error,"±31,591"
    Married-couple families,
        Estimate,"101,641"
        Margin of Error,"±26,754"
    Nonfamily households,
        Estimate,-
        Margin of Error,**
"Census Tract 4087.23, Los Angeles County, California",
    Households,
        Estimate,"70,109"
        Margin of Error,"±8,425"
    Families,
        Estimate,"70,163"
        Margin of Error,"±10,046"
    Married-couple families,
        Estimate,"76,250"
        Margin of Error,"±13,028"
    Nonfamily households,
        Estimate,"30,750"
        Margin of Error,"±30,331"
"Census Tract 4087.24, Los Angeles County, California",
    Households,
        Estimate,"41,486"
        Margin of Error,"±4,050"
    Families,
        Estimate,"41,591"
        Margin of Error,"±6,407"
    Married-couple families,
        Estimate,"44,375"
        Margin of Error,"±9,711"
    Nonfamily households,
        Estimate,"21,000"
        Margin of Error,"±7,176"
"Census Tract 4088, Los Angeles County, California",
    Households,
        Estimate,"46,635"
        Margin of Error,"±8,469"
    Families,
        Estimate,"52,895"
        Margin of Error,"±16,184"
    Married-couple families,
        Estimate,"64,500"
        Margin of Error,"±8,578"
    Nonfamily households,
        Estimate,"38,363"
        Margin of Error,"±11,561"
"Census Tract 4300.02, Los Angeles County, California",
    Households,
        Estimate,"73,218"
        Margin of Error,"±13,594"
    Families,
        Estimate,"97,950"
        Margin of Error,"±12,869"
    Married-couple families,
        Estimate,"113,527"
        Margin of Error,"±16,312"
    Nonfamily households,
        Estimate,"58,354"
        Margin of Error,"±6,742"
"Census Tract 4300.03, Los Angeles County, California",
    Households,
        Estimate,"117,543"
        Margin of Error,"±12,077"
    Families,
        Estimate,"119,559"
        Margin of Error,"±14,343"
    Married-couple families,
        Estimate,"123,269"
        Margin of Error,"±22,245"
    Nonfamily households,
        Estimate,"108,281"
        Margin of Error,"±31,695"
"Census Tract 4301.01, Los Angeles County, California",
    Households,
        Estimate,"47,031"
        Margin of Error,"±9,023"
    Families,
        Estimate,"64,107"
        Margin of Error,"±14,313"
    Married-couple families,
        Estimate,"76,250"
        Margin of Error,"±15,825"
    Nonfamily households,
        Estimate,"22,266"
        Margin of Error,"±11,744"
"Census Tract 4301.02, Los Angeles County, California",
    Households,
        Estimate,"67,425"
        Margin of Error,"±20,818"
    Families,
        Estimate,"90,921"
        Margin of Error,"±24,678"
    Married-couple families,
        Estimate,"98,477"
        Margin of Error,"±7,009"
    Nonfamily households,
        Estimate,"18,438"
        Margin of Error,"±11,923"
"Census Tract 4302, Los Angeles County, California",
    Households,
        Estimate,"95,417"
        Margin of Error,"±26,565"
    Families,
        Estimate,"151,250"
        Margin of Error,"±44,372"
    Married-couple families,
        Estimate,"156,250"
        Margin of Error,"±30,086"
    Nonfamily households,
        Estimate,"63,875"
        Margin of Error,"±8,391"
"Census Tract 4303.01, Los Angeles County, California",
    Households,
        Estimate,"128,854"
        Margin of Error,"±20,869"
    Families,
        Estimate,"143,295"
        Margin of Error,"±16,381"
    Married-couple families,
        Estimate,"149,375"
        Margin of Error,"±19,392"
    Nonfamily households,
        Estimate,"93,229"
        Margin of Error,"±35,170"
"Census Tract 4303.02, Los Angeles County, California",
    Households,
        Estimate,"80,586"
        Margin of Error,"±19,324"
    Families,
        Estimate,"111,563"
        Margin of Error,"±18,065"
    Married-couple families,
        Estimate,"134,375"
        Margin of Error,"±31,810"
    Nonfamily households,
        Estimate,"36,794"
        Margin of Error,"±8,123"
"Census Tract 4304, Los Angeles County, California",
    Households,
        Estimate,"128,298"
        Margin of Error,"±16,225"
    Families,
        Estimate,"134,519"
        Margin of Error,"±25,565"
    Married-couple families,
        Estimate,"175,962"
        Margin of Error,"±38,664"
    Nonfamily households,
        Estimate,"61,823"
        Margin of Error,"±34,981"
"Census Tract 4305.01, Los Angeles County, California",
    Households,
        Estimate,"120,469"
        Margin of Error,"±10,962"
    Families,
        Estimate,"170,972"
        Margin of Error,"±24,972"
    Married-couple families,
        Estimate,"191,029"
        Margin of Error,"±21,888"
    Nonfamily households,
        Estimate,"70,000"
        Margin of Error,"±16,293"
"Census Tract 4305.02, Los Angeles County, California",
    Households,
        Estimate,"81,866"
        Margin of Error,"±13,418"
    Families,
        Estimate,"114,659"
        Margin of Error,"±21,186"
    Married-couple families,
        Estimate,"148,983"
        Margin of Error,"±37,906"
    Nonfamily households,
        Estimate,"67,950"
        Margin of Error,"±17,230"
"Census Tract 4306, Los Angeles County, California",
    Households,
        Estimate,"148,750"
        Margin of Error,"±36,238"
    Families,
        Estimate,"148,386"
        Margin of Error,"±35,172"
    Married-couple families,
        Estimate,"184,545"
        Margin of Error,"±35,167"
    Nonfamily households,
        Estimate,"53,750"
        Margin of Error,"±48,148"
"Census Tract 4307.01, Los Angeles County, California",
    Households,
        Estimate,"92,500"
        Margin of Error,"±10,320"
    Families,
        Estimate,"103,235"
        Margin of Error,"±14,936"
    Married-couple families,
        Estimate,"113,000"
        Margin of Error,"±22,077"
    Nonfamily households,
        Estimate,"48,813"
        Margin of Error,"±16,114"
"Census Tract 4307.21, Los Angeles County, California",
    Households,
        Estimate,"93,114"
        Margin of Error,"±14,926"
    Families,
        Estimate,"120,677"
        Margin of Error,"±16,366"
    Married-couple families,
        Estimate,"134,375"
        Margin of Error,"±16,355"
    Nonfamily households,
        Estimate,"58,068"
        Margin of Error,"±19,623"
"Census Tract 4307.23, Los Angeles County, California",
    Households,
        Estimate,"75,891"
        Margin of Error,"±5,766"
    Families,
        Estimate,"78,355"
        Margin of Error,"±20,610"
    Married-couple families,
        Estimate,"106,029"
        Margin of Error,"±9,756"
    Nonfamily households,
        Estimate,"60,750"
        Margin of Error,"±12,582"
"Census Tract 4307.24, Los Angeles County, California",
    Households,
        Estimate,"69,215"
        Margin of Error,"±11,713"
    Families,
        Estimate,"82,212"
        Margin of Error,"±19,118"
    Married-couple families,
        Estimate,"98,393"
        Margin of Error,"±19,635"
    Nonfamily households,
        Estimate,"39,010"
        Margin of Error,"±9,255"
"Census Tract 4308.01, Los Angeles County, California",
    Households,
        Estimate,"90,408"
        Margin of Error,"±19,234"
    Families,
        Estimate,"89,130"
        Margin of Error,"±24,457"
    Married-couple families,
        Estimate,"95,673"
        Margin of Error,"±36,681"
    Nonfamily households,
        Estimate,"52,794"
        Margin of Error,"±29,908"
"Census Tract 4308.02, Los Angeles County, California",
    Households,
        Estimate,"102,500"
        Margin of Error,"±22,503"
    Families,
        Estimate,"114,698"
        Margin of Error,"±31,272"
    Married-couple families,
        Estimate,"130,417"
        Margin of Error,"±25,894"
    Nonfamily households,
        Estimate,"61,458"
        Margin of Error,"±31,046"
"Census Tract 4308.03, Los Angeles County, California",
    Households,
        Estimate,"94,315"
        Margin of Error,"±19,338"
    Families,
        Estimate,"99,440"
        Margin of Error,"±15,066"
    Married-couple families,
        Estimate,"107,038"
        Margin of Error,"±10,005"
    Nonfamily households,
        Estimate,"39,432"
        Margin of Error,"±12,826"
"Census Tract 4309.01, Los Angeles County, California",
    Households,
        Estimate,"64,583"
        Margin of Error,"±16,552"
    Families,
        Estimate,"74,375"
        Margin of Error,"±15,258"
    Married-couple families,
        Estimate,"76,563"
        Margin of Error,"±23,568"
    Nonfamily households,
        Estimate,"42,292"
        Margin of Error,"±18,414"
"Census Tract 4309.02, Los Angeles County, California",
    Households,
        Estimate,"83,853"
        Margin of Error,"±6,247"
    Families,
        Estimate,"84,941"
        Margin of Error,"±5,781"
    Married-couple families,
        Estimate,"86,765"
        Margin of Error,"±12,774"
    Nonfamily households,
        Estimate,"47,000"
        Margin of Error,"±19,494"
"Census Tract 4310.01, Los Angeles County, California",
    Households,
        Estimate,"71,066"
        Margin of Error,"±8,757"
    Families,
        Estimate,"81,271"
        Margin of Error,"±16,485"
    Married-couple families,
        Estimate,"108,924"
        Margin of Error,"±19,616"
    Nonfamily households,
        Estimate,"45,521"
        Margin of Error,"±25,879"
"Census Tract 4310.02, Los Angeles County, California",
    Households,
        Estimate,"52,813"
        Margin of Error,"±14,766"
    Families,
        Estimate,"70,385"
        Margin of Error,"±15,631"
    Married-couple families,
        Estimate,"90,526"
        Margin of Error,"±23,464"
    Nonfamily households,
        Estimate,"27,375"
        Margin of Error,"±3,306"
"Census Tract 4311, Los Angeles County, California",
    Households,
        Estimate,"78,427"
        Margin of Error,"±16,620"
    Families,
        Estimate,"78,427"
        Margin of Error,"±17,726"
    Married-couple families,
        Estimate,"77,670"
        Margin of Error,"±23,924"
    Nonfamily households,
        Estimate,"67,400"
        Margin of Error,"±46,737"
"Census Tract 4312, Los Angeles County, California",
    Households,
        Estimate,"63,750"
        Margin of Error,"±18,259"
    Families,
        Estimate,"81,806"
        Margin of Error,"±27,861"
    Married-couple families,
        Estimate,"97,250"
        Margin of Error,"±13,924"
    Nonfamily households,
        Estimate,"16,553"
        Margin of Error,"±6,381"
"Census Tract 4313, Los Angeles County, California",
    Households,
        Estimate,"92,125"
        Margin of Error,"±12,271"
    Families,
        Estimate,"93,654"
        Margin of Error,"±27,142"
    Married-couple families,
        Estimate,"151,406"
        Margin of Error,"±31,342"
    Nonfamily households,
        Estimate,"56,800"
        Margin of Error,"±13,810"
"Census Tract 4314, Los Angeles County, California",
    Households,
        Estimate,"86,538"
        Margin of Error,"±29,119"
    Families,
        Estimate,"95,981"
        Margin of Error,"±14,468"
    Married-couple families,
        Estimate,"104,013"
        Margin of Error,"±21,008"
    Nonfamily households,
        Estimate,-
        Margin of Error,**
"Census Tract 4315.01, Los Angeles County, California",
    Households,
        Estimate,"64,244"
        Margin of Error,"±14,803"
    Families,
        Estimate,"79,022"
        Margin of Error,"±8,040"
    Married-couple families,
        Estimate,"90,652"
        Margin of Error,"±17,619"
    Nonfamily households,
        Estimate,"35,593"
        Margin of Error,"±3,102"
"Census Tract 4315.02, Los Angeles County, California",
    Households,
        Estimate,"62,531"
        Margin of Error,"±10,529"
    Families,
        Estimate,"77,566"
        Margin of Error,"±21,963"
    Married-couple families,
        Estimate,"86,111"
        Margin of Error,"±22,117"
    Nonfamily households,
        Estimate,"53,000"
        Margin of Error,"±3,600"
"Census Tract 4316, Los Angeles County, California",
    Households,
        Estimate,"107,386"
        Margin of Error,"±24,667"
    Families,
        Estimate,"125,284"
        Margin of Error,"±15,518"
    Married-couple families,
        Estimate,"125,739"
        Margin of Error,"±21,893"
    Nonfamily households,
        Estimate,"32,500"
        Margin of Error,"±22,452"
"Census Tract 4317, Los Angeles County, California",
    Households,
        Estimate,"108,106"
        Margin of Error,"±15,616"
    Families,
        Estimate,"114,496"
        Margin of Error,"±14,325"
    Married-couple families,
        Estimate,"140,234"
        Margin of Error,"±59,995"
    Nonfamily households,
        Estimate,-
        Margin of Error,**
"Census Tract 4318, Los Angeles County, California",
    Households,
        Estimate,"73,548"
        Margin of Error,"±9,144"
    Families,
        Estimate,"84,597"
        Margin of Error,"±17,421"
    Married-couple families,
        Estimate,"88,235"
        Margin of Error,"±23,117"
    Nonfamily households,
        Estimate,"34,020"
        Margin of Error,"±22,467"
"Census Tract 4319, Los Angeles County, California",
    Households,
        Estimate,"61,146"
        Margin of Error,"±9,180"
    Families,
        Estimate,"63,125"
        Margin of Error,"±21,527"
    Married-couple families,
        Estimate,"75,915"
        Margin of Error,"±27,168"
    Nonfamily households,
        Estimate,"48,309"
        Margin of Error,"±23,670"
"Census Tract 4320, Los Angeles County, California",
    Households,
        Estimate,"78,083"
        Margin of Error,"±26,207"
    Families,
        Estimate,"97,786"
        Margin of Error,"±11,832"
    Married-couple families,
        Estimate,"102,853"
        Margin of Error,"±18,665"
    Nonfamily households,
        Estimate,"32,727"
        Margin of Error,"±14,187"
"Census Tract 4321.01, Los Angeles County, California",
    Households,
        Estimate,"91,607"
        Margin of Error,"±21,424"
    Families,
        Estimate,"103,472"
        Margin of Error,"±9,303"
    Married-couple families,
        Estimate,"107,391"
        Margin of Error,"±10,894"
    Nonfamily households,
        Estimate,"46,932"
        Margin of Error,"±22,265"
"Census Tract 4321.02, Los Angeles County, California",
    Households,
        Estimate,"92,782"
        Margin of Error,"±9,653"
    Families,
        Estimate,"94,667"
        Margin of Error,"±9,912"
    Married-couple families,
        Estimate,"104,167"
        Margin of Error,"±18,172"
    Nonfamily households,
        Estimate,"30,804"
        Margin of Error,"±27,784"
"Census Tract 4322.01, Los Angeles County, California",
    Households,
        Estimate,"69,662"
        Margin of Error,"±10,065"
    Families,
        Estimate,"68,682"
        Margin of Error,"±11,208"
    Married-couple families,
        Estimate,"70,313"
        Margin of Error,"±9,392"
    Nonfamily households,
        Estimate,-
        Margin of Error,**
"Census Tract 4322.02, Los Angeles County, California",
    Households,
        Estimate,"66,154"
        Margin of Error,"±31,036"
    Families,
        Estimate,"71,250"
        Margin of Error,"±8,578"
    Married-couple families,
        Estimate,"67,000"
        Margin of Error,"±27,947"
    Nonfamily households,
        Estimate,"33,589"
        Margin of Error,"±7,733"
"Census Tract 4323, Los Angeles County, California",
    Households,
        Estimate,"54,155"
        Margin of Error,"±9,071"
    Families,
        Estimate,"63,050"
        Margin of Error,"±17,385"
    Married-couple families,
        Estimate,"64,900"
        Margin of Error,"±19,484"
    Nonfamily households,
        Estimate,"28,237"
        Margin of Error,"±3,655"
"Census Tract 4324.01, Los Angeles County, California",
    Households,
        Estimate,"52,500"
        Margin of Error,"±6,797"
    Families,
        Estimate,"59,509"
        Margin of Error,"±9,456"
    Married-couple families,
        Estimate,"64,948"
        Margin of Error,"±7,807"
    Nonfamily households,
        Estimate,"24,676"
        Margin of Error,"±6,532"
"Census Tract 4324.02, Los Angeles County, California",
    Households,
        Estimate,"57,889"
        Margin of Error,"±10,688"
    Families,
        Estimate,"59,242"
        Margin of Error,"±6,445"
    Married-couple families,
        Estimate,"68,295"
        Margin of Error,"±18,994"
    Nonfamily households,
        Estimate,"24,483"
        Margin of Error,"±13,105"
"Census Tract 4325, Los Angeles County, California",
    Households,
        Estimate,"51,353"
        Margin of Error,"±5,553"
    Families,
        Estimate,"70,484"
        Margin of Error,"±11,077"
    Married-couple families,
        Estimate,"70,679"
        Margin of Error,"±12,874"
    Nonfamily households,
        Estimate,"20,250"
        Margin of Error,"±9,470"
"Census Tract 4326.01, Los Angeles County, California",
    Households,
        Estimate,"67,760"
        Margin of Error,"±9,689"
    Families,
        Estimate,"65,143"
        Margin of Error,"±16,735"
    Married-couple families,
        Estimate,"73,173"
        Margin of Error,"±17,572"
    Nonfamily households,
        Estimate,-
        Margin of Error,**
"Census Tract 4326.02, Los Angeles County, California",
    Households,
        Estimate,"65,321"
        Margin of Error,"±16,159"
    Families,
        Estimate,"64,537"
        Margin of Error,"±14,431"
    Married-couple families,
        Estimate,"86,875"
        Margin of Error,"±19,393"
    Nonfamily households,
        Estimate,"38,533"
        Margin of Error,"±13,687"
"Census Tract 4327, Los Angeles County, California",
    Households,
        Estimate,"52,882"
        Margin of Error,"±22,799"
    Families,
        Estimate,"47,375"
        Margin of Error,"±19,316"
    Married-couple families,
        Estimate,"41,979"
        Margin of Error,"±17,563"
    Nonfamily households,
        Estimate,-
        Margin of Error,**
"Census Tract 4328.01, Los Angeles County, California",
    Households,
        Estimate,"23,466"
        Margin of Error,"±6,976"
    Families,
        Estimate,"32,893"
        Margin of Error,"±5,179"
    Married-couple families,
        Estimate,"30,900"
        Margin of Error,"±11,192"
    Nonfamily households,
        Estimate,"11,168"
        Margin of Error,±946
"Census Tract 4328.02, Los Angeles County, California",
    Households,
        Estimate,"39,474"
        Margin of Error,"±10,975"
    Families,
        Estimate,"40,655"
        Margin of Error,"±11,795"
    Married-couple families,
        Estimate,"45,240"
        Margin of Error,"±23,586"
    Nonfamily households,
        Estimate,"22,083"
        Margin of Error,"±17,478"
"Census Tract 4329.01, Los Angeles County, California",
    Households,
        Estimate,"59,417"
        Margin of Error,"±9,309"
    Families,
        Estimate,"64,647"
        Margin of Error,"±10,169"
    Married-couple families,
        Estimate,"63,958"
        Margin of Error,"±14,062"
    Nonfamily households,
        Estimate,-
        Margin of Error,**
"Census Tract 4329.02, Los Angeles County, California",
    Households,
        Estimate,"72,455"
        Margin of Error,"±11,154"
    Families,
        Estimate,"73,080"
        Margin of Error,"±11,666"
    Married-couple families,
        Estimate,"71,875"
        Margin of Error,"±24,990"
    Nonfamily households,
        Estimate,"40,167"
        Margin of Error,"±19,969"
"Census Tract 4331.01, Los Angeles County, California",
    Households,
        Estimate,"45,000"
        Margin of Error,"±13,727"
    Families,
        Estimate,"61,250"
        Margin of Error,"±13,860"
    Married-couple families,
        Estimate,"49,464"
        Margin of Error,"±24,577"
    Nonfamily households,
        Estimate,"30,509"
        Margin of Error,"±19,100"
"Census Tract 4331.02, Los Angeles County, California",
    Households,
        Estimate,"46,800"
        Margin of Error,"±13,385"
    Families,
        Estimate,"54,146"
        Margin of Error,"±13,364"
    Married-couple families,
        Estimate,"58,083"
        Margin of Error,"±19,150"
    Nonfamily households,
        Estimate,"16,600"
        Margin of Error,"±1,268"
"Census Tract 4332, Los Angeles County, California",
    Households,
        Estimate,"50,570"
        Margin of Error,"±4,645"
    Families,
        Estimate,"53,229"
        Margin of Error,"±6,873"
    Married-couple families,
        Estimate,"60,000"
        Margin of Error,"±6,724"
    Nonfamily households,
        Estimate,-
        Margin of Error,**
"Census Tract 4333.02, Los Angeles County, California",
    Households,
        Estimate,"34,500"
        Margin of Error,"±15,919"
    Families,
        Estimate,"37,125"
        Margin of Error,"±16,704"
    Married-couple families,
        Estimate,"54,643"
        Margin of Error,"±20,132"
    Nonfamily households,
        Estimate,"17,596"
        Margin of Error,"±7,923"
"Census Tract 4333.04, Los Angeles County, California",
    Households,
        Estimate,"36,250"
        Margin of Error,"±4,589"
    Families,
        Estimate,"42,986"
        Margin of Error,"±10,325"
    Married-couple families,
        Estimate,"50,278"
        Margin of Error,"±11,107"
    Nonfamily households,
        Estimate,-
        Margin of Error,**
"Census Tract 4333.05, Los Angeles County, California",
    Households,
        Estimate,"44,390"
        Margin of Error,"±12,848"
    Families,
        Estimate,"47,500"
        Margin of Error,"±10,601"
    Married-couple families,
        Estimate,"60,531"
        Margin of Error,"±18,121"
    Nonfamily households,
        Estimate,"22,132"
        Margin of Error,"±11,317"
"Census Tract 4333.06, Los Angeles County, California",
    Households,
        Estimate,"57,803"
        Margin of Error,"±3,944"
    Families,
        Estimate,"59,432"
        Margin of Error,"±5,916"
    Married-couple families,
        Estimate,"66,477"
        Margin of Error,"±14,966"
    Nonfamily households,
        Estimate,"34,464"
        Margin of Error,"±26,493"
"Census Tract 4333.07, Los Angeles County, California",
    Households,
        Estimate,"60,673"
        Margin of Error,"±10,935"
    Families,
        Estimate,"60,000"
        Margin of Error,"±19,115"
    Married-couple families,
        Estimate,"73,750"
        Margin of Error,"±23,372"
    Nonfamily households,
        Estimate,"38,750"
        Margin of Error,"±33,394"
"Census Tract 4334.01, Los Angeles County, California",
    Households,
        Estimate,"49,115"
        Margin of Error,"±5,654"
    Families,
        Estimate,"42,557"
        Margin of Error,"±4,783"
    Married-couple families,
        Estimate,"48,333"
        Margin of Error,"±7,346"
    Nonfamily households,
        Estimate,"46,364"
        Margin of Error,"±21,962"
"Census Tract 4334.02, Los Angeles County, California",
    Households,
        Estimate,"48,547"
        Margin of Error,"±10,412"
    Families,
        Estimate,"44,367"
        Margin of Error,"±9,993"
    Married-couple families,
        Estimate,"68,824"
        Margin of Error,"±32,728"
    Nonfamily households,
        Estimate,"43,042"
        Margin of Error,"±24,217"
"Census Tract 4334.03, Los Angeles County, California",
    Households,
        Estimate,"45,967"
        Margin of Error,"±9,776"
    Families,
        Estimate,"48,511"
        Margin of Error,"±3,670"
    Married-couple families,
        Estimate,"54,821"
        Margin of Error,"±6,078"
    Nonfamily households,
        Estimate,"18,315"
        Margin of Error,"±6,502"
"Census Tract 4335.01, Los Angeles County, California",
    Households,
        Estimate,"36,703"
        Margin of Error,"±3,525"
    Families,
        Estimate,"36,845"
        Margin of Error,"±7,519"
    Married-couple families,
        Estimate,"40,938"
        Margin of Error,"±23,326"
    Nonfamily households,
        Estimate,-
        Margin of Error,**
"Census Tract 4335.03, Los Angeles County, California",
    Households,
        Estimate,"60,080"
        Margin of Error,"±16,547"
    Families,
        Estimate,"60,505"
        Margin of Error,"±9,709"
    Married-couple families,
        Estimate,"60,197"
        Margin of Error,"±12,193"
    Nonfamily households,
        Estimate,"38,214"
        Margin of Error,"±19,323"
"Census Tract 4335.04, Los Angeles County, California",
    Households,
        Estimate,"36,811"
        Margin of Error,"±9,092"
    Families,
        Estimate,"37,703"
        Margin of Error,"±10,826"
    Married-couple families,
        Estimate,"38,500"
        Margin of Error,"±19,140"
    Nonfamily households,
        Estimate,"14,938"
        Margin of Error,"±13,385"
"Census Tract 4336.01, Los Angeles County, California",
    Households,
        Estimate,"66,174"
        Margin of Error,"±6,225"
    Families,
        Estimate,"69,167"
        Margin of Error,"±7,128"
    Married-couple families,
        Estimate,"71,458"
        Margin of Error,"±22,652"
    Nonfamily households,
        Estimate,"31,875"
        Margin of Error,"±9,104"
"Census Tract 4336.02, Los Angeles County, California",
    Households,
        Estimate,"52,464"
        Margin of Error,"±9,837"
    Families,
        Estimate,"53,125"
        Margin of Error,"±8,625"
    Married-couple families,
        Estimate,"56,477"
        Margin of Error,"±8,041"
    Nonfamily households,
        Estimate,-
        Margin of Error,**
"Census Tract 4337, Los Angeles County, California",
    Households,
        Estimate,"60,724"
        Margin of Error,"±8,876"
    Families,
        Estimate,"66,207"
        Margin of Error,"±7,717"
    Married-couple families,
        Estimate,"70,605"
        Margin of Error,"±8,501"
    Nonfamily households,
        Estimate,"19,250"
        Margin of Error,"±6,659"
"Census Tract 4338.01, Los Angeles County, California",
    Households,
        Estimate,"49,720"
        Margin of Error,"±8,523"
    Families,
        Estimate,"53,750"
        Margin of Error,"±9,203"
    Married-couple families,
        Estimate,"49,167"
        Margin of Error,"±9,485"
    Nonfamily households,
        Estimate,"35,375"
        Margin of Error,"±17,969"
"Census Tract 4338.02, Los Angeles County, California",
    Households,
        Estimate,"71,645"
        Margin of Error,"±11,352"
    Families,
        Estimate,"76,563"
        Margin of Error,"±13,186"
    Married-couple families,
        Estimate,"94,464"
        Margin of Error,"±6,090"
    Nonfamily households,
        Estimate,"41,667"
        Margin of Error,"±32,578"
"Census Tract 4339.01, Los Angeles County, California",
    Households,
        Estimate,"41,779"
        Margin of Error,"±4,284"
    Families,
        Estimate,"42,262"
        Margin of Error,"±8,167"
    Married-couple families,
        Estimate,"44,432"
        Margin of Error,"±12,842"
    Nonfamily households,
        Estimate,-
        Margin of Error,**
"Census Tract 4339.02, Los Angeles County, California",
    Households,
        Estimate,"53,205"
        Margin of Error,"±9,213"
    Families,
        Estimate,"53,750"
        Margin of Error,"±8,041"
    Married-couple families,
        Estimate,"53,555"
        Margin of Error,"±15,365"
    Nonfamily households,
        Estimate,"19,904"
        Margin of Error,"±4,505"
"Census Tract 4340.01, Los Angeles County, California",
    Households,
        Estimate,"52,436"
        Margin of Error,"±10,439"
    Families,
        Estimate,"52,308"
        Margin of Error,"±10,161"
    Married-couple families,
        Estimate,"56,845"
        Margin of Error,"±11,825"
    Nonfamily households,
        Estimate,"46,591"
        Margin of Error,"±20,259"
"Census Tract 4340.03, Los Angeles County, California",
    Households,
        Estimate,"53,125"
        Margin of Error,"±12,731"
    Families,
        Estimate,"52,500"
        Margin of Error,"±16,050"
    Married-couple families,
        Estimate,"69,375"
        Margin of Error,"±13,410"
    Nonfamily households,
        Estimate,"42,647"
        Margin of Error,"±29,426"
"Census Tract 4340.04, Los Angeles County, California",
    Households,
        Estimate,"64,443"
        Margin of Error,"±3,583"
    Families,
        Estimate,"61,000"
        Margin of Error,"±19,045"
    Married-couple families,
        Estimate,"68,641"
        Margin of Error,"±6,470"
    Nonfamily households,
        Estimate,-
        Margin of Error,**
"Census Tract 4600, Los Angeles County, California",
    Households,
        Estimate,"129,393"
        Margin of Error,"±22,262"
    Families,
        Estimate,"155,273"
        Margin of Error,"±29,662"
    Married-couple families,
        Estimate,"157,750"
        Margin of Error,"±46,575"
    Nonfamily households,
        Estimate,"90,882"
        Margin of Error,"±31,599"
"Census Tract 4601, Los Angeles County, California",
    Households,
        Estimate,"131,477"
        Margin of Error,"±25,085"
    Families,
        Estimate,"154,490"
        Margin of Error,"±36,570"
    Married-couple families,
        Estimate,"184,750"
        Margin of Error,"±33,542"
    Nonfamily households,
        Estimate,"77,209"
        Margin of Error,"±15,717"
"Census Tract 4602, Los Angeles County, California",
    Households,
        Estimate,"101,875"
        Margin of Error,"±38,055"
    Families,
        Estimate,"107,596"
        Margin of Error,"±51,402"
    Married-couple families,
        Estimate,"150,625"
        Margin of Error,"±61,248"
    Nonfamily households,
        Estimate,"83,816"
        Margin of Error,"±53,951"
"Census Tract 4603.01, Los Angeles County, California",
    Households,
        Estimate,"110,714"
        Margin of Error,"±31,137"
    Families,
        Estimate,"143,029"
        Margin of Error,"±29,175"
    Married-couple families,
        Estimate,"160,313"
        Margin of Error,"±12,785"
    Nonfamily households,
        Estimate,"60,313"
        Margin of Error,"±20,015"
"Census Tract 4603.02, Los Angeles County, California",
    Households,
        Estimate,"68,306"
        Margin of Error,"±13,190"
    Families,
        Estimate,"100,156"
        Margin of Error,"±23,586"
    Married-couple families,
        Estimate,"100,846"
        Margin of Error,"±21,812"
    Nonfamily households,
        Estimate,-
        Margin of Error,**
"Census Tract 4604.01, Los Angeles County, California",
    Households,
        Estimate,"100,417"
        Margin of Error,"±32,045"
    Families,
        Estimate,"107,961"
        Margin of Error,"±21,564"
    Married-couple families,
        Estimate,"117,500"
        Margin of Error,"±14,271"
    Nonfamily households,
        Estimate,"56,250"
        Margin of Error,"±40,024"
"Census Tract 4605.01, Los Angeles County, California",
    Households,
        Estimate,"189,107"
        Margin of Error,"±34,643"
    Families,
        Estimate,"226,932"
        Margin of Error,"±44,638"
    Married-couple families,
        Estimate,"241,912"
        Margin of Error,"±34,976"
    Nonfamily households,
        Estimate,"70,066"
        Margin of Error,"±10,825"
"Census Tract 4605.02, Los Angeles County, California",
    Households,
        Estimate,"163,438"
        Margin of Error,"±44,384"
    Families,
        Estimate,"192,313"
        Margin of Error,"±33,188"
    Married-couple families,
        Estimate,"205,938"
        Margin of Error,"±33,349"
    Nonfamily households,
        Estimate,"80,341"
        Margin of Error,"±23,007"
"Census Tract 4606, Los Angeles County, California",
    Households,
        Estimate,"170,648"
        Margin of Error,"±19,860"
    Families,
        Estimate,"176,500"
        Margin of Error,"±19,212"
    Married-couple families,
        Estimate,"183,929"
        Margin of Error,"±19,082"
    Nonfamily households,
        Estimate,"85,278"
        Margin of Error,"±49,465"
"Census Tract 4607, Los Angeles County, California",
    Households,
        Estimate,"210,208"
        Margin of Error,"±49,912"
    Families,
        Estimate,"230,655"
        Margin of Error,"±46,397"
    Married-couple families,
        Estimate,"243,906"
        Margin of Error,"±49,204"
    Nonfamily households,
        Estimate,"63,409"
        Margin of Error,"±35,374"
"Census Tract 4608, Los Angeles County, California",
    Households,
        Estimate,"212,639"
        Margin of Error,"±38,256"
    Families,
        Estimate,"239,808"
        Margin of Error,"±61,539"
    Married-couple families,
        Estimate,"241,645"
        Margin of Error,"±51,841"
    Nonfamily households,
        Estimate,"128,472"
        Margin of Error,"±100,066"
"Census Tract 4609, Los Angeles County, California",
    Households,
        Estimate,"79,101"
        Margin of Error,"±11,304"
    Families,
        Estimate,"85,027"
        Margin of Error,"±12,522"
    Married-couple families,
        Estimate,"99,850"
        Margin of Error,"±21,774"
    Nonfamily households,
        Estimate,"66,042"
        Margin of Error,"±21,781"
"Census Tract 4610, Los Angeles County, California",
    Households,
        Estimate,"77,569"
        Margin of Error,"±23,324"
    Families,
        Estimate,"79,792"
        Margin of Error,"±16,216"
    Married-couple families,
        Estimate,"105,906"
        Margin of Error,"±9,328"
    Nonfamily households,
        Estimate,"46,645"
        Margin of Error,"±27,142"
"Census Tract 4611, Los Angeles County, California",
    Households,
        Estimate,"90,444"
        Margin of Error,"±17,375"
    Families,
        Estimate,"93,750"
        Margin of Error,"±17,583"
    Married-couple families,
        Estimate,"101,941"
        Margin of Error,"±10,811"
    Nonfamily households,
        Estimate,"68,775"
        Margin of Error,"±15,584"
"Census Tract 4612, Los Angeles County, California",
    Households,
        Estimate,"129,974"
        Margin of Error,"±27,504"
    Families,
        Estimate,"150,521"
        Margin of Error,"±29,424"
    Married-couple families,
        Estimate,"189,250"
        Margin of Error,"±25,739"
    Nonfamily households,
        Estimate,"38,750"
        Margin of Error,"±32,102"
"Census Tract 4613, Los Angeles County, California",
    Households,
        Estimate,"82,847"
        Margin of Error,"±23,772"
    Families,
        Estimate,"104,091"
        Margin of Error,"±24,594"
    Married-couple families,
        Estimate,"123,163"
        Margin of Error,"±40,930"
    Nonfamily households,
        Estimate,"36,329"
        Margin of Error,"±20,952"
"Census Tract 4614, Los Angeles County, California",
    Households,
        Estimate,"60,435"
        Margin of Error,"±10,864"
    Families,
        Estimate,"76,442"
        Margin of Error,"±32,166"
    Married-couple families,
        Estimate,"99,728"
        Margin of Error,"±36,992"
    Nonfamily households,
        Estimate,"42,574"
        Margin of Error,"±27,522"
"Census Tract 4615.01, Los Angeles County, California",
    Households,
        Estimate,"83,387"
        Margin of Error,"±14,292"
    Families,
        Estimate,"89,542"
        Margin of Error,"±34,547"
    Married-couple families,
        Estimate,"116,250"
        Margin of Error,"±41,669"
    Nonfamily households,
        Estimate,"65,486"
        Margin of Error,"±14,767"
"Census Tract 4615.02, Los Angeles County, California",
    Households,
        Estimate,"62,769"
        Margin of Error,"±4,629"
    Families,
        Estimate,"66,944"
        Margin of Error,"±16,450"
    Married-couple families,
        Estimate,"79,331"
        Margin of Error,"±17,292"
    Nonfamily households,
        Estimate,"39,531"
        Margin of Error,"±31,063"
"Census Tract 4616, Los Angeles County, California",
    Households,
        Estimate,"71,250"
        Margin of Error,"±22,706"
    Families,
        Estimate,"77,727"
        Margin of Error,"±27,280"
    Married-couple families,
        Estimate,"94,958"
        Margin of Error,"±26,840"
    Nonfamily households,
        Estimate,"31,071"
        Margin of Error,"±27,857"
"Census Tract 4617, Los Angeles County, California",
    Households,
        Estimate,"123,854"
        Margin of Error,"±29,117"
    Families,
        Estimate,"137,353"
        Margin of Error,"±14,054"
    Married-couple families,
        Estimate,"152,000"
        Margin of Error,"±20,741"
    Nonfamily households,
        Estimate,"86,875"
        Margin of Error,"±23,861"
"Census Tract 4619.01, Los Angeles County, California",
    Households,
        Estimate,"52,000"
        Margin of Error,"±9,782"
    Families,
        Estimate,"54,038"
        Margin of Error,"±16,244"
    Married-couple families,
        Estimate,"68,220"
        Margin of Error,"±24,336"
    Nonfamily households,
        Estimate,"48,300"
        Margin of Error,"±13,890"
"Census Tract 4619.02, Los Angeles County, California",
    Households,
        Estimate,"31,164"
        Margin of Error,"±23,809"
    Families,
        Estimate,"78,889"
        Margin of Error,"±53,868"
    Married-couple families,
        Estimate,"92,031"
        Margin of Error,"±16,258"
    Nonfamily households,
        Estimate,-
        Margin of Error,**
"Census Tract 4620.01, Los Angeles County, California",
    Households,
        Estimate,"61,964"
        Margin of Error,"±17,911"
    Families,
        Estimate,"70,147"
        Margin of Error,"±14,506"
    Married-couple families,
        Estimate,"77,500"
        Margin of Error,"±14,568"
    Nonfamily households,
        Estimate,"27,619"
        Margin of Error,"±12,585"
"Census Tract 4620.02, Los Angeles County, California",
    Households,
        Estimate,"30,982"
        Margin of Error,"±5,779"
    Families,
        Estimate,"32,106"
        Margin of Error,"±4,635"
    Married-couple families,
        Estimate,"61,522"
        Margin of Error,"±13,622"
    Nonfamily households,
        Estimate,"20,481"
        Margin of Error,"±8,241"
"Census Tract 4621, Los Angeles County, California",
    Households,
        Estimate,"61,417"
        Margin of Error,"±7,578"
    Families,
        Estimate,"70,625"
        Margin of Error,"±19,881"
    Married-couple families,
        Estimate,"130,598"
        Margin of Error,"±47,486"
    Nonfamily households,
        Estimate,"50,236"
        Margin of Error,"±20,894"
"Census Tract 4622.01, Los Angeles County, California",
    Households,
        Estimate,"40,038"
        Margin of Error,"±16,567"
    Families,
        Estimate,"66,250"
        Margin of Error,"±16,758"
    Married-couple families,
        Estimate,"76,012"
        Margin of Error,"±16,727"
    Nonfamily households,
        Estimate,"32,939"
        Margin of Error,"±7,471"
"Census Tract 4622.02, Los Angeles County, California",
    Households,
        Estimate,"64,388"
        Margin of Error,"±12,250"
    Families,
        Estimate,"68,611"
        Margin of Error,"±26,173"
    Married-couple families,
        Estimate,"90,921"
        Margin of Error,"±28,782"
    Nonfamily households,
        Estimate,"62,899"
        Margin of Error,"±12,127"
"Census Tract 4623.01, Los Angeles County, California",
    Households,
        Estimate,"57,898"
        Margin of Error,"±19,067"
    Families,
        Estimate,"58,404"
        Margin of Error,"±10,227"
    Married-couple families,
        Estimate,"80,563"
        Margin of Error,"±25,977"
    Nonfamily households,
        Estimate,"43,947"
        Margin of Error,"±16,276"
"Census Tract 4623.02, Los Angeles County, California",
    Households,
        Estimate,"68,102"
        Margin of Error,"±13,708"
    Families,
        Estimate,"93,611"
        Margin of Error,"±25,762"
    Married-couple families,
        Estimate,"103,510"
        Margin of Error,"±18,961"
    Nonfamily households,
        Estimate,"62,636"
        Margin of Error,"±7,125"
"Census Tract 4624, Los Angeles County, California",
    Households,
        Estimate,"91,116"
        Margin of Error,"±9,248"
    Families,
        Estimate,"116,250"
        Margin of Error,"±17,001"
    Married-couple families,
        Estimate,"143,077"
        Margin of Error,"±29,864"
    Nonfamily households,
        Estimate,"47,344"
        Margin of Error,"±29,867"
"Census Tract 4625, Los Angeles County, California",
    Households,
        Estimate,"92,743"
        Margin of Error,"±25,788"
    Families,
        Estimate,"135,365"
        Margin of Error,"±33,358"
    Married-couple families,
        Estimate,"137,155"
        Margin of Error,"±25,770"
    Nonfamily households,
        Estimate,"58,682"
        Margin of Error,"±17,603"
"Census Tract 4626, Los Angeles County, California",
    Households,
        Estimate,"148,393"
        Margin of Error,"±36,894"
    Families,
        Estimate,"188,333"
        Margin of Error,"±39,972"
    Married-couple families,
        Estimate,"194,063"
        Margin of Error,"±30,889"
    Nonfamily households,
        Estimate,"100,450"
        Margin of Error,"±28,478"
"Census Tract 4627, Los Angeles County, California",
    Households,
        Estimate,"80,294"
        Margin of Error,"±16,490"
    Families,
        Estimate,"98,558"
        Margin of Error,"±18,879"
    Married-couple families,
        Estimate,"117,054"
        Margin of Error,"±44,889"
    Nonfamily households,
        Estimate,"57,578"
        Margin of Error,"±15,271"
"Census Tract 4628, Los Angeles County, California",
    Households,
        Estimate,"81,424"
        Margin of Error,"±6,249"
    Families,
        Estimate,"83,988"
        Margin of Error,"±16,083"
    Married-couple families,
        Estimate,"104,453"
        Margin of Error,"±28,604"
    Nonfamily households,
        Estimate,"53,636"
        Margin of Error,"±15,237"
"Census Tract 4629, Los Angeles County, California",
    Households,
        Estimate,"138,611"
        Margin of Error,"±23,538"
    Families,
        Estimate,"148,229"
        Margin of Error,"±20,682"
    Married-couple families,
        Estimate,"158,036"
        Margin of Error,"±25,900"
    Nonfamily households,
        Estimate,"72,019"
        Margin of Error,"±65,887"
"Census Tract 4630, Los Angeles County, California",
    Households,
        Estimate,"116,181"
        Margin of Error,"±16,512"
    Families,
        Estimate,"143,056"
        Margin of Error,"±24,366"
    Married-couple families,
        Estimate,"146,635"
        Margin of Error,"±28,931"
    Nonfamily households,
        Estimate,"67,708"
        Margin of Error,"±30,673"
"Census Tract 4631.01, Los Angeles County, California",
    Households,
        Estimate,"96,618"
        Margin of Error,"±11,325"
    Families,
        Estimate,"114,500"
        Margin of Error,"±20,897"
    Married-couple families,
        Estimate,"124,500"
        Margin of Error,"±19,397"
    Nonfamily households,
        Estimate,"55,714"
        Margin of Error,"±12,670"
"Census Tract 4631.02, Los Angeles County, California",
    Households,
        Estimate,"84,182"
        Margin of Error,"±13,001"
    Families,
        Estimate,"84,523"
        Margin of Error,"±17,847"
    Married-couple families,
        Estimate,"99,219"
        Margin of Error,"±35,424"
    Nonfamily households,
        Estimate,"55,563"
        Margin of Error,"±26,260"
"Census Tract 4632, Los Angeles County, California",
    Households,
        Estimate,"109,583"
        Margin of Error,"±14,984"
    Families,
        Estimate,"121,985"
        Margin of Error,"±13,571"
    Married-couple families,
        Estimate,"130,313"
        Margin of Error,"±17,930"
    Nonfamily households,
        Estimate,"75,057"
        Margin of Error,"±11,166"
"Census Tract 4633, Los Angeles County, California",
    Households,
        Estimate,"101,964"
        Margin of Error,"±11,427"
    Families,
        Estimate,"134,196"
        Margin of Error,"±57,460"
    Married-couple families,
        Estimate,"209,250"
        Margin of Error,"±90,997"
    Nonfamily households,
        Estimate,"54,286"
        Margin of Error,"±8,631"
"Census Tract 4634, Los Angeles County, California",
    Households,
        Estimate,"93,433"
        Margin of Error,"±8,180"
    Families,
        Estimate,"99,722"
        Margin of Error,"±39,751"
    Married-couple families,
        Estimate,"136,304"
        Margin of Error,"±51,170"
    Nonfamily households,
        Estimate,"75,170"
        Margin of Error,"±26,287"
"Census Tract 4635, Los Angeles County, California",
    Households,
        Estimate,"95,339"
        Margin of Error,"±16,014"
    Families,
        Estimate,"133,194"
        Margin of Error,"±19,479"
    Married-couple families,
        Estimate,"135,824"
        Margin of Error,"±14,618"
    Nonfamily households,
        Estimate,"70,583"
        Margin of Error,"±18,061"
"Census Tract 4636.01, Los Angeles County, California",
    Households,
        Estimate,"81,782"
        Margin of Error,"±5,090"
    Families,
        Estimate,"93,824"
        Margin of Error,"±18,787"
    Married-couple families,
        Estimate,"121,667"
        Margin of Error,"±40,750"
    Nonfamily households,
        Estimate,"71,723"
        Margin of Error,"±9,053"
"Census Tract 4636.02, Los Angeles County, California",
    Households,
        Estimate,"83,065"
        Margin of Error,"±9,854"
    Families,
        Estimate,"126,707"
        Margin of Error,"±28,546"
    Married-couple families,
        Estimate,"134,600"
        Margin of Error,"±10,076"
    Nonfamily households,
        Estimate,"57,650"
        Margin of Error,"±21,346"
"Census Tract 4637, Los Angeles County, California",
    Households,
        Estimate,"136,389"
        Margin of Error,"±21,917"
    Families,
        Estimate,"145,329"
        Margin of Error,"±13,268"
    Married-couple families,
        Estimate,"152,292"
        Margin of Error,"±35,438"
    Nonfamily households,
        Estimate,"113,875"
        Margin of Error,"±52,816"
"Census Tract 4638, Los Angeles County, California",
    Households,
        Estimate,"158,438"
        Margin of Error,"±20,415"
    Families,
        Estimate,"183,050"
        Margin of Error,"±21,696"
    Married-couple families,
        Estimate,"198,000"
        Margin of Error,"±29,317"
    Nonfamily households,
        Estimate,"80,750"
        Margin of Error,"±26,177"
"Census Tract 4639, Los Angeles County, California",
    Households,
        Estimate,"104,260"
        Margin of Error,"±13,294"
    Families,
        Estimate,"134,450"
        Margin of Error,"±21,689"
    Married-couple families,
        Estimate,"141,333"
        Margin of Error,"±37,752"
    Nonfamily households,
        Estimate,"80,297"
        Margin of Error,"±14,949"
"Census Tract 4640, Los Angeles County, California",
    Households,
        Estimate,"107,438"
        Margin of Error,"±28,007"
    Families,
        Estimate,"130,547"
        Margin of Error,"±23,238"
    Married-couple families,
        Estimate,"183,417"
        Margin of Error,"±39,157"
    Nonfamily households,
        Estimate,"73,750"
        Margin of Error,"±22,659"
"Census Tract 4641, Los Angeles County, California",
    Households,
        Estimate,"168,438"
        Margin of Error,"±30,857"
    Families,
        Estimate,"182,868"
        Margin of Error,"±40,739"
    Married-couple families,
        Estimate,"198,155"
        Margin of Error,"±50,097"
    Nonfamily households,
        Estimate,"90,789"
        Margin of Error,"±37,124"
"Census Tract 4642, Los Angeles County, California",
    Households,
        Estimate,"161,979"
        Margin of Error,"±21,665"
    Families,
        Estimate,"187,132"
        Margin of Error,"±23,979"
    Married-couple families,
        Estimate,"205,625"
        Margin of Error,"±31,619"
    Nonfamily households,
        Estimate,"28,542"
        Margin of Error,"±9,511"
"Census Tract 4800.02, Los Angeles County, California",
    Households,
        Estimate,"109,625"
        Margin of Error,"±16,340"
    Families,
        Estimate,"121,951"
        Margin of Error,"±22,864"
    Married-couple families,
        Estimate,"132,826"
        Margin of Error,"±29,162"
    Nonfamily households,
        Estimate,"46,250"
        Margin of Error,"±32,594"
"Census Tract 4800.11, Los Angeles County, California",
    Households,
        Estimate,"63,446"
        Margin of Error,"±10,756"
    Families,
        Estimate,"75,500"
        Margin of Error,"±16,662"
    Married-couple families,
        Estimate,"98,688"
        Margin of Error,"±11,485"
    Nonfamily households,
        Estimate,"39,241"
        Margin of Error,"±8,461"
"Census Tract 4800.12, Los Angeles County, California",
    Households,
        Estimate,"84,234"
        Margin of Error,"±7,730"
    Families,
        Estimate,"87,383"
        Margin of Error,"±7,334"
    Married-couple families,
        Estimate,"94,856"
        Margin of Error,"±27,865"
    Nonfamily households,
        Estimate,"60,000"
        Margin of Error,"±16,406"
"Census Tract 4801.01, Los Angeles County, California",
    Households,
        Estimate,"74,896"
        Margin of Error,"±34,750"
    Families,
        Estimate,"91,492"
        Margin of Error,"±33,817"
    Married-couple families,
        Estimate,"109,671"
        Margin of Error,"±41,474"
    Nonfamily households,
        Estimate,"40,152"
        Margin of Error,"±22,932"
"Census Tract 4801.02, Los Angeles County, California",
    Households,
        Estimate,"75,216"
        Margin of Error,"±12,739"
    Families,
        Estimate,"83,990"
        Margin of Error,"±26,983"
    Married-couple families,
        Estimate,"110,096"
        Margin of Error,"±34,242"
    Nonfamily households,
        Estimate,"37,083"
        Margin of Error,"±10,734"
"Census Tract 4802.01, Los Angeles County, California",
    Households,
        Estimate,"113,393"
        Margin of Error,"±21,397"
    Families,
        Estimate,"127,981"
        Margin of Error,"±18,298"
    Married-couple families,
        Estimate,"145,227"
        Margin of Error,"±30,523"
    Nonfamily households,
        Estimate,"46,944"
        Margin of Error,"±35,390"
"Census Tract 4802.02, Los Angeles County, California",
    Households,
        Estimate,"100,875"
        Margin of Error,"±16,041"
    Families,
        Estimate,"111,053"
        Margin of Error,"±13,788"
    Married-couple families,
        Estimate,"118,750"
        Margin of Error,"±26,903"
    Nonfamily households,
        Estimate,"39,630"
        Margin of Error,"±19,949"
"Census Tract 4803.02, Los Angeles County, California",
    Households,
        Estimate,"75,326"
        Margin of Error,"±10,565"
    Families,
        Estimate,"80,938"
        Margin of Error,"±15,250"
    Married-couple families,
        Estimate,"92,206"
        Margin of Error,"±27,100"
    Nonfamily households,
        Estimate,"48,958"
        Margin of Error,"±22,933"
"Census Tract 4803.03, Los Angeles County, California",
    Households,
        Estimate,"51,667"
        Margin of Error,"±4,848"
    Families,
        Estimate,"52,049"
        Margin of Error,"±10,670"
    Married-couple families,
        Estimate,"60,511"
        Margin of Error,"±25,588"
    Nonfamily households,
        Estimate,"48,194"
        Margin of Error,"±10,477"
"Census Tract 4803.04, Los Angeles County, California",
    Households,
        Estimate,"50,280"
        Margin of Error,"±8,313"
    Families,
        Estimate,"61,000"
        Margin of Error,"±9,622"
    Married-couple families,
        Estimate,"61,650"
        Margin of Error,"±11,327"
    Nonfamily households,
        Estimate,"30,685"
        Margin of Error,"±6,623"
"Census Tract 4804, Los Angeles County, California",
    Households,
        Estimate,"66,389"
        Margin of Error,"±21,524"
    Families,
        Estimate,"105,682"
        Margin of Error,"±37,053"
    Married-couple families,
        Estimate,"140,208"
        Margin of Error,"±32,637"
    Nonfamily households,
        Estimate,"46,563"
        Margin of Error,"±12,471"
"Census Tract 4805, Los Angeles County, California",
    Households,
        Estimate,"120,521"
        Margin of Error,"±20,852"
    Families,
        Estimate,"150,000"
        Margin of Error,"±30,100"
    Married-couple families,
        Estimate,"177,500"
        Margin of Error,"±38,512"
    Nonfamily households,
        Estimate,"80,865"
        Margin of Error,"±34,823"
"Census Tract 4806, Los Angeles County, California",
    Households,
        Estimate,"92,837"
        Margin of Error,"±9,067"
    Families,
        Estimate,"121,824"
        Margin of Error,"±12,327"
    Married-couple families,
        Estimate,"138,882"
        Margin of Error,"±20,523"
    Nonfamily households,
        Estimate,"64,229"
        Margin of Error,"±18,840"
"Census Tract 4807.02, Los Angeles County, California",
    Households,
        Estimate,"153,487"
        Margin of Error,"±31,715"
    Families,
        Estimate,"200,313"
        Margin of Error,"±31,418"
    Married-couple families,
        Estimate,"223,611"
        Margin of Error,"±35,255"
    Nonfamily households,
        Estimate,"82,292"
        Margin of Error,"±14,400"
"Census Tract 4807.03, Los Angeles County, California",
    Households,
        Estimate,"122,188"
        Margin of Error,"±20,413"
    Families,
        Estimate,"126,161"
        Margin of Error,"±17,880"
    Married-couple families,
        Estimate,"153,125"
        Margin of Error,"±49,723"
    Nonfamily households,
        Estimate,"69,191"
        Margin of Error,"±29,672"
"Census Tract 4807.04, Los Angeles County, California",
    Households,
        Estimate,"82,159"
        Margin of Error,"±9,143"
    Families,
        Estimate,"105,086"
        Margin of Error,"±19,898"
    Married-couple families,
        Estimate,"141,493"
        Margin of Error,"±14,050"
    Nonfamily households,
        Estimate,"68,125"
        Margin of Error,"±12,620"
"Census Tract 4808.02, Los Angeles County, California",
    Households,
        Estimate,"68,145"
        Margin of Error,"±26,430"
    Families,
        Estimate,"73,125"
        Margin of Error,"±29,097"
    Married-couple families,
        Estimate,"88,214"
        Margin of Error,"±46,813"
    Nonfamily households,
        Estimate,"48,281"
        Margin of Error,"±19,684"
"Census Tract 4808.03, Los Angeles County, California",
    Households,
        Estimate,"76,156"
        Margin of Error,"±18,231"
    Families,
        Estimate,"95,299"
        Margin of Error,"±23,691"
    Married-couple families,
        Estimate,"94,500"
        Margin of Error,"±37,208"
    Nonfamily households,
        Estimate,"57,069"
        Margin of Error,"±32,536"
"Census Tract 4808.04, Los Angeles County, California",
    Households,
        Estimate,"66,625"
        Margin of Error,"±12,405"
    Families,
        Estimate,"71,682"
        Margin of Error,"±14,415"
    Married-couple families,
        Estimate,"96,250"
        Margin of Error,"±12,088"
    Nonfamily households,
        Estimate,"23,947"
        Margin of Error,"±20,910"
"Census Tract 4809.01, Los Angeles County, California",
    Households,
        Estimate,"57,802"
        Margin of Error,"±12,505"
    Families,
        Estimate,"58,017"
        Margin of Error,"±9,741"
    Married-couple families,
        Estimate,"59,095"
        Margin of Error,"±11,877"
    Nonfamily households,
        Estimate,"45,923"
        Margin of Error,"±7,523"
"Census Tract 4809.02, Los Angeles County, California",
    Households,
        Estimate,"50,127"
        Margin of Error,"±8,623"
    Families,
        Estimate,"45,594"
        Margin of Error,"±8,747"
    Married-couple families,
        Estimate,"50,107"
        Margin of Error,"±12,270"
    Nonfamily households,
        Estimate,"39,531"
        Margin of Error,"±23,821"
"Census Tract 4809.03, Los Angeles County, California",
    Households,
        Estimate,"67,039"
        Margin of Error,"±13,499"
    Families,
        Estimate,"68,487"
        Margin of Error,"±19,586"
    Married-couple families,
        Estimate,"76,750"
        Margin of Error,"±15,474"
    Nonfamily households,
        Estimate,"40,962"
        Margin of Error,"±26,488"
"Census Tract 4810.01, Los Angeles County, California",
    Households,
        Estimate,"51,591"
        Margin of Error,"±7,745"
    Families,
        Estimate,"76,087"
        Margin of Error,"±26,432"
    Married-couple families,
        Estimate,"66,750"
        Margin of Error,"±28,945"
    Nonfamily households,
        Estimate,"29,219"
        Margin of Error,"±20,854"
"Census Tract 4810.02, Los Angeles County, California",
    Households,
        Estimate,"60,275"
        Margin of Error,"±15,194"
    Families,
        Estimate,"53,905"
        Margin of Error,"±12,868"
    Married-couple families,
        Estimate,"62,202"
        Margin of Error,"±25,388"
    Nonfamily households,
        Estimate,"62,138"
        Margin of Error,"±18,736"
"Census Tract 4811.01, Los Angeles County, California",
    Households,
        Estimate,"62,824"
        Margin of Error,"±4,991"
    Families,
        Estimate,"62,254"
        Margin of Error,"±12,714"
    Married-couple families,
        Estimate,"71,014"
        Margin of Error,"±18,322"
    Nonfamily households,
        Estimate,"54,722"
        Margin of Error,"±14,684"
"Census Tract 4811.02, Los Angeles County, California",
    Households,
        Estimate,"53,024"
        Margin of Error,"±12,556"
    Families,
        Estimate,"55,486"
        Margin of Error,"±17,050"
    Married-couple families,
        Estimate,"62,979"
        Margin of Error,"±19,800"
    Nonfamily households,
        Estimate,"36,591"
        Margin of Error,"±19,455"
"Census Tract 4811.03, Los Angeles County, California",
    Households,
        Estimate,"70,618"
        Margin of Error,"±9,578"
    Families,
        Estimate,"70,095"
        Margin of Error,"±10,160"
    Married-couple families,
        Estimate,"71,058"
        Margin of Error,"±11,166"
    Nonfamily households,
        Estimate,"38,571"
        Margin of Error,"±27,297"
"Census Tract 4812.01, Los Angeles County, California",
    Households,
        Estimate,"75,078"
        Margin of Error,"±16,539"
    Families,
        Estimate,"81,493"
        Margin of Error,"±12,154"
    Married-couple families,
        Estimate,"88,785"
        Margin of Error,"±6,919"
    Nonfamily households,
        Estimate,"27,417"
        Margin of Error,"±27,270"
"Census Tract 4812.02, Los Angeles County, California",
    Households,
        Estimate,"73,182"
        Margin of Error,"±12,621"
    Families,
        Estimate,"76,921"
        Margin of Error,"±13,348"
    Married-couple families,
        Estimate,"85,179"
        Margin of Error,"±17,220"
    Nonfamily households,
        Estimate,"42,824"
        Margin of Error,"±33,315"
"Census Tract 4813, Los Angeles County, California",
    Households,
        Estimate,"66,500"
        Margin of Error,"±11,140"
    Families,
        Estimate,"70,329"
        Margin of Error,"±11,804"
    Married-couple families,
        Estimate,"71,905"
        Margin of Error,"±19,283"
    Nonfamily households,
        Estimate,-
        Margin of Error,**
"Census Tract 4814.01, Los Angeles County, California",
    Households,
        Estimate,"47,207"
        Margin of Error,"±7,390"
    Families,
        Estimate,"48,049"
        Margin of Error,"±10,183"
    Married-couple families,
        Estimate,"48,426"
        Margin of Error,"±18,273"
    Nonfamily households,
        Estimate,"41,550"
        Margin of Error,"±17,279"
"Census Tract 4814.02, Los Angeles County, California",
    Households,
        Estimate,"60,847"
        Margin of Error,"±10,737"
    Families,
        Estimate,"61,271"
        Margin of Error,"±8,358"
    Married-couple families,
        Estimate,"74,485"
        Margin of Error,"±18,462"
    Nonfamily households,
        Estimate,"21,733"
        Margin of Error,"±9,967"
"Census Tract 4815, Los Angeles County, California",
    Households,
        Estimate,"69,452"
        Margin of Error,"±11,924"
    Families,
        Estimate,"76,892"
        Margin of Error,"±17,390"
    Married-couple families,
        Estimate,"90,313"
        Margin of Error,"±30,628"
    Nonfamily households,
        Estimate,"54,107"
        Margin of Error,"±19,738"
"Census Tract 4816.03, Los Angeles County, California",
    Households,
        Estimate,"56,159"
        Margin of Error,"±16,761"
    Families,
        Estimate,"60,594"
        Margin of Error,"±14,472"
    Married-couple families,
        Estimate,"60,938"
        Margin of Error,"±12,630"
    Nonfamily households,
        Estimate,"42,578"
        Margin of Error,"±34,390"
"Census Tract 4816.04, Los Angeles County, California",
    Households,
        Estimate,"58,137"
        Margin of Error,"±8,468"
    Families,
        Estimate,"59,191"
        Margin of Error,"±13,932"
    Married-couple families,
        Estimate,"77,806"
        Margin of Error,"±16,730"
    Nonfamily households,
        Estimate,"51,964"
        Margin of Error,"±20,516"
"Census Tract 4816.05, Los Angeles County, California",
    Households,
        Estimate,"55,948"
        Margin of Error,"±17,137"
    Families,
        Estimate,"75,451"
        Margin of Error,"±20,761"
    Married-couple families,
        Estimate,"66,250"
        Margin of Error,"±25,363"
    Nonfamily households,
        Estimate,"47,993"
        Margin of Error,"±7,075"
"Census Tract 4816.06, Los Angeles County, California",
    Households,
        Estimate,"54,762"
        Margin of Error,"±4,951"
    Families,
        Estimate,"58,421"
        Margin of Error,"±6,277"
    Married-couple families,
        Estimate,"67,368"
        Margin of Error,"±14,404"
    Nonfamily households,
        Estimate,"36,750"
        Margin of Error,"±17,997"
"Census Tract 4817.11, Los Angeles County, California",
    Households,
        Estimate,"45,554"
        Margin of Error,"±7,003"
    Families,
        Estimate,"45,908"
        Margin of Error,"±5,656"
    Married-couple families,
        Estimate,"38,295"
        Margin of Error,"±11,377"
    Nonfamily households,
        Estimate,-
        Margin of Error,**
"Census Tract 4817.12, Los Angeles County, California",
    Households,
        Estimate,"49,837"
        Margin of Error,"±7,090"
    Families,
        Estimate,"48,836"
        Margin of Error,"±8,139"
    Married-couple families,
        Estimate,"56,375"
        Margin of Error,"±8,421"
    Nonfamily households,
        Estimate,"27,583"
        Margin of Error,"±20,629"
"Census Tract 4817.13, Los Angeles County, California",
    Households,
        Estimate,"63,563"
        Margin of Error,"±16,619"
    Families,
        Estimate,"71,283"
        Margin of Error,"±21,233"
    Married-couple families,
        Estimate,"85,227"
        Margin of Error,"±29,664"
    Nonfamily households,
        Estimate,-
        Margin of Error,**
"Census Tract 4817.14, Los Angeles County, California",
    Households,
        Estimate,"42,604"
        Margin of Error,"±4,217"
    Families,
        Estimate,"44,470"
        Margin of Error,"±4,581"
    Married-couple families,
        Estimate,"44,639"
        Margin of Error,"±4,946"
    Nonfamily households,
        Estimate,"20,769"
        Margin of Error,"±7,052"
"Census Tract 4818, Los Angeles County, California",
    Households,
        Estimate,"94,531"
        Margin of Error,"±16,552"
    Families,
        Estimate,"118,804"
        Margin of Error,"±26,854"
    Married-couple families,
        Estimate,"127,589"
        Margin of Error,"±27,807"
    Nonfamily households,
        Estimate,"60,833"
        Margin of Error,"±13,513"
"Census Tract 4819.01, Los Angeles County, California",
    Households,
        Estimate,"94,943"
        Margin of Error,"±16,025"
    Families,
        Estimate,"102,462"
        Margin of Error,"±14,749"
    Married-couple families,
        Estimate,"109,872"
        Margin of Error,"±12,759"
    Nonfamily households,
        Estimate,"41,364"
        Margin of Error,"±6,688"
"Census Tract 4819.02, Los Angeles County, California",
    Households,
        Estimate,"56,836"
        Margin of Error,"±9,285"
    Families,
        Estimate,"67,031"
        Margin of Error,"±32,975"
    Married-couple families,
        Estimate,"73,750"
        Margin of Error,"±38,376"
    Nonfamily households,
        Estimate,"31,964"
        Margin of Error,"±26,255"
"Census Tract 4820.01, Los Angeles County, California",
    Households,
        Estimate,"90,179"
        Margin of Error,"±18,607"
    Families,
        Estimate,"115,417"
        Margin of Error,"±36,609"
    Married-couple families,
        Estimate,"115,417"
        Margin of Error,"±33,005"
    Nonfamily households,
        Estimate,-
        Margin of Error,**
"Census Tract 4820.02, Los Angeles County, California",
    Households,
        Estimate,"66,103"
        Margin of Error,"±12,084"
    Families,
        Estimate,"74,528"
        Margin of Error,"±27,175"
    Married-couple families,
        Estimate,"102,321"
        Margin of Error,"±89,758"
    Nonfamily households,
        Estimate,"53,063"
        Margin of Error,"±8,666"
"Census Tract 4821.01, Los Angeles County, California",
    Households,
        Estimate,"61,667"
        Margin of Error,"±11,497"
    Families,
        Estimate,"71,354"
        Margin of Error,"±19,197"
    Married-couple families,
        Estimate,"72,857"
        Margin of Error,"±20,942"
    Nonfamily households,
        Estimate,"45,515"
        Margin of Error,"±18,952"
"Census Tract 4821.02, Los Angeles County, California",
    Households,
        Estimate,"87,000"
        Margin of Error,"±16,680"
    Families,
        Estimate,"97,054"
        Margin of Error,"±14,485"
    Married-couple families,
        Estimate,"105,179"
        Margin of Error,"±20,705"
    Nonfamily households,
        Estimate,"50,208"
        Margin of Error,"±13,941"
"Census Tract 4822.01, Los Angeles County, California",
    Households,
        Estimate,"46,768"
        Margin of Error,"±11,865"
    Families,
        Estimate,"45,764"
        Margin of Error,"±8,511"
    Married-couple families,
        Estimate,"47,386"
        Margin of Error,"±18,377"
    Nonfamily households,
        Estimate,-
        Margin of Error,**
"Census Tract 4822.02, Los Angeles County, California",
    Households,
        Estimate,"57,361"
        Margin of Error,"±11,287"
    Families,
        Estimate,"54,875"
        Margin of Error,"±11,102"
    Married-couple families,
        Estimate,"61,615"
        Margin of Error,"±10,103"
    Nonfamily households,
        Estimate,"50,859"
        Margin of Error,"±29,186"
"Census Tract 4823.01, Los Angeles County, California",
    Households,
        Estimate,"41,266"
        Margin of Error,"±8,262"
    Families,
        Estimate,"42,464"
        Margin of Error,"±5,565"
    Married-couple families,
        Estimate,"42,482"
        Margin of Error,"±7,918"
    Nonfamily households,
        Estimate,"10,050"
        Margin of Error,"±8,146"
"Census Tract 4823.03, Los Angeles County, California",
    Households,
        Estimate,"54,177"
        Margin of Error,"±6,797"
    Families,
        Estimate,"53,113"
        Margin of Error,"±8,318"
    Married-couple families,
        Estimate,"53,750"
        Margin of Error,"±8,816"
    Nonfamily households,
        Estimate,"38,816"
        Margin of Error,"±13,994"
"Census Tract 4823.04, Los Angeles County, California",
    Households,
        Estimate,"33,940"
        Margin of Error,"±5,796"
    Families,
        Estimate,"33,919"
        Margin of Error,"±4,283"
    Married-couple families,
        Estimate,"41,250"
        Margin of Error,"±15,629"
    Nonfamily households,
        Estimate,"16,620"
        Margin of Error,"±7,291"
"Census Tract 4824.01, Los Angeles County, California",
    Households,
        Estimate,"49,295"
        Margin of Error,"±4,535"
    Families,
        Estimate,"49,605"
        Margin of Error,"±5,973"
    Married-couple families,
        Estimate,"48,882"
        Margin of Error,"±5,358"
    Nonfamily households,
        Estimate,"48,173"
        Margin of Error,"±44,433"
"Census Tract 4824.02, Los Angeles County, California",
    Households,
        Estimate,"53,901"
        Margin of Error,"±19,049"
    Families,
        Estimate,"68,216"
        Margin of Error,"±17,562"
    Married-couple families,
        Estimate,"71,875"
        Margin of Error,"±24,455"
    Nonfamily households,
        Estimate,"31,265"
        Margin of Error,"±4,663"
"Census Tract 4825.02, Los Angeles County, California",
    Households,
        Estimate,"57,045"
        Margin of Error,"±10,019"
    Families,
        Estimate,"61,000"
        Margin of Error,"±14,063"
    Married-couple families,
        Estimate,"64,250"
        Margin of Error,"±13,941"
    Nonfamily households,
        Estimate,"30,357"
        Margin of Error,"±13,393"
"Census Tract 4825.03, Los Angeles County, California",
    Households,
        Estimate,"62,675"
        Margin of Error,"±7,510"
    Families,
        Estimate,"63,250"
        Margin of Error,"±7,149"
    Married-couple families,
        Estimate,"58,929"
        Margin of Error,"±17,575"
    Nonfamily households,
        Estimate,-
        Margin of Error,**
"Census Tract 4825.21, Los Angeles County, California",
    Households,
        Estimate,"67,295"
        Margin of Error,"±8,611"
    Families,
        Estimate,"69,327"
        Margin of Error,"±5,590"
    Married-couple families,
        Estimate,"72,926"
        Margin of Error,"±7,062"
    Nonfamily households,
        Estimate,"25,694"
        Margin of Error,"±22,485"
"Census Tract 4825.22, Los Angeles County, California",
    Households,
        Estimate,"65,786"
        Margin of Error,"±10,679"
    Families,
        Estimate,"79,125"
        Margin of Error,"±15,825"
    Married-couple families,
        Estimate,"87,108"
        Margin of Error,"±11,799"
    Nonfamily households,
        Estimate,"51,250"
        Margin of Error,"±6,750"
"Census Tract 4826, Los Angeles County, California",
    Households,
        Estimate,"70,417"
        Margin of Error,"±21,464"
    Families,
        Estimate,"87,448"
        Margin of Error,"±25,985"
    Married-couple families,
        Estimate,"97,869"
        Margin of Error,"±18,041"
    Nonfamily households,
        Estimate,-
        Margin of Error,**
"Census Tract 4827.01, Los Angeles County, California",
    Households,
        Estimate,"74,148"
        Margin of Error,"±18,920"
    Families,
        Estimate,"89,671"
        Margin of Error,"±16,506"
    Married-couple families,
        Estimate,"91,625"
        Margin of Error,"±20,182"
    Nonfamily households,
        Estimate,"39,402"
        Margin of Error,"±14,042"
"Census Tract 4827.02, Los Angeles County, California",
    Households,
        Estimate,"82,917"
        Margin of Error,"±18,026"
    Families,
        Estimate,"100,114"
        Margin of Error,"±22,502"
    Married-couple families,
        Estimate,"106,932"
        Margin of Error,"±21,086"
    Nonfamily households,
        Estimate,"30,938"
        Margin of Error,"±18,399"
"Census Tract 4828, Los Angeles County, California",
    Households,
        Estimate,"71,401"
        Margin of Error,"±11,771"
    Families,
        Estimate,"83,350"
        Margin of Error,"±19,970"
    Married-couple families,
        Estimate,"95,714"
        Margin of Error,"±23,885"
    Nonfamily households,
        Estimate,"48,409"
        Margin of Error,"±6,385"
"Census Tract 5001, Los Angeles County, California",
    Households,
        Estimate,"123,021"
        Margin of Error,"±54,777"
    Families,
        Estimate,"152,981"
        Margin of Error,"±59,707"
    Married-couple families,
        Estimate,"178,689"
        Margin of Error,"±28,629"
    Nonfamily households,
        Estimate,"51,042"
        Margin of Error,"±18,151"
"Census Tract 5002.01, Los Angeles County, California",
    Households,
        Estimate,"114,831"
        Margin of Error,"±16,909"
    Families,
        Estimate,"127,568"
        Margin of Error,"±21,640"
    Married-couple families,
        Estimate,"134,545"
        Margin of Error,"±13,104"
    Nonfamily households,
        Estimate,"85,592"
        Margin of Error,"±72,611"
"Census Tract 5002.02, Los Angeles County, California",
    Households,
        Estimate,"133,125"
        Margin of Error,"±28,251"
    Families,
        Estimate,"152,742"
        Margin of Error,"±15,657"
    Married-couple families,
        Estimate,"155,513"
        Margin of Error,"±21,886"
    Nonfamily households,
        Estimate,"40,658"
        Margin of Error,"±26,568"
"Census Tract 5003, Los Angeles County, California",
    Households,
        Estimate,"102,875"
        Margin of Error,"±23,105"
    Families,
        Estimate,"132,386"
        Margin of Error,"±41,741"
    Married-couple families,
        Estimate,"162,829"
        Margin of Error,"±31,063"
    Nonfamily households,
        Estimate,"49,474"
        Margin of Error,"±11,945"
"Census Tract 5004.02, Los Angeles County, California",
    Households,
        Estimate,"54,375"
        Margin of Error,"±13,252"
    Families,
        Estimate,"58,621"
        Margin of Error,"±8,697"
    Married-couple families,
        Estimate,"59,347"
        Margin of Error,"±9,144"
    Nonfamily households,
        Estimate,"30,909"
        Margin of Error,"±19,407"
"Census Tract 5004.03, Los Angeles County, California",
    Households,
        Estimate,"82,169"
        Margin of Error,"±11,349"
    Families,
        Estimate,"79,938"
        Margin of Error,"±12,291"
    Married-couple families,
        Estimate,"91,380"
        Margin of Error,"±17,881"
    Nonfamily households,
        Estimate,"62,414"
        Margin of Error,"±36,525"
"Census Tract 5004.04, Los Angeles County, California",
    Households,
        Estimate,"71,654"
        Margin of Error,"±6,941"
    Families,
        Estimate,"73,135"
        Margin of Error,"±6,344"
    Married-couple families,
        Estimate,"84,063"
        Margin of Error,"±24,255"
    Nonfamily households,
        Estimate,"34,643"
        Margin of Error,"±4,467"
"Census Tract 5005, Los Angeles County, California",
    Households,
        Estimate,"53,500"
        Margin of Error,"±8,525"
    Families,
        Estimate,"60,625"
        Margin of Error,"±11,027"
    Married-couple families,
        Estimate,"65,114"
        Margin of Error,"±15,192"
    Nonfamily households,
        Estimate,-
        Margin of Error,**
"Census Tract 5006, Los Angeles County, California",
    Households,
        Estimate,"56,920"
        Margin of Error,"±12,487"
    Families,
        Estimate,"72,568"
        Margin of Error,"±17,697"
    Married-couple families,
        Estimate,"74,659"
        Margin of Error,"±28,404"
    Nonfamily households,
        Estimate,"27,260"
        Margin of Error,"±10,857"
"Census Tract 5007, Los Angeles County, California",
    Households,
        Estimate,"79,872"
        Margin of Error,"±13,624"
    Families,
        Estimate,"81,250"
        Margin of Error,"±14,084"
    Married-couple families,
        Estimate,"104,476"
        Margin of Error,"±10,126"
    Nonfamily households,
        Estimate,"25,333"
        Margin of Error,"±23,069"
"Census Tract 5008, Los Angeles County, California",
    Households,
        Estimate,"66,116"
        Margin of Error,"±11,397"
    Families,
        Estimate,"70,000"
        Margin of Error,"±15,231"
    Married-couple families,
        Estimate,"74,653"
        Margin of Error,"±17,512"
    Nonfamily households,
        Estimate,"38,750"
        Margin of Error,"±11,761"
"Census Tract 5009, Los Angeles County, California",
    Households,
        Estimate,"55,446"
        Margin of Error,"±10,098"
    Families,
        Estimate,"67,724"
        Margin of Error,"±14,346"
    Married-couple families,
        Estimate,"73,250"
        Margin of Error,"±18,072"
    Nonfamily households,
        Estimate,"19,516"
        Margin of Error,"±7,427"
"Census Tract 5010.01, Los Angeles County, California",
    Households,
        Estimate,"76,067"
        Margin of Error,"±14,925"
    Families,
        Estimate,"76,818"
        Margin of Error,"±14,944"
    Married-couple families,
        Estimate,"81,806"
        Margin of Error,"±21,018"
    Nonfamily households,
        Estimate,"48,482"
        Margin of Error,"±31,309"
"Census Tract 5010.02, Los Angeles County, California",
    Households,
        Estimate,"100,217"
        Margin of Error,"±12,222"
    Families,
        Estimate,"104,932"
        Margin of Error,"±9,538"
    Married-couple families,
        Estimate,"108,475"
        Margin of Error,"±10,144"
    Nonfamily households,
        Estimate,"52,647"
        Margin of Error,"±25,465"
"Census Tract 5012, Los Angeles County, California",
    Households,
        Estimate,"96,071"
        Margin of Error,"±18,160"
    Families,
        Estimate,"104,866"
        Margin of Error,"±14,260"
    Married-couple families,
        Estimate,"108,750"
        Margin of Error,"±9,074"
    Nonfamily households,
        Estimate,"41,793"
        Margin of Error,"±17,634"
"Census Tract 5013, Los Angeles County, California",
    Households,
        Estimate,"76,027"
        Margin of Error,"±11,444"
    Families,
        Estimate,"79,733"
        Margin of Error,"±15,607"
    Married-couple families,
        Estimate,"89,118"
        Margin of Error,"±17,795"
    Nonfamily households,
        Estimate,"41,596"
        Margin of Error,"±13,864"
"Census Tract 5014, Los Angeles County, California",
    Households,
        Estimate,"43,929"
        Margin of Error,"±17,921"
    Families,
        Estimate,"57,097"
        Margin of Error,"±21,337"
    Married-couple families,
        Estimate,"67,444"
        Margin of Error,"±18,475"
    Nonfamily households,
        Estimate,"31,515"
        Margin of Error,"±13,715"
"Census Tract 5015.01, Los Angeles County, California",
    Households,
        Estimate,"102,292"
        Margin of Error,"±9,102"
    Families,
        Estimate,"130,833"
        Margin of Error,"±31,878"
    Married-couple families,
        Estimate,"147,083"
        Margin of Error,"±26,390"
    Nonfamily households,
        Estimate,"74,866"
        Margin of Error,"±14,475"
"Census Tract 5015.03, Los Angeles County, California",
    Households,
        Estimate,"66,053"
        Margin of Error,"±8,270"
    Families,
        Estimate,"67,500"
        Margin of Error,"±9,468"
    Married-couple families,
        Estimate,"91,450"
        Margin of Error,"±16,501"
    Nonfamily households,
        Estimate,"48,542"
        Margin of Error,"±16,050"
"Census Tract 5015.04, Los Angeles County, California",
    Households,
        Estimate,"35,601"
        Margin of Error,"±5,492"
    Families,
        Estimate,"45,583"
        Margin of Error,"±17,460"
    Married-couple families,
        Estimate,"64,063"
        Margin of Error,"±37,794"
    Nonfamily households,
        Estimate,"19,861"
        Margin of Error,"±12,956"
"Census Tract 5016, Los Angeles County, California",
    Households,
        Estimate,"95,587"
        Margin of Error,"±21,528"
    Families,
        Estimate,"97,609"
        Margin of Error,"±22,961"
    Married-couple families,
        Estimate,"127,422"
        Margin of Error,"±45,220"
    Nonfamily households,
        Estimate,"61,181"
        Margin of Error,"±61,157"
"Census Tract 5017, Los Angeles County, California",
    Households,
        Estimate,"101,579"
        Margin of Error,"±15,805"
    Families,
        Estimate,"110,195"
        Margin of Error,"±12,155"
    Married-couple families,
        Estimate,"128,529"
        Margin of Error,"±23,638"
    Nonfamily households,
        Estimate,"51,458"
        Margin of Error,"±41,032"
"Census Tract 5018.02, Los Angeles County, California",
    Households,
        Estimate,"68,783"
        Margin of Error,"±14,068"
    Families,
        Estimate,"81,758"
        Margin of Error,"±20,707"
    Married-couple families,
        Estimate,"106,563"
        Margin of Error,"±14,197"
    Nonfamily households,
        Estimate,"34,828"
        Margin of Error,"±7,193"
"Census Tract 5018.03, Los Angeles County, California",
    Households,
        Estimate,"39,885"
        Margin of Error,"±3,472"
    Families,
        Estimate,"39,967"
        Margin of Error,"±3,335"
    Married-couple families,
        Estimate,"53,750"
        Margin of Error,"±10,859"
    Nonfamily households,
        Estimate,"36,250"
        Margin of Error,"±9,316"
"Census Tract 5018.04, Los Angeles County, California",
    Households,
        Estimate,"50,134"
        Margin of Error,"±6,939"
    Families,
        Estimate,"60,417"
        Margin of Error,"±6,998"
    Married-couple families,
        Estimate,"64,464"
        Margin of Error,"±28,558"
    Nonfamily households,
        Estimate,"31,563"
        Margin of Error,"±23,274"
"Census Tract 5019, Los Angeles County, California",
    Households,
        Estimate,"96,591"
        Margin of Error,"±24,627"
    Families,
        Estimate,"100,882"
        Margin of Error,"±21,418"
    Married-couple families,
        Estimate,"107,232"
        Margin of Error,"±13,269"
    Nonfamily households,
        Estimate,"68,426"
        Margin of Error,"±40,980"
"Census Tract 5020.03, Los Angeles County, California",
    Households,
        Estimate,"68,698"
        Margin of Error,"±7,400"
    Families,
        Estimate,"68,056"
        Margin of Error,"±10,805"
    Married-couple families,
        Estimate,"80,294"
        Margin of Error,"±11,502"
    Nonfamily households,
        Estimate,"51,513"
        Margin of Error,"±8,889"
"Census Tract 5020.04, Los Angeles County, California",
    Households,
        Estimate,"66,563"
        Margin of Error,"±12,929"
    Families,
        Estimate,"67,566"
        Margin of Error,"±9,625"
    Married-couple families,
        Estimate,"81,447"
        Margin of Error,"±14,011"
    Nonfamily households,
        Estimate,"43,250"
        Margin of Error,"±26,748"
"Census Tract 5020.05, Los Angeles County, California",
    Households,
        Estimate,"62,279"
        Margin of Error,"±12,894"
    Families,
        Estimate,"65,705"
        Margin of Error,"±16,871"
    Married-couple families,
        Estimate,"102,143"
        Margin of Error,"±32,497"
    Nonfamily households,
        Estimate,"44,583"
        Margin of Error,"±9,128"
"Census Tract 5021, Los Angeles County, California",
    Households,
        Estimate,"66,808"
        Margin of Error,"±10,690"
    Families,
        Estimate,"73,787"
        Margin of Error,"±10,390"
    Married-couple families,
        Estimate,"80,049"
        Margin of Error,"±10,152"
    Nonfamily households,
        Estimate,"41,895"
        Margin of Error,"±10,727"
"Census Tract 5022, Los Angeles County, California",
    Households,
        Estimate,"68,882"
        Margin of Error,"±12,645"
    Families,
        Estimate,"78,493"
        Margin of Error,"±18,537"
    Married-couple families,
        Estimate,"83,781"
        Margin of Error,"±13,225"
    Nonfamily households,
        Estimate,"35,192"
        Margin of Error,"±8,548"
"Census Tract 5023.01, Los Angeles County, California",
    Households,
        Estimate,"67,238"
        Margin of Error,"±22,918"
    Families,
        Estimate,"77,750"
        Margin of Error,"±21,582"
    Married-couple families,
        Estimate,"76,964"
        Margin of Error,"±20,149"
    Nonfamily households,
        Estimate,"45,763"
        Margin of Error,"±6,872"
"Census Tract 5023.02, Los Angeles County, California",
    Households,
        Estimate,"56,750"
        Margin of Error,"±18,941"
    Families,
        Estimate,"61,310"
        Margin of Error,"±6,468"
    Married-couple families,
        Estimate,"71,250"
        Margin of Error,"±20,056"
    Nonfamily households,
        Estimate,"20,481"
        Margin of Error,"±10,595"
"Census Tract 5024.01, Los Angeles County, California",
    Households,
        Estimate,"71,159"
        Margin of Error,"±5,457"
    Families,
        Estimate,"75,028"
        Margin of Error,"±9,736"
    Married-couple families,
        Estimate,"80,882"
        Margin of Error,"±20,120"
    Nonfamily households,
        Estimate,"23,500"
        Margin of Error,"±7,781"
"Census Tract 5024.02, Los Angeles County, California",
    Households,
        Estimate,"80,208"
        Margin of Error,"±9,159"
    Families,
        Estimate,"83,641"
        Margin of Error,"±7,616"
    Married-couple families,
        Estimate,"85,469"
        Margin of Error,"±10,624"
    Nonfamily households,
        Estimate,"30,104"
        Margin of Error,"±9,757"
"Census Tract 5025, Los Angeles County, California",
    Households,
        Estimate,"63,098"
        Margin of Error,"±16,395"
    Families,
        Estimate,"73,456"
        Margin of Error,"±19,057"
    Married-couple families,
        Estimate,"79,091"
        Margin of Error,"±15,395"
    Nonfamily households,
        Estimate,"40,833"
        Margin of Error,"±26,935"
"Census Tract 5026.01, Los Angeles County, California",
    Households,
        Estimate,"77,170"
        Margin of Error,"±7,086"
    Families,
        Estimate,"85,568"
        Margin of Error,"±15,625"
    Married-couple families,
        Estimate,"97,826"
        Margin of Error,"±26,908"
    Nonfamily households,
        Estimate,"43,110"
        Margin of Error,"±11,880"
"Census Tract 5026.02, Los Angeles County, California",
    Households,
        Estimate,"56,688"
        Margin of Error,"±4,771"
    Families,
        Estimate,"68,529"
        Margin of Error,"±15,689"
    Married-couple families,
        Estimate,"72,150"
        Margin of Error,"±24,078"
    Nonfamily households,
        Estimate,"17,125"
        Margin of Error,"±14,883"
"Census Tract 5027, Los Angeles County, California",
    Households,
        Estimate,"77,065"
        Margin of Error,"±19,826"
    Families,
        Estimate,"89,267"
        Margin of Error,"±18,616"
    Married-couple families,
        Estimate,"111,338"
        Margin of Error,"±9,901"
    Nonfamily households,
        Estimate,"24,647"
        Margin of Error,"±6,494"
"Census Tract 5028.01, Los Angeles County, California",
    Households,
        Estimate,"85,160"
        Margin of Error,"±9,949"
    Families,
        Estimate,"90,625"
        Margin of Error,"±9,809"
    Married-couple families,
        Estimate,"105,221"
        Margin of Error,"±17,374"
    Nonfamily households,
        Estimate,"48,750"
        Margin of Error,"±16,192"
"Census Tract 5028.02, Los Angeles County, California",
    Households,
        Estimate,"47,350"
        Margin of Error,"±17,955"
    Families,
        Estimate,"62,596"
        Margin of Error,"±18,805"
    Married-couple families,
        Estimate,"75,951"
        Margin of Error,"±11,458"
    Nonfamily households,
        Estimate,"20,735"
        Margin of Error,"±6,632"
"Census Tract 5029.01, Los Angeles County, California",
    Households,
        Estimate,"94,375"
        Margin of Error,"±21,142"
    Families,
        Estimate,"96,406"
        Margin of Error,"±18,945"
    Married-couple families,
        Estimate,"100,764"
        Margin of Error,"±20,976"
    Nonfamily households,
        Estimate,"65,800"
        Margin of Error,"±13,458"
"Census Tract 5029.02, Los Angeles County, California",
    Households,
        Estimate,"48,750"
        Margin of Error,"±5,941"
    Families,
        Estimate,"49,830"
        Margin of Error,"±10,310"
    Married-couple families,
        Estimate,"55,577"
        Margin of Error,"±11,794"
    Nonfamily households,
        Estimate,"25,192"
        Margin of Error,"±10,483"
"Census Tract 5030, Los Angeles County, California",
    Households,
        Estimate,"59,671"
        Margin of Error,"±13,111"
    Families,
        Estimate,"63,004"
        Margin of Error,"±10,703"
    Married-couple families,
        Estimate,"67,870"
        Margin of Error,"±11,525"
    Nonfamily households,
        Estimate,"33,173"
        Margin of Error,"±15,894"
"Census Tract 5031.03, Los Angeles County, California",
    Households,
        Estimate,"77,795"
        Margin of Error,"±13,770"
    Families,
        Estimate,"78,828"
        Margin of Error,"±14,455"
    Married-couple families,
        Estimate,"84,857"
        Margin of Error,"±14,702"
    Nonfamily households,
        Estimate,"23,493"
        Margin of Error,"±4,958"
"Census Tract 5031.04, Los Angeles County, California",
    Households,
        Estimate,"62,974"
        Margin of Error,"±12,755"
    Families,
        Estimate,"62,974"
        Margin of Error,"±14,853"
    Married-couple families,
        Estimate,"50,903"
        Margin of Error,"±15,037"
    Nonfamily households,
        Estimate,"68,750"
        Margin of Error,"±59,767"
"Census Tract 5031.05, Los Angeles County, California",
    Households,
        Estimate,"73,611"
        Margin of Error,"±23,079"
    Families,
        Estimate,"70,150"
        Margin of Error,"±8,633"
    Married-couple families,
        Estimate,"96,500"
        Margin of Error,"±26,626"
    Nonfamily households,
        Estimate,"82,708"
        Margin of Error,"±51,946"
"Census Tract 5031.06, Los Angeles County, California",
    Households,
        Estimate,"68,255"
        Margin of Error,"±18,320"
    Families,
        Estimate,"80,813"
        Margin of Error,"±17,109"
    Married-couple families,
        Estimate,"77,891"
        Margin of Error,"±22,847"
    Nonfamily households,
        Estimate,"38,056"
        Margin of Error,"±21,190"
"Census Tract 5032.01, Los Angeles County, California",
    Households,
        Estimate,"97,277"
        Margin of Error,"±14,615"
    Families,
        Estimate,"100,433"
        Margin of Error,"±17,555"
    Married-couple families,
        Estimate,"106,875"
        Margin of Error,"±26,100"
    Nonfamily households,
        Estimate,-
        Margin of Error,**
"Census Tract 5032.02, Los Angeles County, California",
    Households,
        Estimate,"68,107"
        Margin of Error,"±11,431"
    Families,
        Estimate,"87,931"
        Margin of Error,"±26,926"
    Married-couple families,
        Estimate,"90,531"
        Margin of Error,"±26,003"
    Nonfamily households,
        Estimate,"12,346"
        Margin of Error,"±8,002"
"Census Tract 5033.01, Los Angeles County, California",
    Households,
        Estimate,"98,929"
        Margin of Error,"±18,401"
    Families,
        Estimate,"114,883"
        Margin of Error,"±18,711"
    Married-couple families,
        Estimate,"128,487"
        Margin of Error,"±17,525"
    Nonfamily households,
        Estimate,-
        Margin of Error,**
"Census Tract 5033.02, Los Angeles County, California",
    Households,
        Estimate,"78,617"
        Margin of Error,"±7,204"
    Families,
        Estimate,"80,454"
        Margin of Error,"±2,892"
    Married-couple families,
        Estimate,"90,380"
        Margin of Error,"±8,998"
    Nonfamily households,
        Estimate,"50,938"
        Margin of Error,"±33,927"
"Census Tract 5034.01, Los Angeles County, California",
    Households,
        Estimate,"100,498"
        Margin of Error,"±11,042"
    Families,
        Estimate,"107,316"
        Margin of Error,"±11,118"
    Married-couple families,
        Estimate,"114,667"
        Margin of Error,"±11,886"
    Nonfamily households,
        Estimate,"31,212"
        Margin of Error,"±14,971"
"Census Tract 5034.02, Los Angeles County, California",
    Households,
        Estimate,"104,069"
        Margin of Error,"±6,072"
    Families,
        Estimate,"103,750"
        Margin of Error,"±9,111"
    Married-couple families,
        Estimate,"119,702"
        Margin of Error,"±14,020"
    Nonfamily households,
        Estimate,"57,656"
        Margin of Error,"±41,481"
"Census Tract 5035.01, Los Angeles County, California",
    Households,
        Estimate,"61,535"
        Margin of Error,"±3,652"
    Families,
        Estimate,"67,212"
        Margin of Error,"±8,861"
    Married-couple families,
        Estimate,"83,171"
        Margin of Error,"±15,375"
    Nonfamily households,
        Estimate,"40,323"
        Margin of Error,"±22,961"
"Census Tract 5035.02, Los Angeles County, California",
    Households,
        Estimate,"90,125"
        Margin of Error,"±24,809"
    Families,
        Estimate,"84,803"
        Margin of Error,"±31,171"
    Married-couple families,
        Estimate,"114,896"
        Margin of Error,"±14,982"
    Nonfamily households,
        Estimate,"46,912"
        Margin of Error,"±22,679"
"Census Tract 5036.01, Los Angeles County, California",
    Households,
        Estimate,"93,750"
        Margin of Error,"±15,763"
    Families,
        Estimate,"94,853"
        Margin of Error,"±23,416"
    Married-couple families,
        Estimate,"115,469"
        Margin of Error,"±25,336"
    Nonfamily households,
        Estimate,"47,344"
        Margin of Error,"±42,360"
"Census Tract 5036.02, Los Angeles County, California",
    Households,
        Estimate,"110,278"
        Margin of Error,"±33,572"
    Families,
        Estimate,"135,742"
        Margin of Error,"±36,683"
    Married-couple families,
        Estimate,"135,547"
        Margin of Error,"±37,549"
    Nonfamily households,
        Estimate,-
        Margin of Error,**
"Census Tract 5037.01, Los Angeles County, California",
    Households,
        Estimate,"69,981"
        Margin of Error,"±9,560"
    Families,
        Estimate,"87,708"
        Margin of Error,"±22,965"
    Married-couple families,
        Estimate,"102,298"
        Margin of Error,"±28,435"
    Nonfamily households,
        Estimate,"40,625"
        Margin of Error,"±15,191"
"Census Tract 5037.02, Los Angeles County, California",
    Households,
        Estimate,"79,886"
        Margin of Error,"±6,324"
    Families,
        Estimate,"84,890"
        Margin of Error,"±13,371"
    Married-couple families,
        Estimate,"94,940"
        Margin of Error,"±18,332"
    Nonfamily households,
        Estimate,"45,769"
        Margin of Error,"±18,224"
"Census Tract 5037.03, Los Angeles County, California",
    Households,
        Estimate,"86,250"
        Margin of Error,"±21,507"
    Families,
        Estimate,"107,222"
        Margin of Error,"±15,422"
    Married-couple families,
        Estimate,"115,450"
        Margin of Error,"±33,207"
    Nonfamily households,
        Estimate,"19,688"
        Margin of Error,"±7,911"
"Census Tract 5038.01, Los Angeles County, California",
    Households,
        Estimate,"92,772"
        Margin of Error,"±11,879"
    Families,
        Estimate,"88,607"
        Margin of Error,"±11,358"
    Married-couple families,
        Estimate,"100,074"
        Margin of Error,"±9,384"
    Nonfamily households,
        Estimate,"95,588"
        Margin of Error,"±61,126"
"Census Tract 5038.02, Los Angeles County, California",
    Households,
        Estimate,"102,711"
        Margin of Error,"±13,953"
    Families,
        Estimate,"105,805"
        Margin of Error,"±5,776"
    Married-couple families,
        Estimate,"108,412"
        Margin of Error,"±4,984"
    Nonfamily households,
        Estimate,"84,792"
        Margin of Error,"±23,587"
"Census Tract 5039.01, Los Angeles County, California",
    Households,
        Estimate,"107,361"
        Margin of Error,"±21,399"
    Families,
        Estimate,"110,577"
        Margin of Error,"±6,200"
    Married-couple families,
        Estimate,"112,096"
        Margin of Error,"±18,563"
    Nonfamily households,
        Estimate,"35,781"
        Margin of Error,"±14,799"
"Census Tract 5039.02, Los Angeles County, California",
    Households,
        Estimate,"106,125"
        Margin of Error,"±11,287"
    Families,
        Estimate,"115,208"
        Margin of Error,"±17,082"
    Married-couple families,
        Estimate,"123,702"
        Margin of Error,"±10,370"
    Nonfamily households,
        Estimate,"47,176"
        Margin of Error,"±14,227"
"Census Tract 5040.01, Los Angeles County, California",
    Households,
        Estimate,"95,347"
        Margin of Error,"±18,566"
    Families,
        Estimate,"117,692"
        Margin of Error,"±35,271"
    Married-couple families,
        Estimate,"123,935"
        Margin of Error,"±19,466"
    Nonfamily households,
        Estimate,"28,661"
        Margin of Error,"±6,839"
"Census Tract 5040.02, Los Angeles County, California",
    Households,
        Estimate,"105,833"
        Margin of Error,"±9,112"
    Families,
        Estimate,"106,856"
        Margin of Error,"±9,387"
    Married-couple families,
        Estimate,"115,461"
        Margin of Error,"±13,556"
    Nonfamily households,
        Estimate,"44,018"
        Margin of Error,"±18,580"
"Census Tract 5041.01, Los Angeles County, California",
    Households,
        Estimate,"64,623"
        Margin of Error,"±8,761"
    Families,
        Estimate,"68,889"
        Margin of Error,"±9,490"
    Married-couple families,
        Estimate,"73,929"
        Margin of Error,"±17,343"
    Nonfamily households,
        Estimate,"44,821"
        Margin of Error,"±30,783"
"Census Tract 5041.02, Los Angeles County, California",
    Households,
        Estimate,-
        Margin of Error,**
    Families,
        Estimate,-
        Margin of Error,**
    Married-couple families,
        Estimate,-
        Margin of Error,**
    Nonfamily households,
        Estimate,-
        Margin of Error,**
"Census Tract 5300.03, Los Angeles County, California",
    Households,
        Estimate,"101,563"
        Margin of Error,"±13,697"
    Families,
        Estimate,"105,265"
        Margin of Error,"±12,872"
    Married-couple families,
        Estimate,"145,357"
        Margin of Error,"±28,713"
    Nonfamily households,
        Estimate,"40,526"
        Margin of Error,"±10,815"
"Census Tract 5300.04, Los Angeles County, California",
    Households,
        Estimate,"58,203"
        Margin of Error,"±13,023"
    Families,
        Estimate,"65,735"
        Margin of Error,"±18,494"
    Married-couple families,
        Estimate,"78,250"
        Margin of Error,"±13,503"
    Nonfamily households,
        Estimate,"23,556"
        Margin of Error,"±2,482"
"Census Tract 5300.05, Los Angeles County, California",
    Households,
        Estimate,"88,750"
        Margin of Error,"±11,818"
    Families,
        Estimate,"95,833"
        Margin of Error,"±11,327"
    Married-couple families,
        Estimate,"100,163"
        Margin of Error,"±11,887"
    Nonfamily households,
        Estimate,"15,809"
        Margin of Error,"±5,819"
"Census Tract 5300.06, Los Angeles County, California",
    Households,
        Estimate,"65,550"
        Margin of Error,"±8,007"
    Families,
        Estimate,"66,200"
        Margin of Error,"±9,075"
    Married-couple families,
        Estimate,"77,350"
        Margin of Error,"±21,789"
    Nonfamily households,
        Estimate,"38,723"
        Margin of Error,"±13,302"
"Census Tract 5301.01, Los Angeles County, California",
    Households,
        Estimate,"42,056"
        Margin of Error,"±9,168"
    Families,
        Estimate,"46,461"
        Margin of Error,"±7,048"
    Married-couple families,
        Estimate,"46,803"
        Margin of Error,"±7,614"
    Nonfamily households,
        Estimate,"13,700"
        Margin of Error,"±6,895"
"Census Tract 5301.02, Los Angeles County, California",
    Households,
        Estimate,"44,400"
        Margin of Error,"±13,325"
    Families,
        Estimate,"71,213"
        Margin of Error,"±11,194"
    Married-couple families,
        Estimate,"75,714"
        Margin of Error,"±26,576"
    Nonfamily households,
        Estimate,"17,152"
        Margin of Error,"±3,223"
"Census Tract 5302.02, Los Angeles County, California",
    Households,
        Estimate,"72,045"
        Margin of Error,"±13,529"
    Families,
        Estimate,"74,459"
        Margin of Error,"±7,353"
    Married-couple families,
        Estimate,"79,441"
        Margin of Error,"±8,254"
    Nonfamily households,
        Estimate,"27,139"
        Margin of Error,"±20,104"
"Census Tract 5302.03, Los Angeles County, California",
    Households,
        Estimate,"46,385"
        Margin of Error,"±6,498"
    Families,
        Estimate,"56,417"
        Margin of Error,"±14,472"
    Married-couple families,
        Estimate,"60,139"
        Margin of Error,"±17,659"
    Nonfamily households,
        Estimate,"24,205"
        Margin of Error,"±6,695"
"Census Tract 5302.04, Los Angeles County, California",
    Households,
        Estimate,"59,940"
        Margin of Error,"±16,249"
    Families,
        Estimate,"69,107"
        Margin of Error,"±19,215"
    Married-couple families,
        Estimate,"77,958"
        Margin of Error,"±22,498"
    Nonfamily households,
        Estimate,"31,000"
        Margin of Error,"±12,003"
"Census Tract 5303.01, Los Angeles County, California",
    Households,
        Estimate,"49,018"
        Margin of Error,"±11,262"
    Families,
        Estimate,"55,238"
        Margin of Error,"±11,634"
    Married-couple families,
        Estimate,"44,853"
        Margin of Error,"±12,012"
    Nonfamily households,
        Estimate,"40,368"
        Margin of Error,"±13,060"
"Census Tract 5303.02, Los Angeles County, California",
    Households,
        Estimate,"52,906"
        Margin of Error,"±12,162"
    Families,
        Estimate,"56,654"
        Margin of Error,"±3,900"
    Married-couple families,
        Estimate,"57,281"
        Margin of Error,"±8,910"
    Nonfamily households,
        Estimate,"21,265"
        Margin of Error,"±6,586"
"Census Tract 5304, Los Angeles County, California",
    Households,
        Estimate,"41,686"
        Margin of Error,"±6,368"
    Families,
        Estimate,"48,684"
        Margin of Error,"±19,579"
    Married-couple families,
        Estimate,"66,094"
        Margin of Error,"±16,129"
    Nonfamily households,
        Estimate,"14,620"
        Margin of Error,"±6,036"
"Census Tract 5305, Los Angeles County, California",
    Households,
        Estimate,"44,750"
        Margin of Error,"±8,507"
    Families,
        Estimate,"51,607"
        Margin of Error,"±28,943"
    Married-couple families,
        Estimate,"44,444"
        Margin of Error,"±18,566"
    Nonfamily households,
        Estimate,-
        Margin of Error,**
"Census Tract 5306.01, Los Angeles County, California",
    Households,
        Estimate,"51,719"
        Margin of Error,"±16,846"
    Families,
        Estimate,"60,714"
        Margin of Error,"±14,955"
    Married-couple families,
        Estimate,"81,420"
        Margin of Error,"±13,800"
    Nonfamily households,
        Estimate,"30,737"
        Margin of Error,"±2,083"
"Census Tract 5306.02, Los Angeles County, California",
    Households,
        Estimate,"84,750"
        Margin of Error,"±35,083"
    Families,
        Estimate,"87,054"
        Margin of Error,"±24,333"
    Married-couple families,
        Estimate,"86,250"
        Margin of Error,"±15,713"
    Nonfamily households,
        Estimate,-
        Margin of Error,**
"Census Tract 5307, Los Angeles County, California",
    Households,
        Estimate,"55,855"
        Margin of Error,"±10,851"
    Families,
        Estimate,"60,208"
        Margin of Error,"±13,453"
    Married-couple families,
        Estimate,"85,114"
        Margin of Error,"±16,094"
    Nonfamily households,
        Estimate,"38,750"
        Margin of Error,"±14,209"
"Census Tract 5308.01, Los Angeles County, California",
    Households,
        Estimate,"47,885"
        Margin of Error,"±7,606"
    Families,
        Estimate,"47,500"
        Margin of Error,"±7,208"
    Married-couple families,
        Estimate,"49,679"
        Margin of Error,"±14,453"
    Nonfamily households,
        Estimate,"18,955"
        Margin of Error,"±10,388"
"Census Tract 5308.02, Los Angeles County, California",
    Households,
        Estimate,"60,433"
        Margin of Error,"±12,827"
    Families,
        Estimate,"62,314"
        Margin of Error,"±2,776"
    Married-couple families,
        Estimate,"65,329"
        Margin of Error,"±18,323"
    Nonfamily households,
        Estimate,"34,417"
        Margin of Error,"±10,239"
"Census Tract 5309.01, Los Angeles County, California",
    Households,
        Estimate,"52,356"
        Margin of Error,"±12,969"
    Families,
        Estimate,"50,529"
        Margin of Error,"±10,572"
    Married-couple families,
        Estimate,"61,071"
        Margin of Error,"±7,033"
    Nonfamily households,
        Estimate,"41,204"
        Margin of Error,"±3,928"
"Census Tract 5309.02, Los Angeles County, California",
    Households,
        Estimate,"44,722"
        Margin of Error,"±10,341"
    Families,
        Estimate,"47,356"
        Margin of Error,"±13,014"
    Married-couple families,
        Estimate,"44,013"
        Margin of Error,"±15,505"
    Nonfamily households,
        Estimate,"20,139"
        Margin of Error,"±16,296"
"Census Tract 5310, Los Angeles County, California",
    Households,
        Estimate,"41,615"
        Margin of Error,"±7,644"
    Families,
        Estimate,"46,220"
        Margin of Error,"±7,672"
    Married-couple families,
        Estimate,"49,406"
        Margin of Error,"±29,536"
    Nonfamily households,
        Estimate,"29,375"
        Margin of Error,"±12,028"
"Census Tract 5311.01, Los Angeles County, California",
    Households,
        Estimate,"44,699"
        Margin of Error,"±8,298"
    Families,
        Estimate,"54,421"
        Margin of Error,"±7,480"
    Married-couple families,
        Estimate,"60,703"
        Margin of Error,"±15,952"
    Nonfamily households,
        Estimate,"17,411"
        Margin of Error,"±3,822"
"Census Tract 5311.02, Los Angeles County, California",
    Households,
        Estimate,"33,512"
        Margin of Error,"±9,114"
    Families,
        Estimate,"41,316"
        Margin of Error,"±6,358"
    Married-couple families,
        Estimate,"44,219"
        Margin of Error,"±10,166"
    Nonfamily households,
        Estimate,"14,250"
        Margin of Error,"±4,331"
"Census Tract 5312.01, Los Angeles County, California",
    Households,
        Estimate,"50,455"
        Margin of Error,"±14,938"
    Families,
        Estimate,"51,364"
        Margin of Error,"±15,347"
    Married-couple families,
        Estimate,"57,202"
        Margin of Error,"±13,826"
    Nonfamily households,
        Estimate,"40,804"
        Margin of Error,"±22,272"
"Census Tract 5312.02, Los Angeles County, California",
    Households,
        Estimate,"48,344"
        Margin of Error,"±4,960"
    Families,
        Estimate,"48,969"
        Margin of Error,"±4,716"
    Married-couple families,
        Estimate,"50,309"
        Margin of Error,"±5,634"
    Nonfamily households,
        Estimate,-
        Margin of Error,**
"Census Tract 5313.01, Los Angeles County, California",
    Households,
        Estimate,"40,385"
        Margin of Error,"±10,328"
    Families,
        Estimate,"44,485"
        Margin of Error,"±21,000"
    Married-couple families,
        Estimate,"63,462"
        Margin of Error,"±14,520"
    Nonfamily households,
        Estimate,"22,530"
        Margin of Error,"±15,302"
"Census Tract 5313.02, Los Angeles County, California",
    Households,
        Estimate,"41,065"
        Margin of Error,"±8,454"
    Families,
        Estimate,"44,375"
        Margin of Error,"±8,923"
    Married-couple families,
        Estimate,"62,105"
        Margin of Error,"±24,654"
    Nonfamily households,
        Estimate,"21,132"
        Margin of Error,"±10,314"
"Census Tract 5315.02, Los Angeles County, California",
    Households,
        Estimate,"45,404"
        Margin of Error,"±7,429"
    Families,
        Estimate,"46,397"
        Margin of Error,"±7,156"
    Married-couple families,
        Estimate,"47,169"
        Margin of Error,"±6,395"
    Nonfamily households,
        Estimate,"22,708"
        Margin of Error,"±3,099"
"Census Tract 5315.03, Los Angeles County, California",
    Households,
        Estimate,"44,736"
        Margin of Error,"±3,931"
    Families,
        Estimate,"46,741"
        Margin of Error,"±4,752"
    Married-couple families,
        Estimate,"48,188"
        Margin of Error,"±7,649"
    Nonfamily households,
        Estimate,"34,352"
        Margin of Error,"±7,180"
"Census Tract 5315.04, Los Angeles County, California",
    Households,
        Estimate,"48,167"
        Margin of Error,"±5,478"
    Families,
        Estimate,"49,917"
        Margin of Error,"±4,876"
    Married-couple families,
        Estimate,"49,864"
        Margin of Error,"±12,189"
    Nonfamily households,
        Estimate,-
        Margin of Error,**
"Census Tract 5316.02, Los Angeles County, California",
    Households,
        Estimate,"31,681"
        Margin of Error,"±18,103"
    Families,
        Estimate,"44,493"
        Margin of Error,"±12,595"
    Married-couple families,
        Estimate,"50,114"
        Margin of Error,"±19,360"
    Nonfamily households,
        Estimate,"13,214"
        Margin of Error,"±3,960"
"Census Tract 5316.03, Los Angeles County, California",
    Households,
        Estimate,"45,972"
        Margin of Error,"±4,149"
    Families,
        Estimate,"50,515"
        Margin of Error,"±10,532"
    Married-couple families,
        Estimate,"60,875"
        Margin of Error,"±15,214"
    Nonfamily households,
        Estimate,"28,824"
        Margin of Error,"±19,878"
"Census Tract 5316.04, Los Angeles County, California",
    Households,
        Estimate,"41,652"
        Margin of Error,"±4,786"
    Families,
        Estimate,"40,541"
        Margin of Error,"±5,657"
    Married-couple families,
        Estimate,"46,523"
        Margin of Error,"±6,218"
    Nonfamily households,
        Estimate,-
        Margin of Error,**
"Census Tract 5317.01, Los Angeles County, California",
    Households,
        Estimate,"42,899"
        Margin of Error,"±5,048"
    Families,
        Estimate,"45,522"
        Margin of Error,"±5,888"
    Married-couple families,
        Estimate,"61,616"
        Margin of Error,"±10,438"
    Nonfamily households,
        Estimate,"24,453"
        Margin of Error,"±8,671"
"Census Tract 5317.02, Los Angeles County, California",
    Households,
        Estimate,"54,470"
        Margin of Error,"±11,764"
    Families,
        Estimate,"60,956"
        Margin of Error,"±19,268"
    Married-couple families,
        Estimate,"64,583"
        Margin of Error,"±40,415"
    Nonfamily households,
        Estimate,"21,983"
        Margin of Error,"±4,196"
"Census Tract 5318, Los Angeles County, California",
    Households,
        Estimate,"48,859"
        Margin of Error,"±9,255"
    Families,
        Estimate,"46,181"
        Margin of Error,"±7,828"
    Married-couple families,
        Estimate,"47,396"
        Margin of Error,"±11,571"
    Nonfamily households,
        Estimate,-
        Margin of Error,**
"Census Tract 5319.01, Los Angeles County, California",
    Households,
        Estimate,"43,944"
        Margin of Error,"±7,997"
    Families,
        Estimate,"49,667"
        Margin of Error,"±8,053"
    Married-couple families,
        Estimate,"52,500"
        Margin of Error,"±9,134"
    Nonfamily households,
        Estimate,"19,886"
        Margin of Error,"±12,581"
"Census Tract 5319.02, Los Angeles County, California",
    Households,
        Estimate,"63,235"
        Margin of Error,"±6,872"
    Families,
        Estimate,"68,722"
        Margin of Error,"±7,919"
    Married-couple families,
        Estimate,"73,409"
        Margin of Error,"±10,978"
    Nonfamily households,
        Estimate,"35,200"
        Margin of Error,"±9,991"
"Census Tract 5320.01, Los Angeles County, California",
    Households,
        Estimate,"36,458"
        Margin of Error,"±13,589"
    Families,
        Estimate,"37,847"
        Margin of Error,"±10,865"
    Married-couple families,
        Estimate,"38,611"
        Margin of Error,"±10,259"
    Nonfamily households,
        Estimate,"24,414"
        Margin of Error,"±16,158"
"Census Tract 5320.02, Los Angeles County, California",
    Households,
        Estimate,"47,708"
        Margin of Error,"±5,786"
    Families,
        Estimate,"49,291"
        Margin of Error,"±6,208"
    Married-couple families,
        Estimate,"63,158"
        Margin of Error,"±14,210"
    Nonfamily households,
        Estimate,"18,674"
        Margin of Error,"±2,411"
"Census Tract 5321.01, Los Angeles County, California",
    Households,
        Estimate,"50,313"
        Margin of Error,"±6,601"
    Families,
        Estimate,"49,808"
        Margin of Error,"±7,492"
    Married-couple families,
        Estimate,"65,368"
        Margin of Error,"±23,251"
    Nonfamily households,
        Estimate,"29,118"
        Margin of Error,"±21,256"
"Census Tract 5321.02, Los Angeles County, California",
    Households,
        Estimate,"74,425"
        Margin of Error,"±10,285"
    Families,
        Estimate,"80,871"
        Margin of Error,"±14,149"
    Married-couple families,
        Estimate,"86,875"
        Margin of Error,"±23,734"
    Nonfamily households,
        Estimate,"21,190"
        Margin of Error,"±6,303"
"Census Tract 5322, Los Angeles County, California",
    Households,
        Estimate,"52,585"
        Margin of Error,"±6,050"
    Families,
        Estimate,"52,201"
        Margin of Error,"±5,338"
    Married-couple families,
        Estimate,"55,825"
        Margin of Error,"±3,249"
    Nonfamily households,
        Estimate,"26,174"
        Margin of Error,"±12,972"
"Census Tract 5323.02, Los Angeles County, California",
    Households,
        Estimate,"49,219"
        Margin of Error,"±8,878"
    Families,
        Estimate,"50,692"
        Margin of Error,"±6,241"
    Married-couple families,
        Estimate,"51,138"
        Margin of Error,"±16,904"
    Nonfamily households,
        Estimate,"32,431"
        Margin of Error,"±13,538"
"Census Tract 5323.03, Los Angeles County, California",
    Households,
        Estimate,"55,810"
        Margin of Error,"±6,677"
    Families,
        Estimate,"59,453"
        Margin of Error,"±7,985"
    Married-couple families,
        Estimate,"60,278"
        Margin of Error,"±8,335"
    Nonfamily households,
        Estimate,"19,332"
        Margin of Error,"±15,299"
"Census Tract 5323.04, Los Angeles County, California",
    Households,
        Estimate,"44,113"
        Margin of Error,"±3,040"
    Families,
        Estimate,"47,442"
        Margin of Error,"±30,170"
    Married-couple families,
        Estimate,"62,917"
        Margin of Error,"±39,517"
    Nonfamily households,
        Estimate,"31,615"
        Margin of Error,"±10,439"
"Census Tract 5324, Los Angeles County, California",
    Households,
        Estimate,"42,188"
        Margin of Error,"±41,883"
    Families,
        Estimate,-
        Margin of Error,**
    Married-couple families,
        Estimate,-
        Margin of Error,**
    Nonfamily households,
        Estimate,"37,500"
        Margin of Error,"±17,792"
"Census Tract 5325, Los Angeles County, California",
    Households,
        Estimate,"55,219"
        Margin of Error,"±10,181"
    Families,
        Estimate,"56,656"
        Margin of Error,"±7,184"
    Married-couple families,
        Estimate,"62,895"
        Margin of Error,"±10,192"
    Nonfamily households,
        Estimate,"44,083"
        Margin of Error,"±16,161"
"Census Tract 5326.03, Los Angeles County, California",
    Households,
        Estimate,"44,223"
        Margin of Error,"±8,163"
    Families,
        Estimate,"45,764"
        Margin of Error,"±10,537"
    Married-couple families,
        Estimate,"58,869"
        Margin of Error,"±11,711"
    Nonfamily households,
        Estimate,"21,149"
        Margin of Error,"±1,720"
"Census Tract 5326.04, Los Angeles County, California",
    Households,
        Estimate,"49,063"
        Margin of Error,"±8,653"
    Families,
        Estimate,"51,964"
        Margin of Error,"±7,803"
    Married-couple families,
        Estimate,"58,000"
        Margin of Error,"±17,552"
    Nonfamily households,
        Estimate,"18,088"
        Margin of Error,"±10,355"
"Census Tract 5326.05, Los Angeles County, California",
    Households,
        Estimate,"27,404"
        Margin of Error,"±6,049"
    Families,
        Estimate,"32,750"
        Margin of Error,"±6,841"
    Married-couple families,
        Estimate,"33,100"
        Margin of Error,"±10,674"
    Nonfamily households,
        Estimate,"11,543"
        Margin of Error,"±1,336"
"Census Tract 5326.06, Los Angeles County, California",
    Households,
        Estimate,"36,167"
        Margin of Error,"±4,901"
    Families,
        Estimate,"36,336"
        Margin of Error,"±7,852"
    Married-couple families,
        Estimate,"48,362"
        Margin of Error,"±12,145"
    Nonfamily households,
        Estimate,"22,969"
        Margin of Error,"±12,214"
"Census Tract 5327, Los Angeles County, California",
    Households,
        Estimate,"46,125"
        Margin of Error,"±5,300"
    Families,
        Estimate,"45,647"
        Margin of Error,"±6,795"
    Married-couple families,
        Estimate,"46,830"
        Margin of Error,"±3,261"
    Nonfamily households,
        Estimate,"60,500"
        Margin of Error,"±48,425"
"Census Tract 5328, Los Angeles County, California",
    Households,
        Estimate,"40,306"
        Margin of Error,"±4,751"
    Families,
        Estimate,"41,486"
        Margin of Error,"±8,831"
    Married-couple families,
        Estimate,"58,854"
        Margin of Error,"±9,529"
    Nonfamily households,
        Estimate,"31,923"
        Margin of Error,"±3,418"
"Census Tract 5329, Los Angeles County, California",
    Households,
        Estimate,"38,682"
        Margin of Error,"±3,130"
    Families,
        Estimate,"36,630"
        Margin of Error,"±7,266"
    Married-couple families,
        Estimate,"40,020"
        Margin of Error,"±11,850"
    Nonfamily households,
        Estimate,"35,787"
        Margin of Error,"±15,012"
"Census Tract 5330.01, Los Angeles County, California",
    Households,
        Estimate,"38,232"
        Margin of Error,"±10,820"
    Families,
        Estimate,"38,933"
        Margin of Error,"±12,454"
    Married-couple families,
        Estimate,"58,500"
        Margin of Error,"±23,333"
    Nonfamily households,
        Estimate,"15,972"
        Margin of Error,"±1,960"
"Census Tract 5330.02, Los Angeles County, California",
    Households,
        Estimate,"38,065"
        Margin of Error,"±5,383"
    Families,
        Estimate,"38,487"
        Margin of Error,"±3,551"
    Married-couple families,
        Estimate,"49,583"
        Margin of Error,"±11,822"
    Nonfamily households,
        Estimate,"14,922"
        Margin of Error,"±3,074"
"Census Tract 5331.03, Los Angeles County, California",
    Households,
        Estimate,"35,792"
        Margin of Error,"±4,787"
    Families,
        Estimate,"36,563"
        Margin of Error,"±6,262"
    Married-couple families,
        Estimate,"49,896"
        Margin of Error,"±9,305"
    Nonfamily households,
        Estimate,-
        Margin of Error,**
"Census Tract 5331.04, Los Angeles County, California",
    Households,
        Estimate,"38,676"
        Margin of Error,"±8,870"
    Families,
        Estimate,"40,481"
        Margin of Error,"±8,670"
    Married-couple families,
        Estimate,"43,641"
        Margin of Error,"±9,240"
    Nonfamily households,
        Estimate,"17,239"
        Margin of Error,"±10,863"
"Census Tract 5331.05, Los Angeles County, California",
    Households,
        Estimate,"35,625"
        Margin of Error,"±6,375"
    Families,
        Estimate,"34,441"
        Margin of Error,"±5,458"
    Married-couple families,
        Estimate,"43,750"
        Margin of Error,"±12,317"
    Nonfamily households,
        Estimate,"17,083"
        Margin of Error,"±13,231"
"Census Tract 5331.06, Los Angeles County, California",
    Households,
        Estimate,"41,504"
        Margin of Error,"±2,313"
    Families,
        Estimate,"41,229"
        Margin of Error,"±1,575"
    Married-couple families,
        Estimate,"42,009"
        Margin of Error,"±24,044"
    Nonfamily households,
        Estimate,-
        Margin of Error,**
"Census Tract 5331.07, Los Angeles County, California",
    Households,
        Estimate,"39,228"
        Margin of Error,"±4,877"
    Families,
        Estimate,"38,529"
        Margin of Error,"±5,728"
    Married-couple families,
        Estimate,"38,565"
        Margin of Error,"±4,655"
    Nonfamily households,
        Estimate,"30,234"
        Margin of Error,"±12,179"
"Census Tract 5332.01, Los Angeles County, California",
    Households,
        Estimate,"39,878"
        Margin of Error,"±5,421"
    Families,
        Estimate,"40,200"
        Margin of Error,"±11,477"
    Married-couple families,
        Estimate,"41,513"
        Margin of Error,"±20,681"
    Nonfamily households,
        Estimate,"17,273"
        Margin of Error,"±5,199"
"Census Tract 5332.02, Los Angeles County, California",
    Households,
        Estimate,"54,205"
        Margin of Error,"±3,716"
    Families,
        Estimate,"54,403"
        Margin of Error,"±5,585"
    Married-couple families,
        Estimate,"71,542"
        Margin of Error,"±10,082"
    Nonfamily households,
        Estimate,"39,250"
        Margin of Error,"±14,294"
"Census Tract 5332.03, Los Angeles County, California",
    Households,
        Estimate,"46,645"
        Margin of Error,"±5,832"
    Families,
        Estimate,"46,579"
        Margin of Error,"±5,662"
    Married-couple families,
        Estimate,"49,821"
        Margin of Error,"±10,560"
    Nonfamily households,
        Estimate,-
        Margin of Error,**
"Census Tract 5333, Los Angeles County, California",
    Households,
        Estimate,"37,841"
        Margin of Error,"±10,963"
    Families,
        Estimate,"38,698"
        Margin of Error,"±9,036"
    Married-couple families,
        Estimate,"59,688"
        Margin of Error,"±7,487"
    Nonfamily households,
        Estimate,"22,279"
        Margin of Error,"±7,090"
"Census Tract 5334.01, Los Angeles County, California",
    Households,
        Estimate,"58,214"
        Margin of Error,"±8,059"
    Families,
        Estimate,"57,934"
        Margin of Error,"±12,500"
    Married-couple families,
        Estimate,"59,331"
        Margin of Error,"±15,439"
    Nonfamily households,
        Estimate,"53,438"
        Margin of Error,"±28,942"
"Census Tract 5334.02, Los Angeles County, California",
    Households,
        Estimate,"32,845"
        Margin of Error,"±7,661"
    Families,
        Estimate,"35,192"
        Margin of Error,"±7,639"
    Married-couple families,
        Estimate,"55,789"
        Margin of Error,"±15,297"
    Nonfamily households,
        Estimate,"26,042"
        Margin of Error,"±13,749"
"Census Tract 5334.03, Los Angeles County, California",
    Households,
        Estimate,"45,217"
        Margin of Error,"±8,769"
    Families,
        Estimate,"51,250"
        Margin of Error,"±11,049"
    Married-couple families,
        Estimate,"62,898"
        Margin of Error,"±10,024"
    Nonfamily households,
        Estimate,"14,167"
        Margin of Error,"±2,068"
"Census Tract 5335.01, Los Angeles County, California",
    Households,
        Estimate,"41,549"
        Margin of Error,"±5,270"
    Families,
        Estimate,"39,490"
        Margin of Error,"±4,082"
    Married-couple families,
        Estimate,-
        Margin of Error,**
    Nonfamily households,
        Estimate,"16,250"
        Margin of Error,"±1,286"
"Census Tract 5335.02, Los Angeles County, California",
    Households,
        Estimate,"53,631"
        Margin of Error,"±5,682"
    Families,
        Estimate,"53,036"
        Margin of Error,"±6,681"
    Married-couple families,
        Estimate,"62,143"
        Margin of Error,"±39,406"
    Nonfamily households,
        Estimate,"39,464"
        Margin of Error,"±7,464"
"Census Tract 5335.03, Los Angeles County, California",
    Households,
        Estimate,"53,542"
        Margin of Error,"±14,020"
    Families,
        Estimate,"60,170"
        Margin of Error,"±26,984"
    Married-couple families,
        Estimate,"86,250"
        Margin of Error,"±33,448"
    Nonfamily households,
        Estimate,"15,179"
        Margin of Error,"±8,249"
"Census Tract 5336.01, Los Angeles County, California",
    Households,
        Estimate,"46,831"
        Margin of Error,"±6,251"
    Families,
        Estimate,"50,724"
        Margin of Error,"±7,424"
    Married-couple families,
        Estimate,"63,819"
        Margin of Error,"±5,906"
    Nonfamily households,
        Estimate,"22,454"
        Margin of Error,"±13,300"
"Census Tract 5336.02, Los Angeles County, California",
    Households,
        Estimate,"46,429"
        Margin of Error,"±5,449"
    Families,
        Estimate,"46,729"
        Margin of Error,"±4,463"
    Married-couple families,
        Estimate,"50,728"
        Margin of Error,"±6,758"
    Nonfamily households,
        Estimate,"26,094"
        Margin of Error,"±12,230"
"Census Tract 5336.03, Los Angeles County, California",
    Households,
        Estimate,"42,750"
        Margin of Error,"±8,511"
    Families,
        Estimate,"42,478"
        Margin of Error,"±8,852"
    Married-couple families,
        Estimate,"45,172"
        Margin of Error,"±8,198"
    Nonfamily households,
        Estimate,"15,313"
        Margin of Error,"±12,768"
"Census Tract 5337.01, Los Angeles County, California",
    Households,
        Estimate,"36,845"
        Margin of Error,"±6,739"
    Families,
        Estimate,"38,906"
        Margin of Error,"±6,530"
    Married-couple families,
        Estimate,"48,750"
        Margin of Error,"±18,833"
    Nonfamily households,
        Estimate,"16,094"
        Margin of Error,"±14,725"
"Census Tract 5337.02, Los Angeles County, California",
    Households,
        Estimate,"43,214"
        Margin of Error,"±9,099"
    Families,
        Estimate,"46,989"
        Margin of Error,"±9,009"
    Married-couple families,
        Estimate,"47,534"
        Margin of Error,"±15,277"
    Nonfamily households,
        Estimate,"29,917"
        Margin of Error,"±8,404"
"Census Tract 5337.03, Los Angeles County, California",
    Households,
        Estimate,"58,344"
        Margin of Error,"±13,266"
    Families,
        Estimate,"59,250"
        Margin of Error,"±15,802"
    Married-couple families,
        Estimate,"67,679"
        Margin of Error,"±15,095"
    Nonfamily households,
        Estimate,"32,125"
        Margin of Error,"±12,517"
"Census Tract 5338.03, Los Angeles County, California",
    Households,
        Estimate,"44,075"
        Margin of Error,"±9,267"
    Families,
        Estimate,"45,000"
        Margin of Error,"±12,601"
    Married-couple families,
        Estimate,"61,220"
        Margin of Error,"±7,418"
    Nonfamily households,
        Estimate,-
        Margin of Error,**
"Census Tract 5338.04, Los Angeles County, California",
    Households,
        Estimate,"39,688"
        Margin of Error,"±6,906"
    Families,
        Estimate,"39,390"
        Margin of Error,"±5,767"
    Married-couple families,
        Estimate,"46,667"
        Margin of Error,"±14,845"
    Nonfamily households,
        Estimate,-
        Margin of Error,**
"Census Tract 5338.05, Los Angeles County, California",
    Households,
        Estimate,"52,143"
        Margin of Error,"±7,873"
    Families,
        Estimate,"51,786"
        Margin of Error,"±8,072"
    Married-couple families,
        Estimate,"60,294"
        Margin of Error,"±13,405"
    Nonfamily households,
        Estimate,-
        Margin of Error,**
"Census Tract 5338.06, Los Angeles County, California",
    Households,
        Estimate,"41,510"
        Margin of Error,"±18,553"
    Families,
        Estimate,"41,094"
        Margin of Error,"±18,008"
    Married-couple families,
        Estimate,"50,327"
        Margin of Error,"±19,590"
    Nonfamily households,
        Estimate,"35,119"
        Margin of Error,"±16,750"
"Census Tract 5339.01, Los Angeles County, California",
    Households,
        Estimate,"47,823"
        Margin of Error,"±7,086"
    Families,
        Estimate,"45,341"
        Margin of Error,"±6,598"
    Married-couple families,
        Estimate,"58,646"
        Margin of Error,"±7,601"
    Nonfamily households,
        Estimate,"24,432"
        Margin of Error,"±7,154"
"Census Tract 5339.02, Los Angeles County, California",
    Households,
        Estimate,"43,426"
        Margin of Error,"±8,583"
    Families,
        Estimate,"39,417"
        Margin of Error,"±6,598"
    Married-couple families,
        Estimate,"53,095"
        Margin of Error,"±10,511"
    Nonfamily households,
        Estimate,-
        Margin of Error,**
"Census Tract 5340.01, Los Angeles County, California",
    Households,
        Estimate,"45,933"
        Margin of Error,"±4,722"
    Families,
        Estimate,"44,744"
        Margin of Error,"±5,676"
    Married-couple families,
        Estimate,"46,125"
        Margin of Error,"±9,126"
    Nonfamily households,
        Estimate,-
        Margin of Error,**
"Census Tract 5340.02, Los Angeles County, California",
    Households,
        Estimate,"50,000"
        Margin of Error,"±3,467"
    Families,
        Estimate,"49,732"
        Margin of Error,"±4,128"
    Married-couple families,
        Estimate,"70,265"
        Margin of Error,"±20,020"
    Nonfamily households,
        Estimate,"16,058"
        Margin of Error,"±10,297"
"Census Tract 5341.01, Los Angeles County, California",
    Households,
        Estimate,"34,792"
        Margin of Error,"±9,867"
    Families,
        Estimate,"32,986"
        Margin of Error,"±11,292"
    Married-couple families,
        Estimate,"40,500"
        Margin of Error,"±14,085"
    Nonfamily households,
        Estimate,"25,682"
        Margin of Error,"±15,830"
"Census Tract 5341.02, Los Angeles County, California",
    Households,
        Estimate,"39,384"
        Margin of Error,"±4,643"
    Families,
        Estimate,"39,076"
        Margin of Error,"±5,845"
    Married-couple families,
        Estimate,"44,917"
        Margin of Error,"±11,110"
    Nonfamily households,
        Estimate,"10,469"
        Margin of Error,"±5,581"
"Census Tract 5342.01, Los Angeles County, California",
    Households,
        Estimate,"43,586"
        Margin of Error,"±4,313"
    Families,
        Estimate,"42,256"
        Margin of Error,"±4,540"
    Married-couple families,
        Estimate,"49,760"
        Margin of Error,"±17,957"
    Nonfamily households,
        Estimate,"30,375"
        Margin of Error,"±14,424"
"Census Tract 5342.02, Los Angeles County, California",
    Households,
        Estimate,"32,083"
        Margin of Error,"±4,376"
    Families,
        Estimate,"31,828"
        Margin of Error,"±4,129"
    Married-couple families,
        Estimate,"38,750"
        Margin of Error,"±15,364"
    Nonfamily households,
        Estimate,"15,284"
        Margin of Error,"±7,771"
"Census Tract 5342.03, Los Angeles County, California",
    Households,
        Estimate,"34,556"
        Margin of Error,"±4,774"
    Families,
        Estimate,"36,276"
        Margin of Error,"±3,568"
    Married-couple families,
        Estimate,"38,984"
        Margin of Error,"±13,726"
    Nonfamily households,
        Estimate,"12,255"
        Margin of Error,"±1,236"
"Census Tract 5343.01, Los Angeles County, California",
    Households,
        Estimate,"50,943"
        Margin of Error,"±6,548"
    Families,
        Estimate,"50,448"
        Margin of Error,"±6,105"
    Married-couple families,
        Estimate,"60,661"
        Margin of Error,"±11,716"
    Nonfamily households,
        Estimate,"27,009"
        Margin of Error,"±9,418"
"Census Tract 5343.02, Los Angeles County, California",
    Households,
        Estimate,"49,833"
        Margin of Error,"±7,315"
    Families,
        Estimate,"50,060"
        Margin of Error,"±8,920"
    Married-couple families,
        Estimate,"52,335"
        Margin of Error,"±3,827"
    Nonfamily households,
        Estimate,-
        Margin of Error,**
"Census Tract 5344.03, Los Angeles County, California",
    Households,
        Estimate,"44,318"
        Margin of Error,"±12,183"
    Families,
        Estimate,"42,941"
        Margin of Error,"±7,694"
    Married-couple families,
        Estimate,"43,555"
        Margin of Error,"±9,392"
    Nonfamily households,
        Estimate,"43,864"
        Margin of Error,"±29,836"
"Census Tract 5344.04, Los Angeles County, California",
    Households,
        Estimate,"42,841"
        Margin of Error,"±5,744"
    Families,
        Estimate,"44,605"
        Margin of Error,"±6,823"
    Married-couple families,
        Estimate,"54,010"
        Margin of Error,"±22,952"
    Nonfamily households,
        Estimate,-
        Margin of Error,**
"Census Tract 5344.05, Los Angeles County, California",
    Households,
        Estimate,"45,875"
        Margin of Error,"±6,878"
    Families,
        Estimate,"46,055"
        Margin of Error,"±7,987"
    Married-couple families,
        Estimate,"51,313"
        Margin of Error,"±13,831"
    Nonfamily households,
        Estimate,"19,063"
        Margin of Error,"±2,208"
"Census Tract 5344.06, Los Angeles County, California",
    Households,
        Estimate,"45,500"
        Margin of Error,"±6,169"
    Families,
        Estimate,"41,742"
        Margin of Error,"±5,643"
    Married-couple families,
        Estimate,"50,373"
        Margin of Error,"±10,067"
    Nonfamily households,
        Estimate,"37,132"
        Margin of Error,"±16,551"
"Census Tract 5345.01, Los Angeles County, California",
    Households,
        Estimate,"55,811"
        Margin of Error,"±7,998"
    Families,
        Estimate,"57,530"
        Margin of Error,"±5,184"
    Married-couple families,
        Estimate,"63,690"
        Margin of Error,"±16,090"
    Nonfamily households,
        Estimate,"36,293"
        Margin of Error,"±5,631"
"Census Tract 5345.02, Los Angeles County, California",
    Households,
        Estimate,"48,900"
        Margin of Error,"±17,683"
    Families,
        Estimate,"56,667"
        Margin of Error,"±15,450"
    Married-couple families,
        Estimate,"78,000"
        Margin of Error,"±11,617"
    Nonfamily households,
        Estimate,"18,810"
        Margin of Error,"±13,708"
"Census Tract 5347, Los Angeles County, California",
    Households,
        Estimate,"71,042"
        Margin of Error,"±5,618"
    Families,
        Estimate,"68,977"
        Margin of Error,"±7,504"
    Married-couple families,
        Estimate,"80,500"
        Margin of Error,"±10,343"
    Nonfamily households,
        Estimate,-
        Margin of Error,**
"Census Tract 5348.02, Los Angeles County, California",
    Households,
        Estimate,"61,629"
        Margin of Error,"±12,669"
    Families,
        Estimate,"51,029"
        Margin of Error,"±13,833"
    Married-couple families,
        Estimate,"55,750"
        Margin of Error,"±18,490"
    Nonfamily households,
        Estimate,"32,721"
        Margin of Error,"±19,145"
"Census Tract 5348.03, Los Angeles County, California",
    Households,
        Estimate,"39,432"
        Margin of Error,"±10,226"
    Families,
        Estimate,"46,000"
        Margin of Error,"±9,850"
    Married-couple families,
        Estimate,"48,080"
        Margin of Error,"±14,415"
    Nonfamily households,
        Estimate,"25,063"
        Margin of Error,"±9,963"
"Census Tract 5348.04, Los Angeles County, California",
    Households,
        Estimate,"51,475"
        Margin of Error,"±7,081"
    Families,
        Estimate,"51,622"
        Margin of Error,"±7,777"
    Married-couple families,
        Estimate,"56,750"
        Margin of Error,"±10,354"
    Nonfamily households,
        Estimate,"37,054"
        Margin of Error,"±32,246"
"Census Tract 5349, Los Angeles County, California",
    Households,
        Estimate,"59,333"
        Margin of Error,"±7,583"
    Families,
        Estimate,"62,897"
        Margin of Error,"±8,472"
    Married-couple families,
        Estimate,"64,409"
        Margin of Error,"±17,180"
    Nonfamily households,
        Estimate,"38,446"
        Margin of Error,"±21,786"
"Census Tract 5350.01, Los Angeles County, California",
    Households,
        Estimate,"41,969"
        Margin of Error,"±7,221"
    Families,
        Estimate,"44,201"
        Margin of Error,"±10,140"
    Married-couple families,
        Estimate,"53,816"
        Margin of Error,"±14,577"
    Nonfamily households,
        Estimate,"18,611"
        Margin of Error,"±4,027"
"Census Tract 5350.02, Los Angeles County, California",
    Households,
        Estimate,"39,960"
        Margin of Error,"±13,592"
    Families,
        Estimate,"48,333"
        Margin of Error,"±15,320"
    Married-couple families,
        Estimate,"53,750"
        Margin of Error,"±19,138"
    Nonfamily households,
        Estimate,"25,234"
        Margin of Error,"±14,553"
"Census Tract 5351.01, Los Angeles County, California",
    Households,
        Estimate,"39,669"
        Margin of Error,"±9,635"
    Families,
        Estimate,"46,709"
        Margin of Error,"±12,887"
    Married-couple families,
        Estimate,"50,089"
        Margin of Error,"±13,144"
    Nonfamily households,
        Estimate,"16,528"
        Margin of Error,"±9,381"
"Census Tract 5351.02, Los Angeles County, California",
    Households,
        Estimate,"56,250"
        Margin of Error,"±7,740"
    Families,
        Estimate,"56,048"
        Margin of Error,"±8,262"
    Married-couple families,
        Estimate,"60,625"
        Margin of Error,"±9,780"
    Nonfamily households,
        Estimate,-
        Margin of Error,**
"Census Tract 5352, Los Angeles County, California",
    Households,
        Estimate,"52,011"
        Margin of Error,"±7,260"
    Families,
        Estimate,"51,087"
        Margin of Error,"±7,414"
    Married-couple families,
        Estimate,"67,889"
        Margin of Error,"±8,827"
    Nonfamily households,
        Estimate,-
        Margin of Error,**
"Census Tract 5353, Los Angeles County, California",
    Households,
        Estimate,"43,000"
        Margin of Error,"±6,960"
    Families,
        Estimate,"50,313"
        Margin of Error,"±15,648"
    Married-couple families,
        Estimate,"59,896"
        Margin of Error,"±11,718"
    Nonfamily households,
        Estimate,"31,806"
        Margin of Error,"±6,529"
"Census Tract 5354, Los Angeles County, California",
    Households,
        Estimate,"44,205"
        Margin of Error,"±8,776"
    Families,
        Estimate,"43,523"
        Margin of Error,"±7,855"
    Married-couple families,
        Estimate,"44,962"
        Margin of Error,"±19,583"
    Nonfamily households,
        Estimate,-
        Margin of Error,**
"Census Tract 5355.01, Los Angeles County, California",
    Households,
        Estimate,"41,599"
        Margin of Error,"±3,518"
    Families,
        Estimate,"41,279"
        Margin of Error,"±3,554"
    Married-couple families,
        Estimate,"47,500"
        Margin of Error,"±6,369"
    Nonfamily households,
        Estimate,"28,173"
        Margin of Error,"±21,923"
"Census Tract 5355.02, Los Angeles County, California",
    Households,
        Estimate,"52,059"
        Margin of Error,"±5,924"
    Families,
        Estimate,"52,316"
        Margin of Error,"±6,186"
    Married-couple families,
        Estimate,"54,636"
        Margin of Error,"±12,055"
    Nonfamily households,
        Estimate,-
        Margin of Error,**
"Census Tract 5355.03, Los Angeles County, California",
    Households,
        Estimate,"40,739"
        Margin of Error,"±6,846"
    Families,
        Estimate,"42,083"
        Margin of Error,"±14,408"
    Married-couple families,
        Estimate,"57,670"
        Margin of Error,"±6,414"
    Nonfamily households,
        Estimate,"31,172"
        Margin of Error,"±17,048"
"Census Tract 5356.03, Los Angeles County, California",
    Households,
        Estimate,"43,073"
        Margin of Error,"±6,891"
    Families,
        Estimate,"41,442"
        Margin of Error,"±6,513"
    Married-couple families,
        Estimate,"53,295"
        Margin of Error,"±10,923"
    Nonfamily households,
        Estimate,"14,338"
        Margin of Error,"±7,272"
"Census Tract 5356.04, Los Angeles County, California",
    Households,
        Estimate,"51,172"
        Margin of Error,"±4,674"
    Families,
        Estimate,"47,303"
        Margin of Error,"±11,328"
    Married-couple families,
        Estimate,"64,474"
        Margin of Error,"±13,972"
    Nonfamily households,
        Estimate,"35,694"
        Margin of Error,"±28,185"
"Census Tract 5356.05, Los Angeles County, California",
    Households,
        Estimate,"46,081"
        Margin of Error,"±8,848"
    Families,
        Estimate,"53,494"
        Margin of Error,"±8,237"
    Married-couple families,
        Estimate,"63,864"
        Margin of Error,"±14,000"
    Nonfamily households,
        Estimate,"25,170"
        Margin of Error,"±18,558"
"Census Tract 5356.06, Los Angeles County, California",
    Households,
        Estimate,"45,208"
        Margin of Error,"±17,546"
    Families,
        Estimate,"51,250"
        Margin of Error,"±20,201"
    Married-couple families,
        Estimate,"62,500"
        Margin of Error,"±26,018"
    Nonfamily households,
        Estimate,-
        Margin of Error,**
"Census Tract 5356.07, Los Angeles County, California",
    Households,
        Estimate,"46,081"
        Margin of Error,"±8,915"
    Families,
        Estimate,"44,654"
        Margin of Error,"±4,585"
    Married-couple families,
        Estimate,"56,164"
        Margin of Error,"±13,245"
    Nonfamily households,
        Estimate,"31,106"
        Margin of Error,"±12,305"
"Census Tract 5357.01, Los Angeles County, California",
    Households,
        Estimate,"52,500"
        Margin of Error,"±11,270"
    Families,
        Estimate,"52,431"
        Margin of Error,"±8,836"
    Married-couple families,
        Estimate,"54,444"
        Margin of Error,"±9,574"
    Nonfamily households,
        Estimate,"33,365"
        Margin of Error,"±21,976"
"Census Tract 5357.02, Los Angeles County, California",
    Households,
        Estimate,"54,157"
        Margin of Error,"±7,796"
    Families,
        Estimate,"51,170"
        Margin of Error,"±8,285"
    Married-couple families,
        Estimate,"61,141"
        Margin of Error,"±14,488"
    Nonfamily households,
        Estimate,"51,382"
        Margin of Error,"±13,121"
"Census Tract 5358.02, Los Angeles County, California",
    Households,
        Estimate,"53,545"
        Margin of Error,"±2,934"
    Families,
        Estimate,"53,680"
        Margin of Error,"±4,135"
    Married-couple families,
        Estimate,"61,875"
        Margin of Error,"±18,072"
    Nonfamily households,
        Estimate,"14,448"
        Margin of Error,"±10,653"
"Census Tract 5358.03, Los Angeles County, California",
    Households,
        Estimate,"49,813"
        Margin of Error,"±8,395"
    Families,
        Estimate,"52,000"
        Margin of Error,"±9,566"
    Married-couple families,
        Estimate,"54,635"
        Margin of Error,"±10,579"
    Nonfamily households,
        Estimate,"25,329"
        Margin of Error,"±14,553"
"Census Tract 5358.04, Los Angeles County, California",
    Households,
        Estimate,"45,739"
        Margin of Error,"±7,018"
    Families,
        Estimate,"45,568"
        Margin of Error,"±7,716"
    Married-couple families,
        Estimate,"45,568"
        Margin of Error,"±19,769"
    Nonfamily households,
        Estimate,"36,848"
        Margin of Error,"±22,868"
"Census Tract 5359.01, Los Angeles County, California",
    Households,
        Estimate,"51,968"
        Margin of Error,"±10,987"
    Families,
        Estimate,"56,383"
        Margin of Error,"±9,270"
    Married-couple families,
        Estimate,"69,965"
        Margin of Error,"±20,856"
    Nonfamily households,
        Estimate,"40,156"
        Margin of Error,"±20,369"
"Census Tract 5359.02, Los Angeles County, California",
    Households,
        Estimate,"72,689"
        Margin of Error,"±7,702"
    Families,
        Estimate,"72,461"
        Margin of Error,"±7,569"
    Married-couple families,
        Estimate,"80,682"
        Margin of Error,"±13,157"
    Nonfamily households,
        Estimate,"47,132"
        Margin of Error,"±11,097"
"Census Tract 5360, Los Angeles County, California",
    Households,
        Estimate,"49,773"
        Margin of Error,"±5,663"
    Families,
        Estimate,"50,826"
        Margin of Error,"±3,197"
    Married-couple families,
        Estimate,"55,250"
        Margin of Error,"±5,792"
    Nonfamily households,
        Estimate,"29,896"
        Margin of Error,"±17,681"
"Census Tract 5361.02, Los Angeles County, California",
    Households,
        Estimate,"58,594"
        Margin of Error,"±17,021"
    Families,
        Estimate,"71,287"
        Margin of Error,"±15,304"
    Married-couple families,
        Estimate,"76,653"
        Margin of Error,"±25,015"
    Nonfamily households,
        Estimate,"38,125"
        Margin of Error,"±32,920"
"Census Tract 5361.03, Los Angeles County, California",
    Households,
        Estimate,"59,933"
        Margin of Error,"±10,670"
    Families,
        Estimate,"62,386"
        Margin of Error,"±26,988"
    Married-couple families,
        Estimate,"79,792"
        Margin of Error,"±21,548"
    Nonfamily households,
        Estimate,"33,622"
        Margin of Error,"±24,359"
"Census Tract 5361.04, Los Angeles County, California",
    Households,
        Estimate,"49,444"
        Margin of Error,"±16,183"
    Families,
        Estimate,"58,981"
        Margin of Error,"±12,036"
    Married-couple families,
        Estimate,"79,779"
        Margin of Error,"±14,359"
    Nonfamily households,
        Estimate,"32,727"
        Margin of Error,"±10,383"
"Census Tract 5362, Los Angeles County, California",
    Households,
        Estimate,"59,449"
        Margin of Error,"±8,630"
    Families,
        Estimate,"61,795"
        Margin of Error,"±8,936"
    Married-couple families,
        Estimate,"83,523"
        Margin of Error,"±22,645"
    Nonfamily households,
        Estimate,"25,335"
        Margin of Error,"±8,563"
"Census Tract 5400, Los Angeles County, California",
    Households,
        Estimate,"59,330"
        Margin of Error,"±8,664"
    Families,
        Estimate,"61,938"
        Margin of Error,"±7,898"
    Married-couple families,
        Estimate,"66,136"
        Margin of Error,"±9,579"
    Nonfamily households,
        Estimate,-
        Margin of Error,**
"Census Tract 5401.01, Los Angeles County, California",
    Households,
        Estimate,"81,494"
        Margin of Error,"±12,683"
    Families,
        Estimate,"90,156"
        Margin of Error,"±15,763"
    Married-couple families,
        Estimate,"91,094"
        Margin of Error,"±13,285"
    Nonfamily households,
        Estimate,"42,946"
        Margin of Error,"±25,027"
"Census Tract 5401.02, Los Angeles County, California",
    Households,
        Estimate,"60,934"
        Margin of Error,"±5,822"
    Families,
        Estimate,"66,320"
        Margin of Error,"±7,413"
    Married-couple families,
        Estimate,"69,734"
        Margin of Error,"±10,810"
    Nonfamily households,
        Estimate,-
        Margin of Error,**
"Census Tract 5402.01, Los Angeles County, California",
    Households,
        Estimate,"34,855"
        Margin of Error,"±9,632"
    Families,
        Estimate,"36,691"
        Margin of Error,"±15,698"
    Married-couple families,
        Estimate,"52,292"
        Margin of Error,"±19,196"
    Nonfamily households,
        Estimate,"27,917"
        Margin of Error,"±20,294"
"Census Tract 5402.02, Los Angeles County, California",
    Households,
        Estimate,"39,707"
        Margin of Error,"±3,540"
    Families,
        Estimate,"39,421"
        Margin of Error,"±4,296"
    Married-couple families,
        Estimate,"41,484"
        Margin of Error,"±10,156"
    Nonfamily households,
        Estimate,-
        Margin of Error,**
"Census Tract 5402.03, Los Angeles County, California",
    Households,
        Estimate,"48,663"
        Margin of Error,"±7,552"
    Families,
        Estimate,"50,297"
        Margin of Error,"±5,123"
    Married-couple families,
        Estimate,"67,969"
        Margin of Error,"±15,774"
    Nonfamily households,
        Estimate,"25,052"
        Margin of Error,"±5,669"
"Census Tract 5403, Los Angeles County, California",
    Households,
        Estimate,"59,200"
        Margin of Error,"±15,452"
    Families,
        Estimate,"59,200"
        Margin of Error,"±15,046"
    Married-couple families,
        Estimate,"62,222"
        Margin of Error,"±12,881"
    Nonfamily households,
        Estimate,"31,447"
        Margin of Error,"±15,406"
"Census Tract 5404, Los Angeles County, California",
    Households,
        Estimate,"52,045"
        Margin of Error,"±13,344"
    Families,
        Estimate,"50,958"
        Margin of Error,"±6,337"
    Married-couple families,
        Estimate,"57,589"
        Margin of Error,"±30,547"
    Nonfamily households,
        Estimate,"13,472"
        Margin of Error,"±4,009"
"Census Tract 5405.01, Los Angeles County, California",
    Households,
        Estimate,"57,386"
        Margin of Error,"±10,913"
    Families,
        Estimate,"58,438"
        Margin of Error,"±15,750"
    Married-couple families,
        Estimate,"66,429"
        Margin of Error,"±35,979"
    Nonfamily households,
        Estimate,"40,781"
        Margin of Error,"±15,601"
"Census Tract 5405.02, Los Angeles County, California",
    Households,
        Estimate,"35,213"
        Margin of Error,"±8,110"
    Families,
        Estimate,"40,298"
        Margin of Error,"±8,148"
    Married-couple families,
        Estimate,"51,905"
        Margin of Error,"±8,555"
    Nonfamily households,
        Estimate,-
        Margin of Error,**
"Census Tract 5406, Los Angeles County, California",
    Households,
        Estimate,"31,875"
        Margin of Error,"±10,291"
    Families,
        Estimate,"34,732"
        Margin of Error,"±14,994"
    Married-couple families,
        Estimate,"73,681"
        Margin of Error,"±27,017"
    Nonfamily households,
        Estimate,"12,747"
        Margin of Error,"±1,389"
"Census Tract 5407, Los Angeles County, California",
    Households,
        Estimate,"44,623"
        Margin of Error,"±6,940"
    Families,
        Estimate,"56,429"
        Margin of Error,"±12,601"
    Married-couple families,
        Estimate,"46,385"
        Margin of Error,"±12,018"
    Nonfamily households,
        Estimate,"20,658"
        Margin of Error,"±7,975"
"Census Tract 5408, Los Angeles County, California",
    Households,
        Estimate,"66,964"
        Margin of Error,"±11,184"
    Families,
        Estimate,"70,272"
        Margin of Error,"±12,704"
    Married-couple families,
        Estimate,"71,522"
        Margin of Error,"±21,019"
    Nonfamily households,
        Estimate,-
        Margin of Error,**
"Census Tract 5409.01, Los Angeles County, California",
    Households,
        Estimate,"40,033"
        Margin of Error,"±8,756"
    Families,
        Estimate,"52,627"
        Margin of Error,"±22,515"
    Married-couple families,
        Estimate,"67,969"
        Margin of Error,"±41,559"
    Nonfamily households,
        Estimate,"11,577"
        Margin of Error,"±7,717"
"Census Tract 5409.02, Los Angeles County, California",
    Households,
        Estimate,"59,907"
        Margin of Error,"±8,186"
    Families,
        Estimate,"67,917"
        Margin of Error,"±15,502"
    Married-couple families,
        Estimate,"83,816"
        Margin of Error,"±14,138"
    Nonfamily households,
        Estimate,"17,344"
        Margin of Error,"±7,603"
"Census Tract 5410.01, Los Angeles County, California",
    Households,
        Estimate,"50,060"
        Margin of Error,"±11,979"
    Families,
        Estimate,"58,913"
        Margin of Error,"±11,485"
    Married-couple families,
        Estimate,"62,333"
        Margin of Error,"±45,768"
    Nonfamily households,
        Estimate,"32,829"
        Margin of Error,"±10,143"
"Census Tract 5410.02, Los Angeles County, California",
    Households,
        Estimate,"64,490"
        Margin of Error,"±13,245"
    Families,
        Estimate,"64,617"
        Margin of Error,"±28,301"
    Married-couple families,
        Estimate,"93,271"
        Margin of Error,"±31,694"
    Nonfamily households,
        Estimate,"40,757"
        Margin of Error,"±25,113"
"Census Tract 5411, Los Angeles County, California",
    Households,
        Estimate,"59,375"
        Margin of Error,"±16,780"
    Families,
        Estimate,"48,188"
        Margin of Error,"±19,678"
    Married-couple families,
        Estimate,"68,000"
        Margin of Error,"±13,906"
    Nonfamily households,
        Estimate,"64,792"
        Margin of Error,"±38,014"
"Census Tract 5412, Los Angeles County, California",
    Households,
        Estimate,"82,125"
        Margin of Error,"±15,055"
    Families,
        Estimate,"88,892"
        Margin of Error,"±8,609"
    Married-couple families,
        Estimate,"92,318"
        Margin of Error,"±18,996"
    Nonfamily households,
        Estimate,-
        Margin of Error,**
"Census Tract 5413, Los Angeles County, California",
    Households,
        Estimate,"48,701"
        Margin of Error,"±9,152"
    Families,
        Estimate,"64,436"
        Margin of Error,"±14,120"
    Married-couple families,
        Estimate,"76,172"
        Margin of Error,"±14,270"
    Nonfamily households,
        Estimate,"23,362"
        Margin of Error,"±8,310"
"Census Tract 5414, Los Angeles County, California",
    Households,
        Estimate,"46,563"
        Margin of Error,"±15,133"
    Families,
        Estimate,"50,852"
        Margin of Error,"±14,969"
    Married-couple families,
        Estimate,"82,218"
        Margin of Error,"±20,991"
    Nonfamily households,
        Estimate,"28,274"
        Margin of Error,"±17,848"
"Census Tract 5415, Los Angeles County, California",
    Households,
        Estimate,"51,024"
        Margin of Error,"±9,611"
    Families,
        Estimate,"54,375"
        Margin of Error,"±7,559"
    Married-couple families,
        Estimate,"54,500"
        Margin of Error,"±6,755"
    Nonfamily households,
        Estimate,"11,209"
        Margin of Error,"±3,705"
"Census Tract 5416.03, Los Angeles County, California",
    Households,
        Estimate,"37,027"
        Margin of Error,"±9,971"
    Families,
        Estimate,"37,258"
        Margin of Error,"±10,314"
    Married-couple families,
        Estimate,"50,000"
        Margin of Error,"±16,342"
    Nonfamily households,
        Estimate,"35,833"
        Margin of Error,"±31,842"
"Census Tract 5416.04, Los Angeles County, California",
    Households,
        Estimate,"42,188"
        Margin of Error,"±9,746"
    Families,
        Estimate,"40,586"
        Margin of Error,"±7,431"
    Married-couple families,
        Estimate,"48,849"
        Margin of Error,"±14,295"
    Nonfamily households,
        Estimate,-
        Margin of Error,**
"Census Tract 5416.05, Los Angeles County, California",
    Households,
        Estimate,"50,802"
        Margin of Error,"±17,736"
    Families,
        Estimate,"47,692"
        Margin of Error,"±14,689"
    Married-couple families,
        Estimate,"56,985"
        Margin of Error,"±12,292"
    Nonfamily households,
        Estimate,-
        Margin of Error,**
"Census Tract 5416.06, Los Angeles County, California",
    Households,
        Estimate,"40,509"
        Margin of Error,"±7,894"
    Families,
        Estimate,"39,947"
        Margin of Error,"±6,264"
    Married-couple families,
        Estimate,"59,911"
        Margin of Error,"±17,688"
    Nonfamily households,
        Estimate,"45,341"
        Margin of Error,"±38,619"
"Census Tract 5417, Los Angeles County, California",
    Households,
        Estimate,"71,532"
        Margin of Error,"±7,162"
    Families,
        Estimate,"66,917"
        Margin of Error,"±10,580"
    Married-couple families,
        Estimate,"70,968"
        Margin of Error,"±7,182"
    Nonfamily households,
        Estimate,"68,750"
        Margin of Error,"±14,775"
"Census Tract 5418.01, Los Angeles County, California",
    Households,
        Estimate,"50,714"
        Margin of Error,"±7,165"
    Families,
        Estimate,"51,509"
        Margin of Error,"±7,972"
    Married-couple families,
        Estimate,"56,822"
        Margin of Error,"±27,712"
    Nonfamily households,
        Estimate,"41,250"
        Margin of Error,"±13,575"
"Census Tract 5418.02, Los Angeles County, California",
    Households,
        Estimate,"56,557"
        Margin of Error,"±10,077"
    Families,
        Estimate,"58,494"
        Margin of Error,"±22,534"
    Married-couple families,
        Estimate,"90,665"
        Margin of Error,"±7,927"
    Nonfamily households,
        Estimate,"20,563"
        Margin of Error,"±11,305"
"Census Tract 5420, Los Angeles County, California",
    Households,
        Estimate,"55,481"
        Margin of Error,"±9,755"
    Families,
        Estimate,"60,655"
        Margin of Error,"±7,700"
    Married-couple families,
        Estimate,"62,121"
        Margin of Error,"±26,577"
    Nonfamily households,
        Estimate,-
        Margin of Error,**
"Census Tract 5421.03, Los Angeles County, California",
    Households,
        Estimate,"56,089"
        Margin of Error,"±11,886"
    Families,
        Estimate,"51,591"
        Margin of Error,"±13,315"
    Married-couple families,
        Estimate,"61,490"
        Margin of Error,"±9,222"
    Nonfamily households,
        Estimate,"21,477"
        Margin of Error,"±19,479"
"Census Tract 5421.04, Los Angeles County, California",
    Households,
        Estimate,"66,389"
        Margin of Error,"±17,265"
    Families,
        Estimate,"67,727"
        Margin of Error,"±11,192"
    Married-couple families,
        Estimate,"76,179"
        Margin of Error,"±4,798"
    Nonfamily households,
        Estimate,-
        Margin of Error,**
"Census Tract 5421.05, Los Angeles County, California",
    Households,
        Estimate,"48,125"
        Margin of Error,"±9,623"
    Families,
        Estimate,"51,276"
        Margin of Error,"±12,785"
    Married-couple families,
        Estimate,"58,707"
        Margin of Error,"±15,940"
    Nonfamily households,
        Estimate,"15,781"
        Margin of Error,"±14,185"
"Census Tract 5421.06, Los Angeles County, California",
    Households,
        Estimate,"51,496"
        Margin of Error,"±2,996"
    Families,
        Estimate,"52,568"
        Margin of Error,"±3,454"
    Married-couple families,
        Estimate,"52,333"
        Margin of Error,"±11,289"
    Nonfamily households,
        Estimate,"27,000"
        Margin of Error,"±25,834"
"Census Tract 5422, Los Angeles County, California",
    Households,
        Estimate,"51,181"
        Margin of Error,"±4,769"
    Families,
        Estimate,"50,600"
        Margin of Error,"±3,113"
    Married-couple families,
        Estimate,"54,239"
        Margin of Error,"±18,895"
    Nonfamily households,
        Estimate,"40,893"
        Margin of Error,"±30,964"
"Census Tract 5424.01, Los Angeles County, California",
    Households,
        Estimate,"48,938"
        Margin of Error,"±5,019"
    Families,
        Estimate,"50,952"
        Margin of Error,"±7,359"
    Married-couple families,
        Estimate,"50,189"
        Margin of Error,"±8,534"
    Nonfamily households,
        Estimate,"40,347"
        Margin of Error,"±39,308"
"Census Tract 5424.02, Los Angeles County, California",
    Households,
        Estimate,"68,203"
        Margin of Error,"±8,493"
    Families,
        Estimate,"70,373"
        Margin of Error,"±6,023"
    Married-couple families,
        Estimate,"70,680"
        Margin of Error,"±5,782"
    Nonfamily households,
        Estimate,"35,221"
        Margin of Error,"±17,562"
"Census Tract 5425.01, Los Angeles County, California",
    Households,
        Estimate,"58,934"
        Margin of Error,"±7,399"
    Families,
        Estimate,"56,875"
        Margin of Error,"±10,832"
    Married-couple families,
        Estimate,"63,631"
        Margin of Error,"±23,610"
    Nonfamily households,
        Estimate,-
        Margin of Error,**
"Census Tract 5425.02, Los Angeles County, California",
    Households,
        Estimate,"38,051"
        Margin of Error,"±8,035"
    Families,
        Estimate,"38,655"
        Margin of Error,"±6,753"
    Married-couple families,
        Estimate,"70,583"
        Margin of Error,"±25,166"
    Nonfamily households,
        Estimate,-
        Margin of Error,**
"Census Tract 5426.01, Los Angeles County, California",
    Households,
        Estimate,"37,589"
        Margin of Error,"±7,229"
    Families,
        Estimate,"36,750"
        Margin of Error,"±7,151"
    Married-couple families,
        Estimate,"53,309"
        Margin of Error,"±23,607"
    Nonfamily households,
        Estimate,"25,357"
        Margin of Error,"±21,824"
"Census Tract 5426.02, Los Angeles County, California",
    Households,
        Estimate,"60,051"
        Margin of Error,"±14,387"
    Families,
        Estimate,"60,343"
        Margin of Error,"±14,553"
    Married-couple families,
        Estimate,"65,096"
        Margin of Error,"±9,703"
    Nonfamily households,
        Estimate,"46,875"
        Margin of Error,"±21,597"
"Census Tract 5427, Los Angeles County, California",
    Households,
        Estimate,"61,573"
        Margin of Error,"±12,433"
    Families,
        Estimate,"64,583"
        Margin of Error,"±15,108"
    Married-couple families,
        Estimate,"72,500"
        Margin of Error,"±8,507"
    Nonfamily households,
        Estimate,"41,563"
        Margin of Error,"±32,024"
"Census Tract 5428, Los Angeles County, California",
    Households,
        Estimate,"57,270"
        Margin of Error,"±5,531"
    Families,
        Estimate,"60,083"
        Margin of Error,"±5,578"
    Married-couple families,
        Estimate,"79,076"
        Margin of Error,"±10,223"
    Nonfamily households,
        Estimate,"45,595"
        Margin of Error,"±24,054"
"Census Tract 5429, Los Angeles County, California",
    Households,
        Estimate,"53,550"
        Margin of Error,"±9,728"
    Families,
        Estimate,"46,612"
        Margin of Error,"±5,326"
    Married-couple families,
        Estimate,"59,398"
        Margin of Error,"±11,549"
    Nonfamily households,
        Estimate,-
        Margin of Error,**
"Census Tract 5430, Los Angeles County, California",
    Households,
        Estimate,"52,333"
        Margin of Error,"±28,555"
    Families,
        Estimate,"71,979"
        Margin of Error,"±24,980"
    Married-couple families,
        Estimate,"81,075"
        Margin of Error,"±39,738"
    Nonfamily households,
        Estimate,"19,631"
        Margin of Error,"±8,777"
"Census Tract 5431, Los Angeles County, California",
    Households,
        Estimate,"57,445"
        Margin of Error,"±11,584"
    Families,
        Estimate,"63,750"
        Margin of Error,"±15,052"
    Married-couple families,
        Estimate,"85,436"
        Margin of Error,"±10,962"
    Nonfamily households,
        Estimate,"27,500"
        Margin of Error,"±23,278"
"Census Tract 5432.01, Los Angeles County, California",
    Households,
        Estimate,"57,805"
        Margin of Error,"±4,350"
    Families,
        Estimate,"59,360"
        Margin of Error,"±6,774"
    Married-couple families,
        Estimate,"62,083"
        Margin of Error,"±12,779"
    Nonfamily households,
        Estimate,"31,307"
        Margin of Error,"±3,439"
"Census Tract 5432.02, Los Angeles County, California",
    Households,
        Estimate,"46,250"
        Margin of Error,"±12,518"
    Families,
        Estimate,"55,100"
        Margin of Error,"±11,746"
    Married-couple families,
        Estimate,"63,646"
        Margin of Error,"±8,111"
    Nonfamily households,
        Estimate,-
        Margin of Error,**
"Census Tract 5433.04, Los Angeles County, California",
    Households,
        Estimate,"86,435"
        Margin of Error,"±16,093"
    Families,
        Estimate,"110,588"
        Margin of Error,"±20,736"
    Married-couple families,
        Estimate,"122,500"
        Margin of Error,"±23,649"
    Nonfamily households,
        Estimate,"50,100"
        Margin of Error,"±40,326"
"Census Tract 5433.05, Los Angeles County, California",
    Households,
        Estimate,"71,750"
        Margin of Error,"±9,117"
    Families,
        Estimate,"82,670"
        Margin of Error,"±14,920"
    Married-couple families,
        Estimate,"84,006"
        Margin of Error,"±24,710"
    Nonfamily households,
        Estimate,-
        Margin of Error,**
"Census Tract 5433.06, Los Angeles County, California",
    Households,
        Estimate,"77,426"
        Margin of Error,"±16,372"
    Families,
        Estimate,"88,875"
        Margin of Error,"±32,605"
    Married-couple families,
        Estimate,"104,071"
        Margin of Error,"±22,713"
    Nonfamily households,
        Estimate,"37,344"
        Margin of Error,"±22,467"
"Census Tract 5433.21, Los Angeles County, California",
    Households,
        Estimate,"90,022"
        Margin of Error,"±20,003"
    Families,
        Estimate,"115,868"
        Margin of Error,"±26,018"
    Married-couple families,
        Estimate,"135,114"
        Margin of Error,"±51,013"
    Nonfamily households,
        Estimate,"29,167"
        Margin of Error,"±27,165"
"Census Tract 5433.22, Los Angeles County, California",
    Households,
        Estimate,"114,388"
        Margin of Error,"±32,480"
    Families,
        Estimate,"130,192"
        Margin of Error,"±27,909"
    Married-couple families,
        Estimate,"132,096"
        Margin of Error,"±15,568"
    Nonfamily households,
        Estimate,"58,684"
        Margin of Error,"±21,413"
"Census Tract 5434, Los Angeles County, California",
    Households,
        Estimate,"79,875"
        Margin of Error,"±22,884"
    Families,
        Estimate,"95,234"
        Margin of Error,"±23,594"
    Married-couple families,
        Estimate,"98,750"
        Margin of Error,"±16,866"
    Nonfamily households,
        Estimate,"37,277"
        Margin of Error,"±9,044"
"Census Tract 5435.01, Los Angeles County, California",
    Households,
        Estimate,"72,548"
        Margin of Error,"±14,955"
    Families,
        Estimate,"74,760"
        Margin of Error,"±14,311"
    Married-couple families,
        Estimate,"81,833"
        Margin of Error,"±13,786"
    Nonfamily households,
        Estimate,"56,037"
        Margin of Error,"±14,140"
"Census Tract 5435.02, Los Angeles County, California",
    Households,
        Estimate,"82,132"
        Margin of Error,"±23,723"
    Families,
        Estimate,"83,359"
        Margin of Error,"±32,548"
    Married-couple families,
        Estimate,"101,667"
        Margin of Error,"±66,059"
    Nonfamily households,
        Estimate,"46,940"
        Margin of Error,"±43,546"
"Census Tract 5435.03, Los Angeles County, California",
    Households,
        Estimate,"74,375"
        Margin of Error,"±12,801"
    Families,
        Estimate,"88,138"
        Margin of Error,"±16,527"
    Married-couple families,
        Estimate,"104,702"
        Margin of Error,"±31,069"
    Nonfamily households,
        Estimate,"55,500"
        Margin of Error,"±15,863"
"Census Tract 5436.01, Los Angeles County, California",
    Households,
        Estimate,"79,500"
        Margin of Error,"±8,631"
    Families,
        Estimate,"86,205"
        Margin of Error,"±13,137"
    Married-couple families,
        Estimate,"92,394"
        Margin of Error,"±26,683"
    Nonfamily households,
        Estimate,"40,417"
        Margin of Error,"±11,753"
"Census Tract 5436.02, Los Angeles County, California",
    Households,
        Estimate,"71,582"
        Margin of Error,"±13,797"
    Families,
        Estimate,"105,152"
        Margin of Error,"±20,085"
    Married-couple families,
        Estimate,"106,188"
        Margin of Error,"±9,872"
    Nonfamily households,
        Estimate,"45,144"
        Margin of Error,"±22,123"
"Census Tract 5436.03, Los Angeles County, California",
    Households,
        Estimate,"70,658"
        Margin of Error,"±31,791"
    Families,
        Estimate,"98,378"
        Margin of Error,"±12,418"
    Married-couple families,
        Estimate,"101,813"
        Margin of Error,"±27,280"
    Nonfamily households,
        Estimate,"33,295"
        Margin of Error,"±7,883"
"Census Tract 5436.04, Los Angeles County, California",
    Households,
        Estimate,"98,704"
        Margin of Error,"±19,005"
    Families,
        Estimate,"103,750"
        Margin of Error,"±20,144"
    Married-couple families,
        Estimate,"103,875"
        Margin of Error,"±21,296"
    Nonfamily households,
        Estimate,-
        Margin of Error,**
"Census Tract 5437.01, Los Angeles County, California",
    Households,
        Estimate,"90,781"
        Margin of Error,"±11,485"
    Families,
        Estimate,"91,875"
        Margin of Error,"±21,194"
    Married-couple families,
        Estimate,"98,333"
        Margin of Error,"±29,685"
    Nonfamily households,
        Estimate,-
        Margin of Error,**
"Census Tract 5437.02, Los Angeles County, California",
    Households,
        Estimate,"78,911"
        Margin of Error,"±14,053"
    Families,
        Estimate,"85,475"
        Margin of Error,"±11,550"
    Married-couple families,
        Estimate,"95,750"
        Margin of Error,"±19,276"
    Nonfamily households,
        Estimate,"51,250"
        Margin of Error,"±30,009"
"Census Tract 5437.03, Los Angeles County, California",
    Households,
        Estimate,"105,208"
        Margin of Error,"±21,784"
    Families,
        Estimate,"117,250"
        Margin of Error,"±9,625"
    Married-couple families,
        Estimate,"125,909"
        Margin of Error,"±9,196"
    Nonfamily households,
        Estimate,"35,370"
        Margin of Error,"±19,627"
"Census Tract 5438.01, Los Angeles County, California",
    Households,
        Estimate,"81,190"
        Margin of Error,"±8,027"
    Families,
        Estimate,"87,434"
        Margin of Error,"±15,057"
    Married-couple families,
        Estimate,"90,492"
        Margin of Error,"±19,061"
    Nonfamily households,
        Estimate,"37,656"
        Margin of Error,"±25,242"
"Census Tract 5438.02, Los Angeles County, California",
    Households,
        Estimate,"77,339"
        Margin of Error,"±12,860"
    Families,
        Estimate,"85,160"
        Margin of Error,"±17,130"
    Married-couple families,
        Estimate,"101,705"
        Margin of Error,"±16,799"
    Nonfamily households,
        Estimate,-
        Margin of Error,**
"Census Tract 5439.03, Los Angeles County, California",
    Households,
        Estimate,"71,667"
        Margin of Error,"±11,023"
    Families,
        Estimate,"71,833"
        Margin of Error,"±12,052"
    Married-couple families,
        Estimate,"79,886"
        Margin of Error,"±23,995"
    Nonfamily households,
        Estimate,"45,536"
        Margin of Error,"±27,433"
"Census Tract 5439.05, Los Angeles County, California",
    Households,
        Estimate,"66,250"
        Margin of Error,"±13,546"
    Families,
        Estimate,"61,736"
        Margin of Error,"±8,719"
    Married-couple families,
        Estimate,"73,611"
        Margin of Error,"±7,933"
    Nonfamily households,
        Estimate,"78,077"
        Margin of Error,"±54,918"
"Census Tract 5440.01, Los Angeles County, California",
    Households,
        Estimate,"78,611"
        Margin of Error,"±18,070"
    Families,
        Estimate,"83,393"
        Margin of Error,"±26,787"
    Married-couple families,
        Estimate,"107,644"
        Margin of Error,"±20,417"
    Nonfamily households,
        Estimate,"55,208"
        Margin of Error,"±26,694"
"Census Tract 5440.02, Los Angeles County, California",
    Households,
        Estimate,"80,625"
        Margin of Error,"±8,750"
    Families,
        Estimate,"86,818"
        Margin of Error,"±6,369"
    Married-couple families,
        Estimate,"86,667"
        Margin of Error,"±7,410"
    Nonfamily households,
        Estimate,"44,531"
        Margin of Error,"±14,496"
"Census Tract 5500, Los Angeles County, California",
    Households,
        Estimate,"86,806"
        Margin of Error,"±21,548"
    Families,
        Estimate,"95,536"
        Margin of Error,"±16,650"
    Married-couple families,
        Estimate,"110,446"
        Margin of Error,"±24,419"
    Nonfamily households,
        Estimate,-
        Margin of Error,**
"Census Tract 5501, Los Angeles County, California",
    Households,
        Estimate,"71,875"
        Margin of Error,"±5,792"
    Families,
        Estimate,"77,006"
        Margin of Error,"±8,368"
    Married-couple families,
        Estimate,"90,000"
        Margin of Error,"±20,872"
    Nonfamily households,
        Estimate,"24,107"
        Margin of Error,"±10,787"
"Census Tract 5502.01, Los Angeles County, California",
    Households,
        Estimate,"67,750"
        Margin of Error,"±7,077"
    Families,
        Estimate,"68,750"
        Margin of Error,"±9,138"
    Married-couple families,
        Estimate,"66,583"
        Margin of Error,"±8,024"
    Nonfamily households,
        Estimate,"30,000"
        Margin of Error,"±23,002"
"Census Tract 5502.02, Los Angeles County, California",
    Households,
        Estimate,"82,009"
        Margin of Error,"±11,103"
    Families,
        Estimate,"83,580"
        Margin of Error,"±8,928"
    Married-couple families,
        Estimate,"92,990"
        Margin of Error,"±9,629"
    Nonfamily households,
        Estimate,"37,143"
        Margin of Error,"±33,805"
"Census Tract 5503, Los Angeles County, California",
    Households,
        Estimate,"79,676"
        Margin of Error,"±15,087"
    Families,
        Estimate,"76,534"
        Margin of Error,"±13,554"
    Married-couple families,
        Estimate,"99,357"
        Margin of Error,"±22,113"
    Nonfamily households,
        Estimate,"64,257"
        Margin of Error,"±12,968"
"Census Tract 5504, Los Angeles County, California",
    Households,
        Estimate,"78,393"
        Margin of Error,"±22,402"
    Families,
        Estimate,"79,167"
        Margin of Error,"±23,701"
    Married-couple families,
        Estimate,"87,250"
        Margin of Error,"±25,662"
    Nonfamily households,
        Estimate,"30,536"
        Margin of Error,"±7,054"
"Census Tract 5505, Los Angeles County, California",
    Households,
        Estimate,"86,674"
        Margin of Error,"±14,299"
    Families,
        Estimate,"84,100"
        Margin of Error,"±14,511"
    Married-couple families,
        Estimate,"115,516"
        Margin of Error,"±20,386"
    Nonfamily households,
        Estimate,"52,250"
        Margin of Error,"±49,363"
"Census Tract 5506.01, Los Angeles County, California",
    Households,
        Estimate,"77,292"
        Margin of Error,"±6,188"
    Families,
        Estimate,"85,043"
        Margin of Error,"±15,696"
    Married-couple families,
        Estimate,"97,500"
        Margin of Error,"±32,864"
    Nonfamily households,
        Estimate,"53,517"
        Margin of Error,"±12,237"
"Census Tract 5506.02, Los Angeles County, California",
    Households,
        Estimate,"87,500"
        Margin of Error,"±22,546"
    Families,
        Estimate,"90,652"
        Margin of Error,"±25,668"
    Married-couple families,
        Estimate,"98,472"
        Margin of Error,"±31,950"
    Nonfamily households,
        Estimate,-
        Margin of Error,**
"Census Tract 5507, Los Angeles County, California",
    Households,
        Estimate,"100,844"
        Margin of Error,"±14,534"
    Families,
        Estimate,"105,484"
        Margin of Error,"±13,787"
    Married-couple families,
        Estimate,"106,271"
        Margin of Error,"±14,031"
    Nonfamily households,
        Estimate,"36,189"
        Margin of Error,"±17,274"
"Census Tract 5508, Los Angeles County, California",
    Households,
        Estimate,"82,479"
        Margin of Error,"±9,607"
    Families,
        Estimate,"82,973"
        Margin of Error,"±8,581"
    Married-couple families,
        Estimate,"73,548"
        Margin of Error,"±19,131"
    Nonfamily households,
        Estimate,"48,291"
        Margin of Error,"±24,319"
"Census Tract 5509.01, Los Angeles County, California",
    Households,
        Estimate,"68,388"
        Margin of Error,"±11,205"
    Families,
        Estimate,"73,205"
        Margin of Error,"±11,319"
    Married-couple families,
        Estimate,"83,281"
        Margin of Error,"±10,302"
    Nonfamily households,
        Estimate,"48,188"
        Margin of Error,"±18,503"
"Census Tract 5509.02, Los Angeles County, California",
    Households,
        Estimate,"63,205"
        Margin of Error,"±14,274"
    Families,
        Estimate,"75,707"
        Margin of Error,"±27,845"
    Married-couple families,
        Estimate,"92,989"
        Margin of Error,"±16,879"
    Nonfamily households,
        Estimate,"41,875"
        Margin of Error,"±9,528"
"Census Tract 5510, Los Angeles County, California",
    Households,
        Estimate,"96,514"
        Margin of Error,"±14,307"
    Families,
        Estimate,"99,031"
        Margin of Error,"±20,632"
    Married-couple families,
        Estimate,"109,405"
        Margin of Error,"±29,819"
    Nonfamily households,
        Estimate,"65,250"
        Margin of Error,"±45,806"
"Census Tract 5511.01, Los Angeles County, California",
    Households,
        Estimate,"54,549"
        Margin of Error,"±6,445"
    Families,
        Estimate,"55,863"
        Margin of Error,"±8,969"
    Married-couple families,
        Estimate,"82,807"
        Margin of Error,"±32,067"
    Nonfamily households,
        Estimate,"35,625"
        Margin of Error,"±9,596"
"Census Tract 5511.02, Los Angeles County, California",
    Households,
        Estimate,"59,407"
        Margin of Error,"±7,183"
    Families,
        Estimate,"58,466"
        Margin of Error,"±10,178"
    Married-couple families,
        Estimate,"64,310"
        Margin of Error,"±6,367"
    Nonfamily households,
        Estimate,"57,804"
        Margin of Error,"±36,316"
"Census Tract 5512.01, Los Angeles County, California",
    Households,
        Estimate,"61,003"
        Margin of Error,"±7,624"
    Families,
        Estimate,"65,586"
        Margin of Error,"±13,122"
    Married-couple families,
        Estimate,"73,403"
        Margin of Error,"±16,568"
    Nonfamily households,
        Estimate,"35,577"
        Margin of Error,"±20,907"
"Census Tract 5512.02, Los Angeles County, California",
    Households,
        Estimate,"73,154"
        Margin of Error,"±15,864"
    Families,
        Estimate,"73,403"
        Margin of Error,"±18,215"
    Married-couple families,
        Estimate,"83,194"
        Margin of Error,"±13,012"
    Nonfamily households,
        Estimate,"53,142"
        Margin of Error,"±20,453"
"Census Tract 5513, Los Angeles County, California",
    Households,
        Estimate,"58,125"
        Margin of Error,"±11,608"
    Families,
        Estimate,"65,598"
        Margin of Error,"±7,299"
    Married-couple families,
        Estimate,"87,250"
        Margin of Error,"±11,002"
    Nonfamily households,
        Estimate,"36,131"
        Margin of Error,"±7,181"
"Census Tract 5514.01, Los Angeles County, California",
    Households,
        Estimate,"65,880"
        Margin of Error,"±10,617"
    Families,
        Estimate,"70,693"
        Margin of Error,"±7,357"
    Married-couple families,
        Estimate,"107,917"
        Margin of Error,"±61,210"
    Nonfamily households,
        Estimate,"49,318"
        Margin of Error,"±20,712"
"Census Tract 5514.02, Los Angeles County, California",
    Households,
        Estimate,"79,353"
        Margin of Error,"±9,870"
    Families,
        Estimate,"85,958"
        Margin of Error,"±20,419"
    Married-couple families,
        Estimate,"79,904"
        Margin of Error,"±34,310"
    Nonfamily households,
        Estimate,"55,893"
        Margin of Error,"±10,390"
"Census Tract 5515.01, Los Angeles County, California",
    Households,
        Estimate,"71,656"
        Margin of Error,"±12,252"
    Families,
        Estimate,"74,491"
        Margin of Error,"±13,219"
    Married-couple families,
        Estimate,"105,625"
        Margin of Error,"±28,081"
    Nonfamily households,
        Estimate,"50,500"
        Margin of Error,"±16,463"
"Census Tract 5515.02, Los Angeles County, California",
    Households,
        Estimate,"85,766"
        Margin of Error,"±4,687"
    Families,
        Estimate,"85,833"
        Margin of Error,"±4,488"
    Married-couple families,
        Estimate,"91,250"
        Margin of Error,"±14,125"
    Nonfamily households,
        Estimate,"27,986"
        Margin of Error,"±13,076"
"Census Tract 5516, Los Angeles County, California",
    Households,
        Estimate,-
        Margin of Error,**
    Families,
        Estimate,-
        Margin of Error,**
    Married-couple families,
        Estimate,-
        Margin of Error,**
    Nonfamily households,
        Estimate,-
        Margin of Error,**
"Census Tract 5517, Los Angeles County, California",
    Households,
        Estimate,"74,231"
        Margin of Error,"±11,423"
    Families,
        Estimate,"69,557"
        Margin of Error,"±13,596"
    Married-couple families,
        Estimate,"90,912"
        Margin of Error,"±16,733"
    Nonfamily households,
        Estimate,"54,861"
        Margin of Error,"±12,255"
"Census Tract 5518, Los Angeles County, California",
    Households,
        Estimate,"79,132"
        Margin of Error,"±8,790"
    Families,
        Estimate,"81,729"
        Margin of Error,"±11,937"
    Married-couple families,
        Estimate,"91,574"
        Margin of Error,"±11,466"
    Nonfamily households,
        Estimate,"67,656"
        Margin of Error,"±17,896"
"Census Tract 5519, Los Angeles County, California",
    Households,
        Estimate,"71,512"
        Margin of Error,"±14,656"
    Families,
        Estimate,"78,750"
        Margin of Error,"±14,019"
    Married-couple families,
        Estimate,"88,368"
        Margin of Error,"±13,550"
    Nonfamily households,
        Estimate,-
        Margin of Error,**
"Census Tract 5520.01, Los Angeles County, California",
    Households,
        Estimate,"86,818"
        Margin of Error,"±12,400"
    Families,
        Estimate,"90,887"
        Margin of Error,"±8,809"
    Married-couple families,
        Estimate,"99,643"
        Margin of Error,"±14,111"
    Nonfamily households,
        Estimate,"33,250"
        Margin of Error,"±11,913"
"Census Tract 5520.02, Los Angeles County, California",
    Households,
        Estimate,"68,600"
        Margin of Error,"±5,086"
    Families,
        Estimate,"65,795"
        Margin of Error,"±6,856"
    Married-couple families,
        Estimate,"77,679"
        Margin of Error,"±12,904"
    Nonfamily households,
        Estimate,"69,875"
        Margin of Error,"±16,768"
"Census Tract 5521, Los Angeles County, California",
    Households,
        Estimate,"61,314"
        Margin of Error,"±8,872"
    Families,
        Estimate,"68,688"
        Margin of Error,"±18,804"
    Married-couple families,
        Estimate,"71,000"
        Margin of Error,"±37,190"
    Nonfamily households,
        Estimate,"15,560"
        Margin of Error,"±7,689"
"Census Tract 5522, Los Angeles County, California",
    Households,
        Estimate,"48,077"
        Margin of Error,"±7,143"
    Families,
        Estimate,"54,786"
        Margin of Error,"±8,868"
    Married-couple families,
        Estimate,"60,268"
        Margin of Error,"±15,577"
    Nonfamily households,
        Estimate,"35,139"
        Margin of Error,"±6,571"
"Census Tract 5523.01, Los Angeles County, California",
    Households,
        Estimate,"88,205"
        Margin of Error,"±19,921"
    Families,
        Estimate,"95,391"
        Margin of Error,"±23,697"
    Married-couple families,
        Estimate,"107,870"
        Margin of Error,"±16,182"
    Nonfamily households,
        Estimate,"54,327"
        Margin of Error,"±32,461"
"Census Tract 5523.02, Los Angeles County, California",
    Households,
        Estimate,"66,278"
        Margin of Error,"±4,431"
    Families,
        Estimate,"79,500"
        Margin of Error,"±27,715"
    Married-couple families,
        Estimate,"90,817"
        Margin of Error,"±25,522"
    Nonfamily households,
        Estimate,"39,779"
        Margin of Error,"±29,660"
"Census Tract 5524, Los Angeles County, California",
    Households,
        Estimate,"65,391"
        Margin of Error,"±16,520"
    Families,
        Estimate,"66,979"
        Margin of Error,"±14,653"
    Married-couple families,
        Estimate,"72,917"
        Margin of Error,"±18,627"
    Nonfamily households,
        Estimate,"38,182"
        Margin of Error,"±21,735"
"Census Tract 5526.01, Los Angeles County, California",
    Households,
        Estimate,"72,982"
        Margin of Error,"±7,040"
    Families,
        Estimate,"74,211"
        Margin of Error,"±6,257"
    Married-couple families,
        Estimate,"76,711"
        Margin of Error,"±8,740"
    Nonfamily households,
        Estimate,"39,444"
        Margin of Error,"±26,437"
"Census Tract 5526.02, Los Angeles County, California",
    Households,
        Estimate,"57,454"
        Margin of Error,"±11,055"
    Families,
        Estimate,"59,491"
        Margin of Error,"±11,482"
    Married-couple families,
        Estimate,"86,458"
        Margin of Error,"±24,696"
    Nonfamily households,
        Estimate,"28,864"
        Margin of Error,"±7,810"
"Census Tract 5527, Los Angeles County, California",
    Households,
        Estimate,"71,717"
        Margin of Error,"±7,478"
    Families,
        Estimate,"75,144"
        Margin of Error,"±9,821"
    Married-couple families,
        Estimate,"87,266"
        Margin of Error,"±17,749"
    Nonfamily households,
        Estimate,"34,280"
        Margin of Error,"±13,830"
"Census Tract 5528, Los Angeles County, California",
    Households,
        Estimate,"77,917"
        Margin of Error,"±17,558"
    Families,
        Estimate,"81,625"
        Margin of Error,"±18,022"
    Married-couple families,
        Estimate,"83,889"
        Margin of Error,"±18,231"
    Nonfamily households,
        Estimate,"63,804"
        Margin of Error,"±31,128"
"Census Tract 5529, Los Angeles County, California",
    Households,
        Estimate,"62,757"
        Margin of Error,"±4,962"
    Families,
        Estimate,"62,463"
        Margin of Error,"±8,940"
    Married-couple families,
        Estimate,"77,273"
        Margin of Error,"±15,239"
    Nonfamily households,
        Estimate,"29,321"
        Margin of Error,"±7,138"
"Census Tract 5530, Los Angeles County, California",
    Households,
        Estimate,"87,205"
        Margin of Error,"±12,631"
    Families,
        Estimate,"87,365"
        Margin of Error,"±8,471"
    Married-couple families,
        Estimate,"92,275"
        Margin of Error,"±11,164"
    Nonfamily households,
        Estimate,"39,750"
        Margin of Error,"±35,072"
"Census Tract 5531, Los Angeles County, California",
    Households,
        Estimate,"69,091"
        Margin of Error,"±12,761"
    Families,
        Estimate,"80,078"
        Margin of Error,"±16,835"
    Married-couple families,
        Estimate,"98,102"
        Margin of Error,"±23,325"
    Nonfamily households,
        Estimate,"50,030"
        Margin of Error,"±14,468"
"Census Tract 5532, Los Angeles County, California",
    Households,
        Estimate,"86,314"
        Margin of Error,"±9,557"
    Families,
        Estimate,"90,000"
        Margin of Error,"±18,240"
    Married-couple families,
        Estimate,"100,481"
        Margin of Error,"±15,412"
    Nonfamily households,
        Estimate,"43,254"
        Margin of Error,"±1,947"
"Census Tract 5533, Los Angeles County, California",
    Households,
        Estimate,"49,950"
        Margin of Error,"±15,899"
    Families,
        Estimate,"56,281"
        Margin of Error,"±17,720"
    Married-couple families,
        Estimate,"59,205"
        Margin of Error,"±48,277"
    Nonfamily households,
        Estimate,-
        Margin of Error,**
"Census Tract 5534, Los Angeles County, California",
    Households,
        Estimate,"70,662"
        Margin of Error,"±7,610"
    Families,
        Estimate,"76,653"
        Margin of Error,"±7,461"
    Married-couple families,
        Estimate,"83,846"
        Margin of Error,"±16,734"
    Nonfamily households,
        Estimate,"26,875"
        Margin of Error,"±11,735"
"Census Tract 5535.02, Los Angeles County, California",
    Households,
        Estimate,"66,159"
        Margin of Error,"±6,885"
    Families,
        Estimate,"65,909"
        Margin of Error,"±11,441"
    Married-couple families,
        Estimate,"66,115"
        Margin of Error,"±13,603"
    Nonfamily households,
        Estimate,"63,924"
        Margin of Error,"±14,946"
"Census Tract 5535.03, Los Angeles County, California",
    Households,
        Estimate,"53,615"
        Margin of Error,"±7,359"
    Families,
        Estimate,"53,065"
        Margin of Error,"±7,185"
    Married-couple families,
        Estimate,"60,365"
        Margin of Error,"±7,777"
    Nonfamily households,
        Estimate,"43,250"
        Margin of Error,"±12,211"
"Census Tract 5535.04, Los Angeles County, California",
    Households,
        Estimate,"61,250"
        Margin of Error,"±11,037"
    Families,
        Estimate,"64,058"
        Margin of Error,"±9,045"
    Married-couple families,
        Estimate,"77,143"
        Margin of Error,"±10,401"
    Nonfamily households,
        Estimate,"10,357"
        Margin of Error,"±4,825"
"Census Tract 5536.01, Los Angeles County, California",
    Households,
        Estimate,"48,333"
        Margin of Error,"±16,388"
    Families,
        Estimate,"61,196"
        Margin of Error,"±13,891"
    Married-couple families,
        Estimate,"65,912"
        Margin of Error,"±7,533"
    Nonfamily households,
        Estimate,"25,263"
        Margin of Error,"±8,381"
"Census Tract 5536.02, Los Angeles County, California",
    Households,
        Estimate,"66,069"
        Margin of Error,"±7,157"
    Families,
        Estimate,"64,423"
        Margin of Error,"±7,762"
    Married-couple families,
        Estimate,"86,875"
        Margin of Error,"±14,462"
    Nonfamily households,
        Estimate,"65,924"
        Margin of Error,"±32,179"
"Census Tract 5537.01, Los Angeles County, California",
    Households,
        Estimate,"51,629"
        Margin of Error,"±6,528"
    Families,
        Estimate,"50,602"
        Margin of Error,"±7,862"
    Married-couple families,
        Estimate,"60,921"
        Margin of Error,"±14,948"
    Nonfamily households,
        Estimate,"46,364"
        Margin of Error,"±23,409"
"Census Tract 5537.02, Los Angeles County, California",
    Households,
        Estimate,"54,179"
        Margin of Error,"±5,384"
    Families,
        Estimate,"53,019"
        Margin of Error,"±3,789"
    Married-couple families,
        Estimate,"55,208"
        Margin of Error,"±11,142"
    Nonfamily households,
        Estimate,-
        Margin of Error,**
"Census Tract 5538.01, Los Angeles County, California",
    Households,
        Estimate,"56,842"
        Margin of Error,"±10,691"
    Families,
        Estimate,"58,188"
        Margin of Error,"±10,255"
    Married-couple families,
        Estimate,"61,364"
        Margin of Error,"±15,642"
    Nonfamily households,
        Estimate,"46,307"
        Margin of Error,"±33,703"
"Census Tract 5538.02, Los Angeles County, California",
    Households,
        Estimate,"41,962"
        Margin of Error,"±4,781"
    Families,
        Estimate,"44,464"
        Margin of Error,"±6,456"
    Married-couple families,
        Estimate,"54,583"
        Margin of Error,"±15,634"
    Nonfamily households,
        Estimate,"17,650"
        Margin of Error,"±6,948"
"Census Tract 5539.01, Los Angeles County, California",
    Households,
        Estimate,"76,116"
        Margin of Error,"±7,820"
    Families,
        Estimate,"79,688"
        Margin of Error,"±3,944"
    Married-couple families,
        Estimate,"79,850"
        Margin of Error,"±3,706"
    Nonfamily households,
        Estimate,"24,107"
        Margin of Error,"±6,405"
"Census Tract 5539.02, Los Angeles County, California",
    Households,
        Estimate,"53,859"
        Margin of Error,"±3,386"
    Families,
        Estimate,"54,023"
        Margin of Error,"±3,305"
    Married-couple families,
        Estimate,"68,359"
        Margin of Error,"±13,627"
    Nonfamily households,
        Estimate,"42,250"
        Margin of Error,"±24,310"
"Census Tract 5540.01, Los Angeles County, California",
    Households,
        Estimate,"59,125"
        Margin of Error,"±13,277"
    Families,
        Estimate,"76,701"
        Margin of Error,"±23,821"
    Married-couple families,
        Estimate,"90,781"
        Margin of Error,"±31,096"
    Nonfamily households,
        Estimate,"45,169"
        Margin of Error,"±3,741"
"Census Tract 5540.02, Los Angeles County, California",
    Households,
        Estimate,"55,063"
        Margin of Error,"±9,724"
    Families,
        Estimate,"54,671"
        Margin of Error,"±9,783"
    Married-couple families,
        Estimate,"59,485"
        Margin of Error,"±12,603"
    Nonfamily households,
        Estimate,"38,375"
        Margin of Error,"±20,135"
"Census Tract 5541.01, Los Angeles County, California",
    Households,
        Estimate,"47,618"
        Margin of Error,"±14,443"
    Families,
        Estimate,"58,646"
        Margin of Error,"±19,458"
    Married-couple families,
        Estimate,"72,841"
        Margin of Error,"±30,513"
    Nonfamily households,
        Estimate,"31,250"
        Margin of Error,"±11,782"
"Census Tract 5541.03, Los Angeles County, California",
    Households,
        Estimate,"82,216"
        Margin of Error,"±8,597"
    Families,
        Estimate,"85,000"
        Margin of Error,"±21,617"
    Married-couple families,
        Estimate,"88,750"
        Margin of Error,"±28,431"
    Nonfamily households,
        Estimate,"52,188"
        Margin of Error,"±6,960"
"Census Tract 5541.04, Los Angeles County, California",
    Households,
        Estimate,"67,159"
        Margin of Error,"±11,489"
    Families,
        Estimate,"69,083"
        Margin of Error,"±8,397"
    Married-couple families,
        Estimate,"70,156"
        Margin of Error,"±6,256"
    Nonfamily households,
        Estimate,"21,280"
        Margin of Error,"±5,793"
"Census Tract 5541.05, Los Angeles County, California",
    Households,
        Estimate,"46,121"
        Margin of Error,"±12,127"
    Families,
        Estimate,"43,264"
        Margin of Error,"±15,391"
    Married-couple families,
        Estimate,"55,750"
        Margin of Error,"±28,803"
    Nonfamily households,
        Estimate,"34,375"
        Margin of Error,"±26,458"
"Census Tract 5542.01, Los Angeles County, California",
    Households,
        Estimate,"83,229"
        Margin of Error,"±14,262"
    Families,
        Estimate,"80,221"
        Margin of Error,"±14,536"
    Married-couple families,
        Estimate,"98,958"
        Margin of Error,"±19,476"
    Nonfamily households,
        Estimate,"45,694"
        Margin of Error,"±42,029"
"Census Tract 5542.03, Los Angeles County, California",
    Households,
        Estimate,"46,053"
        Margin of Error,"±14,442"
    Families,
        Estimate,"70,038"
        Margin of Error,"±18,057"
    Married-couple families,
        Estimate,"73,485"
        Margin of Error,"±24,472"
    Nonfamily households,
        Estimate,"33,393"
        Margin of Error,"±11,531"
"Census Tract 5542.04, Los Angeles County, California",
    Households,
        Estimate,"39,878"
        Margin of Error,"±4,867"
    Families,
        Estimate,"43,447"
        Margin of Error,"±13,093"
    Married-couple families,
        Estimate,"52,000"
        Margin of Error,"±23,950"
    Nonfamily households,
        Estimate,"25,893"
        Margin of Error,"±6,806"
"Census Tract 5543.01, Los Angeles County, California",
    Households,
        Estimate,"63,375"
        Margin of Error,"±10,680"
    Families,
        Estimate,"64,125"
        Margin of Error,"±15,923"
    Married-couple families,
        Estimate,"78,567"
        Margin of Error,"±14,134"
    Nonfamily households,
        Estimate,"33,897"
        Margin of Error,"±13,742"
"Census Tract 5543.02, Los Angeles County, California",
    Households,
        Estimate,"55,075"
        Margin of Error,"±10,228"
    Families,
        Estimate,"57,083"
        Margin of Error,"±14,741"
    Married-couple families,
        Estimate,"61,346"
        Margin of Error,"±29,734"
    Nonfamily households,
        Estimate,"36,985"
        Margin of Error,"±26,452"
"Census Tract 5544.03, Los Angeles County, California",
    Households,
        Estimate,"49,413"
        Margin of Error,"±9,704"
    Families,
        Estimate,"53,906"
        Margin of Error,"±12,157"
    Married-couple families,
        Estimate,"71,103"
        Margin of Error,"±30,524"
    Nonfamily households,
        Estimate,"31,159"
        Margin of Error,"±14,301"
"Census Tract 5544.04, Los Angeles County, California",
    Households,
        Estimate,"56,335"
        Margin of Error,"±9,197"
    Families,
        Estimate,"56,610"
        Margin of Error,"±10,640"
    Married-couple families,
        Estimate,"66,328"
        Margin of Error,"±12,235"
    Nonfamily households,
        Estimate,"29,517"
        Margin of Error,"±21,745"
"Census Tract 5544.05, Los Angeles County, California",
    Households,
        Estimate,"56,641"
        Margin of Error,"±11,531"
    Families,
        Estimate,"72,596"
        Margin of Error,"±7,238"
    Married-couple families,
        Estimate,"82,424"
        Margin of Error,"±13,766"
    Nonfamily households,
        Estimate,"24,028"
        Margin of Error,"±6,466"
"Census Tract 5544.06, Los Angeles County, California",
    Households,
        Estimate,"68,839"
        Margin of Error,"±19,296"
    Families,
        Estimate,"82,151"
        Margin of Error,"±14,017"
    Married-couple families,
        Estimate,"84,267"
        Margin of Error,"±14,779"
    Nonfamily households,
        Estimate,"38,571"
        Margin of Error,"±25,628"
"Census Tract 5545.11, Los Angeles County, California",
    Households,
        Estimate,"99,097"
        Margin of Error,"±27,349"
    Families,
        Estimate,"107,000"
        Margin of Error,"±28,004"
    Married-couple families,
        Estimate,"110,179"
        Margin of Error,"±18,453"
    Nonfamily households,
        Estimate,"75,924"
        Margin of Error,"±61,979"
"Census Tract 5545.12, Los Angeles County, California",
    Households,
        Estimate,"120,176"
        Margin of Error,"±14,898"
    Families,
        Estimate,"122,672"
        Margin of Error,"±11,813"
    Married-couple families,
        Estimate,"139,600"
        Margin of Error,"±11,609"
    Nonfamily households,
        Estimate,"59,688"
        Margin of Error,"±26,093"
"Census Tract 5545.13, Los Angeles County, California",
    Households,
        Estimate,"97,604"
        Margin of Error,"±21,128"
    Families,
        Estimate,"112,708"
        Margin of Error,"±14,357"
    Married-couple families,
        Estimate,"123,000"
        Margin of Error,"±23,118"
    Nonfamily households,
        Estimate,"68,036"
        Margin of Error,"±15,096"
"Census Tract 5545.14, Los Angeles County, California",
    Households,
        Estimate,"91,250"
        Margin of Error,"±14,287"
    Families,
        Estimate,"94,784"
        Margin of Error,"±16,763"
    Married-couple families,
        Estimate,"104,545"
        Margin of Error,"±21,032"
    Nonfamily households,
        Estimate,"38,482"
        Margin of Error,"±31,593"
"Census Tract 5545.15, Los Angeles County, California",
    Households,
        Estimate,"106,520"
        Margin of Error,"±7,814"
    Families,
        Estimate,"106,318"
        Margin of Error,"±5,432"
    Married-couple families,
        Estimate,"106,953"
        Margin of Error,"±18,234"
    Nonfamily households,
        Estimate,"87,955"
        Margin of Error,"±55,602"
"Census Tract 5545.16, Los Angeles County, California",
    Households,
        Estimate,"120,993"
        Margin of Error,"±17,690"
    Families,
        Estimate,"134,779"
        Margin of Error,"±18,705"
    Married-couple families,
        Estimate,"135,938"
        Margin of Error,"±18,586"
    Nonfamily households,
        Estimate,-
        Margin of Error,**
"Census Tract 5545.17, Los Angeles County, California",
    Households,
        Estimate,"106,354"
        Margin of Error,"±7,503"
    Families,
        Estimate,"112,955"
        Margin of Error,"±12,560"
    Married-couple families,
        Estimate,"120,625"
        Margin of Error,"±10,135"
    Nonfamily households,
        Estimate,"44,427"
        Margin of Error,"±12,299"
"Census Tract 5545.18, Los Angeles County, California",
    Households,
        Estimate,"102,961"
        Margin of Error,"±9,720"
    Families,
        Estimate,"112,560"
        Margin of Error,"±17,590"
    Married-couple families,
        Estimate,"128,259"
        Margin of Error,"±11,166"
    Nonfamily households,
        Estimate,"66,250"
        Margin of Error,"±10,749"
"Census Tract 5545.19, Los Angeles County, California",
    Households,
        Estimate,"109,663"
        Margin of Error,"±30,825"
    Families,
        Estimate,"142,763"
        Margin of Error,"±30,782"
    Married-couple families,
        Estimate,"146,591"
        Margin of Error,"±29,839"
    Nonfamily households,
        Estimate,"34,926"
        Margin of Error,"±5,334"
"Census Tract 5545.21, Los Angeles County, California",
    Households,
        Estimate,"81,793"
        Margin of Error,"±10,586"
    Families,
        Estimate,"91,985"
        Margin of Error,"±31,583"
    Married-couple families,
        Estimate,"113,482"
        Margin of Error,"±18,685"
    Nonfamily households,
        Estimate,"39,485"
        Margin of Error,"±19,607"
"Census Tract 5545.22, Los Angeles County, California",
    Households,
        Estimate,"114,375"
        Margin of Error,"±19,381"
    Families,
        Estimate,"125,089"
        Margin of Error,"±17,004"
    Married-couple families,
        Estimate,"137,198"
        Margin of Error,"±17,427"
    Nonfamily households,
        Estimate,"82,679"
        Margin of Error,"±70,540"
"Census Tract 5546, Los Angeles County, California",
    Households,
        Estimate,"76,350"
        Margin of Error,"±5,367"
    Families,
        Estimate,"73,264"
        Margin of Error,"±8,070"
    Married-couple families,
        Estimate,"76,211"
        Margin of Error,"±5,503"
    Nonfamily households,
        Estimate,"36,429"
        Margin of Error,"±16,940"
"Census Tract 5547, Los Angeles County, California",
    Households,
        Estimate,"78,152"
        Margin of Error,"±16,221"
    Families,
        Estimate,"79,258"
        Margin of Error,"±12,264"
    Married-couple families,
        Estimate,"84,000"
        Margin of Error,"±19,848"
    Nonfamily households,
        Estimate,"17,031"
        Margin of Error,"±13,342"
"Census Tract 5548.01, Los Angeles County, California",
    Households,
        Estimate,"51,896"
        Margin of Error,"±14,285"
    Families,
        Estimate,"60,972"
        Margin of Error,"±12,294"
    Married-couple families,
        Estimate,"75,577"
        Margin of Error,"±40,300"
    Nonfamily households,
        Estimate,"34,297"
        Margin of Error,"±11,100"
"Census Tract 5548.02, Los Angeles County, California",
    Households,
        Estimate,"73,594"
        Margin of Error,"±8,114"
    Families,
        Estimate,"77,527"
        Margin of Error,"±14,585"
    Married-couple families,
        Estimate,"87,313"
        Margin of Error,"±15,368"
    Nonfamily households,
        Estimate,"38,413"
        Margin of Error,"±11,636"
"Census Tract 5549, Los Angeles County, California",
    Households,
        Estimate,"68,079"
        Margin of Error,"±9,009"
    Families,
        Estimate,"70,775"
        Margin of Error,"±9,328"
    Married-couple families,
        Estimate,"72,530"
        Margin of Error,"±17,072"
    Nonfamily households,
        Estimate,"42,639"
        Margin of Error,"±39,324"
"Census Tract 5550.01, Los Angeles County, California",
    Households,
        Estimate,"76,149"
        Margin of Error,"±10,004"
    Families,
        Estimate,"81,583"
        Margin of Error,"±16,366"
    Married-couple families,
        Estimate,"98,417"
        Margin of Error,"±21,252"
    Nonfamily households,
        Estimate,"40,375"
        Margin of Error,"±16,520"
"Census Tract 5550.02, Los Angeles County, California",
    Households,
        Estimate,"82,011"
        Margin of Error,"±20,638"
    Families,
        Estimate,"88,000"
        Margin of Error,"±29,229"
    Married-couple families,
        Estimate,"98,333"
        Margin of Error,"±17,151"
    Nonfamily households,
        Estimate,"59,750"
        Margin of Error,"±27,696"
"Census Tract 5551.02, Los Angeles County, California",
    Households,
        Estimate,"58,262"
        Margin of Error,"±8,576"
    Families,
        Estimate,"59,571"
        Margin of Error,"±8,219"
    Married-couple families,
        Estimate,"67,303"
        Margin of Error,"±16,041"
    Nonfamily households,
        Estimate,-
        Margin of Error,**
"Census Tract 5551.03, Los Angeles County, California",
    Households,
        Estimate,"86,964"
        Margin of Error,"±10,356"
    Families,
        Estimate,"90,568"
        Margin of Error,"±16,683"
    Married-couple families,
        Estimate,"104,542"
        Margin of Error,"±19,316"
    Nonfamily households,
        Estimate,"54,063"
        Margin of Error,"±25,414"
"Census Tract 5551.04, Los Angeles County, California",
    Households,
        Estimate,"62,117"
        Margin of Error,"±13,886"
    Families,
        Estimate,"72,868"
        Margin of Error,"±24,574"
    Married-couple families,
        Estimate,"82,196"
        Margin of Error,"±21,143"
    Nonfamily households,
        Estimate,"43,796"
        Margin of Error,"±5,242"
"Census Tract 5552.02, Los Angeles County, California",
    Households,
        Estimate,"123,807"
        Margin of Error,"±35,304"
    Families,
        Estimate,"135,263"
        Margin of Error,"±33,368"
    Married-couple families,
        Estimate,"168,750"
        Margin of Error,"±13,633"
    Nonfamily households,
        Estimate,"80,917"
        Margin of Error,"±45,394"
"Census Tract 5552.11, Los Angeles County, California",
    Households,
        Estimate,"47,375"
        Margin of Error,"±13,267"
    Families,
        Estimate,"53,028"
        Margin of Error,"±16,209"
    Married-couple families,
        Estimate,"58,142"
        Margin of Error,"±10,138"
    Nonfamily households,
        Estimate,"21,125"
        Margin of Error,"±15,812"
"Census Tract 5552.12, Los Angeles County, California",
    Households,
        Estimate,"53,017"
        Margin of Error,"±13,611"
    Families,
        Estimate,"62,212"
        Margin of Error,"±9,003"
    Married-couple families,
        Estimate,"68,171"
        Margin of Error,"±9,478"
    Nonfamily households,
        Estimate,"38,707"
        Margin of Error,"±8,922"
"Census Tract 5700.01, Los Angeles County, California",
    Households,
        Estimate,"87,162"
        Margin of Error,"±8,621"
    Families,
        Estimate,"97,656"
        Margin of Error,"±31,965"
    Married-couple families,
        Estimate,"135,230"
        Margin of Error,"±19,712"
    Nonfamily households,
        Estimate,"30,880"
        Margin of Error,"±15,130"
"Census Tract 5700.02, Los Angeles County, California",
    Households,
        Estimate,"93,819"
        Margin of Error,"±14,088"
    Families,
        Estimate,"110,417"
        Margin of Error,"±17,382"
    Married-couple families,
        Estimate,"110,139"
        Margin of Error,"±21,518"
    Nonfamily households,
        Estimate,"63,235"
        Margin of Error,"±14,387"
"Census Tract 5700.03, Los Angeles County, California",
    Households,
        Estimate,"101,500"
        Margin of Error,"±11,768"
    Families,
        Estimate,"111,934"
        Margin of Error,"±16,039"
    Married-couple families,
        Estimate,"113,125"
        Margin of Error,"±18,605"
    Nonfamily households,
        Estimate,"63,571"
        Margin of Error,"±35,426"
"Census Tract 5701, Los Angeles County, California",
    Households,
        Estimate,"79,750"
        Margin of Error,"±12,751"
    Families,
        Estimate,"85,179"
        Margin of Error,"±10,403"
    Married-couple families,
        Estimate,"87,250"
        Margin of Error,"±32,770"
    Nonfamily households,
        Estimate,"64,750"
        Margin of Error,"±18,317"
"Census Tract 5702.02, Los Angeles County, California",
    Households,
        Estimate,"58,681"
        Margin of Error,"±10,931"
    Families,
        Estimate,"51,625"
        Margin of Error,"±13,062"
    Married-couple families,
        Estimate,"61,250"
        Margin of Error,"±23,707"
    Nonfamily households,
        Estimate,"64,531"
        Margin of Error,"±23,014"
"Census Tract 5702.03, Los Angeles County, California",
    Households,
        Estimate,"43,937"
        Margin of Error,"±6,514"
    Families,
        Estimate,"46,338"
        Margin of Error,"±6,053"
    Married-couple families,
        Estimate,"57,279"
        Margin of Error,"±13,840"
    Nonfamily households,
        Estimate,"27,885"
        Margin of Error,"±14,786"
"Census Tract 5702.04, Los Angeles County, California",
    Households,
        Estimate,"48,947"
        Margin of Error,"±20,355"
    Families,
        Estimate,"61,680"
        Margin of Error,"±26,469"
    Married-couple families,
        Estimate,"93,580"
        Margin of Error,"±38,020"
    Nonfamily households,
        Estimate,"16,169"
        Margin of Error,"±9,311"
"Census Tract 5703.01, Los Angeles County, California",
    Households,
        Estimate,"39,361"
        Margin of Error,"±5,285"
    Families,
        Estimate,"39,141"
        Margin of Error,"±7,448"
    Married-couple families,
        Estimate,"49,516"
        Margin of Error,"±10,421"
    Nonfamily households,
        Estimate,"32,058"
        Margin of Error,"±7,898"
"Census Tract 5703.03, Los Angeles County, California",
    Households,
        Estimate,"62,500"
        Margin of Error,"±24,128"
    Families,
        Estimate,"63,607"
        Margin of Error,"±32,557"
    Married-couple families,
        Estimate,"80,278"
        Margin of Error,"±26,362"
    Nonfamily households,
        Estimate,"46,375"
        Margin of Error,"±25,047"
"Census Tract 5703.04, Los Angeles County, California",
    Households,
        Estimate,"51,404"
        Margin of Error,"±5,837"
    Families,
        Estimate,"50,978"
        Margin of Error,"±9,551"
    Married-couple families,
        Estimate,"57,961"
        Margin of Error,"±15,336"
    Nonfamily households,
        Estimate,"41,328"
        Margin of Error,"±31,079"
"Census Tract 5704.02, Los Angeles County, California",
    Households,
        Estimate,"70,417"
        Margin of Error,"±12,708"
    Families,
        Estimate,"72,745"
        Margin of Error,"±5,729"
    Married-couple families,
        Estimate,"72,702"
        Margin of Error,"±5,410"
    Nonfamily households,
        Estimate,"40,333"
        Margin of Error,"±9,617"
"Census Tract 5704.03, Los Angeles County, California",
    Households,
        Estimate,"48,676"
        Margin of Error,"±9,322"
    Families,
        Estimate,"41,016"
        Margin of Error,"±14,608"
    Married-couple families,
        Estimate,"44,167"
        Margin of Error,"±15,580"
    Nonfamily households,
        Estimate,"51,705"
        Margin of Error,"±36,769"
"Census Tract 5704.04, Los Angeles County, California",
    Households,
        Estimate,"54,777"
        Margin of Error,"±11,242"
    Families,
        Estimate,"53,348"
        Margin of Error,"±7,766"
    Married-couple families,
        Estimate,"66,563"
        Margin of Error,"±9,148"
    Nonfamily households,
        Estimate,"38,929"
        Margin of Error,"±4,915"
"Census Tract 5705.01, Los Angeles County, California",
    Households,
        Estimate,"61,224"
        Margin of Error,"±9,980"
    Families,
        Estimate,"60,995"
        Margin of Error,"±13,197"
    Married-couple families,
        Estimate,"80,293"
        Margin of Error,"±7,416"
    Nonfamily households,
        Estimate,"53,971"
        Margin of Error,"±26,053"
"Census Tract 5705.02, Los Angeles County, California",
    Households,
        Estimate,"66,364"
        Margin of Error,"±15,233"
    Families,
        Estimate,"67,386"
        Margin of Error,"±13,799"
    Married-couple families,
        Estimate,"74,032"
        Margin of Error,"±11,884"
    Nonfamily households,
        Estimate,"39,840"
        Margin of Error,"±22,417"
"Census Tract 5706.01, Los Angeles County, California",
    Households,
        Estimate,"49,506"
        Margin of Error,"±9,844"
    Families,
        Estimate,"50,833"
        Margin of Error,"±9,557"
    Married-couple families,
        Estimate,"70,625"
        Margin of Error,"±25,117"
    Nonfamily households,
        Estimate,"36,250"
        Margin of Error,"±30,677"
"Census Tract 5706.02, Los Angeles County, California",
    Households,
        Estimate,"61,978"
        Margin of Error,"±7,711"
    Families,
        Estimate,"62,351"
        Margin of Error,"±7,660"
    Married-couple families,
        Estimate,"64,185"
        Margin of Error,"±21,554"
    Nonfamily households,
        Estimate,"49,844"
        Margin of Error,"±22,365"
"Census Tract 5706.03, Los Angeles County, California",
    Households,
        Estimate,"49,623"
        Margin of Error,"±7,295"
    Families,
        Estimate,"45,272"
        Margin of Error,"±14,405"
    Married-couple families,
        Estimate,"83,527"
        Margin of Error,"±32,517"
    Nonfamily households,
        Estimate,"44,208"
        Margin of Error,"±11,655"
"Census Tract 5707.01, Los Angeles County, California",
    Households,
        Estimate,"81,917"
        Margin of Error,"±6,079"
    Families,
        Estimate,"85,175"
        Margin of Error,"±11,854"
    Married-couple families,
        Estimate,"113,735"
        Margin of Error,"±13,916"
    Nonfamily households,
        Estimate,"69,242"
        Margin of Error,"±23,740"
"Census Tract 5707.02, Los Angeles County, California",
    Households,
        Estimate,"105,000"
        Margin of Error,"±15,821"
    Families,
        Estimate,"125,536"
        Margin of Error,"±11,629"
    Married-couple families,
        Estimate,"138,125"
        Margin of Error,"±24,367"
    Nonfamily households,
        Estimate,"47,500"
        Margin of Error,"±24,154"
"Census Tract 5708, Los Angeles County, California",
    Households,
        Estimate,"106,031"
        Margin of Error,"±13,505"
    Families,
        Estimate,"115,670"
        Margin of Error,"±17,275"
    Married-couple families,
        Estimate,"124,028"
        Margin of Error,"±11,064"
    Nonfamily households,
        Estimate,"83,373"
        Margin of Error,"±17,854"
"Census Tract 5709.01, Los Angeles County, California",
    Households,
        Estimate,"115,536"
        Margin of Error,"±19,814"
    Families,
        Estimate,"125,742"
        Margin of Error,"±10,053"
    Married-couple families,
        Estimate,"132,697"
        Margin of Error,"±18,106"
    Nonfamily households,
        Estimate,"31,324"
        Margin of Error,"±23,186"
"Census Tract 5709.02, Los Angeles County, California",
    Households,
        Estimate,"93,409"
        Margin of Error,"±14,798"
    Families,
        Estimate,"106,694"
        Margin of Error,"±26,356"
    Married-couple families,
        Estimate,"132,500"
        Margin of Error,"±25,135"
    Nonfamily households,
        Estimate,"67,586"
        Margin of Error,"±35,789"
"Census Tract 5710, Los Angeles County, California",
    Households,
        Estimate,"105,758"
        Margin of Error,"±7,495"
    Families,
        Estimate,"104,400"
        Margin of Error,"±13,902"
    Married-couple families,
        Estimate,"122,257"
        Margin of Error,"±12,170"
    Nonfamily households,
        Estimate,"90,952"
        Margin of Error,"±29,675"
"Census Tract 5711.01, Los Angeles County, California",
    Households,
        Estimate,"104,000"
        Margin of Error,"±13,038"
    Families,
        Estimate,"111,528"
        Margin of Error,"±29,359"
    Married-couple families,
        Estimate,"129,766"
        Margin of Error,"±16,765"
    Nonfamily households,
        Estimate,"44,583"
        Margin of Error,"±43,460"
"Census Tract 5711.02, Los Angeles County, California",
    Households,
        Estimate,"108,000"
        Margin of Error,"±26,913"
    Families,
        Estimate,"125,214"
        Margin of Error,"±16,596"
    Married-couple families,
        Estimate,"128,260"
        Margin of Error,"±10,084"
    Nonfamily households,
        Estimate,"52,500"
        Margin of Error,"±17,382"
"Census Tract 5712, Los Angeles County, California",
    Households,
        Estimate,"93,781"
        Margin of Error,"±7,453"
    Families,
        Estimate,"100,857"
        Margin of Error,"±14,354"
    Married-couple families,
        Estimate,"127,639"
        Margin of Error,"±18,308"
    Nonfamily households,
        Estimate,"58,984"
        Margin of Error,"±12,698"
"Census Tract 5713, Los Angeles County, California",
    Households,
        Estimate,"99,709"
        Margin of Error,"±8,496"
    Families,
        Estimate,"108,452"
        Margin of Error,"±14,273"
    Married-couple families,
        Estimate,"124,167"
        Margin of Error,"±33,896"
    Nonfamily households,
        Estimate,"75,333"
        Margin of Error,"±26,206"
"Census Tract 5714, Los Angeles County, California",
    Households,
        Estimate,"88,264"
        Margin of Error,"±13,751"
    Families,
        Estimate,"103,424"
        Margin of Error,"±14,112"
    Married-couple families,
        Estimate,"113,664"
        Margin of Error,"±15,830"
    Nonfamily households,
        Estimate,"36,375"
        Margin of Error,"±7,788"
"Census Tract 5715.02, Los Angeles County, California",
    Households,
        Estimate,"57,132"
        Margin of Error,"±9,469"
    Families,
        Estimate,"60,660"
        Margin of Error,"±7,979"
    Married-couple families,
        Estimate,"84,632"
        Margin of Error,"±13,354"
    Nonfamily households,
        Estimate,"45,874"
        Margin of Error,"±7,696"
"Census Tract 5715.03, Los Angeles County, California",
    Households,
        Estimate,"89,457"
        Margin of Error,"±30,992"
    Families,
        Estimate,"82,292"
        Margin of Error,"±17,446"
    Married-couple families,
        Estimate,"111,875"
        Margin of Error,"±12,281"
    Nonfamily households,
        Estimate,"98,750"
        Margin of Error,"±67,438"
"Census Tract 5715.04, Los Angeles County, California",
    Households,
        Estimate,"68,138"
        Margin of Error,"±11,050"
    Families,
        Estimate,"75,545"
        Margin of Error,"±9,976"
    Married-couple families,
        Estimate,"77,404"
        Margin of Error,"±19,411"
    Nonfamily households,
        Estimate,"42,617"
        Margin of Error,"±10,396"
"Census Tract 5716, Los Angeles County, California",
    Households,
        Estimate,"19,425"
        Margin of Error,"±3,767"
    Families,
        Estimate,"24,125"
        Margin of Error,"±9,085"
    Married-couple families,
        Estimate,"31,893"
        Margin of Error,"±1,705"
    Nonfamily households,
        Estimate,"12,158"
        Margin of Error,"±4,226"
"Census Tract 5717.01, Los Angeles County, California",
    Households,
        Estimate,"51,827"
        Margin of Error,"±9,063"
    Families,
        Estimate,"55,329"
        Margin of Error,"±11,045"
    Married-couple families,
        Estimate,"61,042"
        Margin of Error,"±25,753"
    Nonfamily households,
        Estimate,"45,444"
        Margin of Error,"±11,253"
"Census Tract 5717.03, Los Angeles County, California",
    Households,
        Estimate,"45,066"
        Margin of Error,"±15,712"
    Families,
        Estimate,"65,500"
        Margin of Error,"±35,208"
    Married-couple families,
        Estimate,"87,610"
        Margin of Error,"±11,544"
    Nonfamily households,
        Estimate,"12,917"
        Margin of Error,"±11,309"
"Census Tract 5717.04, Los Angeles County, California",
    Households,
        Estimate,"50,438"
        Margin of Error,"±8,913"
    Families,
        Estimate,"51,146"
        Margin of Error,"±7,385"
    Married-couple families,
        Estimate,"57,000"
        Margin of Error,"±34,099"
    Nonfamily households,
        Estimate,-
        Margin of Error,**
"Census Tract 5718, Los Angeles County, California",
    Households,
        Estimate,"106,538"
        Margin of Error,"±16,856"
    Families,
        Estimate,"190,500"
        Margin of Error,"±34,197"
    Married-couple families,
        Estimate,"197,796"
        Margin of Error,"±16,156"
    Nonfamily households,
        Estimate,"56,250"
        Margin of Error,"±16,265"
"Census Tract 5719, Los Angeles County, California",
    Households,
        Estimate,"66,993"
        Margin of Error,"±24,345"
    Families,
        Estimate,"117,500"
        Margin of Error,"±26,122"
    Married-couple families,
        Estimate,"156,092"
        Margin of Error,"±12,182"
    Nonfamily households,
        Estimate,"46,696"
        Margin of Error,"±11,288"
"Census Tract 5720.01, Los Angeles County, California",
    Households,
        Estimate,"100,625"
        Margin of Error,"±16,544"
    Families,
        Estimate,"119,410"
        Margin of Error,"±21,698"
    Married-couple families,
        Estimate,"161,339"
        Margin of Error,"±16,281"
    Nonfamily households,
        Estimate,-
        Margin of Error,**
"Census Tract 5720.02, Los Angeles County, California",
    Households,
        Estimate,"73,319"
        Margin of Error,"±4,606"
    Families,
        Estimate,"89,508"
        Margin of Error,"±17,534"
    Married-couple families,
        Estimate,"109,091"
        Margin of Error,"±30,870"
    Nonfamily households,
        Estimate,"42,635"
        Margin of Error,"±11,460"
"Census Tract 5721, Los Angeles County, California",
    Households,
        Estimate,"103,603"
        Margin of Error,"±16,511"
    Families,
        Estimate,"115,417"
        Margin of Error,"±16,894"
    Married-couple families,
        Estimate,"127,750"
        Margin of Error,"±19,577"
    Nonfamily households,
        Estimate,"76,528"
        Margin of Error,"±33,765"
"Census Tract 5722.01, Los Angeles County, California",
    Households,
        Estimate,"59,091"
        Margin of Error,"±17,554"
    Families,
        Estimate,"77,941"
        Margin of Error,"±12,670"
    Married-couple families,
        Estimate,"84,519"
        Margin of Error,"±14,817"
    Nonfamily households,
        Estimate,"35,318"
        Margin of Error,"±12,629"
"Census Tract 5722.02, Los Angeles County, California",
    Households,
        Estimate,"93,580"
        Margin of Error,"±5,594"
    Families,
        Estimate,"93,348"
        Margin of Error,"±4,653"
    Married-couple families,
        Estimate,"107,994"
        Margin of Error,"±17,455"
    Nonfamily households,
        Estimate,"80,086"
        Margin of Error,"±16,394"
"Census Tract 5723.01, Los Angeles County, California",
    Households,
        Estimate,"55,724"
        Margin of Error,"±10,499"
    Families,
        Estimate,"54,318"
        Margin of Error,"±13,535"
    Married-couple families,
        Estimate,"62,891"
        Margin of Error,"±18,731"
    Nonfamily households,
        Estimate,"55,592"
        Margin of Error,"±29,312"
"Census Tract 5723.02, Los Angeles County, California",
    Households,
        Estimate,"75,750"
        Margin of Error,"±11,827"
    Families,
        Estimate,"76,472"
        Margin of Error,"±6,522"
    Married-couple families,
        Estimate,"81,765"
        Margin of Error,"±16,943"
    Nonfamily households,
        Estimate,"44,583"
        Margin of Error,"±28,592"
"Census Tract 5724, Los Angeles County, California",
    Households,
        Estimate,"95,152"
        Margin of Error,"±33,951"
    Families,
        Estimate,"83,625"
        Margin of Error,"±32,818"
    Married-couple families,
        Estimate,"97,132"
        Margin of Error,"±20,769"
    Nonfamily households,
        Estimate,"24,141"
        Margin of Error,"±3,290"
"Census Tract 5725, Los Angeles County, California",
    Households,
        Estimate,"29,577"
        Margin of Error,"±12,003"
    Families,
        Estimate,"48,388"
        Margin of Error,"±10,270"
    Married-couple families,
        Estimate,"55,341"
        Margin of Error,"±20,073"
    Nonfamily households,
        Estimate,"19,375"
        Margin of Error,"±3,989"
"Census Tract 5726, Los Angeles County, California",
    Households,
        Estimate,"65,625"
        Margin of Error,"±15,301"
    Families,
        Estimate,"54,917"
        Margin of Error,"±20,063"
    Married-couple families,
        Estimate,"64,138"
        Margin of Error,"±30,431"
    Nonfamily households,
        Estimate,-
        Margin of Error,**
"Census Tract 5727, Los Angeles County, California",
    Households,
        Estimate,"68,500"
        Margin of Error,"±10,761"
    Families,
        Estimate,"70,339"
        Margin of Error,"±12,046"
    Married-couple families,
        Estimate,"76,964"
        Margin of Error,"±27,105"
    Nonfamily households,
        Estimate,"58,598"
        Margin of Error,"±52,942"
"Census Tract 5728, Los Angeles County, California",
    Households,
        Estimate,"13,500"
        Margin of Error,"±6,513"
    Families,
        Estimate,"48,750"
        Margin of Error,"±4,888"
    Married-couple families,
        Estimate,-
        Margin of Error,**
    Nonfamily households,
        Estimate,"9,716"
        Margin of Error,"±3,878"
"Census Tract 5729, Los Angeles County, California",
    Households,
        Estimate,"47,262"
        Margin of Error,"±7,716"
    Families,
        Estimate,"47,344"
        Margin of Error,"±7,461"
    Married-couple families,
        Estimate,"53,537"
        Margin of Error,"±12,718"
    Nonfamily households,
        Estimate,"28,188"
        Margin of Error,"±16,294"
"Census Tract 5730.02, Los Angeles County, California",
    Households,
        Estimate,"43,825"
        Margin of Error,"±10,412"
    Families,
        Estimate,"33,524"
        Margin of Error,"±4,561"
    Married-couple families,
        Estimate,"40,625"
        Margin of Error,"±16,256"
    Nonfamily households,
        Estimate,"40,000"
        Margin of Error,"±27,268"
"Census Tract 5730.03, Los Angeles County, California",
    Households,
        Estimate,"69,038"
        Margin of Error,"±9,564"
    Families,
        Estimate,"75,583"
        Margin of Error,"±10,151"
    Married-couple families,
        Estimate,"78,088"
        Margin of Error,"±16,977"
    Nonfamily households,
        Estimate,"59,896"
        Margin of Error,"±14,729"
"Census Tract 5730.04, Los Angeles County, California",
    Households,
        Estimate,"41,911"
        Margin of Error,"±5,776"
    Families,
        Estimate,"49,167"
        Margin of Error,"±5,890"
    Married-couple families,
        Estimate,"74,950"
        Margin of Error,"±27,141"
    Nonfamily households,
        Estimate,"22,639"
        Margin of Error,"±11,481"
"Census Tract 5731, Los Angeles County, California",
    Households,
        Estimate,"60,616"
        Margin of Error,"±10,672"
    Families,
        Estimate,"60,729"
        Margin of Error,"±11,729"
    Married-couple families,
        Estimate,"76,277"
        Margin of Error,"±16,950"
    Nonfamily households,
        Estimate,"52,338"
        Margin of Error,"±23,416"
"Census Tract 5732.01, Los Angeles County, California",
    Households,
        Estimate,"37,723"
        Margin of Error,"±4,755"
    Families,
        Estimate,"45,147"
        Margin of Error,"±10,659"
    Married-couple families,
        Estimate,"68,875"
        Margin of Error,"±10,991"
    Nonfamily households,
        Estimate,"26,806"
        Margin of Error,"±14,715"
"Census Tract 5732.02, Los Angeles County, California",
    Households,
        Estimate,"54,617"
        Margin of Error,"±5,450"
    Families,
        Estimate,"58,911"
        Margin of Error,"±7,779"
    Married-couple families,
        Estimate,"62,206"
        Margin of Error,"±9,029"
    Nonfamily households,
        Estimate,"35,875"
        Margin of Error,"±16,575"
"Census Tract 5733, Los Angeles County, California",
    Households,
        Estimate,"40,677"
        Margin of Error,"±12,325"
    Families,
        Estimate,"31,714"
        Margin of Error,"±4,677"
    Married-couple families,
        Estimate,"59,500"
        Margin of Error,"±32,696"
    Nonfamily households,
        Estimate,-
        Margin of Error,**
"Census Tract 5734.01, Los Angeles County, California",
    Households,
        Estimate,"75,040"
        Margin of Error,"±21,787"
    Families,
        Estimate,"65,625"
        Margin of Error,"±15,197"
    Married-couple families,
        Estimate,"119,722"
        Margin of Error,"±14,898"
    Nonfamily households,
        Estimate,"57,067"
        Margin of Error,"±15,314"
"Census Tract 5734.02, Los Angeles County, California",
    Households,
        Estimate,"66,508"
        Margin of Error,"±15,480"
    Families,
        Estimate,"75,833"
        Margin of Error,"±13,987"
    Married-couple families,
        Estimate,"105,307"
        Margin of Error,"±52,806"
    Nonfamily households,
        Estimate,"60,167"
        Margin of Error,"±17,947"
"Census Tract 5734.03, Los Angeles County, California",
    Households,
        Estimate,"101,351"
        Margin of Error,"±19,026"
    Families,
        Estimate,"128,229"
        Margin of Error,"±39,518"
    Married-couple families,
        Estimate,"149,327"
        Margin of Error,"±79,989"
    Nonfamily households,
        Estimate,"59,612"
        Margin of Error,"±23,163"
"Census Tract 5736.01, Los Angeles County, California",
    Households,
        Estimate,"119,020"
        Margin of Error,"±19,064"
    Families,
        Estimate,"132,321"
        Margin of Error,"±17,806"
    Married-couple families,
        Estimate,"138,485"
        Margin of Error,"±31,397"
    Nonfamily households,
        Estimate,"82,617"
        Margin of Error,"±39,774"
"Census Tract 5737, Los Angeles County, California",
    Households,
        Estimate,"107,431"
        Margin of Error,"±19,390"
    Families,
        Estimate,"125,536"
        Margin of Error,"±18,596"
    Married-couple families,
        Estimate,"140,625"
        Margin of Error,"±23,538"
    Nonfamily households,
        Estimate,"75,179"
        Margin of Error,"±25,016"
"Census Tract 5738, Los Angeles County, California",
    Households,
        Estimate,"116,146"
        Margin of Error,"±21,107"
    Families,
        Estimate,"124,052"
        Margin of Error,"±16,838"
    Married-couple families,
        Estimate,"157,153"
        Margin of Error,"±15,935"
    Nonfamily households,
        Estimate,"51,080"
        Margin of Error,"±20,256"
"Census Tract 5739.02, Los Angeles County, California",
    Households,
        Estimate,"125,000"
        Margin of Error,"±30,832"
    Families,
        Estimate,"167,500"
        Margin of Error,"±19,710"
    Married-couple families,
        Estimate,"175,625"
        Margin of Error,"±18,890"
    Nonfamily households,
        Estimate,"51,250"
        Margin of Error,"±25,530"
"Census Tract 5740, Los Angeles County, California",
    Households,
        Estimate,"137,909"
        Margin of Error,"±13,577"
    Families,
        Estimate,"156,667"
        Margin of Error,"±21,764"
    Married-couple families,
        Estimate,"167,917"
        Margin of Error,"±19,180"
    Nonfamily households,
        Estimate,"66,888"
        Margin of Error,"±22,106"
"Census Tract 5741, Los Angeles County, California",
    Households,
        Estimate,"107,917"
        Margin of Error,"±9,574"
    Families,
        Estimate,"123,884"
        Margin of Error,"±13,472"
    Married-couple families,
        Estimate,"129,655"
        Margin of Error,"±7,462"
    Nonfamily households,
        Estimate,"53,594"
        Margin of Error,"±21,013"
"Census Tract 5742.01, Los Angeles County, California",
    Households,
        Estimate,"108,150"
        Margin of Error,"±7,227"
    Families,
        Estimate,"112,000"
        Margin of Error,"±12,264"
    Married-couple families,
        Estimate,"118,646"
        Margin of Error,"±13,570"
    Nonfamily households,
        Estimate,"61,744"
        Margin of Error,"±24,074"
"Census Tract 5742.02, Los Angeles County, California",
    Households,
        Estimate,"77,386"
        Margin of Error,"±12,753"
    Families,
        Estimate,"83,700"
        Margin of Error,"±12,546"
    Married-couple families,
        Estimate,"96,250"
        Margin of Error,"±19,373"
    Nonfamily households,
        Estimate,"49,250"
        Margin of Error,"±25,169"
"Census Tract 5743, Los Angeles County, California",
    Households,
        Estimate,"104,440"
        Margin of Error,"±8,152"
    Families,
        Estimate,"126,480"
        Margin of Error,"±26,124"
    Married-couple families,
        Estimate,"138,469"
        Margin of Error,"±19,971"
    Nonfamily households,
        Estimate,"62,250"
        Margin of Error,"±15,633"
"Census Tract 5744, Los Angeles County, California",
    Households,
        Estimate,"122,262"
        Margin of Error,"±17,016"
    Families,
        Estimate,"133,633"
        Margin of Error,"±19,613"
    Married-couple families,
        Estimate,"137,540"
        Margin of Error,"±20,371"
    Nonfamily households,
        Estimate,"67,031"
        Margin of Error,"±25,215"
"Census Tract 5745, Los Angeles County, California",
    Households,
        Estimate,"100,096"
        Margin of Error,"±18,270"
    Families,
        Estimate,"133,920"
        Margin of Error,"±39,810"
    Married-couple families,
        Estimate,"150,756"
        Margin of Error,"±13,704"
    Nonfamily households,
        Estimate,"82,800"
        Margin of Error,"±10,565"
"Census Tract 5746.01, Los Angeles County, California",
    Households,
        Estimate,-
        Margin of Error,**
    Families,
        Estimate,-
        Margin of Error,**
    Married-couple families,
        Estimate,-
        Margin of Error,**
    Nonfamily households,
        Estimate,-
        Margin of Error,**
"Census Tract 5746.02, Los Angeles County, California",
    Households,
        Estimate,"94,688"
        Margin of Error,"±14,371"
    Families,
        Estimate,"117,500"
        Margin of Error,"±45,461"
    Married-couple families,
        Estimate,"112,188"
        Margin of Error,"±67,650"
    Nonfamily households,
        Estimate,"56,125"
        Margin of Error,"±15,591"
"Census Tract 5747, Los Angeles County, California",
    Households,
        Estimate,-
        Margin of Error,**
    Families,
        Estimate,-
        Margin of Error,**
    Married-couple families,
        Estimate,-
        Margin of Error,**
    Nonfamily households,
        Estimate,-
        Margin of Error,**
"Census Tract 5748, Los Angeles County, California",
    Households,
        Estimate,"70,625"
        Margin of Error,"±12,558"
    Families,
        Estimate,"160,208"
        Margin of Error,"±48,122"
    Married-couple families,
        Estimate,"176,708"
        Margin of Error,"±67,945"
    Nonfamily households,
        Estimate,"53,268"
        Margin of Error,"±3,172"
"Census Tract 5749.01, Los Angeles County, California",
    Households,
        Estimate,"121,429"
        Margin of Error,"±29,993"
    Families,
        Estimate,"162,269"
        Margin of Error,"±15,445"
    Married-couple families,
        Estimate,"162,692"
        Margin of Error,"±23,102"
    Nonfamily households,
        Estimate,"52,831"
        Margin of Error,"±13,693"
"Census Tract 5749.02, Los Angeles County, California",
    Households,
        Estimate,"51,108"
        Margin of Error,"±13,351"
    Families,
        Estimate,"88,871"
        Margin of Error,"±11,803"
    Married-couple families,
        Estimate,"106,875"
        Margin of Error,"±19,777"
    Nonfamily households,
        Estimate,"34,918"
        Margin of Error,"±10,522"
"Census Tract 5750.01, Los Angeles County, California",
    Households,
        Estimate,"83,482"
        Margin of Error,"±11,105"
    Families,
        Estimate,"86,786"
        Margin of Error,"±8,932"
    Married-couple families,
        Estimate,"114,792"
        Margin of Error,"±57,399"
    Nonfamily households,
        Estimate,"76,333"
        Margin of Error,"±17,241"
"Census Tract 5750.02, Los Angeles County, California",
    Households,
        Estimate,"75,648"
        Margin of Error,"±9,732"
    Families,
        Estimate,"76,278"
        Margin of Error,"±9,820"
    Married-couple families,
        Estimate,"86,911"
        Margin of Error,"±6,375"
    Nonfamily households,
        Estimate,"69,750"
        Margin of Error,"±15,136"
"Census Tract 5751.01, Los Angeles County, California",
    Households,
        Estimate,"46,250"
        Margin of Error,"±8,983"
    Families,
        Estimate,"42,944"
        Margin of Error,"±6,098"
    Married-couple families,
        Estimate,"53,125"
        Margin of Error,"±8,451"
    Nonfamily households,
        Estimate,"38,906"
        Margin of Error,"±25,160"
"Census Tract 5751.02, Los Angeles County, California",
    Households,
        Estimate,"36,551"
        Margin of Error,"±3,613"
    Families,
        Estimate,"36,285"
        Margin of Error,"±3,185"
    Married-couple families,
        Estimate,"46,458"
        Margin of Error,"±11,419"
    Nonfamily households,
        Estimate,"21,944"
        Margin of Error,"±10,760"
"Census Tract 5751.03, Los Angeles County, California",
    Households,
        Estimate,"53,933"
        Margin of Error,"±3,146"
    Families,
        Estimate,"52,639"
        Margin of Error,"±7,727"
    Married-couple families,
        Estimate,"77,391"
        Margin of Error,"±15,768"
    Nonfamily households,
        Estimate,"39,779"
        Margin of Error,"±15,131"
"Census Tract 5752.01, Los Angeles County, California",
    Households,
        Estimate,"46,050"
        Margin of Error,"±10,350"
    Families,
        Estimate,"42,699"
        Margin of Error,"±8,756"
    Married-couple families,
        Estimate,"45,662"
        Margin of Error,"±12,160"
    Nonfamily households,
        Estimate,-
        Margin of Error,**
"Census Tract 5752.02, Los Angeles County, California",
    Households,
        Estimate,"37,750"
        Margin of Error,"±4,736"
    Families,
        Estimate,"40,294"
        Margin of Error,"±8,976"
    Married-couple families,
        Estimate,"49,559"
        Margin of Error,"±10,452"
    Nonfamily households,
        Estimate,"22,083"
        Margin of Error,"±15,999"
"Census Tract 5753, Los Angeles County, California",
    Households,
        Estimate,"37,969"
        Margin of Error,"±9,076"
    Families,
        Estimate,"36,667"
        Margin of Error,"±13,155"
    Married-couple families,
        Estimate,"51,250"
        Margin of Error,"±25,841"
    Nonfamily households,
        Estimate,"14,682"
        Margin of Error,"±2,630"
"Census Tract 5754.01, Los Angeles County, California",
    Households,
        Estimate,"32,452"
        Margin of Error,"±3,528"
    Families,
        Estimate,"35,577"
        Margin of Error,"±4,736"
    Married-couple families,
        Estimate,"38,621"
        Margin of Error,"±12,116"
    Nonfamily households,
        Estimate,"18,813"
        Margin of Error,"±10,352"
"Census Tract 5754.02, Los Angeles County, California",
    Households,
        Estimate,"46,199"
        Margin of Error,"±4,306"
    Families,
        Estimate,"39,637"
        Margin of Error,"±9,034"
    Married-couple families,
        Estimate,"45,486"
        Margin of Error,"±8,503"
    Nonfamily households,
        Estimate,"45,250"
        Margin of Error,"±6,922"
"Census Tract 5755, Los Angeles County, California",
    Households,
        Estimate,"14,271"
        Margin of Error,"±7,102"
    Families,
        Estimate,-
        Margin of Error,**
    Married-couple families,
        Estimate,-
        Margin of Error,**
    Nonfamily households,
        Estimate,-
        Margin of Error,**
"Census Tract 5758.01, Los Angeles County, California",
    Households,
        Estimate,"36,573"
        Margin of Error,"±4,018"
    Families,
        Estimate,"36,735"
        Margin of Error,"±4,297"
    Married-couple families,
        Estimate,"39,643"
        Margin of Error,"±31,828"
    Nonfamily households,
        Estimate,"32,241"
        Margin of Error,"±14,268"
"Census Tract 5758.02, Los Angeles County, California",
    Households,
        Estimate,"39,432"
        Margin of Error,"±13,221"
    Families,
        Estimate,"42,206"
        Margin of Error,"±13,836"
    Married-couple families,
        Estimate,"57,216"
        Margin of Error,"±10,272"
    Nonfamily households,
        Estimate,"25,951"
        Margin of Error,"±3,123"
"Census Tract 5758.03, Los Angeles County, California",
    Households,
        Estimate,"27,235"
        Margin of Error,"±6,492"
    Families,
        Estimate,"35,700"
        Margin of Error,"±8,237"
    Married-couple families,
        Estimate,"38,229"
        Margin of Error,"±11,414"
    Nonfamily households,
        Estimate,"15,986"
        Margin of Error,"±7,045"
"Census Tract 5759.01, Los Angeles County, California",
    Households,
        Estimate,"54,799"
        Margin of Error,"±6,863"
    Families,
        Estimate,"55,000"
        Margin of Error,"±9,189"
    Married-couple families,
        Estimate,"73,833"
        Margin of Error,"±20,516"
    Nonfamily households,
        Estimate,"52,813"
        Margin of Error,"±20,055"
"Census Tract 5759.02, Los Angeles County, California",
    Households,
        Estimate,"44,855"
        Margin of Error,"±6,509"
    Families,
        Estimate,"66,569"
        Margin of Error,"±34,805"
    Married-couple families,
        Estimate,"88,133"
        Margin of Error,"±5,271"
    Nonfamily households,
        Estimate,"39,473"
        Margin of Error,"±9,772"
"Census Tract 5760.01, Los Angeles County, California",
    Households,
        Estimate,"80,462"
        Margin of Error,"±15,067"
    Families,
        Estimate,"146,000"
        Margin of Error,"±41,873"
    Married-couple families,
        Estimate,"157,625"
        Margin of Error,"±31,147"
    Nonfamily households,
        Estimate,"65,256"
        Margin of Error,"±9,230"
"Census Tract 5762, Los Angeles County, California",
    Households,
        Estimate,"35,870"
        Margin of Error,"±10,089"
    Families,
        Estimate,"34,886"
        Margin of Error,"±15,223"
    Married-couple families,
        Estimate,"52,043"
        Margin of Error,"±48,016"
    Nonfamily households,
        Estimate,"30,987"
        Margin of Error,"±12,537"
"Census Tract 5763.01, Los Angeles County, California",
    Households,
        Estimate,"39,023"
        Margin of Error,"±10,424"
    Families,
        Estimate,"44,219"
        Margin of Error,"±11,525"
    Married-couple families,
        Estimate,"51,375"
        Margin of Error,"±12,300"
    Nonfamily households,
        Estimate,"24,707"
        Margin of Error,"±12,744"
"Census Tract 5763.02, Los Angeles County, California",
    Households,
        Estimate,"42,721"
        Margin of Error,"±16,050"
    Families,
        Estimate,"36,979"
        Margin of Error,"±16,543"
    Married-couple families,
        Estimate,"65,417"
        Margin of Error,"±43,273"
    Nonfamily households,
        Estimate,"38,558"
        Margin of Error,"±13,988"
"Census Tract 5764.01, Los Angeles County, California",
    Households,
        Estimate,"47,083"
        Margin of Error,"±9,036"
    Families,
        Estimate,"51,500"
        Margin of Error,"±8,622"
    Married-couple families,
        Estimate,"50,917"
        Margin of Error,"±19,035"
    Nonfamily households,
        Estimate,"27,074"
        Margin of Error,"±10,817"
"Census Tract 5764.02, Los Angeles County, California",
    Households,
        Estimate,"45,400"
        Margin of Error,"±10,570"
    Families,
        Estimate,"45,302"
        Margin of Error,"±13,994"
    Married-couple families,
        Estimate,"46,125"
        Margin of Error,"±12,776"
    Nonfamily households,
        Estimate,"35,990"
        Margin of Error,"±12,674"
"Census Tract 5764.03, Los Angeles County, California",
    Households,
        Estimate,"38,921"
        Margin of Error,"±1,545"
    Families,
        Estimate,"38,539"
        Margin of Error,"±1,149"
    Married-couple families,
        Estimate,"39,082"
        Margin of Error,"±19,694"
    Nonfamily households,
        Estimate,"44,043"
        Margin of Error,"±10,765"
"Census Tract 5765.01, Los Angeles County, California",
    Households,
        Estimate,"36,742"
        Margin of Error,"±7,133"
    Families,
        Estimate,"50,938"
        Margin of Error,"±14,541"
    Married-couple families,
        Estimate,"60,197"
        Margin of Error,"±14,032"
    Nonfamily households,
        Estimate,"34,511"
        Margin of Error,"±12,068"
"Census Tract 5765.02, Los Angeles County, California",
    Households,
        Estimate,"54,162"
        Margin of Error,"±5,086"
    Families,
        Estimate,"59,194"
        Margin of Error,"±16,445"
    Married-couple families,
        Estimate,"80,000"
        Margin of Error,"±12,427"
    Nonfamily households,
        Estimate,"50,772"
        Margin of Error,"±7,342"
"Census Tract 5765.03, Los Angeles County, California",
    Households,
        Estimate,"57,679"
        Margin of Error,"±7,130"
    Families,
        Estimate,"46,528"
        Margin of Error,"±21,076"
    Married-couple families,
        Estimate,"42,440"
        Margin of Error,"±16,652"
    Nonfamily households,
        Estimate,"58,447"
        Margin of Error,"±16,687"
"Census Tract 5766.01, Los Angeles County, California",
    Households,
        Estimate,"55,768"
        Margin of Error,"±16,117"
    Families,
        Estimate,"93,486"
        Margin of Error,"±19,824"
    Married-couple families,
        Estimate,"94,183"
        Margin of Error,"±20,189"
    Nonfamily households,
        Estimate,"51,057"
        Margin of Error,"±3,800"
"Census Tract 5766.02, Los Angeles County, California",
    Households,
        Estimate,"62,409"
        Margin of Error,"±13,253"
    Families,
        Estimate,"88,586"
        Margin of Error,"±21,474"
    Married-couple families,
        Estimate,"101,250"
        Margin of Error,"±46,122"
    Nonfamily households,
        Estimate,"54,381"
        Margin of Error,"±13,880"
"Census Tract 5767, Los Angeles County, California",
    Households,
        Estimate,"73,041"
        Margin of Error,"±14,519"
    Families,
        Estimate,"90,568"
        Margin of Error,"±29,316"
    Married-couple families,
        Estimate,"120,263"
        Margin of Error,"±33,878"
    Nonfamily households,
        Estimate,"61,250"
        Margin of Error,"±14,409"
"Census Tract 5768.01, Los Angeles County, California",
    Households,
        Estimate,"49,982"
        Margin of Error,"±10,725"
    Families,
        Estimate,"54,602"
        Margin of Error,"±32,629"
    Married-couple families,
        Estimate,"57,212"
        Margin of Error,"±42,118"
    Nonfamily households,
        Estimate,"48,801"
        Margin of Error,"±14,111"
"Census Tract 5768.02, Los Angeles County, California",
    Households,
        Estimate,"62,240"
        Margin of Error,"±6,514"
    Families,
        Estimate,"63,472"
        Margin of Error,"±13,309"
    Married-couple families,
        Estimate,"82,778"
        Margin of Error,"±24,303"
    Nonfamily households,
        Estimate,"61,866"
        Margin of Error,"±5,683"
"Census Tract 5769.01, Los Angeles County, California",
    Households,
        Estimate,"31,406"
        Margin of Error,"±2,505"
    Families,
        Estimate,"31,905"
        Margin of Error,"±4,427"
    Married-couple families,
        Estimate,"47,656"
        Margin of Error,"±21,209"
    Nonfamily households,
        Estimate,"24,338"
        Margin of Error,"±10,816"
"Census Tract 5769.03, Los Angeles County, California",
    Households,
        Estimate,"41,378"
        Margin of Error,"±7,503"
    Families,
        Estimate,"42,244"
        Margin of Error,"±13,697"
    Married-couple families,
        Estimate,"50,724"
        Margin of Error,"±9,495"
    Nonfamily households,
        Estimate,"33,009"
        Margin of Error,"±9,474"
"Census Tract 5769.04, Los Angeles County, California",
    Households,
        Estimate,"52,373"
        Margin of Error,"±13,521"
    Families,
        Estimate,"62,826"
        Margin of Error,"±13,160"
    Married-couple families,
        Estimate,"79,643"
        Margin of Error,"±35,490"
    Nonfamily households,
        Estimate,"48,750"
        Margin of Error,"±8,576"
"Census Tract 5770, Los Angeles County, California",
    Households,
        Estimate,"70,887"
        Margin of Error,"±9,589"
    Families,
        Estimate,"72,679"
        Margin of Error,"±15,527"
    Married-couple families,
        Estimate,"98,641"
        Margin of Error,"±21,854"
    Nonfamily households,
        Estimate,"64,569"
        Margin of Error,"±17,125"
"Census Tract 5771, Los Angeles County, California",
    Households,
        Estimate,"79,235"
        Margin of Error,"±9,700"
    Families,
        Estimate,"106,782"
        Margin of Error,"±19,791"
    Married-couple families,
        Estimate,"118,792"
        Margin of Error,"±21,035"
    Nonfamily households,
        Estimate,"67,483"
        Margin of Error,"±14,244"
"Census Tract 5772, Los Angeles County, California",
    Households,
        Estimate,"87,708"
        Margin of Error,"±14,263"
    Families,
        Estimate,"118,000"
        Margin of Error,"±33,732"
    Married-couple families,
        Estimate,"134,875"
        Margin of Error,"±37,287"
    Nonfamily households,
        Estimate,"77,396"
        Margin of Error,"±13,345"
"Census Tract 5773, Los Angeles County, California",
    Households,
        Estimate,"86,035"
        Margin of Error,"±9,907"
    Families,
        Estimate,"137,930"
        Margin of Error,"±24,402"
    Married-couple families,
        Estimate,"140,000"
        Margin of Error,"±20,639"
    Nonfamily households,
        Estimate,"63,028"
        Margin of Error,"±8,164"
"Census Tract 5774, Los Angeles County, California",
    Households,
        Estimate,"81,250"
        Margin of Error,"±18,433"
    Families,
        Estimate,"103,750"
        Margin of Error,"±26,523"
    Married-couple families,
        Estimate,"126,346"
        Margin of Error,"±33,598"
    Nonfamily households,
        Estimate,"60,694"
        Margin of Error,"±30,628"
"Census Tract 5775.01, Los Angeles County, California",
    Households,
        Estimate,"125,125"
        Margin of Error,"±26,945"
    Families,
        Estimate,"145,833"
        Margin of Error,"±26,369"
    Married-couple families,
        Estimate,"168,750"
        Margin of Error,"±27,750"
    Nonfamily households,
        Estimate,"76,136"
        Margin of Error,"±26,922"
"Census Tract 5775.04, Los Angeles County, California",
    Households,
        Estimate,"95,929"
        Margin of Error,"±16,541"
    Families,
        Estimate,"155,865"
        Margin of Error,"±26,644"
    Married-couple families,
        Estimate,"156,346"
        Margin of Error,"±36,738"
    Nonfamily households,
        Estimate,"69,702"
        Margin of Error,"±10,930"
"Census Tract 5776.02, Los Angeles County, California",
    Households,
        Estimate,"90,583"
        Margin of Error,"±12,925"
    Families,
        Estimate,"124,375"
        Margin of Error,"±14,534"
    Married-couple families,
        Estimate,"126,985"
        Margin of Error,"±19,576"
    Nonfamily households,
        Estimate,"55,577"
        Margin of Error,"±9,987"
"Census Tract 5776.03, Los Angeles County, California",
    Households,
        Estimate,"106,337"
        Margin of Error,"±8,127"
    Families,
        Estimate,"145,682"
        Margin of Error,"±18,574"
    Married-couple families,
        Estimate,"163,182"
        Margin of Error,"±35,743"
    Nonfamily households,
        Estimate,"75,417"
        Margin of Error,"±19,609"
"Census Tract 5776.04, Los Angeles County, California",
    Households,
        Estimate,"99,000"
        Margin of Error,"±20,063"
    Families,
        Estimate,"141,250"
        Margin of Error,"±26,862"
    Married-couple families,
        Estimate,"143,750"
        Margin of Error,"±36,543"
    Nonfamily households,
        Estimate,"82,135"
        Margin of Error,"±7,100"
"Census Tract 5990, Los Angeles County, California",
    Households,
        Estimate,"74,028"
        Margin of Error,"±13,912"
    Families,
        Estimate,"80,083"
        Margin of Error,"±17,372"
    Married-couple families,
        Estimate,"110,152"
        Margin of Error,"±22,158"
    Nonfamily households,
        Estimate,"31,844"
        Margin of Error,"±22,076"
"Census Tract 5991, Los Angeles County, California",
    Households,
        Estimate,-
        Margin of Error,**
    Families,
        Estimate,"127,813"
        Margin of Error,"±113,672"
    Married-couple families,
        Estimate,"128,203"
        Margin of Error,"±116,594"
    Nonfamily households,
        Estimate,-
        Margin of Error,**
"Census Tract 6001, Los Angeles County, California",
    Households,
        Estimate,"35,000"
        Margin of Error,"±6,359"
    Families,
        Estimate,"42,991"
        Margin of Error,"±6,664"
    Married-couple families,
        Estimate,"45,583"
        Margin of Error,"±14,091"
    Nonfamily households,
        Estimate,"18,787"
        Margin of Error,"±4,314"
"Census Tract 6002.01, Los Angeles County, California",
    Households,
        Estimate,"35,081"
        Margin of Error,"±7,275"
    Families,
        Estimate,"35,872"
        Margin of Error,"±6,478"
    Married-couple families,
        Estimate,"72,614"
        Margin of Error,"±38,186"
    Nonfamily households,
        Estimate,-
        Margin of Error,**
"Census Tract 6002.02, Los Angeles County, California",
    Households,
        Estimate,"34,819"
        Margin of Error,"±7,367"
    Families,
        Estimate,"35,583"
        Margin of Error,"±8,219"
    Married-couple families,
        Estimate,"45,898"
        Margin of Error,"±12,057"
    Nonfamily households,
        Estimate,"14,424"
        Margin of Error,"±6,479"
"Census Tract 6003.02, Los Angeles County, California",
    Households,
        Estimate,"57,188"
        Margin of Error,"±14,721"
    Families,
        Estimate,"64,291"
        Margin of Error,"±30,351"
    Married-couple families,
        Estimate,"94,917"
        Margin of Error,"±36,683"
    Nonfamily households,
        Estimate,"23,750"
        Margin of Error,"±6,304"
"Census Tract 6003.03, Los Angeles County, California",
    Households,
        Estimate,"21,429"
        Margin of Error,"±14,177"
    Families,
        Estimate,"36,806"
        Margin of Error,"±19,319"
    Married-couple families,
        Estimate,"47,396"
        Margin of Error,"±9,079"
    Nonfamily households,
        Estimate,"14,857"
        Margin of Error,"±2,918"
"Census Tract 6003.04, Los Angeles County, California",
    Households,
        Estimate,"33,262"
        Margin of Error,"±3,108"
    Families,
        Estimate,"34,821"
        Margin of Error,"±5,252"
    Married-couple families,
        Estimate,"60,170"
        Margin of Error,"±14,445"
    Nonfamily households,
        Estimate,"14,107"
        Margin of Error,"±4,757"
"Census Tract 6004, Los Angeles County, California",
    Households,
        Estimate,"64,625"
        Margin of Error,"±11,175"
    Families,
        Estimate,"95,143"
        Margin of Error,"±25,373"
    Married-couple families,
        Estimate,"103,500"
        Margin of Error,"±15,013"
    Nonfamily households,
        Estimate,"14,801"
        Margin of Error,"±7,354"
"Census Tract 6005.01, Los Angeles County, California",
    Households,
        Estimate,"66,908"
        Margin of Error,"±6,682"
    Families,
        Estimate,"77,434"
        Margin of Error,"±12,675"
    Married-couple families,
        Estimate,"100,625"
        Margin of Error,"±29,401"
    Nonfamily households,
        Estimate,"41,250"
        Margin of Error,"±14,074"
"Census Tract 6005.02, Los Angeles County, California",
    Households,
        Estimate,"66,542"
        Margin of Error,"±11,103"
    Families,
        Estimate,"70,577"
        Margin of Error,"±14,308"
    Married-couple families,
        Estimate,"71,827"
        Margin of Error,"±35,631"
    Nonfamily households,
        Estimate,"61,458"
        Margin of Error,"±27,754"
"Census Tract 6006.01, Los Angeles County, California",
    Households,
        Estimate,"80,708"
        Margin of Error,"±7,314"
    Families,
        Estimate,"85,795"
        Margin of Error,"±8,216"
    Married-couple families,
        Estimate,"102,813"
        Margin of Error,"±15,154"
    Nonfamily households,
        Estimate,"37,273"
        Margin of Error,"±11,341"
"Census Tract 6006.02, Los Angeles County, California",
    Households,
        Estimate,"42,143"
        Margin of Error,"±7,510"
    Families,
        Estimate,"50,481"
        Margin of Error,"±8,371"
    Married-couple families,
        Estimate,"49,423"
        Margin of Error,"±14,595"
    Nonfamily households,
        Estimate,"17,054"
        Margin of Error,"±6,419"
"Census Tract 6007.02, Los Angeles County, California",
    Households,
        Estimate,"98,571"
        Margin of Error,"±22,404"
    Families,
        Estimate,"94,762"
        Margin of Error,"±26,335"
    Married-couple families,
        Estimate,"131,354"
        Margin of Error,"±22,666"
    Nonfamily households,
        Estimate,"72,794"
        Margin of Error,"±6,877"
"Census Tract 6007.03, Los Angeles County, California",
    Households,
        Estimate,"72,500"
        Margin of Error,"±8,840"
    Families,
        Estimate,"93,750"
        Margin of Error,"±22,412"
    Married-couple families,
        Estimate,"140,500"
        Margin of Error,"±36,578"
    Nonfamily households,
        Estimate,"60,476"
        Margin of Error,"±9,174"
"Census Tract 6007.04, Los Angeles County, California",
    Households,
        Estimate,"70,054"
        Margin of Error,"±18,555"
    Families,
        Estimate,"92,936"
        Margin of Error,"±15,632"
    Married-couple families,
        Estimate,"101,739"
        Margin of Error,"±4,072"
    Nonfamily households,
        Estimate,"43,929"
        Margin of Error,"±29,619"
"Census Tract 6008.01, Los Angeles County, California",
    Households,
        Estimate,"93,125"
        Margin of Error,"±23,999"
    Families,
        Estimate,"107,258"
        Margin of Error,"±15,947"
    Married-couple families,
        Estimate,"132,740"
        Margin of Error,"±18,160"
    Nonfamily households,
        Estimate,"39,188"
        Margin of Error,"±19,889"
"Census Tract 6008.02, Los Angeles County, California",
    Households,
        Estimate,"69,519"
        Margin of Error,"±16,565"
    Families,
        Estimate,"87,634"
        Margin of Error,"±20,679"
    Married-couple families,
        Estimate,"102,898"
        Margin of Error,"±35,768"
    Nonfamily households,
        Estimate,"47,955"
        Margin of Error,"±20,695"
"Census Tract 6009.02, Los Angeles County, California",
    Households,
        Estimate,"41,477"
        Margin of Error,"±10,073"
    Families,
        Estimate,"43,295"
        Margin of Error,"±10,735"
    Married-couple families,
        Estimate,"39,609"
        Margin of Error,"±25,738"
    Nonfamily households,
        Estimate,"38,943"
        Margin of Error,"±5,136"
"Census Tract 6009.11, Los Angeles County, California",
    Households,
        Estimate,"59,688"
        Margin of Error,"±10,143"
    Families,
        Estimate,"76,250"
        Margin of Error,"±24,444"
    Married-couple families,
        Estimate,"94,625"
        Margin of Error,"±30,142"
    Nonfamily households,
        Estimate,"31,685"
        Margin of Error,"±7,063"
"Census Tract 6009.12, Los Angeles County, California",
    Households,
        Estimate,"55,568"
        Margin of Error,"±5,359"
    Families,
        Estimate,"57,292"
        Margin of Error,"±10,266"
    Married-couple families,
        Estimate,"85,655"
        Margin of Error,"±23,375"
    Nonfamily households,
        Estimate,"30,489"
        Margin of Error,"±11,133"
"Census Tract 6010.01, Los Angeles County, California",
    Households,
        Estimate,"32,143"
        Margin of Error,"±11,581"
    Families,
        Estimate,"94,556"
        Margin of Error,"±39,494"
    Married-couple families,
        Estimate,"94,355"
        Margin of Error,"±33,370"
    Nonfamily households,
        Estimate,"16,769"
        Margin of Error,"±8,962"
"Census Tract 6010.02, Los Angeles County, California",
    Households,
        Estimate,"53,008"
        Margin of Error,"±8,444"
    Families,
        Estimate,"57,661"
        Margin of Error,"±11,505"
    Married-couple families,
        Estimate,"63,839"
        Margin of Error,"±30,525"
    Nonfamily households,
        Estimate,"48,125"
        Margin of Error,"±16,513"
"Census Tract 6011, Los Angeles County, California",
    Households,
        Estimate,"34,849"
        Margin of Error,"±7,849"
    Families,
        Estimate,"42,652"
        Margin of Error,"±15,232"
    Married-couple families,
        Estimate,"53,819"
        Margin of Error,"±17,296"
    Nonfamily households,
        Estimate,"22,179"
        Margin of Error,"±7,420"
"Census Tract 6012.02, Los Angeles County, California",
    Households,
        Estimate,"67,083"
        Margin of Error,"±10,086"
    Families,
        Estimate,"69,866"
        Margin of Error,"±11,699"
    Married-couple families,
        Estimate,"74,779"
        Margin of Error,"±16,099"
    Nonfamily households,
        Estimate,-
        Margin of Error,**
"Census Tract 6012.11, Los Angeles County, California",
    Households,
        Estimate,"44,934"
        Margin of Error,"±6,335"
    Families,
        Estimate,"49,276"
        Margin of Error,"±7,529"
    Married-couple families,
        Estimate,"67,500"
        Margin of Error,"±19,977"
    Nonfamily households,
        Estimate,"34,271"
        Margin of Error,"±18,512"
"Census Tract 6012.12, Los Angeles County, California",
    Households,
        Estimate,"44,932"
        Margin of Error,"±11,856"
    Families,
        Estimate,"44,583"
        Margin of Error,"±6,238"
    Married-couple families,
        Estimate,"55,781"
        Margin of Error,"±17,060"
    Nonfamily households,
        Estimate,"26,782"
        Margin of Error,"±13,332"
"Census Tract 6013.01, Los Angeles County, California",
    Households,
        Estimate,"72,679"
        Margin of Error,"±14,931"
    Families,
        Estimate,"86,818"
        Margin of Error,"±16,671"
    Married-couple families,
        Estimate,"126,500"
        Margin of Error,"±36,697"
    Nonfamily households,
        Estimate,"43,977"
        Margin of Error,"±8,609"
"Census Tract 6013.02, Los Angeles County, California",
    Households,
        Estimate,"51,857"
        Margin of Error,"±15,619"
    Families,
        Estimate,"51,862"
        Margin of Error,"±17,847"
    Married-couple families,
        Estimate,"61,510"
        Margin of Error,"±36,272"
    Nonfamily households,
        Estimate,"51,854"
        Margin of Error,"±24,081"
"Census Tract 6013.03, Los Angeles County, California",
    Households,
        Estimate,"50,077"
        Margin of Error,"±10,807"
    Families,
        Estimate,"55,303"
        Margin of Error,"±14,057"
    Married-couple families,
        Estimate,"72,014"
        Margin of Error,"±38,061"
    Nonfamily households,
        Estimate,"37,061"
        Margin of Error,"±10,164"
"Census Tract 6014.01, Los Angeles County, California",
    Households,
        Estimate,"50,094"
        Margin of Error,"±6,209"
    Families,
        Estimate,"50,647"
        Margin of Error,"±12,681"
    Married-couple families,
        Estimate,"59,779"
        Margin of Error,"±19,924"
    Nonfamily households,
        Estimate,"48,074"
        Margin of Error,"±16,022"
"Census Tract 6014.02, Los Angeles County, California",
    Households,
        Estimate,"62,316"
        Margin of Error,"±5,944"
    Families,
        Estimate,"65,833"
        Margin of Error,"±26,657"
    Married-couple families,
        Estimate,"79,291"
        Margin of Error,"±33,699"
    Nonfamily households,
        Estimate,"43,813"
        Margin of Error,"±20,402"
"Census Tract 6015.01, Los Angeles County, California",
    Households,
        Estimate,"42,794"
        Margin of Error,"±8,546"
    Families,
        Estimate,"42,831"
        Margin of Error,"±13,251"
    Married-couple families,
        Estimate,"50,616"
        Margin of Error,"±5,288"
    Nonfamily households,
        Estimate,"24,821"
        Margin of Error,"±12,301"
"Census Tract 6015.02, Los Angeles County, California",
    Households,
        Estimate,"59,239"
        Margin of Error,"±14,017"
    Families,
        Estimate,"54,196"
        Margin of Error,"±12,550"
    Married-couple families,
        Estimate,"61,369"
        Margin of Error,"±7,994"
    Nonfamily households,
        Estimate,"21,743"
        Margin of Error,"±10,922"
"Census Tract 6016, Los Angeles County, California",
    Households,
        Estimate,"54,607"
        Margin of Error,"±11,900"
    Families,
        Estimate,"52,750"
        Margin of Error,"±11,522"
    Married-couple families,
        Estimate,"60,125"
        Margin of Error,"±21,827"
    Nonfamily households,
        Estimate,"29,625"
        Margin of Error,"±27,092"
"Census Tract 6017, Los Angeles County, California",
    Households,
        Estimate,"39,013"
        Margin of Error,"±10,538"
    Families,
        Estimate,"42,596"
        Margin of Error,"±10,080"
    Married-couple families,
        Estimate,"56,406"
        Margin of Error,"±19,065"
    Nonfamily households,
        Estimate,"23,864"
        Margin of Error,"±12,878"
"Census Tract 6018.01, Los Angeles County, California",
    Households,
        Estimate,"40,870"
        Margin of Error,"±6,730"
    Families,
        Estimate,"47,083"
        Margin of Error,"±20,674"
    Married-couple families,
        Estimate,"58,229"
        Margin of Error,"±24,818"
    Nonfamily households,
        Estimate,"26,196"
        Margin of Error,"±5,928"
"Census Tract 6018.02, Los Angeles County, California",
    Households,
        Estimate,"63,692"
        Margin of Error,"±5,131"
    Families,
        Estimate,"64,067"
        Margin of Error,"±6,833"
    Married-couple families,
        Estimate,"67,024"
        Margin of Error,"±10,786"
    Nonfamily households,
        Estimate,-
        Margin of Error,**
"Census Tract 6019, Los Angeles County, California",
    Households,
        Estimate,"50,933"
        Margin of Error,"±7,937"
    Families,
        Estimate,"50,313"
        Margin of Error,"±6,023"
    Married-couple families,
        Estimate,"58,462"
        Margin of Error,"±21,639"
    Nonfamily households,
        Estimate,"32,679"
        Margin of Error,"±27,571"
"Census Tract 6020.02, Los Angeles County, California",
    Households,
        Estimate,"45,846"
        Margin of Error,"±8,577"
    Families,
        Estimate,"53,000"
        Margin of Error,"±10,132"
    Married-couple families,
        Estimate,"57,750"
        Margin of Error,"±11,063"
    Nonfamily households,
        Estimate,"26,563"
        Margin of Error,"±11,578"
"Census Tract 6020.03, Los Angeles County, California",
    Households,
        Estimate,"45,948"
        Margin of Error,"±13,060"
    Families,
        Estimate,"55,281"
        Margin of Error,"±10,252"
    Married-couple families,
        Estimate,"56,829"
        Margin of Error,"±13,282"
    Nonfamily households,
        Estimate,"29,375"
        Margin of Error,"±8,839"
"Census Tract 6020.04, Los Angeles County, California",
    Households,
        Estimate,"51,875"
        Margin of Error,"±11,706"
    Families,
        Estimate,"54,844"
        Margin of Error,"±15,518"
    Married-couple families,
        Estimate,"52,277"
        Margin of Error,"±18,977"
    Nonfamily households,
        Estimate,"30,855"
        Margin of Error,"±11,308"
"Census Tract 6021.03, Los Angeles County, California",
    Households,
        Estimate,"34,645"
        Margin of Error,"±6,244"
    Families,
        Estimate,"41,495"
        Margin of Error,"±16,100"
    Married-couple families,
        Estimate,"37,025"
        Margin of Error,"±21,228"
    Nonfamily households,
        Estimate,"22,631"
        Margin of Error,"±8,408"
"Census Tract 6021.04, Los Angeles County, California",
    Households,
        Estimate,"51,750"
        Margin of Error,"±6,995"
    Families,
        Estimate,"59,327"
        Margin of Error,"±7,889"
    Married-couple families,
        Estimate,"72,353"
        Margin of Error,"±11,310"
    Nonfamily households,
        Estimate,"22,898"
        Margin of Error,"±9,938"
"Census Tract 6021.05, Los Angeles County, California",
    Households,
        Estimate,"57,391"
        Margin of Error,"±8,089"
    Families,
        Estimate,"58,719"
        Margin of Error,"±6,322"
    Married-couple families,
        Estimate,"66,204"
        Margin of Error,"±13,178"
    Nonfamily households,
        Estimate,"43,304"
        Margin of Error,"±6,610"
"Census Tract 6021.06, Los Angeles County, California",
    Households,
        Estimate,"46,581"
        Margin of Error,"±7,055"
    Families,
        Estimate,"50,573"
        Margin of Error,"±12,471"
    Married-couple families,
        Estimate,"60,682"
        Margin of Error,"±25,291"
    Nonfamily households,
        Estimate,-
        Margin of Error,**
"Census Tract 6022, Los Angeles County, California",
    Households,
        Estimate,"80,077"
        Margin of Error,"±15,139"
    Families,
        Estimate,"90,259"
        Margin of Error,"±15,699"
    Married-couple families,
        Estimate,"78,427"
        Margin of Error,"±38,181"
    Nonfamily households,
        Estimate,"64,181"
        Margin of Error,"±20,879"
"Census Tract 6023.01, Los Angeles County, California",
    Households,
        Estimate,"100,333"
        Margin of Error,"±19,555"
    Families,
        Estimate,"108,750"
        Margin of Error,"±14,581"
    Married-couple families,
        Estimate,"114,135"
        Margin of Error,"±15,915"
    Nonfamily households,
        Estimate,"56,141"
        Margin of Error,"±17,285"
"Census Tract 6023.02, Los Angeles County, California",
    Households,
        Estimate,"131,824"
        Margin of Error,"±13,431"
    Families,
        Estimate,"141,042"
        Margin of Error,"±19,941"
    Married-couple families,
        Estimate,"142,969"
        Margin of Error,"±23,603"
    Nonfamily households,
        Estimate,"105,833"
        Margin of Error,"±27,479"
"Census Tract 6024.02, Los Angeles County, California",
    Households,
        Estimate,"72,939"
        Margin of Error,"±12,779"
    Families,
        Estimate,"82,500"
        Margin of Error,"±17,776"
    Married-couple families,
        Estimate,"91,972"
        Margin of Error,"±13,504"
    Nonfamily households,
        Estimate,"64,267"
        Margin of Error,"±20,453"
"Census Tract 6024.03, Los Angeles County, California",
    Households,
        Estimate,"55,833"
        Margin of Error,"±7,435"
    Families,
        Estimate,"54,500"
        Margin of Error,"±6,726"
    Married-couple families,
        Estimate,"61,397"
        Margin of Error,"±19,847"
    Nonfamily households,
        Estimate,"36,364"
        Margin of Error,"±20,924"
"Census Tract 6024.04, Los Angeles County, California",
    Households,
        Estimate,"47,541"
        Margin of Error,"±7,076"
    Families,
        Estimate,"47,411"
        Margin of Error,"±15,677"
    Married-couple families,
        Estimate,"67,285"
        Margin of Error,"±15,875"
    Nonfamily households,
        Estimate,"41,587"
        Margin of Error,"±9,082"
"Census Tract 6025.04, Los Angeles County, California",
    Households,
        Estimate,"45,421"
        Margin of Error,"±4,312"
    Families,
        Estimate,"58,984"
        Margin of Error,"±17,102"
    Married-couple families,
        Estimate,"63,801"
        Margin of Error,"±20,565"
    Nonfamily households,
        Estimate,"30,569"
        Margin of Error,"±4,881"
"Census Tract 6025.05, Los Angeles County, California",
    Households,
        Estimate,"37,237"
        Margin of Error,"±8,911"
    Families,
        Estimate,"33,507"
        Margin of Error,"±7,298"
    Married-couple families,
        Estimate,"48,365"
        Margin of Error,"±43,695"
    Nonfamily households,
        Estimate,"32,411"
        Margin of Error,"±15,838"
"Census Tract 6025.06, Los Angeles County, California",
    Households,
        Estimate,"39,016"
        Margin of Error,"±4,489"
    Families,
        Estimate,"45,658"
        Margin of Error,"±8,670"
    Married-couple families,
        Estimate,"55,357"
        Margin of Error,"±12,380"
    Nonfamily households,
        Estimate,"30,568"
        Margin of Error,"±18,852"
"Census Tract 6025.07, Los Angeles County, California",
    Households,
        Estimate,"52,969"
        Margin of Error,"±3,644"
    Families,
        Estimate,"51,743"
        Margin of Error,"±6,968"
    Married-couple families,
        Estimate,"67,639"
        Margin of Error,"±25,136"
    Nonfamily households,
        Estimate,"48,182"
        Margin of Error,"±21,172"
"Census Tract 6025.08, Los Angeles County, California",
    Households,
        Estimate,"50,112"
        Margin of Error,"±7,757"
    Families,
        Estimate,"61,345"
        Margin of Error,"±13,702"
    Married-couple families,
        Estimate,"90,421"
        Margin of Error,"±12,347"
    Nonfamily households,
        Estimate,"35,766"
        Margin of Error,"±6,257"
"Census Tract 6025.09, Los Angeles County, California",
    Households,
        Estimate,"68,750"
        Margin of Error,"±10,380"
    Families,
        Estimate,"71,094"
        Margin of Error,"±5,769"
    Married-couple families,
        Estimate,"69,143"
        Margin of Error,"±9,023"
    Nonfamily households,
        Estimate,"42,703"
        Margin of Error,"±11,596"
"Census Tract 6026, Los Angeles County, California",
    Households,
        Estimate,"55,882"
        Margin of Error,"±8,522"
    Families,
        Estimate,"80,938"
        Margin of Error,"±14,457"
    Married-couple families,
        Estimate,"87,063"
        Margin of Error,"±27,630"
    Nonfamily households,
        Estimate,"35,183"
        Margin of Error,"±6,109"
"Census Tract 6027, Los Angeles County, California",
    Households,
        Estimate,"97,288"
        Margin of Error,"±16,017"
    Families,
        Estimate,"103,679"
        Margin of Error,"±20,163"
    Married-couple families,
        Estimate,"131,528"
        Margin of Error,"±25,172"
    Nonfamily households,
        Estimate,"62,837"
        Margin of Error,"±26,839"
"Census Tract 6028.01, Los Angeles County, California",
    Households,
        Estimate,"38,438"
        Margin of Error,"±7,574"
    Families,
        Estimate,"45,417"
        Margin of Error,"±11,282"
    Married-couple families,
        Estimate,"62,813"
        Margin of Error,"±24,698"
    Nonfamily households,
        Estimate,"20,484"
        Margin of Error,"±10,555"
"Census Tract 6028.02, Los Angeles County, California",
    Households,
        Estimate,"68,097"
        Margin of Error,"±9,284"
    Families,
        Estimate,"76,484"
        Margin of Error,"±19,704"
    Married-couple families,
        Estimate,"88,793"
        Margin of Error,"±14,808"
    Nonfamily households,
        Estimate,"49,821"
        Margin of Error,"±20,727"
"Census Tract 6029, Los Angeles County, California",
    Households,
        Estimate,"47,353"
        Margin of Error,"±11,578"
    Families,
        Estimate,"51,105"
        Margin of Error,"±10,892"
    Married-couple families,
        Estimate,"61,382"
        Margin of Error,"±36,033"
    Nonfamily households,
        Estimate,"25,111"
        Margin of Error,"±12,776"
"Census Tract 6030.01, Los Angeles County, California",
    Households,
        Estimate,"52,656"
        Margin of Error,"±19,838"
    Families,
        Estimate,"68,021"
        Margin of Error,"±18,077"
    Married-couple families,
        Estimate,"76,074"
        Margin of Error,"±14,587"
    Nonfamily households,
        Estimate,"27,917"
        Margin of Error,"±22,035"
"Census Tract 6030.04, Los Angeles County, California",
    Households,
        Estimate,"53,889"
        Margin of Error,"±8,769"
    Families,
        Estimate,"54,931"
        Margin of Error,"±14,478"
    Married-couple families,
        Estimate,"64,625"
        Margin of Error,"±32,599"
    Nonfamily households,
        Estimate,"41,979"
        Margin of Error,"±13,249"
"Census Tract 6030.05, Los Angeles County, California",
    Households,
        Estimate,"50,656"
        Margin of Error,"±6,876"
    Families,
        Estimate,"52,264"
        Margin of Error,"±13,930"
    Married-couple families,
        Estimate,"74,352"
        Margin of Error,"±11,961"
    Nonfamily households,
        Estimate,"34,299"
        Margin of Error,"±7,114"
"Census Tract 6030.06, Los Angeles County, California",
    Households,
        Estimate,"58,750"
        Margin of Error,"±15,432"
    Families,
        Estimate,"66,442"
        Margin of Error,"±25,045"
    Married-couple families,
        Estimate,"78,750"
        Margin of Error,"±26,647"
    Nonfamily households,
        Estimate,"45,365"
        Margin of Error,"±20,737"
"Census Tract 6031.01, Los Angeles County, California",
    Households,
        Estimate,"57,188"
        Margin of Error,"±7,172"
    Families,
        Estimate,"63,684"
        Margin of Error,"±14,747"
    Married-couple families,
        Estimate,"76,875"
        Margin of Error,"±39,772"
    Nonfamily households,
        Estimate,"41,989"
        Margin of Error,"±9,639"
"Census Tract 6031.02, Los Angeles County, California",
    Households,
        Estimate,"58,958"
        Margin of Error,"±16,723"
    Families,
        Estimate,"72,083"
        Margin of Error,"±15,733"
    Married-couple families,
        Estimate,"74,258"
        Margin of Error,"±16,300"
    Nonfamily households,
        Estimate,"38,611"
        Margin of Error,"±15,084"
"Census Tract 6032, Los Angeles County, California",
    Households,
        Estimate,"83,899"
        Margin of Error,"±9,336"
    Families,
        Estimate,"100,688"
        Margin of Error,"±13,337"
    Married-couple families,
        Estimate,"102,125"
        Margin of Error,"±4,645"
    Nonfamily households,
        Estimate,"41,940"
        Margin of Error,"±16,828"
"Census Tract 6033.01, Los Angeles County, California",
    Households,
        Estimate,"53,226"
        Margin of Error,"±12,199"
    Families,
        Estimate,"56,838"
        Margin of Error,"±14,509"
    Married-couple families,
        Estimate,"64,469"
        Margin of Error,"±11,004"
    Nonfamily households,
        Estimate,"43,413"
        Margin of Error,"±18,456"
"Census Tract 6033.02, Los Angeles County, California",
    Households,
        Estimate,"52,722"
        Margin of Error,"±10,422"
    Families,
        Estimate,"68,750"
        Margin of Error,"±16,069"
    Married-couple families,
        Estimate,"66,850"
        Margin of Error,"±26,380"
    Nonfamily households,
        Estimate,"31,625"
        Margin of Error,"±17,592"
"Census Tract 6034, Los Angeles County, California",
    Households,
        Estimate,"63,427"
        Margin of Error,"±8,105"
    Families,
        Estimate,"68,188"
        Margin of Error,"±18,261"
    Married-couple families,
        Estimate,"87,813"
        Margin of Error,"±15,522"
    Nonfamily households,
        Estimate,"46,094"
        Margin of Error,"±23,309"
"Census Tract 6035, Los Angeles County, California",
    Households,
        Estimate,"81,797"
        Margin of Error,"±17,574"
    Families,
        Estimate,"91,078"
        Margin of Error,"±12,203"
    Married-couple families,
        Estimate,"91,607"
        Margin of Error,"±16,174"
    Nonfamily households,
        Estimate,"61,149"
        Margin of Error,"±3,094"
"Census Tract 6036, Los Angeles County, California",
    Households,
        Estimate,"76,447"
        Margin of Error,"±12,707"
    Families,
        Estimate,"88,304"
        Margin of Error,"±22,199"
    Married-couple families,
        Estimate,"96,059"
        Margin of Error,"±11,835"
    Nonfamily households,
        Estimate,"60,156"
        Margin of Error,"±20,183"
"Census Tract 6037.02, Los Angeles County, California",
    Households,
        Estimate,"81,304"
        Margin of Error,"±21,589"
    Families,
        Estimate,"96,838"
        Margin of Error,"±16,829"
    Married-couple families,
        Estimate,"110,313"
        Margin of Error,"±22,701"
    Nonfamily households,
        Estimate,"60,545"
        Margin of Error,"±5,631"
"Census Tract 6037.03, Los Angeles County, California",
    Households,
        Estimate,"93,750"
        Margin of Error,"±15,993"
    Families,
        Estimate,"106,324"
        Margin of Error,"±11,457"
    Married-couple families,
        Estimate,"106,103"
        Margin of Error,"±13,177"
    Nonfamily households,
        Estimate,"45,000"
        Margin of Error,"±30,067"
"Census Tract 6037.04, Los Angeles County, California",
    Households,
        Estimate,"52,590"
        Margin of Error,"±5,539"
    Families,
        Estimate,"56,744"
        Margin of Error,"±8,689"
    Married-couple families,
        Estimate,"56,250"
        Margin of Error,"±14,955"
    Nonfamily households,
        Estimate,"39,041"
        Margin of Error,"±12,158"
"Census Tract 6038.01, Los Angeles County, California",
    Households,
        Estimate,"59,085"
        Margin of Error,"±6,471"
    Families,
        Estimate,"63,665"
        Margin of Error,"±11,275"
    Married-couple families,
        Estimate,"80,223"
        Margin of Error,"±20,920"
    Nonfamily households,
        Estimate,"50,273"
        Margin of Error,"±16,062"
"Census Tract 6038.02, Los Angeles County, California",
    Households,
        Estimate,"58,716"
        Margin of Error,"±14,850"
    Families,
        Estimate,"64,141"
        Margin of Error,"±12,211"
    Married-couple families,
        Estimate,"71,042"
        Margin of Error,"±20,659"
    Nonfamily households,
        Estimate,"37,458"
        Margin of Error,"±13,452"
"Census Tract 6039, Los Angeles County, California",
    Households,
        Estimate,"51,110"
        Margin of Error,"±8,381"
    Families,
        Estimate,"52,083"
        Margin of Error,"±21,282"
    Married-couple families,
        Estimate,"81,295"
        Margin of Error,"±13,308"
    Nonfamily households,
        Estimate,"41,781"
        Margin of Error,"±12,105"
"Census Tract 6040.01, Los Angeles County, California",
    Households,
        Estimate,"67,407"
        Margin of Error,"±8,554"
    Families,
        Estimate,"62,458"
        Margin of Error,"±9,596"
    Married-couple families,
        Estimate,"81,667"
        Margin of Error,"±27,813"
    Nonfamily households,
        Estimate,"69,464"
        Margin of Error,"±19,491"
"Census Tract 6040.02, Los Angeles County, California",
    Households,
        Estimate,"61,607"
        Margin of Error,"±7,872"
    Families,
        Estimate,"71,196"
        Margin of Error,"±7,116"
    Married-couple families,
        Estimate,"71,386"
        Margin of Error,"±6,065"
    Nonfamily households,
        Estimate,"31,974"
        Margin of Error,"±8,516"
"Census Tract 6041, Los Angeles County, California",
    Households,
        Estimate,"68,740"
        Margin of Error,"±4,861"
    Families,
        Estimate,"64,817"
        Margin of Error,"±6,186"
    Married-couple families,
        Estimate,"68,611"
        Margin of Error,"±11,898"
    Nonfamily households,
        Estimate,"68,508"
        Margin of Error,"±29,605"
"Census Tract 6099, Los Angeles County, California",
    Households,
        Estimate,"71,071"
        Margin of Error,"±14,233"
    Families,
        Estimate,"65,987"
        Margin of Error,"±17,246"
    Married-couple families,
        Estimate,"84,300"
        Margin of Error,"±12,984"
    Nonfamily households,
        Estimate,-
        Margin of Error,**
"Census Tract 6200.01, Los Angeles County, California",
    Households,
        Estimate,"124,844"
        Margin of Error,"±21,122"
    Families,
        Estimate,"137,202"
        Margin of Error,"±16,285"
    Married-couple families,
        Estimate,"165,938"
        Margin of Error,"±30,093"
    Nonfamily households,
        Estimate,"80,223"
        Margin of Error,"±19,173"
"Census Tract 6200.02, Los Angeles County, California",
    Households,
        Estimate,"111,688"
        Margin of Error,"±17,113"
    Families,
        Estimate,"129,449"
        Margin of Error,"±23,507"
    Married-couple families,
        Estimate,"157,617"
        Margin of Error,"±28,369"
    Nonfamily households,
        Estimate,"63,750"
        Margin of Error,"±22,306"
"Census Tract 6201.01, Los Angeles County, California",
    Households,
        Estimate,"108,170"
        Margin of Error,"±22,624"
    Families,
        Estimate,"143,306"
        Margin of Error,"±35,924"
    Married-couple families,
        Estimate,"167,574"
        Margin of Error,"±30,532"
    Nonfamily households,
        Estimate,"76,759"
        Margin of Error,"±17,261"
"Census Tract 6201.02, Los Angeles County, California",
    Households,
        Estimate,"97,396"
        Margin of Error,"±13,548"
    Families,
        Estimate,"115,729"
        Margin of Error,"±24,386"
    Married-couple families,
        Estimate,"140,781"
        Margin of Error,"±55,393"
    Nonfamily households,
        Estimate,"63,750"
        Margin of Error,"±30,582"
"Census Tract 6202.01, Los Angeles County, California",
    Households,
        Estimate,"114,886"
        Margin of Error,"±19,613"
    Families,
        Estimate,"151,458"
        Margin of Error,"±78,623"
    Married-couple families,
        Estimate,"232,250"
        Margin of Error,"±112,874"
    Nonfamily households,
        Estimate,"110,652"
        Margin of Error,"±20,246"
"Census Tract 6203.01, Los Angeles County, California",
    Households,
        Estimate,"202,333"
        Margin of Error,"±43,619"
    Families,
        Estimate,"216,296"
        Margin of Error,"±34,811"
    Married-couple families,
        Estimate,"220,893"
        Margin of Error,"±56,252"
    Nonfamily households,
        Estimate,"91,296"
        Margin of Error,"±51,348"
"Census Tract 6203.03, Los Angeles County, California",
    Households,
        Estimate,"199,408"
        Margin of Error,"±48,125"
    Families,
        Estimate,"250,000+"
        Margin of Error,***
    Married-couple families,
        Estimate,"250,000+"
        Margin of Error,***
    Nonfamily households,
        Estimate,"55,500"
        Margin of Error,"±39,259"
"Census Tract 6203.05, Los Angeles County, California",
    Households,
        Estimate,"118,542"
        Margin of Error,"±28,034"
    Families,
        Estimate,"152,434"
        Margin of Error,"±39,595"
    Married-couple families,
        Estimate,"141,833"
        Margin of Error,"±43,887"
    Nonfamily households,
        Estimate,"91,080"
        Margin of Error,"±24,260"
"Census Tract 6204, Los Angeles County, California",
    Households,
        Estimate,"138,906"
        Margin of Error,"±26,355"
    Families,
        Estimate,"148,806"
        Margin of Error,"±23,337"
    Married-couple families,
        Estimate,"171,618"
        Margin of Error,"±33,356"
    Nonfamily households,
        Estimate,"73,125"
        Margin of Error,"±10,927"
"Census Tract 6205.01, Los Angeles County, California",
    Households,
        Estimate,"116,602"
        Margin of Error,"±29,801"
    Families,
        Estimate,"146,417"
        Margin of Error,"±38,265"
    Married-couple families,
        Estimate,"165,865"
        Margin of Error,"±48,831"
    Nonfamily households,
        Estimate,"71,032"
        Margin of Error,"±16,942"
"Census Tract 6205.21, Los Angeles County, California",
    Households,
        Estimate,"123,050"
        Margin of Error,"±19,608"
    Families,
        Estimate,"143,375"
        Margin of Error,"±32,728"
    Married-couple families,
        Estimate,"161,493"
        Margin of Error,"±35,594"
    Nonfamily households,
        Estimate,"94,063"
        Margin of Error,"±24,888"
"Census Tract 6205.22, Los Angeles County, California",
    Households,
        Estimate,"121,000"
        Margin of Error,"±33,466"
    Families,
        Estimate,"150,250"
        Margin of Error,"±30,880"
    Married-couple families,
        Estimate,"177,063"
        Margin of Error,"±16,982"
    Nonfamily households,
        Estimate,"78,611"
        Margin of Error,"±16,848"
"Census Tract 6206.01, Los Angeles County, California",
    Households,
        Estimate,"92,684"
        Margin of Error,"±9,393"
    Families,
        Estimate,"107,188"
        Margin of Error,"±22,110"
    Married-couple families,
        Estimate,"114,932"
        Margin of Error,"±44,251"
    Nonfamily households,
        Estimate,"72,188"
        Margin of Error,"±30,394"
"Census Tract 6206.02, Los Angeles County, California",
    Households,
        Estimate,"129,417"
        Margin of Error,"±16,822"
    Families,
        Estimate,"143,878"
        Margin of Error,"±17,714"
    Married-couple families,
        Estimate,"172,566"
        Margin of Error,"±74,376"
    Nonfamily households,
        Estimate,"84,477"
        Margin of Error,"±17,413"
"Census Tract 6207.01, Los Angeles County, California",
    Households,
        Estimate,"107,722"
        Margin of Error,"±17,255"
    Families,
        Estimate,"130,066"
        Margin of Error,"±30,497"
    Married-couple families,
        Estimate,"147,650"
        Margin of Error,"±47,868"
    Nonfamily households,
        Estimate,"81,861"
        Margin of Error,"±14,702"
"Census Tract 6207.02, Los Angeles County, California",
    Households,
        Estimate,"155,069"
        Margin of Error,"±23,356"
    Families,
        Estimate,"183,500"
        Margin of Error,"±27,959"
    Married-couple families,
        Estimate,"209,543"
        Margin of Error,"±27,092"
    Nonfamily households,
        Estimate,"107,697"
        Margin of Error,"±50,301"
"Census Tract 6208, Los Angeles County, California",
    Households,
        Estimate,"156,394"
        Margin of Error,"±24,678"
    Families,
        Estimate,"187,739"
        Margin of Error,"±33,745"
    Married-couple families,
        Estimate,"197,016"
        Margin of Error,"±30,236"
    Nonfamily households,
        Estimate,"85,707"
        Margin of Error,"±24,744"
"Census Tract 6209.01, Los Angeles County, California",
    Households,
        Estimate,"205,750"
        Margin of Error,"±21,759"
    Families,
        Estimate,"226,181"
        Margin of Error,"±38,519"
    Married-couple families,
        Estimate,"250,000+"
        Margin of Error,***
    Nonfamily households,
        Estimate,"89,792"
        Margin of Error,"±60,460"
"Census Tract 6209.04, Los Angeles County, California",
    Households,
        Estimate,"182,831"
        Margin of Error,"±22,844"
    Families,
        Estimate,"198,365"
        Margin of Error,"±71,216"
    Married-couple families,
        Estimate,"197,692"
        Margin of Error,"±67,500"
    Nonfamily households,
        Estimate,"116,154"
        Margin of Error,"±43,412"
"Census Tract 6210.01, Los Angeles County, California",
    Households,
        Estimate,"136,285"
        Margin of Error,"±22,137"
    Families,
        Estimate,"200,893"
        Margin of Error,"±33,603"
    Married-couple families,
        Estimate,"216,193"
        Margin of Error,"±38,836"
    Nonfamily households,
        Estimate,"91,950"
        Margin of Error,"±9,858"
"Census Tract 6210.02, Los Angeles County, California",
    Households,
        Estimate,"135,991"
        Margin of Error,"±22,186"
    Families,
        Estimate,"212,000"
        Margin of Error,"±80,714"
    Married-couple families,
        Estimate,"231,538"
        Margin of Error,"±50,640"
    Nonfamily households,
        Estimate,"119,803"
        Margin of Error,"±15,900"
"Census Tract 6210.04, Los Angeles County, California",
    Households,
        Estimate,"124,918"
        Margin of Error,"±25,800"
    Families,
        Estimate,"250,000+"
        Margin of Error,***
    Married-couple families,
        Estimate,"250,000+"
        Margin of Error,***
    Nonfamily households,
        Estimate,"86,082"
        Margin of Error,"±28,351"
"Census Tract 6211.02, Los Angeles County, California",
    Households,
        Estimate,"179,141"
        Margin of Error,"±19,759"
    Families,
        Estimate,"203,425"
        Margin of Error,"±22,718"
    Married-couple families,
        Estimate,"217,000"
        Margin of Error,"±52,785"
    Nonfamily households,
        Estimate,"97,000"
        Margin of Error,"±40,328"
"Census Tract 6211.04, Los Angeles County, California",
    Households,
        Estimate,"139,265"
        Margin of Error,"±19,713"
    Families,
        Estimate,"177,550"
        Margin of Error,"±29,892"
    Married-couple families,
        Estimate,"178,220"
        Margin of Error,"±36,560"
    Nonfamily households,
        Estimate,"106,625"
        Margin of Error,"±12,909"
"Census Tract 6212.01, Los Angeles County, California",
    Households,
        Estimate,"120,022"
        Margin of Error,"±14,458"
    Families,
        Estimate,"158,359"
        Margin of Error,"±48,666"
    Married-couple families,
        Estimate,"174,250"
        Margin of Error,"±45,945"
    Nonfamily households,
        Estimate,"85,028"
        Margin of Error,"±17,191"
"Census Tract 6212.04, Los Angeles County, California",
    Households,
        Estimate,"109,671"
        Margin of Error,"±16,589"
    Families,
        Estimate,"143,947"
        Margin of Error,"±19,978"
    Married-couple families,
        Estimate,"168,472"
        Margin of Error,"±31,181"
    Nonfamily households,
        Estimate,"83,681"
        Margin of Error,"±10,323"
"Census Tract 6213.01, Los Angeles County, California",
    Households,
        Estimate,"113,500"
        Margin of Error,"±20,032"
    Families,
        Estimate,"138,287"
        Margin of Error,"±19,827"
    Married-couple families,
        Estimate,"145,202"
        Margin of Error,"±19,304"
    Nonfamily households,
        Estimate,"80,375"
        Margin of Error,"±27,359"
"Census Tract 6213.24, Los Angeles County, California",
    Households,
        Estimate,"92,710"
        Margin of Error,"±6,168"
    Families,
        Estimate,"122,368"
        Margin of Error,"±31,304"
    Married-couple families,
        Estimate,"123,608"
        Margin of Error,"±18,731"
    Nonfamily households,
        Estimate,"76,338"
        Margin of Error,"±9,692"
"Census Tract 6213.26, Los Angeles County, California",
    Households,
        Estimate,"102,057"
        Margin of Error,"±8,193"
    Families,
        Estimate,"160,662"
        Margin of Error,"±39,375"
    Married-couple families,
        Estimate,"177,727"
        Margin of Error,"±33,695"
    Nonfamily households,
        Estimate,"90,757"
        Margin of Error,"±10,257"
"Census Tract 6214, Los Angeles County, California",
    Households,
        Estimate,"107,621"
        Margin of Error,"±9,714"
    Families,
        Estimate,"125,530"
        Margin of Error,"±10,759"
    Married-couple families,
        Estimate,"136,397"
        Margin of Error,"±19,122"
    Nonfamily households,
        Estimate,"92,135"
        Margin of Error,"±16,131"
"Census Tract 6500.01, Los Angeles County, California",
    Households,
        Estimate,"96,250"
        Margin of Error,"±14,229"
    Families,
        Estimate,"108,448"
        Margin of Error,"±26,470"
    Married-couple families,
        Estimate,"127,763"
        Margin of Error,"±40,246"
    Nonfamily households,
        Estimate,"37,279"
        Margin of Error,"±25,670"
"Census Tract 6500.03, Los Angeles County, California",
    Households,
        Estimate,"63,906"
        Margin of Error,"±20,983"
    Families,
        Estimate,"79,000"
        Margin of Error,"±22,823"
    Married-couple families,
        Estimate,"102,188"
        Margin of Error,"±17,815"
    Nonfamily households,
        Estimate,"50,815"
        Margin of Error,"±4,841"
"Census Tract 6500.04, Los Angeles County, California",
    Households,
        Estimate,"75,994"
        Margin of Error,"±19,605"
    Families,
        Estimate,"110,556"
        Margin of Error,"±18,123"
    Married-couple families,
        Estimate,"121,993"
        Margin of Error,"±19,241"
    Nonfamily households,
        Estimate,"41,151"
        Margin of Error,"±15,142"
"Census Tract 6501.01, Los Angeles County, California",
    Households,
        Estimate,"112,611"
        Margin of Error,"±12,819"
    Families,
        Estimate,"118,023"
        Margin of Error,"±8,246"
    Married-couple families,
        Estimate,"119,419"
        Margin of Error,"±22,340"
    Nonfamily households,
        Estimate,"26,488"
        Margin of Error,"±11,479"
"Census Tract 6501.02, Los Angeles County, California",
    Households,
        Estimate,"90,987"
        Margin of Error,"±17,045"
    Families,
        Estimate,"115,729"
        Margin of Error,"±36,167"
    Married-couple families,
        Estimate,"136,250"
        Margin of Error,"±24,555"
    Nonfamily households,
        Estimate,"62,237"
        Margin of Error,"±18,221"
"Census Tract 6502, Los Angeles County, California",
    Households,
        Estimate,"97,054"
        Margin of Error,"±11,406"
    Families,
        Estimate,"101,190"
        Margin of Error,"±10,477"
    Married-couple families,
        Estimate,"107,833"
        Margin of Error,"±13,753"
    Nonfamily households,
        Estimate,"53,977"
        Margin of Error,"±43,125"
"Census Tract 6503, Los Angeles County, California",
    Households,
        Estimate,"71,250"
        Margin of Error,"±17,399"
    Families,
        Estimate,"89,750"
        Margin of Error,"±31,977"
    Married-couple families,
        Estimate,"106,445"
        Margin of Error,"±26,659"
    Nonfamily households,
        Estimate,"50,733"
        Margin of Error,"±14,741"
"Census Tract 6504.01, Los Angeles County, California",
    Households,
        Estimate,"137,024"
        Margin of Error,"±18,819"
    Families,
        Estimate,"157,054"
        Margin of Error,"±21,350"
    Married-couple families,
        Estimate,"168,843"
        Margin of Error,"±10,441"
    Nonfamily households,
        Estimate,-
        Margin of Error,**
"Census Tract 6505.01, Los Angeles County, California",
    Households,
        Estimate,"115,174"
        Margin of Error,"±11,417"
    Families,
        Estimate,"122,361"
        Margin of Error,"±17,583"
    Married-couple families,
        Estimate,"128,875"
        Margin of Error,"±22,092"
    Nonfamily households,
        Estimate,"57,969"
        Margin of Error,"±27,282"
"Census Tract 6505.02, Los Angeles County, California",
    Households,
        Estimate,"118,558"
        Margin of Error,"±9,893"
    Families,
        Estimate,"122,712"
        Margin of Error,"±5,530"
    Married-couple families,
        Estimate,"136,833"
        Margin of Error,"±22,154"
    Nonfamily households,
        Estimate,"54,412"
        Margin of Error,"±17,572"
"Census Tract 6506.02, Los Angeles County, California",
    Households,
        Estimate,"80,379"
        Margin of Error,"±19,506"
    Families,
        Estimate,"101,094"
        Margin of Error,"±31,215"
    Married-couple families,
        Estimate,"101,797"
        Margin of Error,"±38,175"
    Nonfamily households,
        Estimate,"58,769"
        Margin of Error,"±9,821"
"Census Tract 6506.03, Los Angeles County, California",
    Households,
        Estimate,"87,600"
        Margin of Error,"±11,932"
    Families,
        Estimate,"102,458"
        Margin of Error,"±56,191"
    Married-couple families,
        Estimate,"142,885"
        Margin of Error,"±43,347"
    Nonfamily households,
        Estimate,"55,509"
        Margin of Error,"±12,634"
"Census Tract 6506.04, Los Angeles County, California",
    Households,
        Estimate,"58,413"
        Margin of Error,"±7,693"
    Families,
        Estimate,"64,655"
        Margin of Error,"±29,388"
    Married-couple families,
        Estimate,"77,306"
        Margin of Error,"±26,556"
    Nonfamily households,
        Estimate,"53,693"
        Margin of Error,"±7,889"
"Census Tract 6506.05, Los Angeles County, California",
    Households,
        Estimate,"80,625"
        Margin of Error,"±24,018"
    Families,
        Estimate,"102,917"
        Margin of Error,"±19,457"
    Married-couple families,
        Estimate,"120,521"
        Margin of Error,"±11,949"
    Nonfamily households,
        Estimate,"65,848"
        Margin of Error,"±20,934"
"Census Tract 6507.01, Los Angeles County, California",
    Households,
        Estimate,"107,500"
        Margin of Error,"±12,305"
    Families,
        Estimate,"145,089"
        Margin of Error,"±8,875"
    Married-couple families,
        Estimate,"149,034"
        Margin of Error,"±7,282"
    Nonfamily households,
        Estimate,"64,063"
        Margin of Error,"±23,998"
"Census Tract 6507.02, Los Angeles County, California",
    Households,
        Estimate,"127,429"
        Margin of Error,"±16,299"
    Families,
        Estimate,"141,607"
        Margin of Error,"±16,632"
    Married-couple families,
        Estimate,"156,917"
        Margin of Error,"±19,363"
    Nonfamily households,
        Estimate,"54,792"
        Margin of Error,"±53,299"
"Census Tract 6508, Los Angeles County, California",
    Households,
        Estimate,"89,420"
        Margin of Error,"±12,914"
    Families,
        Estimate,"112,846"
        Margin of Error,"±16,387"
    Married-couple families,
        Estimate,"135,750"
        Margin of Error,"±17,682"
    Nonfamily households,
        Estimate,"58,711"
        Margin of Error,"±35,525"
"Census Tract 6509.01, Los Angeles County, California",
    Households,
        Estimate,"85,025"
        Margin of Error,"±8,249"
    Families,
        Estimate,"90,699"
        Margin of Error,"±20,204"
    Married-couple families,
        Estimate,"109,019"
        Margin of Error,"±28,587"
    Nonfamily households,
        Estimate,"56,295"
        Margin of Error,"±10,479"
"Census Tract 6509.02, Los Angeles County, California",
    Households,
        Estimate,"90,857"
        Margin of Error,"±13,268"
    Families,
        Estimate,"102,088"
        Margin of Error,"±9,770"
    Married-couple families,
        Estimate,"106,823"
        Margin of Error,"±18,585"
    Nonfamily households,
        Estimate,"57,240"
        Margin of Error,"±19,621"
"Census Tract 6510.01, Los Angeles County, California",
    Households,
        Estimate,"96,101"
        Margin of Error,"±14,610"
    Families,
        Estimate,"101,875"
        Margin of Error,"±8,128"
    Married-couple families,
        Estimate,"113,571"
        Margin of Error,"±24,100"
    Nonfamily households,
        Estimate,"48,906"
        Margin of Error,"±32,420"
"Census Tract 6510.02, Los Angeles County, California",
    Households,
        Estimate,"89,507"
        Margin of Error,"±22,070"
    Families,
        Estimate,"122,578"
        Margin of Error,"±27,978"
    Married-couple families,
        Estimate,"139,219"
        Margin of Error,"±24,756"
    Nonfamily households,
        Estimate,"65,595"
        Margin of Error,"±21,576"
"Census Tract 6511.01, Los Angeles County, California",
    Households,
        Estimate,"99,750"
        Margin of Error,"±12,135"
    Families,
        Estimate,"113,618"
        Margin of Error,"±8,114"
    Married-couple families,
        Estimate,"111,506"
        Margin of Error,"±12,819"
    Nonfamily households,
        Estimate,"49,688"
        Margin of Error,"±21,173"
"Census Tract 6511.02, Los Angeles County, California",
    Households,
        Estimate,"77,350"
        Margin of Error,"±12,429"
    Families,
        Estimate,"100,221"
        Margin of Error,"±15,981"
    Married-couple families,
        Estimate,"106,094"
        Margin of Error,"±15,107"
    Nonfamily households,
        Estimate,"41,000"
        Margin of Error,"±14,317"
"Census Tract 6512.01, Los Angeles County, California",
    Households,
        Estimate,"139,643"
        Margin of Error,"±14,771"
    Families,
        Estimate,"150,023"
        Margin of Error,"±16,226"
    Married-couple families,
        Estimate,"155,833"
        Margin of Error,"±17,075"
    Nonfamily households,
        Estimate,"61,958"
        Margin of Error,"±36,056"
"Census Tract 6512.21, Los Angeles County, California",
    Households,
        Estimate,"92,083"
        Margin of Error,"±16,491"
    Families,
        Estimate,"121,667"
        Margin of Error,"±21,551"
    Married-couple families,
        Estimate,"133,875"
        Margin of Error,"±27,625"
    Nonfamily households,
        Estimate,"56,949"
        Margin of Error,"±19,776"
"Census Tract 6512.22, Los Angeles County, California",
    Households,
        Estimate,"89,207"
        Margin of Error,"±6,415"
    Families,
        Estimate,"93,831"
        Margin of Error,"±10,793"
    Married-couple families,
        Estimate,"105,491"
        Margin of Error,"±15,809"
    Nonfamily households,
        Estimate,"79,310"
        Margin of Error,"±17,010"
"Census Tract 6513.02, Los Angeles County, California",
    Households,
        Estimate,"124,844"
        Margin of Error,"±12,280"
    Families,
        Estimate,"142,578"
        Margin of Error,"±25,177"
    Married-couple families,
        Estimate,"170,673"
        Margin of Error,"±32,625"
    Nonfamily households,
        Estimate,"107,667"
        Margin of Error,"±50,463"
"Census Tract 6513.04, Los Angeles County, California",
    Households,
        Estimate,"86,690"
        Margin of Error,"±9,855"
    Families,
        Estimate,"123,636"
        Margin of Error,"±30,329"
    Married-couple families,
        Estimate,"153,304"
        Margin of Error,"±64,864"
    Nonfamily households,
        Estimate,"56,734"
        Margin of Error,"±18,635"
"Census Tract 6514.01, Los Angeles County, California",
    Households,
        Estimate,"90,938"
        Margin of Error,"±14,717"
    Families,
        Estimate,"115,298"
        Margin of Error,"±20,490"
    Married-couple families,
        Estimate,"117,143"
        Margin of Error,"±29,867"
    Nonfamily households,
        Estimate,"63,698"
        Margin of Error,"±15,254"
"Census Tract 6514.02, Los Angeles County, California",
    Households,
        Estimate,"101,341"
        Margin of Error,"±23,240"
    Families,
        Estimate,"122,650"
        Margin of Error,"±20,026"
    Married-couple families,
        Estimate,"133,594"
        Margin of Error,"±24,408"
    Nonfamily households,
        Estimate,"39,035"
        Margin of Error,"±16,082"
"Census Tract 6700.01, Los Angeles County, California",
    Households,
        Estimate,"69,766"
        Margin of Error,"±10,009"
    Families,
        Estimate,"91,250"
        Margin of Error,"±34,248"
    Married-couple families,
        Estimate,"106,250"
        Margin of Error,"±19,520"
    Nonfamily households,
        Estimate,"58,629"
        Margin of Error,"±16,115"
"Census Tract 6700.02, Los Angeles County, California",
    Households,
        Estimate,"75,662"
        Margin of Error,"±8,486"
    Families,
        Estimate,"93,056"
        Margin of Error,"±22,527"
    Married-couple families,
        Estimate,"97,440"
        Margin of Error,"±27,004"
    Nonfamily households,
        Estimate,"31,856"
        Margin of Error,"±12,199"
"Census Tract 6700.03, Los Angeles County, California",
    Households,
        Estimate,"76,667"
        Margin of Error,"±12,603"
    Families,
        Estimate,"100,894"
        Margin of Error,"±21,714"
    Married-couple families,
        Estimate,"108,239"
        Margin of Error,"±9,021"
    Nonfamily households,
        Estimate,"42,936"
        Margin of Error,"±20,267"
"Census Tract 6701, Los Angeles County, California",
    Households,
        Estimate,"62,244"
        Margin of Error,"±17,026"
    Families,
        Estimate,"80,889"
        Margin of Error,"±28,663"
    Married-couple families,
        Estimate,"117,400"
        Margin of Error,"±6,513"
    Nonfamily households,
        Estimate,"45,250"
        Margin of Error,"±18,902"
"Census Tract 6702.01, Los Angeles County, California",
    Households,
        Estimate,"146,771"
        Margin of Error,"±17,593"
    Families,
        Estimate,"161,693"
        Margin of Error,"±17,748"
    Married-couple families,
        Estimate,"193,125"
        Margin of Error,"±43,551"
    Nonfamily households,
        Estimate,"88,984"
        Margin of Error,"±12,817"
"Census Tract 6702.02, Los Angeles County, California",
    Households,
        Estimate,"192,188"
        Margin of Error,"±28,964"
    Families,
        Estimate,"206,691"
        Margin of Error,"±13,691"
    Married-couple families,
        Estimate,"210,909"
        Margin of Error,"±14,851"
    Nonfamily households,
        Estimate,"56,346"
        Margin of Error,"±14,103"
"Census Tract 6703.24, Los Angeles County, California",
    Households,
        Estimate,"214,681"
        Margin of Error,"±25,613"
    Families,
        Estimate,"225,132"
        Margin of Error,"±24,111"
    Married-couple families,
        Estimate,"224,143"
        Margin of Error,"±18,079"
    Nonfamily households,
        Estimate,"80,227"
        Margin of Error,"±22,384"
"Census Tract 6703.26, Los Angeles County, California",
    Households,
        Estimate,"158,125"
        Margin of Error,"±25,658"
    Families,
        Estimate,"168,317"
        Margin of Error,"±50,827"
    Married-couple families,
        Estimate,"163,929"
        Margin of Error,"±48,557"
    Nonfamily households,
        Estimate,"76,985"
        Margin of Error,"±25,482"
"Census Tract 6703.28, Los Angeles County, California",
    Households,
        Estimate,"193,262"
        Margin of Error,"±31,226"
    Families,
        Estimate,"215,625"
        Margin of Error,"±38,358"
    Married-couple families,
        Estimate,"230,352"
        Margin of Error,"±45,177"
    Nonfamily households,
        Estimate,"85,000"
        Margin of Error,"±34,312"
"Census Tract 6704.03, Los Angeles County, California",
    Households,
        Estimate,"153,667"
        Margin of Error,"±17,365"
    Families,
        Estimate,"186,818"
        Margin of Error,"±11,420"
    Married-couple families,
        Estimate,"192,917"
        Margin of Error,"±12,924"
    Nonfamily households,
        Estimate,"58,000"
        Margin of Error,"±18,716"
"Census Tract 6704.05, Los Angeles County, California",
    Households,
        Estimate,"98,533"
        Margin of Error,"±23,503"
    Families,
        Estimate,"149,519"
        Margin of Error,"±47,828"
    Married-couple families,
        Estimate,"162,083"
        Margin of Error,"±53,964"
    Nonfamily households,
        Estimate,"32,100"
        Margin of Error,"±8,115"
"Census Tract 6704.06, Los Angeles County, California",
    Households,
        Estimate,"186,667"
        Margin of Error,"±34,425"
    Families,
        Estimate,"206,250"
        Margin of Error,"±43,867"
    Married-couple families,
        Estimate,"210,278"
        Margin of Error,"±43,516"
    Nonfamily households,
        Estimate,"68,333"
        Margin of Error,"±36,461"
"Census Tract 6704.07, Los Angeles County, California",
    Households,
        Estimate,"94,963"
        Margin of Error,"±7,265"
    Families,
        Estimate,"97,448"
        Margin of Error,"±8,948"
    Married-couple families,
        Estimate,"102,500"
        Margin of Error,"±14,400"
    Nonfamily households,
        Estimate,"81,711"
        Margin of Error,"±25,981"
"Census Tract 6704.11, Los Angeles County, California",
    Households,
        Estimate,"162,614"
        Margin of Error,"±10,143"
    Families,
        Estimate,"169,828"
        Margin of Error,"±17,425"
    Married-couple families,
        Estimate,"174,255"
        Margin of Error,"±38,187"
    Nonfamily households,
        Estimate,"62,708"
        Margin of Error,"±17,156"
"Census Tract 6704.13, Los Angeles County, California",
    Households,
        Estimate,"143,721"
        Margin of Error,"±11,976"
    Families,
        Estimate,"156,394"
        Margin of Error,"±13,660"
    Married-couple families,
        Estimate,"167,102"
        Margin of Error,"±17,927"
    Nonfamily households,
        Estimate,"50,833"
        Margin of Error,"±33,348"
"Census Tract 6704.16, Los Angeles County, California",
    Households,
        Estimate,"97,788"
        Margin of Error,"±19,187"
    Families,
        Estimate,"127,738"
        Margin of Error,"±27,844"
    Married-couple families,
        Estimate,"157,321"
        Margin of Error,"±51,012"
    Nonfamily households,
        Estimate,"73,375"
        Margin of Error,"±33,950"
"Census Tract 6705, Los Angeles County, California",
    Households,
        Estimate,"250,000+"
        Margin of Error,***
    Families,
        Estimate,"250,000+"
        Margin of Error,***
    Married-couple families,
        Estimate,"250,000+"
        Margin of Error,***
    Nonfamily households,
        Estimate,-
        Margin of Error,**
"Census Tract 6706.02, Los Angeles County, California",
    Households,
        Estimate,"155,688"
        Margin of Error,"±6,791"
    Families,
        Estimate,"165,391"
        Margin of Error,"±27,080"
    Married-couple families,
        Estimate,"173,571"
        Margin of Error,"±43,165"
    Nonfamily households,
        Estimate,"84,632"
        Margin of Error,"±26,299"
"Census Tract 6707.01, Los Angeles County, California",
    Households,
        Estimate,"132,527"
        Margin of Error,"±22,408"
    Families,
        Estimate,"166,205"
        Margin of Error,"±15,117"
    Married-couple families,
        Estimate,"180,833"
        Margin of Error,"±16,918"
    Nonfamily households,
        Estimate,"43,984"
        Margin of Error,"±31,758"
"Census Tract 6707.02, Los Angeles County, California",
    Households,
        Estimate,"200,292"
        Margin of Error,"±36,697"
    Families,
        Estimate,"225,766"
        Margin of Error,"±35,498"
    Married-couple families,
        Estimate,"226,532"
        Margin of Error,"±32,845"
    Nonfamily households,
        Estimate,"117,500"
        Margin of Error,"±16,197"
"Census Tract 7001.01, Los Angeles County, California",
    Households,
        Estimate,"57,260"
        Margin of Error,"±14,913"
    Families,
        Estimate,"108,438"
        Margin of Error,"±14,941"
    Married-couple families,
        Estimate,"114,136"
        Margin of Error,"±6,002"
    Nonfamily households,
        Estimate,"44,324"
        Margin of Error,"±14,289"
"Census Tract 7001.02, Los Angeles County, California",
    Households,
        Estimate,"43,202"
        Margin of Error,"±7,076"
    Families,
        Estimate,"50,081"
        Margin of Error,"±22,793"
    Married-couple families,
        Estimate,"45,903"
        Margin of Error,"±38,432"
    Nonfamily households,
        Estimate,"38,939"
        Margin of Error,"±10,761"
"Census Tract 7002, Los Angeles County, California",
    Households,
        Estimate,"70,580"
        Margin of Error,"±16,863"
    Families,
        Estimate,"105,083"
        Margin of Error,"±58,606"
    Married-couple families,
        Estimate,"105,083"
        Margin of Error,"±55,948"
    Nonfamily households,
        Estimate,"58,818"
        Margin of Error,"±11,249"
"Census Tract 7003, Los Angeles County, California",
    Households,
        Estimate,"94,315"
        Margin of Error,"±17,521"
    Families,
        Estimate,"110,147"
        Margin of Error,"±26,307"
    Married-couple families,
        Estimate,"109,643"
        Margin of Error,"±24,204"
    Nonfamily households,
        Estimate,"88,504"
        Margin of Error,"±17,004"
"Census Tract 7004, Los Angeles County, California",
    Households,
        Estimate,"104,338"
        Margin of Error,"±24,481"
    Families,
        Estimate,"124,583"
        Margin of Error,"±37,009"
    Married-couple families,
        Estimate,"127,125"
        Margin of Error,"±45,407"
    Nonfamily households,
        Estimate,"88,692"
        Margin of Error,"±28,899"
"Census Tract 7005.01, Los Angeles County, California",
    Households,
        Estimate,"76,637"
        Margin of Error,"±24,744"
    Families,
        Estimate,-
        Margin of Error,**
    Married-couple families,
        Estimate,-
        Margin of Error,**
    Nonfamily households,
        Estimate,"68,453"
        Margin of Error,"±28,789"
"Census Tract 7005.02, Los Angeles County, California",
    Households,
        Estimate,"73,500"
        Margin of Error,"±22,100"
    Families,
        Estimate,"130,938"
        Margin of Error,"±44,782"
    Married-couple families,
        Estimate,"211,806"
        Margin of Error,"±134,591"
    Nonfamily households,
        Estimate,"65,900"
        Margin of Error,"±14,769"
"Census Tract 7006, Los Angeles County, California",
    Households,
        Estimate,"191,066"
        Margin of Error,"±29,816"
    Families,
        Estimate,"206,382"
        Margin of Error,"±64,632"
    Married-couple families,
        Estimate,"250,000+"
        Margin of Error,***
    Nonfamily households,
        Estimate,"100,568"
        Margin of Error,"±99,290"
"Census Tract 7007, Los Angeles County, California",
    Households,
        Estimate,"184,393"
        Margin of Error,"±26,794"
    Families,
        Estimate,"250,000+"
        Margin of Error,***
    Married-couple families,
        Estimate,"250,000+"
        Margin of Error,***
    Nonfamily households,
        Estimate,"150,441"
        Margin of Error,"±64,919"
"Census Tract 7008.01, Los Angeles County, California",
    Households,
        Estimate,"83,333"
        Margin of Error,"±18,651"
    Families,
        Estimate,"117,699"
        Margin of Error,"±29,076"
    Married-couple families,
        Estimate,"134,766"
        Margin of Error,"±34,760"
    Nonfamily households,
        Estimate,"43,789"
        Margin of Error,"±36,874"
"Census Tract 7008.02, Los Angeles County, California",
    Households,
        Estimate,"85,078"
        Margin of Error,"±23,376"
    Families,
        Estimate,"149,559"
        Margin of Error,"±26,065"
    Married-couple families,
        Estimate,"153,111"
        Margin of Error,"±3,415"
    Nonfamily households,
        Estimate,"54,855"
        Margin of Error,"±14,444"
"Census Tract 7009.01, Los Angeles County, California",
    Households,
        Estimate,"86,143"
        Margin of Error,"±14,664"
    Families,
        Estimate,"139,402"
        Margin of Error,"±24,650"
    Married-couple families,
        Estimate,"161,976"
        Margin of Error,"±73,272"
    Nonfamily households,
        Estimate,"61,632"
        Margin of Error,"±6,932"
"Census Tract 7009.02, Los Angeles County, California",
    Households,
        Estimate,"90,444"
        Margin of Error,"±9,409"
    Families,
        Estimate,"121,985"
        Margin of Error,"±30,616"
    Married-couple families,
        Estimate,"144,570"
        Margin of Error,"±36,801"
    Nonfamily households,
        Estimate,"71,045"
        Margin of Error,"±17,344"
"Census Tract 7010, Los Angeles County, California",
    Households,
        Estimate,"100,391"
        Margin of Error,"±27,311"
    Families,
        Estimate,"154,217"
        Margin of Error,"±73,086"
    Married-couple families,
        Estimate,"154,608"
        Margin of Error,"±112,275"
    Nonfamily households,
        Estimate,"63,661"
        Margin of Error,"±27,722"
"Census Tract 7011, Los Angeles County, California",
    Households,
        Estimate,"45,536"
        Margin of Error,"±34,084"
    Families,
        Estimate,-
        Margin of Error,**
    Married-couple families,
        Estimate,-
        Margin of Error,**
    Nonfamily households,
        Estimate,-
        Margin of Error,**
"Census Tract 7012.01, Los Angeles County, California",
    Households,
        Estimate,"234,519"
        Margin of Error,"±51,486"
    Families,
        Estimate,"250,000+"
        Margin of Error,***
    Married-couple families,
        Estimate,"250,000+"
        Margin of Error,***
    Nonfamily households,
        Estimate,"57,361"
        Margin of Error,"±49,213"
"Census Tract 7012.02, Los Angeles County, California",
    Households,
        Estimate,"126,875"
        Margin of Error,"±21,542"
    Families,
        Estimate,"161,875"
        Margin of Error,"±17,843"
    Married-couple families,
        Estimate,"168,295"
        Margin of Error,"±46,273"
    Nonfamily households,
        Estimate,"78,162"
        Margin of Error,"±30,278"
"Census Tract 7013.02, Los Angeles County, California",
    Households,
        Estimate,"92,023"
        Margin of Error,"±14,438"
    Families,
        Estimate,"135,321"
        Margin of Error,"±30,764"
    Married-couple families,
        Estimate,"137,464"
        Margin of Error,"±51,367"
    Nonfamily households,
        Estimate,"78,728"
        Margin of Error,"±18,893"
"Census Tract 7013.04, Los Angeles County, California",
    Households,
        Estimate,"126,713"
        Margin of Error,"±17,489"
    Families,
        Estimate,"178,914"
        Margin of Error,"±48,459"
    Married-couple families,
        Estimate,"200,547"
        Margin of Error,"±42,427"
    Nonfamily households,
        Estimate,"86,583"
        Margin of Error,"±58,608"
"Census Tract 7014.02, Los Angeles County, California",
    Households,
        Estimate,"103,590"
        Margin of Error,"±12,393"
    Families,
        Estimate,"128,625"
        Margin of Error,"±33,928"
    Married-couple families,
        Estimate,"129,792"
        Margin of Error,"±36,533"
    Nonfamily households,
        Estimate,"66,301"
        Margin of Error,"±62,493"
"Census Tract 7015.01, Los Angeles County, California",
    Households,
        Estimate,"107,621"
        Margin of Error,"±24,219"
    Families,
        Estimate,"161,563"
        Margin of Error,"±24,492"
    Married-couple families,
        Estimate,"172,535"
        Margin of Error,"±11,403"
    Nonfamily households,
        Estimate,"80,625"
        Margin of Error,"±17,907"
"Census Tract 7015.02, Los Angeles County, California",
    Households,
        Estimate,"95,417"
        Margin of Error,"±11,031"
    Families,
        Estimate,"114,000"
        Margin of Error,"±27,379"
    Married-couple families,
        Estimate,"130,375"
        Margin of Error,"±30,051"
    Nonfamily households,
        Estimate,"84,152"
        Margin of Error,"±14,623"
"Census Tract 7016.01, Los Angeles County, California",
    Households,
        Estimate,"136,500"
        Margin of Error,"±18,375"
    Families,
        Estimate,"143,106"
        Margin of Error,"±29,385"
    Married-couple families,
        Estimate,"174,018"
        Margin of Error,"±64,974"
    Nonfamily households,
        Estimate,"94,750"
        Margin of Error,"±22,468"
"Census Tract 7016.02, Los Angeles County, California",
    Households,
        Estimate,"106,923"
        Margin of Error,"±21,733"
    Families,
        Estimate,"146,250"
        Margin of Error,"±65,098"
    Married-couple families,
        Estimate,"205,147"
        Margin of Error,"±55,927"
    Nonfamily households,
        Estimate,"85,156"
        Margin of Error,"±21,663"
"Census Tract 7017.01, Los Angeles County, California",
    Households,
        Estimate,"75,417"
        Margin of Error,"±12,070"
    Families,
        Estimate,"88,281"
        Margin of Error,"±35,005"
    Married-couple families,
        Estimate,"102,614"
        Margin of Error,"±39,953"
    Nonfamily households,
        Estimate,"52,036"
        Margin of Error,"±12,487"
"Census Tract 7017.02, Los Angeles County, California",
    Households,
        Estimate,"67,619"
        Margin of Error,"±20,035"
    Families,
        Estimate,"103,750"
        Margin of Error,"±43,677"
    Married-couple families,
        Estimate,"116,369"
        Margin of Error,"±46,422"
    Nonfamily households,
        Estimate,"61,136"
        Margin of Error,"±14,854"
"Census Tract 7018.01, Los Angeles County, California",
    Households,
        Estimate,"65,888"
        Margin of Error,"±9,842"
    Families,
        Estimate,"76,053"
        Margin of Error,"±12,500"
    Married-couple families,
        Estimate,"87,891"
        Margin of Error,"±26,476"
    Nonfamily households,
        Estimate,"46,625"
        Margin of Error,"±12,649"
"Census Tract 7018.02, Los Angeles County, California",
    Households,
        Estimate,"68,828"
        Margin of Error,"±18,263"
    Families,
        Estimate,"78,152"
        Margin of Error,"±24,255"
    Married-couple families,
        Estimate,"111,513"
        Margin of Error,"±37,350"
    Nonfamily households,
        Estimate,"57,344"
        Margin of Error,"±15,505"
"Census Tract 7019.02, Los Angeles County, California",
    Households,
        Estimate,"67,422"
        Margin of Error,"±47,356"
    Families,
        Estimate,"118,750"
        Margin of Error,"±63,670"
    Married-couple families,
        Estimate,"127,870"
        Margin of Error,"±60,229"
    Nonfamily households,
        Estimate,"60,046"
        Margin of Error,"±37,556"
"Census Tract 7020.02, Los Angeles County, California",
    Households,
        Estimate,"91,859"
        Margin of Error,"±13,393"
    Families,
        Estimate,"98,938"
        Margin of Error,"±12,597"
    Married-couple families,
        Estimate,"108,750"
        Margin of Error,"±64,040"
    Nonfamily households,
        Estimate,"83,730"
        Margin of Error,"±23,831"
"Census Tract 7021.02, Los Angeles County, California",
    Households,
        Estimate,"81,727"
        Margin of Error,"±5,235"
    Families,
        Estimate,"101,875"
        Margin of Error,"±40,956"
    Married-couple families,
        Estimate,"128,333"
        Margin of Error,"±42,801"
    Nonfamily households,
        Estimate,"79,764"
        Margin of Error,"±7,677"
"Census Tract 7022.01, Los Angeles County, California",
    Households,
        Estimate,"90,769"
        Margin of Error,"±16,769"
    Families,
        Estimate,"136,346"
        Margin of Error,"±52,688"
    Married-couple families,
        Estimate,"151,453"
        Margin of Error,"±29,702"
    Nonfamily households,
        Estimate,"65,872"
        Margin of Error,"±24,837"
"Census Tract 7022.02, Los Angeles County, California",
    Households,
        Estimate,"121,719"
        Margin of Error,"±14,803"
    Families,
        Estimate,"153,500"
        Margin of Error,"±32,799"
    Married-couple families,
        Estimate,"174,423"
        Margin of Error,"±40,746"
    Nonfamily households,
        Estimate,"96,250"
        Margin of Error,"±9,604"
"Census Tract 7023, Los Angeles County, California",
    Households,
        Estimate,"114,514"
        Margin of Error,"±37,281"
    Families,
        Estimate,"152,216"
        Margin of Error,"±29,908"
    Married-couple families,
        Estimate,"183,125"
        Margin of Error,"±32,523"
    Nonfamily households,
        Estimate,"67,583"
        Margin of Error,"±23,074"
"Census Tract 7024, Los Angeles County, California",
    Households,
        Estimate,"78,594"
        Margin of Error,"±17,300"
    Families,
        Estimate,"119,737"
        Margin of Error,"±20,226"
    Married-couple families,
        Estimate,"141,250"
        Margin of Error,"±36,862"
    Nonfamily households,
        Estimate,"62,665"
        Margin of Error,"±13,275"
"Census Tract 7025.01, Los Angeles County, California",
    Households,
        Estimate,"111,136"
        Margin of Error,"±24,018"
    Families,
        Estimate,"151,988"
        Margin of Error,"±18,724"
    Married-couple families,
        Estimate,"173,281"
        Margin of Error,"±32,060"
    Nonfamily households,
        Estimate,"90,737"
        Margin of Error,"±25,564"
"Census Tract 7025.02, Los Angeles County, California",
    Households,
        Estimate,"86,959"
        Margin of Error,"±14,024"
    Families,
        Estimate,"109,917"
        Margin of Error,"±43,852"
    Married-couple families,
        Estimate,"151,129"
        Margin of Error,"±80,798"
    Nonfamily households,
        Estimate,"78,333"
        Margin of Error,"±5,893"
"Census Tract 7026, Los Angeles County, California",
    Households,
        Estimate,"120,671"
        Margin of Error,"±14,696"
    Families,
        Estimate,"122,363"
        Margin of Error,"±11,702"
    Married-couple families,
        Estimate,"144,265"
        Margin of Error,"±32,972"
    Nonfamily households,
        Estimate,"46,776"
        Margin of Error,"±26,870"
"Census Tract 7027, Los Angeles County, California",
    Households,
        Estimate,"135,430"
        Margin of Error,"±17,569"
    Families,
        Estimate,"148,203"
        Margin of Error,"±26,118"
    Married-couple families,
        Estimate,"174,844"
        Margin of Error,"±23,870"
    Nonfamily households,
        Estimate,"73,148"
        Margin of Error,"±18,034"
"Census Tract 7028.01, Los Angeles County, California",
    Households,
        Estimate,"62,061"
        Margin of Error,"±14,555"
    Families,
        Estimate,"121,667"
        Margin of Error,"±27,725"
    Married-couple families,
        Estimate,"124,728"
        Margin of Error,"±55,358"
    Nonfamily households,
        Estimate,"45,885"
        Margin of Error,"±13,816"
"Census Tract 7028.02, Los Angeles County, California",
    Households,
        Estimate,"90,438"
        Margin of Error,"±10,201"
    Families,
        Estimate,"97,750"
        Margin of Error,"±20,149"
    Married-couple families,
        Estimate,"120,250"
        Margin of Error,"±39,428"
    Nonfamily households,
        Estimate,"66,316"
        Margin of Error,"±22,214"
"Census Tract 7028.03, Los Angeles County, California",
    Households,
        Estimate,"63,485"
        Margin of Error,"±13,908"
    Families,
        Estimate,"83,438"
        Margin of Error,"±26,522"
    Married-couple families,
        Estimate,"93,258"
        Margin of Error,"±12,014"
    Nonfamily households,
        Estimate,"44,783"
        Margin of Error,"±20,408"
"Census Tract 7029.01, Los Angeles County, California",
    Households,
        Estimate,"118,162"
        Margin of Error,"±20,330"
    Families,
        Estimate,"142,330"
        Margin of Error,"±28,706"
    Married-couple families,
        Estimate,"156,420"
        Margin of Error,"±21,122"
    Nonfamily households,
        Estimate,"105,944"
        Margin of Error,"±19,181"
"Census Tract 7030.01, Los Angeles County, California",
    Households,
        Estimate,"109,389"
        Margin of Error,"±11,751"
    Families,
        Estimate,"147,070"
        Margin of Error,"±12,502"
    Married-couple families,
        Estimate,"167,091"
        Margin of Error,"±19,096"
    Nonfamily households,
        Estimate,"67,978"
        Margin of Error,"±27,116"
"Census Tract 7030.02, Los Angeles County, California",
    Households,
        Estimate,"101,534"
        Margin of Error,"±16,625"
    Families,
        Estimate,"172,500"
        Margin of Error,"±45,441"
    Married-couple families,
        Estimate,"178,961"
        Margin of Error,"±17,320"
    Nonfamily households,
        Estimate,"58,505"
        Margin of Error,"±22,696"
"Census Tract 7031, Los Angeles County, California",
    Households,
        Estimate,"93,482"
        Margin of Error,"±12,257"
    Families,
        Estimate,"106,750"
        Margin of Error,"±29,815"
    Married-couple families,
        Estimate,"169,393"
        Margin of Error,"±15,018"
    Nonfamily households,
        Estimate,"61,663"
        Margin of Error,"±21,753"
"Census Tract 7032, Los Angeles County, California",
    Households,
        Estimate,"91,042"
        Margin of Error,"±15,519"
    Families,
        Estimate,"123,947"
        Margin of Error,"±19,865"
    Married-couple families,
        Estimate,"135,781"
        Margin of Error,"±32,464"
    Nonfamily households,
        Estimate,"61,507"
        Margin of Error,"±14,643"
"Census Tract 8001.01, Los Angeles County, California",
    Households,
        Estimate,"142,159"
        Margin of Error,"±13,810"
    Families,
        Estimate,"161,944"
        Margin of Error,"±21,147"
    Married-couple families,
        Estimate,"178,173"
        Margin of Error,"±28,054"
    Nonfamily households,
        Estimate,"68,500"
        Margin of Error,"±61,186"
"Census Tract 8001.02, Los Angeles County, California",
    Households,
        Estimate,"130,703"
        Margin of Error,"±14,564"
    Families,
        Estimate,"141,000"
        Margin of Error,"±28,238"
    Married-couple families,
        Estimate,"162,216"
        Margin of Error,"±30,460"
    Nonfamily households,
        Estimate,"96,429"
        Margin of Error,"±21,990"
"Census Tract 8002.02, Los Angeles County, California",
    Households,
        Estimate,"162,048"
        Margin of Error,"±32,910"
    Families,
        Estimate,"173,725"
        Margin of Error,"±29,476"
    Married-couple families,
        Estimate,"201,146"
        Margin of Error,"±38,247"
    Nonfamily households,
        Estimate,-
        Margin of Error,**
"Census Tract 8002.03, Los Angeles County, California",
    Households,
        Estimate,"146,543"
        Margin of Error,"±14,481"
    Families,
        Estimate,"166,140"
        Margin of Error,"±13,524"
    Married-couple families,
        Estimate,"187,159"
        Margin of Error,"±67,993"
    Nonfamily households,
        Estimate,"72,697"
        Margin of Error,"±37,528"
"Census Tract 8002.04, Los Angeles County, California",
    Households,
        Estimate,"138,306"
        Margin of Error,"±36,082"
    Families,
        Estimate,"195,395"
        Margin of Error,"±90,447"
    Married-couple families,
        Estimate,"216,337"
        Margin of Error,"±25,343"
    Nonfamily households,
        Estimate,-
        Margin of Error,**
"Census Tract 8003.24, Los Angeles County, California",
    Households,
        Estimate,"143,750"
        Margin of Error,"±26,076"
    Families,
        Estimate,"166,597"
        Margin of Error,"±24,445"
    Married-couple families,
        Estimate,"169,393"
        Margin of Error,"±21,362"
    Nonfamily households,
        Estimate,"87,174"
        Margin of Error,"±54,917"
"Census Tract 8003.25, Los Angeles County, California",
    Households,
        Estimate,"133,688"
        Margin of Error,"±24,877"
    Families,
        Estimate,"157,024"
        Margin of Error,"±18,602"
    Married-couple families,
        Estimate,"171,813"
        Margin of Error,"±21,925"
    Nonfamily households,
        Estimate,-
        Margin of Error,**
"Census Tract 8003.26, Los Angeles County, California",
    Households,
        Estimate,"133,942"
        Margin of Error,"±26,185"
    Families,
        Estimate,"163,906"
        Margin of Error,"±48,671"
    Married-couple families,
        Estimate,"190,216"
        Margin of Error,"±30,521"
    Nonfamily households,
        Estimate,"76,568"
        Margin of Error,"±25,407"
"Census Tract 8003.27, Los Angeles County, California",
    Households,
        Estimate,"92,740"
        Margin of Error,"±16,940"
    Families,
        Estimate,"120,602"
        Margin of Error,"±15,636"
    Married-couple families,
        Estimate,"121,542"
        Margin of Error,"±11,096"
    Nonfamily households,
        Estimate,"51,000"
        Margin of Error,"±32,256"
"Census Tract 8003.28, Los Angeles County, California",
    Households,
        Estimate,"105,625"
        Margin of Error,"±20,457"
    Families,
        Estimate,"121,806"
        Margin of Error,"±18,889"
    Married-couple families,
        Estimate,"138,785"
        Margin of Error,"±38,660"
    Nonfamily households,
        Estimate,"101,117"
        Margin of Error,"±26,447"
"Census Tract 8003.29, Los Angeles County, California",
    Households,
        Estimate,"94,250"
        Margin of Error,"±24,723"
    Families,
        Estimate,"121,759"
        Margin of Error,"±28,259"
    Married-couple families,
        Estimate,"133,844"
        Margin of Error,"±37,038"
    Nonfamily households,
        Estimate,"46,463"
        Margin of Error,"±27,092"
"Census Tract 8003.30, Los Angeles County, California",
    Households,
        Estimate,"134,250"
        Margin of Error,"±37,593"
    Families,
        Estimate,"181,484"
        Margin of Error,"±32,349"
    Married-couple families,
        Estimate,"183,750"
        Margin of Error,"±26,856"
    Nonfamily households,
        Estimate,"57,727"
        Margin of Error,"±35,355"
"Census Tract 8003.31, Los Angeles County, California",
    Households,
        Estimate,"131,375"
        Margin of Error,"±43,902"
    Families,
        Estimate,"141,250"
        Margin of Error,"±38,200"
    Married-couple families,
        Estimate,"141,250"
        Margin of Error,"±37,911"
    Nonfamily households,
        Estimate,-
        Margin of Error,**
"Census Tract 8003.32, Los Angeles County, California",
    Households,
        Estimate,"139,145"
        Margin of Error,"±47,127"
    Families,
        Estimate,"169,390"
        Margin of Error,"±33,806"
    Married-couple families,
        Estimate,"193,500"
        Margin of Error,"±33,776"
    Nonfamily households,
        Estimate,"53,831"
        Margin of Error,"±28,065"
"Census Tract 8004.06, Los Angeles County, California",
    Households,
        Estimate,"145,260"
        Margin of Error,"±23,687"
    Families,
        Estimate,"180,694"
        Margin of Error,"±46,234"
    Married-couple families,
        Estimate,"217,679"
        Margin of Error,"±59,543"
    Nonfamily households,
        Estimate,"92,589"
        Margin of Error,"±74,646"
"Census Tract 8004.08, Los Angeles County, California",
    Households,
        Estimate,"149,026"
        Margin of Error,"±21,730"
    Families,
        Estimate,"175,786"
        Margin of Error,"±32,029"
    Married-couple families,
        Estimate,"195,282"
        Margin of Error,"±49,484"
    Nonfamily households,
        Estimate,"76,620"
        Margin of Error,"±33,061"
"Census Tract 8004.10, Los Angeles County, California",
    Households,
        Estimate,"116,190"
        Margin of Error,"±23,463"
    Families,
        Estimate,"138,984"
        Margin of Error,"±89,122"
    Married-couple families,
        Estimate,"170,833"
        Margin of Error,"±94,801"
    Nonfamily households,
        Estimate,"63,750"
        Margin of Error,"±61,107"
"Census Tract 8005.04, Los Angeles County, California",
    Households,
        Estimate,"168,235"
        Margin of Error,"±52,391"
    Families,
        Estimate,"244,471"
        Margin of Error,"±26,458"
    Married-couple families,
        Estimate,"250,000+"
        Margin of Error,***
    Nonfamily households,
        Estimate,"86,985"
        Margin of Error,"±51,319"
"Census Tract 8005.06, Los Angeles County, California",
    Households,
        Estimate,"169,125"
        Margin of Error,"±23,639"
    Families,
        Estimate,"212,824"
        Margin of Error,"±44,054"
    Married-couple families,
        Estimate,"216,250"
        Margin of Error,"±45,763"
    Nonfamily households,
        Estimate,"109,712"
        Margin of Error,"±37,718"
"Census Tract 9001.02, Los Angeles County, California",
    Households,
        Estimate,"33,750"
        Margin of Error,"±17,753"
    Families,
        Estimate,"44,097"
        Margin of Error,"±8,716"
    Married-couple families,
        Estimate,"44,519"
        Margin of Error,"±8,345"
    Nonfamily households,
        Estimate,"15,250"
        Margin of Error,"±9,076"
"Census Tract 9001.03, Los Angeles County, California",
    Households,
        Estimate,"38,188"
        Margin of Error,"±8,854"
    Families,
        Estimate,"41,175"
        Margin of Error,"±7,706"
    Married-couple families,
        Estimate,"46,591"
        Margin of Error,"±20,420"
    Nonfamily households,
        Estimate,"17,619"
        Margin of Error,"±5,170"
"Census Tract 9001.04, Los Angeles County, California",
    Households,
        Estimate,"48,444"
        Margin of Error,"±3,232"
    Families,
        Estimate,"49,688"
        Margin of Error,"±4,666"
    Married-couple families,
        Estimate,"54,620"
        Margin of Error,"±9,921"
    Nonfamily households,
        Estimate,"39,500"
        Margin of Error,"±26,567"
"Census Tract 9002.01, Los Angeles County, California",
    Households,
        Estimate,"49,625"
        Margin of Error,"±23,452"
    Families,
        Estimate,"69,297"
        Margin of Error,"±30,144"
    Married-couple families,
        Estimate,"78,000"
        Margin of Error,"±44,300"
    Nonfamily households,
        Estimate,-
        Margin of Error,**
"Census Tract 9003, Los Angeles County, California",
    Households,
        Estimate,"56,757"
        Margin of Error,"±9,612"
    Families,
        Estimate,"60,799"
        Margin of Error,"±15,030"
    Married-couple families,
        Estimate,"69,926"
        Margin of Error,"±21,026"
    Nonfamily households,
        Estimate,"38,036"
        Margin of Error,"±34,564"
"Census Tract 9005.01, Los Angeles County, California",
    Households,
        Estimate,"55,166"
        Margin of Error,"±6,541"
    Families,
        Estimate,"57,193"
        Margin of Error,"±5,864"
    Married-couple families,
        Estimate,"85,985"
        Margin of Error,"±18,275"
    Nonfamily households,
        Estimate,"24,006"
        Margin of Error,"±18,196"
"Census Tract 9005.04, Los Angeles County, California",
    Households,
        Estimate,"58,949"
        Margin of Error,"±11,297"
    Families,
        Estimate,"64,028"
        Margin of Error,"±13,911"
    Married-couple families,
        Estimate,"81,163"
        Margin of Error,"±15,273"
    Nonfamily households,
        Estimate,"41,094"
        Margin of Error,"±31,417"
"Census Tract 9005.05, Los Angeles County, California",
    Households,
        Estimate,"40,556"
        Margin of Error,"±9,473"
    Families,
        Estimate,"45,234"
        Margin of Error,"±7,183"
    Married-couple families,
        Estimate,"54,375"
        Margin of Error,"±17,402"
    Nonfamily households,
        Estimate,-
        Margin of Error,**
"Census Tract 9005.06, Los Angeles County, California",
    Households,
        Estimate,"56,290"
        Margin of Error,"±10,226"
    Families,
        Estimate,"65,038"
        Margin of Error,"±15,931"
    Married-couple families,
        Estimate,"69,541"
        Margin of Error,"±7,047"
    Nonfamily households,
        Estimate,"19,167"
        Margin of Error,"±10,579"
"Census Tract 9005.07, Los Angeles County, California",
    Households,
        Estimate,"45,196"
        Margin of Error,"±8,647"
    Families,
        Estimate,"44,953"
        Margin of Error,"±8,458"
    Married-couple families,
        Estimate,"61,122"
        Margin of Error,"±7,089"
    Nonfamily households,
        Estimate,"28,984"
        Margin of Error,"±21,507"
"Census Tract 9005.08, Los Angeles County, California",
    Households,
        Estimate,"71,458"
        Margin of Error,"±13,702"
    Families,
        Estimate,"70,208"
        Margin of Error,"±14,094"
    Married-couple families,
        Estimate,"80,563"
        Margin of Error,"±11,216"
    Nonfamily households,
        Estimate,-
        Margin of Error,**
"Census Tract 9006.02, Los Angeles County, California",
    Households,
        Estimate,"36,000"
        Margin of Error,"±7,598"
    Families,
        Estimate,"39,922"
        Margin of Error,"±6,973"
    Married-couple families,
        Estimate,"42,276"
        Margin of Error,"±5,548"
    Nonfamily households,
        Estimate,"10,379"
        Margin of Error,"±2,250"
"Census Tract 9006.05, Los Angeles County, California",
    Households,
        Estimate,"38,965"
        Margin of Error,"±11,060"
    Families,
        Estimate,"40,333"
        Margin of Error,"±18,988"
    Married-couple families,
        Estimate,"50,668"
        Margin of Error,"±19,165"
    Nonfamily households,
        Estimate,"19,531"
        Margin of Error,"±8,822"
"Census Tract 9006.06, Los Angeles County, California",
    Households,
        Estimate,"32,025"
        Margin of Error,"±13,649"
    Families,
        Estimate,"39,872"
        Margin of Error,"±7,503"
    Married-couple families,
        Estimate,-
        Margin of Error,**
    Nonfamily households,
        Estimate,"9,835"
        Margin of Error,"±4,598"
"Census Tract 9006.07, Los Angeles County, California",
    Households,
        Estimate,"39,519"
        Margin of Error,"±9,446"
    Families,
        Estimate,"39,063"
        Margin of Error,"±8,502"
    Married-couple families,
        Estimate,"59,219"
        Margin of Error,"±13,433"
    Nonfamily households,
        Estimate,"29,539"
        Margin of Error,"±13,300"
"Census Tract 9006.08, Los Angeles County, California",
    Households,
        Estimate,"55,585"
        Margin of Error,"±11,123"
    Families,
        Estimate,"56,042"
        Margin of Error,"±21,691"
    Married-couple families,
        Estimate,"80,298"
        Margin of Error,"±12,668"
    Nonfamily households,
        Estimate,"54,063"
        Margin of Error,"±16,374"
"Census Tract 9006.09, Los Angeles County, California",
    Households,
        Estimate,"34,306"
        Margin of Error,"±13,399"
    Families,
        Estimate,"35,764"
        Margin of Error,"±19,304"
    Married-couple families,
        Estimate,"77,222"
        Margin of Error,"±18,629"
    Nonfamily households,
        Estimate,"13,533"
        Margin of Error,"±8,336"
"Census Tract 9007.01, Los Angeles County, California",
    Households,
        Estimate,"39,341"
        Margin of Error,"±6,087"
    Families,
        Estimate,"42,525"
        Margin of Error,"±4,969"
    Married-couple families,
        Estimate,"52,014"
        Margin of Error,"±15,080"
    Nonfamily households,
        Estimate,"11,136"
        Margin of Error,"±9,261"
"Census Tract 9007.03, Los Angeles County, California",
    Households,
        Estimate,"40,938"
        Margin of Error,"±6,480"
    Families,
        Estimate,"43,306"
        Margin of Error,"±5,859"
    Married-couple families,
        Estimate,"58,036"
        Margin of Error,"±13,441"
    Nonfamily households,
        Estimate,"28,125"
        Margin of Error,"±19,406"
"Census Tract 9007.04, Los Angeles County, California",
    Households,
        Estimate,"42,330"
        Margin of Error,"±7,075"
    Families,
        Estimate,"42,044"
        Margin of Error,"±7,343"
    Married-couple families,
        Estimate,"46,806"
        Margin of Error,"±34,102"
    Nonfamily households,
        Estimate,"43,214"
        Margin of Error,"±9,825"
"Census Tract 9007.05, Los Angeles County, California",
    Households,
        Estimate,"47,538"
        Margin of Error,"±13,834"
    Families,
        Estimate,"55,147"
        Margin of Error,"±18,279"
    Married-couple families,
        Estimate,"81,382"
        Margin of Error,"±25,325"
    Nonfamily households,
        Estimate,"33,340"
        Margin of Error,"±7,661"
"Census Tract 9008.03, Los Angeles County, California",
    Households,
        Estimate,"56,144"
        Margin of Error,"±7,317"
    Families,
        Estimate,"54,213"
        Margin of Error,"±10,893"
    Married-couple families,
        Estimate,"68,103"
        Margin of Error,"±16,021"
    Nonfamily households,
        Estimate,"46,994"
        Margin of Error,"±16,533"
"Census Tract 9008.04, Los Angeles County, California",
    Households,
        Estimate,"40,301"
        Margin of Error,"±9,253"
    Families,
        Estimate,"45,406"
        Margin of Error,"±2,898"
    Married-couple families,
        Estimate,"57,794"
        Margin of Error,"±15,762"
    Nonfamily households,
        Estimate,"16,094"
        Margin of Error,"±5,935"
"Census Tract 9008.05, Los Angeles County, California",
    Households,
        Estimate,"63,574"
        Margin of Error,"±4,634"
    Families,
        Estimate,"66,750"
        Margin of Error,"±9,101"
    Married-couple families,
        Estimate,"71,827"
        Margin of Error,"±18,843"
    Nonfamily households,
        Estimate,"29,353"
        Margin of Error,"±14,474"
"Census Tract 9008.06, Los Angeles County, California",
    Households,
        Estimate,"21,604"
        Margin of Error,"±4,036"
    Families,
        Estimate,"35,374"
        Margin of Error,"±5,752"
    Married-couple families,
        Estimate,"46,538"
        Margin of Error,"±23,704"
    Nonfamily households,
        Estimate,"13,108"
        Margin of Error,"±4,229"
"Census Tract 9009, Los Angeles County, California",
    Households,
        Estimate,"54,066"
        Margin of Error,"±12,999"
    Families,
        Estimate,"85,278"
        Margin of Error,"±17,265"
    Married-couple families,
        Estimate,"89,839"
        Margin of Error,"±15,667"
    Nonfamily households,
        Estimate,"25,964"
        Margin of Error,"±11,640"
"Census Tract 9010.03, Los Angeles County, California",
    Households,
        Estimate,-
        Margin of Error,**
    Families,
        Estimate,-
        Margin of Error,**
    Married-couple families,
        Estimate,-
        Margin of Error,**
    Nonfamily households,
        Estimate,-
        Margin of Error,**
"Census Tract 9010.04, Los Angeles County, California",
    Households,
        Estimate,"98,694"
        Margin of Error,"±12,766"
    Families,
        Estimate,"103,183"
        Margin of Error,"±8,624"
    Married-couple families,
        Estimate,"109,423"
        Margin of Error,"±10,805"
    Nonfamily households,
        Estimate,"63,690"
        Margin of Error,"±18,518"
"Census Tract 9010.07, Los Angeles County, California",
    Households,
        Estimate,"88,906"
        Margin of Error,"±16,201"
    Families,
        Estimate,"97,574"
        Margin of Error,"±11,285"
    Married-couple families,
        Estimate,"100,833"
        Margin of Error,"±14,194"
    Nonfamily households,
        Estimate,"51,786"
        Margin of Error,"±31,909"
"Census Tract 9010.08, Los Angeles County, California",
    Households,
        Estimate,"60,147"
        Margin of Error,"±15,363"
    Families,
        Estimate,"63,913"
        Margin of Error,"±19,899"
    Married-couple families,
        Estimate,"87,159"
        Margin of Error,"±27,247"
    Nonfamily households,
        Estimate,"46,042"
        Margin of Error,"±9,191"
"Census Tract 9010.09, Los Angeles County, California",
    Households,
        Estimate,"76,938"
        Margin of Error,"±22,691"
    Families,
        Estimate,"84,068"
        Margin of Error,"±10,272"
    Married-couple families,
        Estimate,"95,524"
        Margin of Error,"±16,583"
    Nonfamily households,
        Estimate,"34,118"
        Margin of Error,"±13,636"
"Census Tract 9010.10, Los Angeles County, California",
    Households,
        Estimate,"59,899"
        Margin of Error,"±10,296"
    Families,
        Estimate,"49,812"
        Margin of Error,"±12,306"
    Married-couple families,
        Estimate,"79,013"
        Margin of Error,"±10,954"
    Nonfamily households,
        Estimate,"67,361"
        Margin of Error,"±15,950"
"Census Tract 9010.11, Los Angeles County, California",
    Households,
        Estimate,"72,917"
        Margin of Error,"±12,254"
    Families,
        Estimate,"92,589"
        Margin of Error,"±17,031"
    Married-couple families,
        Estimate,"99,737"
        Margin of Error,"±13,153"
    Nonfamily households,
        Estimate,"46,726"
        Margin of Error,"±26,026"
"Census Tract 9011.01, Los Angeles County, California",
    Households,
        Estimate,"74,743"
        Margin of Error,"±10,489"
    Families,
        Estimate,"77,750"
        Margin of Error,"±7,088"
    Married-couple families,
        Estimate,"93,175"
        Margin of Error,"±9,387"
    Nonfamily households,
        Estimate,"42,448"
        Margin of Error,"±11,729"
"Census Tract 9011.02, Los Angeles County, California",
    Households,
        Estimate,"85,450"
        Margin of Error,"±8,763"
    Families,
        Estimate,"94,148"
        Margin of Error,"±12,086"
    Married-couple families,
        Estimate,"114,943"
        Margin of Error,"±10,557"
    Nonfamily households,
        Estimate,"50,500"
        Margin of Error,"±11,274"
"Census Tract 9012.05, Los Angeles County, California",
    Households,
        Estimate,"76,971"
        Margin of Error,"±7,841"
    Families,
        Estimate,"93,338"
        Margin of Error,"±9,692"
    Married-couple families,
        Estimate,"102,539"
        Margin of Error,"±12,273"
    Nonfamily households,
        Estimate,"28,977"
        Margin of Error,"±5,959"
"Census Tract 9012.09, Los Angeles County, California",
    Households,
        Estimate,"63,365"
        Margin of Error,"±10,086"
    Families,
        Estimate,"63,894"
        Margin of Error,"±11,554"
    Married-couple families,
        Estimate,"63,859"
        Margin of Error,"±14,265"
    Nonfamily households,
        Estimate,"50,781"
        Margin of Error,"±41,385"
"Census Tract 9012.10, Los Angeles County, California",
    Households,
        Estimate,"63,211"
        Margin of Error,"±4,898"
    Families,
        Estimate,"64,265"
        Margin of Error,"±12,680"
    Married-couple families,
        Estimate,"85,341"
        Margin of Error,"±11,839"
    Nonfamily households,
        Estimate,"54,803"
        Margin of Error,"±11,684"
"Census Tract 9012.13, Los Angeles County, California",
    Households,
        Estimate,"116,742"
        Margin of Error,"±9,161"
    Families,
        Estimate,"129,702"
        Margin of Error,"±15,655"
    Married-couple families,
        Estimate,"131,719"
        Margin of Error,"±31,252"
    Nonfamily households,
        Estimate,"98,388"
        Margin of Error,"±15,816"
"Census Tract 9100.01, Los Angeles County, California",
    Households,
        Estimate,"46,576"
        Margin of Error,"±15,112"
    Families,
        Estimate,"54,234"
        Margin of Error,"±10,330"
    Married-couple families,
        Estimate,"56,815"
        Margin of Error,"±6,201"
    Nonfamily households,
        Estimate,"25,833"
        Margin of Error,"±17,508"
"Census Tract 9100.02, Los Angeles County, California",
    Households,
        Estimate,"46,875"
        Margin of Error,"±12,985"
    Families,
        Estimate,"46,250"
        Margin of Error,"±13,142"
    Married-couple families,
        Estimate,"47,161"
        Margin of Error,"±23,670"
    Nonfamily households,
        Estimate,"51,765"
        Margin of Error,"±35,784"
"Census Tract 9101.01, Los Angeles County, California",
    Households,
        Estimate,"44,091"
        Margin of Error,"±6,054"
    Families,
        Estimate,"50,815"
        Margin of Error,"±9,257"
    Married-couple families,
        Estimate,"57,865"
        Margin of Error,"±4,145"
    Nonfamily households,
        Estimate,-
        Margin of Error,**
"Census Tract 9102.01, Los Angeles County, California",
    Households,
        Estimate,"57,593"
        Margin of Error,"±9,518"
    Families,
        Estimate,"80,699"
        Margin of Error,"±13,738"
    Married-couple families,
        Estimate,"87,903"
        Margin of Error,"±15,188"
    Nonfamily households,
        Estimate,"31,512"
        Margin of Error,"±19,366"
"Census Tract 9102.02, Los Angeles County, California",
    Households,
        Estimate,"110,692"
        Margin of Error,"±13,332"
    Families,
        Estimate,"116,667"
        Margin of Error,"±22,033"
    Married-couple families,
        Estimate,"136,406"
        Margin of Error,"±29,768"
    Nonfamily households,
        Estimate,"45,595"
        Margin of Error,"±16,552"
"Census Tract 9102.05, Los Angeles County, California",
    Households,
        Estimate,"65,431"
        Margin of Error,"±10,124"
    Families,
        Estimate,"60,500"
        Margin of Error,"±17,017"
    Married-couple families,
        Estimate,"132,917"
        Margin of Error,"±123,318"
    Nonfamily households,
        Estimate,"58,571"
        Margin of Error,"±35,133"
"Census Tract 9102.06, Los Angeles County, California",
    Households,
        Estimate,"107,344"
        Margin of Error,"±13,574"
    Families,
        Estimate,"109,375"
        Margin of Error,"±9,782"
    Married-couple families,
        Estimate,"117,321"
        Margin of Error,"±19,511"
    Nonfamily households,
        Estimate,"71,875"
        Margin of Error,"±43,365"
"Census Tract 9102.07, Los Angeles County, California",
    Households,
        Estimate,"95,821"
        Margin of Error,"±13,550"
    Families,
        Estimate,"97,118"
        Margin of Error,"±11,241"
    Married-couple families,
        Estimate,"108,917"
        Margin of Error,"±24,029"
    Nonfamily households,
        Estimate,"65,227"
        Margin of Error,"±19,576"
"Census Tract 9102.08, Los Angeles County, California",
    Households,
        Estimate,"72,619"
        Margin of Error,"±19,860"
    Families,
        Estimate,"76,875"
        Margin of Error,"±24,265"
    Married-couple families,
        Estimate,"90,893"
        Margin of Error,"±12,332"
    Nonfamily households,
        Estimate,"41,625"
        Margin of Error,"±8,215"
"Census Tract 9102.09, Los Angeles County, California",
    Households,
        Estimate,"104,900"
        Margin of Error,"±14,740"
    Families,
        Estimate,"106,379"
        Margin of Error,"±14,352"
    Married-couple families,
        Estimate,"116,136"
        Margin of Error,"±10,337"
    Nonfamily households,
        Estimate,-
        Margin of Error,**
"Census Tract 9102.10, Los Angeles County, California",
    Households,
        Estimate,"111,333"
        Margin of Error,"±13,138"
    Families,
        Estimate,"115,179"
        Margin of Error,"±19,741"
    Married-couple families,
        Estimate,"124,968"
        Margin of Error,"±12,305"
    Nonfamily households,
        Estimate,"100,147"
        Margin of Error,"±34,440"
"Census Tract 9103.01, Los Angeles County, California",
    Households,
        Estimate,"99,943"
        Margin of Error,"±14,028"
    Families,
        Estimate,"118,364"
        Margin of Error,"±21,780"
    Married-couple families,
        Estimate,"143,750"
        Margin of Error,"±30,070"
    Nonfamily households,
        Estimate,"49,875"
        Margin of Error,"±24,904"
"Census Tract 9103.02, Los Angeles County, California",
    Households,
        Estimate,"89,290"
        Margin of Error,"±11,622"
    Families,
        Estimate,"96,797"
        Margin of Error,"±15,973"
    Married-couple families,
        Estimate,"130,211"
        Margin of Error,"±23,985"
    Nonfamily households,
        Estimate,"33,958"
        Margin of Error,"±12,938"
"Census Tract 9104.01, Los Angeles County, California",
    Households,
        Estimate,"80,750"
        Margin of Error,"±11,634"
    Families,
        Estimate,"81,164"
        Margin of Error,"±9,853"
    Married-couple families,
        Estimate,"85,272"
        Margin of Error,"±10,206"
    Nonfamily households,
        Estimate,"57,098"
        Margin of Error,"±19,503"
"Census Tract 9104.02, Los Angeles County, California",
    Households,
        Estimate,"27,420"
        Margin of Error,"±3,981"
    Families,
        Estimate,"30,641"
        Margin of Error,"±5,371"
    Married-couple families,
        Estimate,"42,422"
        Margin of Error,"±13,122"
    Nonfamily households,
        Estimate,"20,298"
        Margin of Error,"±7,042"
"Census Tract 9104.03, Los Angeles County, California",
    Households,
        Estimate,"25,074"
        Margin of Error,"±3,412"
    Families,
        Estimate,"22,936"
        Margin of Error,"±3,283"
    Married-couple families,
        Estimate,"26,597"
        Margin of Error,"±11,681"
    Nonfamily households,
        Estimate,"22,625"
        Margin of Error,"±14,824"
"Census Tract 9104.04, Los Angeles County, California",
    Households,
        Estimate,"58,952"
        Margin of Error,"±3,536"
    Families,
        Estimate,"57,656"
        Margin of Error,"±11,504"
    Married-couple families,
        Estimate,"69,643"
        Margin of Error,"±18,461"
    Nonfamily households,
        Estimate,"58,359"
        Margin of Error,"±40,901"
"Census Tract 9105.01, Los Angeles County, California",
    Households,
        Estimate,"20,608"
        Margin of Error,"±5,512"
    Families,
        Estimate,"22,619"
        Margin of Error,"±7,006"
    Married-couple families,
        Estimate,"45,417"
        Margin of Error,"±12,927"
    Nonfamily households,
        Estimate,"17,500"
        Margin of Error,"±4,746"
"Census Tract 9105.02, Los Angeles County, California",
    Households,
        Estimate,"38,784"
        Margin of Error,"±4,570"
    Families,
        Estimate,"42,355"
        Margin of Error,"±8,328"
    Married-couple families,
        Estimate,"47,721"
        Margin of Error,"±8,585"
    Nonfamily households,
        Estimate,"12,841"
        Margin of Error,"±7,804"
"Census Tract 9105.04, Los Angeles County, California",
    Households,
        Estimate,"51,082"
        Margin of Error,"±3,968"
    Families,
        Estimate,"50,000"
        Margin of Error,"±9,270"
    Married-couple families,
        Estimate,"63,452"
        Margin of Error,"±5,945"
    Nonfamily households,
        Estimate,"51,389"
        Margin of Error,"±6,203"
"Census Tract 9105.05, Los Angeles County, California",
    Households,
        Estimate,"68,864"
        Margin of Error,"±15,625"
    Families,
        Estimate,"73,015"
        Margin of Error,"±18,144"
    Married-couple families,
        Estimate,"91,393"
        Margin of Error,"±18,090"
    Nonfamily households,
        Estimate,"21,094"
        Margin of Error,"±7,879"
"Census Tract 9106.01, Los Angeles County, California",
    Households,
        Estimate,"41,563"
        Margin of Error,"±10,015"
    Families,
        Estimate,"49,750"
        Margin of Error,"±12,298"
    Married-couple families,
        Estimate,"60,602"
        Margin of Error,"±16,566"
    Nonfamily households,
        Estimate,"16,857"
        Margin of Error,"±13,588"
"Census Tract 9106.02, Los Angeles County, California",
    Households,
        Estimate,"41,538"
        Margin of Error,"±3,615"
    Families,
        Estimate,"41,996"
        Margin of Error,"±3,936"
    Married-couple families,
        Estimate,"45,313"
        Margin of Error,"±13,123"
    Nonfamily households,
        Estimate,"30,924"
        Margin of Error,"±10,620"
"Census Tract 9106.03, Los Angeles County, California",
    Households,
        Estimate,"57,824"
        Margin of Error,"±8,735"
    Families,
        Estimate,"58,926"
        Margin of Error,"±6,303"
    Married-couple families,
        Estimate,"63,631"
        Margin of Error,"±10,883"
    Nonfamily households,
        Estimate,"40,034"
        Margin of Error,"±18,614"
"Census Tract 9106.05, Los Angeles County, California",
    Households,
        Estimate,"44,665"
        Margin of Error,"±10,596"
    Families,
        Estimate,"42,530"
        Margin of Error,"±7,183"
    Married-couple families,
        Estimate,"55,970"
        Margin of Error,"±8,528"
    Nonfamily households,
        Estimate,"19,688"
        Margin of Error,"±10,738"
"Census Tract 9106.06, Los Angeles County, California",
    Households,
        Estimate,"53,922"
        Margin of Error,"±12,174"
    Families,
        Estimate,"53,534"
        Margin of Error,"±12,860"
    Married-couple families,
        Estimate,"52,083"
        Margin of Error,"±14,308"
    Nonfamily households,
        Estimate,"41,150"
        Margin of Error,"±9,962"
"Census Tract 9107.05, Los Angeles County, California",
    Households,
        Estimate,"76,219"
        Margin of Error,"±14,284"
    Families,
        Estimate,"74,881"
        Margin of Error,"±14,158"
    Married-couple families,
        Estimate,"77,833"
        Margin of Error,"±21,187"
    Nonfamily households,
        Estimate,"59,681"
        Margin of Error,"±18,875"
"Census Tract 9107.06, Los Angeles County, California",
    Households,
        Estimate,"60,094"
        Margin of Error,"±6,463"
    Families,
        Estimate,"62,219"
        Margin of Error,"±6,951"
    Married-couple families,
        Estimate,"66,731"
        Margin of Error,"±10,054"
    Nonfamily households,
        Estimate,"33,583"
        Margin of Error,"±9,960"
"Census Tract 9107.07, Los Angeles County, California",
    Households,
        Estimate,"53,646"
        Margin of Error,"±6,933"
    Families,
        Estimate,"52,231"
        Margin of Error,"±10,258"
    Married-couple families,
        Estimate,"85,746"
        Margin of Error,"±16,182"
    Nonfamily households,
        Estimate,"43,819"
        Margin of Error,"±9,576"
"Census Tract 9107.09, Los Angeles County, California",
    Households,
        Estimate,"87,188"
        Margin of Error,"±20,653"
    Families,
        Estimate,"85,060"
        Margin of Error,"±17,633"
    Married-couple families,
        Estimate,"86,406"
        Margin of Error,"±16,405"
    Nonfamily households,
        Estimate,-
        Margin of Error,**
"Census Tract 9107.11, Los Angeles County, California",
    Households,
        Estimate,"62,910"
        Margin of Error,"±9,920"
    Families,
        Estimate,"67,013"
        Margin of Error,"±10,255"
    Married-couple families,
        Estimate,"76,935"
        Margin of Error,"±19,590"
    Nonfamily households,
        Estimate,"23,652"
        Margin of Error,"±6,326"
"Census Tract 9107.12, Los Angeles County, California",
    Households,
        Estimate,"70,884"
        Margin of Error,"±11,821"
    Families,
        Estimate,"71,555"
        Margin of Error,"±11,082"
    Married-couple families,
        Estimate,"76,500"
        Margin of Error,"±18,653"
    Nonfamily households,
        Estimate,"43,261"
        Margin of Error,"±21,884"
"Census Tract 9107.13, Los Angeles County, California",
    Households,
        Estimate,"64,472"
        Margin of Error,"±3,845"
    Families,
        Estimate,"64,250"
        Margin of Error,"±4,279"
    Married-couple families,
        Estimate,"64,111"
        Margin of Error,"±7,824"
    Nonfamily households,
        Estimate,"49,583"
        Margin of Error,"±26,859"
"Census Tract 9107.14, Los Angeles County, California",
    Households,
        Estimate,"56,652"
        Margin of Error,"±10,079"
    Families,
        Estimate,"53,207"
        Margin of Error,"±8,788"
    Married-couple families,
        Estimate,"62,011"
        Margin of Error,"±8,667"
    Nonfamily households,
        Estimate,"61,786"
        Margin of Error,"±57,676"
"Census Tract 9107.15, Los Angeles County, California",
    Households,
        Estimate,"55,118"
        Margin of Error,"±3,330"
    Families,
        Estimate,"56,735"
        Margin of Error,"±4,776"
    Married-couple families,
        Estimate,"71,552"
        Margin of Error,"±8,254"
    Nonfamily households,
        Estimate,"42,188"
        Margin of Error,"±17,196"
"Census Tract 9107.16, Los Angeles County, California",
    Households,
        Estimate,"73,466"
        Margin of Error,"±24,041"
    Families,
        Estimate,"75,032"
        Margin of Error,"±16,304"
    Married-couple families,
        Estimate,"85,461"
        Margin of Error,"±16,202"
    Nonfamily households,
        Estimate,"37,961"
        Margin of Error,"±23,891"
"Census Tract 9108.04, Los Angeles County, California",
    Households,
        Estimate,"97,326"
        Margin of Error,"±20,756"
    Families,
        Estimate,"111,364"
        Margin of Error,"±17,812"
    Married-couple families,
        Estimate,"112,500"
        Margin of Error,"±19,803"
    Nonfamily households,
        Estimate,"24,831"
        Margin of Error,"±7,801"
"Census Tract 9108.05, Los Angeles County, California",
    Households,
        Estimate,"105,263"
        Margin of Error,"±20,592"
    Families,
        Estimate,"124,479"
        Margin of Error,"±28,594"
    Married-couple families,
        Estimate,"155,037"
        Margin of Error,"±22,491"
    Nonfamily households,
        Estimate,"34,732"
        Margin of Error,"±11,820"
"Census Tract 9108.07, Los Angeles County, California",
    Households,
        Estimate,"115,685"
        Margin of Error,"±9,317"
    Families,
        Estimate,"117,719"
        Margin of Error,"±7,817"
    Married-couple families,
        Estimate,"119,542"
        Margin of Error,"±12,148"
    Nonfamily households,
        Estimate,"80,909"
        Margin of Error,"±55,366"
"Census Tract 9108.08, Los Angeles County, California",
    Households,
        Estimate,"117,813"
        Margin of Error,"±28,044"
    Families,
        Estimate,"120,224"
        Margin of Error,"±17,370"
    Married-couple families,
        Estimate,"126,188"
        Margin of Error,"±23,357"
    Nonfamily households,
        Estimate,"80,489"
        Margin of Error,"±27,461"
"Census Tract 9108.09, Los Angeles County, California",
    Households,
        Estimate,"147,639"
        Margin of Error,"±51,396"
    Families,
        Estimate,"196,964"
        Margin of Error,"±19,555"
    Married-couple families,
        Estimate,"205,197"
        Margin of Error,"±15,426"
    Nonfamily households,
        Estimate,"77,500"
        Margin of Error,"±23,458"
"Census Tract 9108.10, Los Angeles County, California",
    Households,
        Estimate,"147,917"
        Margin of Error,"±18,141"
    Families,
        Estimate,"147,917"
        Margin of Error,"±20,374"
    Married-couple families,
        Estimate,"166,818"
        Margin of Error,"±18,286"
    Nonfamily households,
        Estimate,-
        Margin of Error,**
"Census Tract 9108.11, Los Angeles County, California",
    Households,
        Estimate,"121,771"
        Margin of Error,"±56,480"
    Families,
        Estimate,"122,188"
        Margin of Error,"±44,774"
    Married-couple families,
        Estimate,"122,188"
        Margin of Error,"±44,774"
    Nonfamily households,
        Estimate,-
        Margin of Error,**
"Census Tract 9108.12, Los Angeles County, California",
    Households,
        Estimate,"81,563"
        Margin of Error,"±37,283"
    Families,
        Estimate,"89,583"
        Margin of Error,"±65,209"
    Married-couple families,
        Estimate,"94,063"
        Margin of Error,"±88,309"
    Nonfamily households,
        Estimate,"19,107"
        Margin of Error,"±8,143"
"Census Tract 9108.13, Los Angeles County, California",
    Households,
        Estimate,"105,703"
        Margin of Error,"±24,712"
    Families,
        Estimate,"121,199"
        Margin of Error,"±18,440"
    Married-couple families,
        Estimate,"121,939"
        Margin of Error,"±36,274"
    Nonfamily households,
        Estimate,"30,278"
        Margin of Error,"±21,586"
"Census Tract 9110.01, Los Angeles County, California",
    Households,
        Estimate,"53,830"
        Margin of Error,"±13,568"
    Families,
        Estimate,"69,033"
        Margin of Error,"±8,684"
    Married-couple families,
        Estimate,"76,520"
        Margin of Error,"±17,258"
    Nonfamily households,
        Estimate,"36,023"
        Margin of Error,"±7,845"
"Census Tract 9200.11, Los Angeles County, California",
    Households,
        Estimate,"67,188"
        Margin of Error,"±19,721"
    Families,
        Estimate,"83,750"
        Margin of Error,"±23,761"
    Married-couple families,
        Estimate,"86,250"
        Margin of Error,"±19,960"
    Nonfamily households,
        Estimate,"63,438"
        Margin of Error,"±34,916"
"Census Tract 9200.12, Los Angeles County, California",
    Households,
        Estimate,"71,591"
        Margin of Error,"±20,234"
    Families,
        Estimate,"82,566"
        Margin of Error,"±30,329"
    Married-couple families,
        Estimate,"72,273"
        Margin of Error,"±25,460"
    Nonfamily households,
        Estimate,"53,750"
        Margin of Error,"±33,340"
"Census Tract 9200.13, Los Angeles County, California",
    Households,
        Estimate,"131,298"
        Margin of Error,"±7,749"
    Families,
        Estimate,"146,406"
        Margin of Error,"±11,049"
    Married-couple families,
        Estimate,"151,351"
        Margin of Error,"±7,360"
    Nonfamily households,
        Estimate,"46,981"
        Margin of Error,"±32,212"
"Census Tract 9200.15, Los Angeles County, California",
    Households,
        Estimate,"145,833"
        Margin of Error,"±15,126"
    Families,
        Estimate,"155,417"
        Margin of Error,"±13,638"
    Married-couple families,
        Estimate,"164,096"
        Margin of Error,"±10,369"
    Nonfamily households,
        Estimate,"68,036"
        Margin of Error,"±22,231"
"Census Tract 9200.16, Los Angeles County, California",
    Households,
        Estimate,"138,125"
        Margin of Error,"±19,551"
    Families,
        Estimate,"143,917"
        Margin of Error,"±16,238"
    Married-couple families,
        Estimate,"150,741"
        Margin of Error,"±7,773"
    Nonfamily households,
        Estimate,"90,714"
        Margin of Error,"±32,835"
"Census Tract 9200.17, Los Angeles County, California",
    Households,
        Estimate,"113,299"
        Margin of Error,"±11,221"
    Families,
        Estimate,"122,083"
        Margin of Error,"±13,377"
    Married-couple families,
        Estimate,"130,994"
        Margin of Error,"±11,676"
    Nonfamily households,
        Estimate,"50,066"
        Margin of Error,"±26,840"
"Census Tract 9200.18, Los Angeles County, California",
    Households,
        Estimate,"113,750"
        Margin of Error,"±11,338"
    Families,
        Estimate,"126,406"
        Margin of Error,"±13,602"
    Married-couple families,
        Estimate,"137,708"
        Margin of Error,"±11,938"
    Nonfamily households,
        Estimate,"92,250"
        Margin of Error,"±19,338"
"Census Tract 9200.20, Los Angeles County, California",
    Households,
        Estimate,"112,969"
        Margin of Error,"±17,377"
    Families,
        Estimate,"137,826"
        Margin of Error,"±33,513"
    Married-couple families,
        Estimate,"145,288"
        Margin of Error,"±17,574"
    Nonfamily households,
        Estimate,"68,947"
        Margin of Error,"±31,948"
"Census Tract 9200.23, Los Angeles County, California",
    Households,
        Estimate,"80,580"
        Margin of Error,"±17,781"
    Families,
        Estimate,"85,417"
        Margin of Error,"±22,035"
    Married-couple families,
        Estimate,"125,341"
        Margin of Error,"±32,418"
    Nonfamily households,
        Estimate,"58,690"
        Margin of Error,"±15,393"
"Census Tract 9200.26, Los Angeles County, California",
    Households,
        Estimate,"84,688"
        Margin of Error,"±45,682"
    Families,
        Estimate,"107,031"
        Margin of Error,"±44,488"
    Married-couple families,
        Estimate,"128,125"
        Margin of Error,"±48,871"
    Nonfamily households,
        Estimate,"31,000"
        Margin of Error,"±8,973"
"Census Tract 9200.28, Los Angeles County, California",
    Households,
        Estimate,"119,744"
        Margin of Error,"±9,270"
    Families,
        Estimate,"126,000"
        Margin of Error,"±16,993"
    Married-couple families,
        Estimate,"129,028"
        Margin of Error,"±22,813"
    Nonfamily households,
        Estimate,"69,881"
        Margin of Error,"±21,587"
"Census Tract 9200.29, Los Angeles County, California",
    Households,
        Estimate,"75,972"
        Margin of Error,"±18,088"
    Families,
        Estimate,"81,364"
        Margin of Error,"±14,545"
    Married-couple families,
        Estimate,"96,719"
        Margin of Error,"±16,692"
    Nonfamily households,
        Estimate,"60,813"
        Margin of Error,"±15,450"
"Census Tract 9200.30, Los Angeles County, California",
    Households,
        Estimate,"86,649"
        Margin of Error,"±7,391"
    Families,
        Estimate,"102,864"
        Margin of Error,"±19,826"
    Married-couple families,
        Estimate,"104,547"
        Margin of Error,"±25,021"
    Nonfamily households,
        Estimate,"36,528"
        Margin of Error,"±15,218"
"Census Tract 9200.31, Los Angeles County, California",
    Households,
        Estimate,"65,673"
        Margin of Error,"±11,703"
    Families,
        Estimate,"90,571"
        Margin of Error,"±13,775"
    Married-couple families,
        Estimate,"92,143"
        Margin of Error,"±19,300"
    Nonfamily households,
        Estimate,"48,021"
        Margin of Error,"±14,869"
"Census Tract 9200.32, Los Angeles County, California",
    Households,
        Estimate,"139,514"
        Margin of Error,"±15,030"
    Families,
        Estimate,"139,375"
        Margin of Error,"±21,522"
    Married-couple families,
        Estimate,"153,750"
        Margin of Error,"±19,991"
    Nonfamily households,
        Estimate,"120,000"
        Margin of Error,"±39,623"
"Census Tract 9200.33, Los Angeles County, California",
    Households,
        Estimate,"61,250"
        Margin of Error,"±35,457"
    Families,
        Estimate,"88,750"
        Margin of Error,"±46,672"
    Married-couple families,
        Estimate,"61,625"
        Margin of Error,"±39,540"
    Nonfamily households,
        Estimate,"29,000"
        Margin of Error,"±28,402"
"Census Tract 9200.34, Los Angeles County, California",
    Households,
        Estimate,"85,637"
        Margin of Error,"±11,264"
    Families,
        Estimate,"97,857"
        Margin of Error,"±18,717"
    Married-couple families,
        Estimate,"115,000"
        Margin of Error,"±28,437"
    Nonfamily households,
        Estimate,"70,395"
        Margin of Error,"±22,475"
"Census Tract 9200.35, Los Angeles County, California",
    Households,
        Estimate,"76,992"
        Margin of Error,"±10,796"
    Families,
        Estimate,"83,333"
        Margin of Error,"±14,367"
    Married-couple families,
        Estimate,"91,975"
        Margin of Error,"±16,370"
    Nonfamily households,
        Estimate,"47,266"
        Margin of Error,"±16,308"
"Census Tract 9200.36, Los Angeles County, California",
    Households,
        Estimate,"77,652"
        Margin of Error,"±13,781"
    Families,
        Estimate,"79,207"
        Margin of Error,"±8,799"
    Married-couple families,
        Estimate,"87,879"
        Margin of Error,"±10,328"
    Nonfamily households,
        Estimate,"39,479"
        Margin of Error,"±23,365"
"Census Tract 9200.37, Los Angeles County, California",
    Households,
        Estimate,"58,868"
        Margin of Error,"±4,243"
    Families,
        Estimate,"58,472"
        Margin of Error,"±5,919"
    Married-couple families,
        Estimate,"74,144"
        Margin of Error,"±8,068"
    Nonfamily households,
        Estimate,"47,005"
        Margin of Error,"±12,952"
"Census Tract 9200.38, Los Angeles County, California",
    Households,
        Estimate,"55,606"
        Margin of Error,"±8,135"
    Families,
        Estimate,"52,048"
        Margin of Error,"±10,792"
    Married-couple families,
        Estimate,"56,979"
        Margin of Error,"±44,535"
    Nonfamily households,
        Estimate,-
        Margin of Error,**
"Census Tract 9200.39, Los Angeles County, California",
    Households,
        Estimate,"126,310"
        Margin of Error,"±22,220"
    Families,
        Estimate,"137,917"
        Margin of Error,"±23,846"
    Married-couple families,
        Estimate,"139,271"
        Margin of Error,"±26,773"
    Nonfamily households,
        Estimate,-
        Margin of Error,**
"Census Tract 9200.40, Los Angeles County, California",
    Households,
        Estimate,"99,620"
        Margin of Error,"±9,146"
    Families,
        Estimate,"114,300"
        Margin of Error,"±16,943"
    Married-couple families,
        Estimate,"114,400"
        Margin of Error,"±19,003"
    Nonfamily households,
        Estimate,"50,956"
        Margin of Error,"±21,797"
"Census Tract 9200.41, Los Angeles County, California",
    Households,
        Estimate,"85,147"
        Margin of Error,"±6,031"
    Families,
        Estimate,"82,407"
        Margin of Error,"±8,010"
    Married-couple families,
        Estimate,"86,250"
        Margin of Error,"±12,693"
    Nonfamily households,
        Estimate,"85,870"
        Margin of Error,"±12,916"
"Census Tract 9200.42, Los Angeles County, California",
    Households,
        Estimate,"94,706"
        Margin of Error,"±17,424"
    Families,
        Estimate,"92,100"
        Margin of Error,"±17,442"
    Married-couple families,
        Estimate,"117,617"
        Margin of Error,"±15,307"
    Nonfamily households,
        Estimate,"62,344"
        Margin of Error,"±27,799"
"Census Tract 9200.43, Los Angeles County, California",
    Households,
        Estimate,"146,310"
        Margin of Error,"±18,610"
    Families,
        Estimate,"154,271"
        Margin of Error,"±23,576"
    Married-couple families,
        Estimate,"175,208"
        Margin of Error,"±31,833"
    Nonfamily households,
        Estimate,"115,795"
        Margin of Error,"±27,249"
"Census Tract 9200.44, Los Angeles County, California",
    Households,
        Estimate,"98,472"
        Margin of Error,"±8,850"
    Families,
        Estimate,"101,250"
        Margin of Error,"±18,712"
    Married-couple families,
        Estimate,"122,917"
        Margin of Error,"±24,538"
    Nonfamily households,
        Estimate,"78,750"
        Margin of Error,"±21,117"
"Census Tract 9200.45, Los Angeles County, California",
    Households,
        Estimate,"141,029"
        Margin of Error,"±13,830"
    Families,
        Estimate,"145,063"
        Margin of Error,"±15,213"
    Married-couple families,
        Estimate,"153,380"
        Margin of Error,"±7,173"
    Nonfamily households,
        Estimate,"97,452"
        Margin of Error,"±16,997"
"Census Tract 9201.02, Los Angeles County, California",
    Households,
        Estimate,"90,214"
        Margin of Error,"±8,448"
    Families,
        Estimate,"102,421"
        Margin of Error,"±8,727"
    Married-couple families,
        Estimate,"113,396"
        Margin of Error,"±9,192"
    Nonfamily households,
        Estimate,"31,938"
        Margin of Error,"±5,142"
"Census Tract 9201.04, Los Angeles County, California",
    Households,
        Estimate,"127,625"
        Margin of Error,"±8,085"
    Families,
        Estimate,"131,250"
        Margin of Error,"±11,796"
    Married-couple families,
        Estimate,"135,000"
        Margin of Error,"±12,174"
    Nonfamily households,
        Estimate,"65,000"
        Margin of Error,"±36,969"
"Census Tract 9201.06, Los Angeles County, California",
    Households,
        Estimate,"89,087"
        Margin of Error,"±9,692"
    Families,
        Estimate,"90,545"
        Margin of Error,"±13,883"
    Married-couple families,
        Estimate,"102,250"
        Margin of Error,"±10,989"
    Nonfamily households,
        Estimate,"45,500"
        Margin of Error,"±18,680"
"Census Tract 9201.07, Los Angeles County, California",
    Households,
        Estimate,"180,500"
        Margin of Error,"±33,182"
    Families,
        Estimate,"192,750"
        Margin of Error,"±34,620"
    Married-couple families,
        Estimate,"212,993"
        Margin of Error,"±23,178"
    Nonfamily households,
        Estimate,"91,964"
        Margin of Error,"±29,500"
"Census Tract 9201.08, Los Angeles County, California",
    Households,
        Estimate,"119,289"
        Margin of Error,"±8,778"
    Families,
        Estimate,"129,185"
        Margin of Error,"±6,412"
    Married-couple families,
        Estimate,"136,750"
        Margin of Error,"±18,950"
    Nonfamily households,
        Estimate,"76,582"
        Margin of Error,"±6,664"
"Census Tract 9201.09, Los Angeles County, California",
    Households,
        Estimate,"112,959"
        Margin of Error,"±13,489"
    Families,
        Estimate,"120,735"
        Margin of Error,"±14,837"
    Married-couple families,
        Estimate,"124,008"
        Margin of Error,"±10,047"
    Nonfamily households,
        Estimate,"71,103"
        Margin of Error,"±22,930"
"Census Tract 9201.10, Los Angeles County, California",
    Households,
        Estimate,"144,886"
        Margin of Error,"±21,163"
    Families,
        Estimate,"157,813"
        Margin of Error,"±34,307"
    Married-couple families,
        Estimate,"166,818"
        Margin of Error,"±42,003"
    Nonfamily households,
        Estimate,"81,167"
        Margin of Error,"±31,030"
"Census Tract 9201.11, Los Angeles County, California",
    Households,
        Estimate,"107,132"
        Margin of Error,"±20,312"
    Families,
        Estimate,"115,781"
        Margin of Error,"±19,533"
    Married-couple families,
        Estimate,"114,219"
        Margin of Error,"±19,381"
    Nonfamily households,
        Estimate,"64,028"
        Margin of Error,"±41,680"
"Census Tract 9201.12, Los Angeles County, California",
    Households,
        Estimate,"104,559"
        Margin of Error,"±14,642"
    Families,
        Estimate,"141,473"
        Margin of Error,"±24,806"
    Married-couple families,
        Estimate,"162,933"
        Margin of Error,"±36,807"
    Nonfamily households,
        Estimate,"43,802"
        Margin of Error,"±25,912"
"Census Tract 9201.14, Los Angeles County, California",
    Households,
        Estimate,"120,536"
        Margin of Error,"±21,577"
    Families,
        Estimate,"134,313"
        Margin of Error,"±21,500"
    Married-couple families,
        Estimate,"153,111"
        Margin of Error,"±20,063"
    Nonfamily households,
        Estimate,"64,345"
        Margin of Error,"±7,727"
"Census Tract 9201.15, Los Angeles County, California",
    Households,
        Estimate,"117,955"
        Margin of Error,"±16,325"
    Families,
        Estimate,"130,268"
        Margin of Error,"±25,385"
    Married-couple families,
        Estimate,"149,883"
        Margin of Error,"±12,019"
    Nonfamily households,
        Estimate,"41,563"
        Margin of Error,"±9,925"
"Census Tract 9201.16, Los Angeles County, California",
    Households,
        Estimate,"113,720"
        Margin of Error,"±18,698"
    Families,
        Estimate,"132,850"
        Margin of Error,"±19,004"
    Married-couple families,
        Estimate,"133,625"
        Margin of Error,"±18,689"
    Nonfamily households,
        Estimate,"54,643"
        Margin of Error,"±14,739"
"Census Tract 9201.18, Los Angeles County, California",
    Households,
        Estimate,"126,425"
        Margin of Error,"±9,653"
    Families,
        Estimate,"127,969"
        Margin of Error,"±10,830"
    Married-couple families,
        Estimate,"132,928"
        Margin of Error,"±11,826"
    Nonfamily households,
        Estimate,"75,208"
        Margin of Error,"±35,569"
"Census Tract 9201.19, Los Angeles County, California",
    Households,
        Estimate,"142,321"
        Margin of Error,"±12,792"
    Families,
        Estimate,"144,464"
        Margin of Error,"±15,769"
    Married-couple families,
        Estimate,"146,429"
        Margin of Error,"±14,243"
    Nonfamily households,
        Estimate,"138,409"
        Margin of Error,"±137,883"
"Census Tract 9202, Los Angeles County, California",
    Households,
        Estimate,-
        Margin of Error,**
    Families,
        Estimate,-
        Margin of Error,**
    Married-couple families,
        Estimate,-
        Margin of Error,**
    Nonfamily households,
        Estimate,-
        Margin of Error,**
"Census Tract 9203.03, Los Angeles County, California",
    Households,
        Estimate,"95,714"
        Margin of Error,"±20,691"
    Families,
        Estimate,"96,667"
        Margin of Error,"±30,918"
    Married-couple families,
        Estimate,"160,156"
        Margin of Error,"±85,369"
    Nonfamily households,
        Estimate,-
        Margin of Error,**
"Census Tract 9203.12, Los Angeles County, California",
    Households,
        Estimate,"79,241"
        Margin of Error,"±18,469"
    Families,
        Estimate,"116,216"
        Margin of Error,"±18,174"
    Married-couple families,
        Estimate,"137,297"
        Margin of Error,"±10,542"
    Nonfamily households,
        Estimate,"34,464"
        Margin of Error,"±6,838"
"Census Tract 9203.13, Los Angeles County, California",
    Households,
        Estimate,"106,974"
        Margin of Error,"±22,667"
    Families,
        Estimate,"119,196"
        Margin of Error,"±26,720"
    Married-couple families,
        Estimate,"141,563"
        Margin of Error,"±17,067"
    Nonfamily households,
        Estimate,"50,042"
        Margin of Error,"±28,810"
"Census Tract 9203.14, Los Angeles County, California",
    Households,
        Estimate,"100,956"
        Margin of Error,"±13,218"
    Families,
        Estimate,"108,500"
        Margin of Error,"±18,805"
    Married-couple families,
        Estimate,"127,784"
        Margin of Error,"±12,887"
    Nonfamily households,
        Estimate,"73,125"
        Margin of Error,"±20,065"
"Census Tract 9203.22, Los Angeles County, California",
    Households,
        Estimate,"110,781"
        Margin of Error,"±30,929"
    Families,
        Estimate,"128,500"
        Margin of Error,"±26,440"
    Married-couple families,
        Estimate,"123,393"
        Margin of Error,"±26,712"
    Nonfamily households,
        Estimate,"41,250"
        Margin of Error,"±28,202"
"Census Tract 9203.26, Los Angeles County, California",
    Households,
        Estimate,"112,317"
        Margin of Error,"±19,898"
    Families,
        Estimate,"137,460"
        Margin of Error,"±18,463"
    Married-couple families,
        Estimate,"153,942"
        Margin of Error,"±20,569"
    Nonfamily households,
        Estimate,"62,917"
        Margin of Error,"±28,121"
"Census Tract 9203.28, Los Angeles County, California",
    Households,
        Estimate,"111,042"
        Margin of Error,"±41,901"
    Families,
        Estimate,"164,261"
        Margin of Error,"±17,721"
    Married-couple families,
        Estimate,"165,750"
        Margin of Error,"±29,993"
    Nonfamily households,
        Estimate,"64,167"
        Margin of Error,"±9,997"
"Census Tract 9203.29, Los Angeles County, California",
    Households,
        Estimate,"91,130"
        Margin of Error,"±14,900"
    Families,
        Estimate,"95,333"
        Margin of Error,"±20,811"
    Married-couple families,
        Estimate,"105,901"
        Margin of Error,"±17,079"
    Nonfamily households,
        Estimate,"73,621"
        Margin of Error,"±16,164"
"Census Tract 9203.30, Los Angeles County, California",
    Households,
        Estimate,"88,571"
        Margin of Error,"±23,047"
    Families,
        Estimate,"126,712"
        Margin of Error,"±11,683"
    Married-couple families,
        Estimate,"127,058"
        Margin of Error,"±24,524"
    Nonfamily households,
        Estimate,"21,766"
        Margin of Error,"±12,727"
"Census Tract 9203.31, Los Angeles County, California",
    Households,
        Estimate,"102,225"
        Margin of Error,"±9,617"
    Families,
        Estimate,"121,875"
        Margin of Error,"±15,591"
    Married-couple families,
        Estimate,"128,295"
        Margin of Error,"±26,955"
    Nonfamily households,
        Estimate,"60,855"
        Margin of Error,"±21,387"
"Census Tract 9203.32, Los Angeles County, California",
    Households,
        Estimate,"91,667"
        Margin of Error,"±33,312"
    Families,
        Estimate,"120,000"
        Margin of Error,"±3,832"
    Married-couple families,
        Estimate,"121,295"
        Margin of Error,"±11,063"
    Nonfamily households,
        Estimate,"61,250"
        Margin of Error,"±20,830"
"Census Tract 9203.34, Los Angeles County, California",
    Households,
        Estimate,"87,273"
        Margin of Error,"±20,125"
    Families,
        Estimate,"121,890"
        Margin of Error,"±14,566"
    Married-couple families,
        Estimate,"124,577"
        Margin of Error,"±11,317"
    Nonfamily households,
        Estimate,"45,625"
        Margin of Error,"±19,347"
"Census Tract 9203.36, Los Angeles County, California",
    Households,
        Estimate,"56,912"
        Margin of Error,"±4,647"
    Families,
        Estimate,"55,711"
        Margin of Error,"±8,047"
    Married-couple families,
        Estimate,"58,393"
        Margin of Error,"±5,135"
    Nonfamily households,
        Estimate,"39,653"
        Margin of Error,"±16,647"
"Census Tract 9203.37, Los Angeles County, California",
    Households,
        Estimate,"56,297"
        Margin of Error,"±13,347"
    Families,
        Estimate,"54,935"
        Margin of Error,"±5,473"
    Married-couple families,
        Estimate,"75,568"
        Margin of Error,"±16,764"
    Nonfamily households,
        Estimate,"49,211"
        Margin of Error,"±16,857"
"Census Tract 9203.38, Los Angeles County, California",
    Households,
        Estimate,"156,776"
        Margin of Error,"±17,628"
    Families,
        Estimate,"174,306"
        Margin of Error,"±17,764"
    Married-couple families,
        Estimate,"181,250"
        Margin of Error,"±25,985"
    Nonfamily households,
        Estimate,"51,923"
        Margin of Error,"±26,840"
"Census Tract 9203.39, Los Angeles County, California",
    Households,
        Estimate,"143,047"
        Margin of Error,"±42,128"
    Families,
        Estimate,"192,760"
        Margin of Error,"±39,316"
    Married-couple families,
        Estimate,"200,268"
        Margin of Error,"±20,216"
    Nonfamily households,
        Estimate,"109,048"
        Margin of Error,"±25,111"
"Census Tract 9301.01, Los Angeles County, California",
    Households,
        Estimate,"149,063"
        Margin of Error,"±136,896"
    Families,
        Estimate,"149,063"
        Margin of Error,"±136,896"
    Married-couple families,
        Estimate,"230,625"
        Margin of Error,"±178,305"
    Nonfamily households,
        Estimate,-
        Margin of Error,**
"Census Tract 9302, Los Angeles County, California",
    Households,
        Estimate,"85,972"
        Margin of Error,"±61,298"
    Families,
        Estimate,"160,673"
        Margin of Error,"±119,486"
    Married-couple families,
        Estimate,"161,731"
        Margin of Error,"±68,038"
    Nonfamily households,
        Estimate,"50,192"
        Margin of Error,"±11,493"
"Census Tract 9303.01, Los Angeles County, California",
    Households,
        Estimate,"84,219"
        Margin of Error,"±17,687"
    Families,
        Estimate,-
        Margin of Error,**
    Married-couple families,
        Estimate,-
        Margin of Error,**
    Nonfamily households,
        Estimate,-
        Margin of Error,**
"Census Tract 9800.01, Los Angeles County, California",
    Households,
        Estimate,-
        Margin of Error,**
    Families,
        Estimate,-
        Margin of Error,**
    Married-couple families,
        Estimate,-
        Margin of Error,**
    Nonfamily households,
        Estimate,-
        Margin of Error,**
"Census Tract 9800.02, Los Angeles County, California",
    Households,
        Estimate,-
        Margin of Error,**
    Families,
        Estimate,-
        Margin of Error,**
    Married-couple families,
        Estimate,-
        Margin of Error,**
    Nonfamily households,
        Estimate,-
        Margin of Error,**
"Census Tract 9800.03, Los Angeles County, California",
    Households,
        Estimate,-
        Margin of Error,**
    Families,
        Estimate,-
        Margin of Error,**
    Married-couple families,
        Estimate,-
        Margin of Error,**
    Nonfamily households,
        Estimate,-
        Margin of Error,**
"Census Tract 9800.04, Los Angeles County, California",
    Households,
        Estimate,-
        Margin of Error,**
    Families,
        Estimate,-
        Margin of Error,**
    Married-couple families,
        Estimate,-
        Margin of Error,**
    Nonfamily households,
        Estimate,-
        Margin of Error,**
"Census Tract 9800.05, Los Angeles County, California",
    Households,
        Estimate,-
        Margin of Error,**
    Families,
        Estimate,-
        Margin of Error,**
    Married-couple families,
        Estimate,-
        Margin of Error,**
    Nonfamily households,
        Estimate,-
        Margin of Error,**
"Census Tract 9800.06, Los Angeles County, California",
    Households,
        Estimate,-
        Margin of Error,**
    Families,
        Estimate,-
        Margin of Error,**
    Married-couple families,
        Estimate,-
        Margin of Error,**
    Nonfamily households,
        Estimate,-
        Margin of Error,**
"Census Tract 9800.07, Los Angeles County, California",
    Households,
        Estimate,-
        Margin of Error,**
    Families,
        Estimate,-
        Margin of Error,**
    Married-couple families,
        Estimate,-
        Margin of Error,**
    Nonfamily households,
        Estimate,-
        Margin of Error,**
"Census Tract 9800.08, Los Angeles County, California",
    Households,
        Estimate,-
        Margin of Error,**
    Families,
        Estimate,-
        Margin of Error,**
    Married-couple families,
        Estimate,-
        Margin of Error,**
    Nonfamily households,
        Estimate,-
        Margin of Error,**
"Census Tract 9800.09, Los Angeles County, California",
    Households,
        Estimate,-
        Margin of Error,**
    Families,
        Estimate,-
        Margin of Error,**
    Married-couple families,
        Estimate,-
        Margin of Error,**
    Nonfamily households,
        Estimate,-
        Margin of Error,**
"Census Tract 9800.10, Los Angeles County, California",
    Households,
        Estimate,"19,167"
        Margin of Error,"±11,351"
    Families,
        Estimate,-
        Margin of Error,**
    Married-couple families,
        Estimate,-
        Margin of Error,**
    Nonfamily households,
        Estimate,"11,250"
        Margin of Error,"±8,174"
"Census Tract 9800.13, Los Angeles County, California",
    Households,
        Estimate,-
        Margin of Error,**
    Families,
        Estimate,-
        Margin of Error,**
    Married-couple families,
        Estimate,-
        Margin of Error,**
    Nonfamily households,
        Estimate,-
        Margin of Error,**
"Census Tract 9800.14, Los Angeles County, California",
    Households,
        Estimate,-
        Margin of Error,**
    Families,
        Estimate,-
        Margin of Error,**
    Married-couple families,
        Estimate,-
        Margin of Error,**
    Nonfamily households,
        Estimate,-
        Margin of Error,**
"Census Tract 9800.15, Los Angeles County, California",
    Households,
        Estimate,"66,000"
        Margin of Error,"±32,077"
    Families,
        Estimate,"65,583"
        Margin of Error,"±30,844"
    Married-couple families,
        Estimate,"81,979"
        Margin of Error,"±17,856"
    Nonfamily households,
        Estimate,-
        Margin of Error,**
"Census Tract 9800.18, Los Angeles County, California",
    Households,
        Estimate,-
        Margin of Error,**
    Families,
        Estimate,-
        Margin of Error,**
    Married-couple families,
        Estimate,-
        Margin of Error,**
    Nonfamily households,
        Estimate,-
        Margin of Error,**
"Census Tract 9800.19, Los Angeles County, California",
    Households,
        Estimate,"231,250"
        Margin of Error,"±117,385"
    Families,
        Estimate,-
        Margin of Error,**
    Married-couple families,
        Estimate,-
        Margin of Error,**
    Nonfamily households,
        Estimate,"161,563"
        Margin of Error,"±137,564"
"Census Tract 9800.20, Los Angeles County, California",
    Households,
        Estimate,-
        Margin of Error,**
    Families,
        Estimate,-
        Margin of Error,**
    Married-couple families,
        Estimate,-
        Margin of Error,**
    Nonfamily households,
        Estimate,-
        Margin of Error,**
"Census Tract 9800.21, Los Angeles County, California",
    Households,
        Estimate,-
        Margin of Error,**
    Families,
        Estimate,-
        Margin of Error,**
    Married-couple families,
        Estimate,-
        Margin of Error,**
    Nonfamily households,
        Estimate,-
        Margin of Error,**
"Census Tract 9800.22, Los Angeles County, California",
    Households,
        Estimate,-
        Margin of Error,**
    Families,
        Estimate,-
        Margin of Error,**
    Married-couple families,
        Estimate,-
        Margin of Error,**
    Nonfamily households,
        Estimate,-
        Margin of Error,**
"Census Tract 9800.23, Los Angeles County, California",
    Households,
        Estimate,-
        Margin of Error,**
    Families,
        Estimate,-
        Margin of Error,**
    Married-couple families,
        Estimate,-
        Margin of Error,**
    Nonfamily households,
        Estimate,-
        Margin of Error,**
"Census Tract 9800.24, Los Angeles County, California",
    Households,
        Estimate,"150,250"
        Margin of Error,"±13,582"
    Families,
        Estimate,"160,750"
        Margin of Error,"±30,602"
    Married-couple families,
        Estimate,"153,125"
        Margin of Error,"±38,269"
    Nonfamily households,
        Estimate,-
        Margin of Error,**
"Census Tract 9800.25, Los Angeles County, California",
    Households,
        Estimate,-
        Margin of Error,**
    Families,
        Estimate,-
        Margin of Error,**
    Married-couple families,
        Estimate,-
        Margin of Error,**
    Nonfamily households,
        Estimate,-
        Margin of Error,**
"Census Tract 9800.26, Los Angeles County, California",
    Households,
        Estimate,-
        Margin of Error,**
    Families,
        Estimate,-
        Margin of Error,**
    Married-couple families,
        Estimate,-
        Margin of Error,**
    Nonfamily households,
        Estimate,-
        Margin of Error,**
"Census Tract 9800.28, Los Angeles County, California",
    Households,
        Estimate,-
        Margin of Error,**
    Families,
        Estimate,-
        Margin of Error,**
    Married-couple families,
        Estimate,-
        Margin of Error,**
    Nonfamily households,
        Estimate,-
        Margin of Error,**
"Census Tract 9800.30, Los Angeles County, California",
    Households,
        Estimate,-
        Margin of Error,**
    Families,
        Estimate,-
        Margin of Error,**
    Married-couple families,
        Estimate,-
        Margin of Error,**
    Nonfamily households,
        Estimate,-
        Margin of Error,**
"Census Tract 9800.31, Los Angeles County, California",
    Households,
        Estimate,-
        Margin of Error,**
    Families,
        Estimate,-
        Margin of Error,**
    Married-couple families,
        Estimate,-
        Margin of Error,**
    Nonfamily households,
        Estimate,-
        Margin of Error,**
"Census Tract 9800.33, Los Angeles County, California",
    Households,
        Estimate,-
        Margin of Error,**
    Families,
        Estimate,-
        Margin of Error,**
    Married-couple families,
        Estimate,-
        Margin of Error,**
    Nonfamily households,
        Estimate,-
        Margin of Error,**
"Census Tract 9901, Los Angeles County, California",
    Households,
        Estimate,-
        Margin of Error,**
    Families,
        Estimate,-
        Margin of Error,**
    Married-couple families,
        Estimate,-
        Margin of Error,**
    Nonfamily households,
        Estimate,-
        Margin of Error,**
"Census Tract 9902, Los Angeles County, California",
    Households,
        Estimate,-
        Margin of Error,**
    Families,
        Estimate,-
        Margin of Error,**
    Married-couple families,
        Estimate,-
        Margin of Error,**
    Nonfamily households,
        Estimate,-
        Margin of Error,**
"Census Tract 9903, Los Angeles County, California",
    Households,
        Estimate,-
        Margin of Error,**
    Families,
        Estimate,-
        Margin of Error,**
    Married-couple families,
        Estimate,-
        Margin of Error,**
    Nonfamily households,
        Estimate,-
        Margin of Error,**
