GISJOIN,YEAR,STUSAB,REGIONA,DIVISIONA,STATE,STATEA,COUNTY,COUNTYA,COUSUB,COUSUBA,PLACEA,TRACTA,BLKGRPA,CONCITA,AIANHHA,RES_ONLYA,TRUSTA,AIHHTLI,AITSA,ANRCA,CBSAA,CSAA,METDIVA,CNECTA,NECTADIV,UAA,CDCURRA,SLDUA,SLDLA,ZCTA5A,SUBMCDA,SDELMA,SDSECA,SDUNIA,PCI,PUMAA,GEO_ID,BTTRA,BTBGA,TL_GEO_ID,NAME_E,ASN2E001,ASN2E002,ASN2E003,ASN2E004,ASN2E005,ASN2E006,ASN2E007,ASN2E008,ASN2E009,ASN2E010,ASOAE001,ASOAE002,ASOAE003,ASOAE004,ASOAE005,ASOAE006,ASOAE007,ASOAE008,ASOAE009,ASOAE010,ASOAE011,ASOAE012,ASOAE013,ASOAE014,ASOAE015,ASOAE016,ASOAE017,ASOAE018,ASOAE019,ASOAE020,ASOAE021,ASOIE001,ASOIE002,ASOIE003,ASOIE004,ASOIE005,ASOIE006,ASOIE007,ASOIE008,ASOIE009,ASOIE010,ASOIE011,ASOIE012,ASOIE013,ASOIE014,ASOIE015,ASORE001,ASORE002,ASORE003,ASORE004,ASORE005,ASORE006,ASORE007,ASORE008,ASORE009,ASORE010,ASORE011,ASORE012,ASORE013,ASORE014,ASORE015,ASORE016,ASORE017,ASORE018,ASORE019,ASORE020,ASORE021,ASOTE001,ASOTE002,ASOTE003,ASOTE004,ASOTE005,ASOTE006,ASOTE007,ASOTE008,ASOTE009,ASOTE010,ASOTE011,ASOTE012,ASOTE013,ASP2E001,ASP2E002,ASP2E003,ASP2E004,ASP2E005,ASP2E006,ASP2E007,ASP2E008,ASP2E009,ASP2E010,ASP2E011,ASP2E012,ASP2E013,ASP2E014,ASP2E015,ASP2E016,ASP2E017,ASP2E018,ASP2E019,ASP2E020,ASP2E021,ASP2E022,ASP2E023,ASP2E024,ASP2E025,ASP2E026,ASP2E027,ASP2E028,ASP2E029,ASP2E030,ASP2E031,ASP2E032,ASP2E033,ASP2E034,ASP2E035,ASP3E001,ASP3E002,ASP3E003,ASP3E004,ASP3E005,ASP3E006,ASP3E007,ASP3E008,ASP3E009,ASP3E010,ASP3E011,ASP3E012,ASP3E013,ASP3E014,ASP3E015,ASP3E016,ASP3E017,ASP3E018,ASP3E019,ASP3E020,ASP3E021,ASP3E022,ASP3E023,ASP3E024,ASP3E025,ASQFE001,ASQFE002,ASQFE003,ASQFE004,ASQFE005,ASQFE006,ASQFE007,ASQFE008,ASQFE009,ASQFE010,ASQFE011,ASQFE012,ASQFE013,ASQFE014,ASQFE015,ASQFE016,ASSEE001,ASSEE002,ASSEE003,NAME_M,ASN2M001,ASN2M002,ASN2M003,ASN2M004,ASN2M005,ASN2M006,ASN2M007,ASN2M008,ASN2M009,ASN2M010,ASOAM001,ASOAM002,ASOAM003,ASOAM004,ASOAM005,ASOAM006,ASOAM007,ASOAM008,ASOAM009,ASOAM010,ASOAM011,ASOAM012,ASOAM013,ASOAM014,ASOAM015,ASOAM016,ASOAM017,ASOAM018,ASOAM019,ASOAM020,ASOAM021,ASOIM001,ASOIM002,ASOIM003,ASOIM004,ASOIM005,ASOIM006,ASOIM007,ASOIM008,ASOIM009,ASOIM010,ASOIM011,ASOIM012,ASOIM013,ASOIM014,ASOIM015,ASORM001,ASORM002,ASORM003,ASORM004,ASORM005,ASORM006,ASORM007,ASORM008,ASORM009,ASORM010,ASORM011,ASORM012,ASORM013,ASORM014,ASORM015,ASORM016,ASORM017,ASORM018,ASORM019,ASORM020,ASORM021,ASOTM001,ASOTM002,ASOTM003,ASOTM004,ASOTM005,ASOTM006,ASOTM007,ASOTM008,ASOTM009,ASOTM010,ASOTM011,ASOTM012,ASOTM013,ASP2M001,ASP2M002,ASP2M003,ASP2M004,ASP2M005,ASP2M006,ASP2M007,ASP2M008,ASP2M009,ASP2M010,ASP2M011,ASP2M012,ASP2M013,ASP2M014,ASP2M015,ASP2M016,ASP2M017,ASP2M018,ASP2M019,ASP2M020,ASP2M021,ASP2M022,ASP2M023,ASP2M024,ASP2M025,ASP2M026,ASP2M027,ASP2M028,ASP2M029,ASP2M030,ASP2M031,ASP2M032,ASP2M033,ASP2M034,ASP2M035,ASP3M001,ASP3M002,ASP3M003,ASP3M004,ASP3M005,ASP3M006,ASP3M007,ASP3M008,ASP3M009,ASP3M010,ASP3M011,ASP3M012,ASP3M013,ASP3M014,ASP3M015,ASP3M016,ASP3M017,ASP3M018,ASP3M019,ASP3M020,ASP3M021,ASP3M022,ASP3M023,ASP3M024,ASP3M025,ASQFM001,ASQFM002,ASQFM003,ASQFM004,ASQFM005,ASQFM006,ASQFM007,ASQFM008,ASQFM009,ASQFM010,ASQFM011,ASQFM012,ASQFM013,ASQFM014,ASQFM015,ASQFM016,ASSEM001,ASSEM002,ASSEM003
"G060001090020","2019-2023","CA",,,"California","06","Alameda County","001","Alameda CCD","90020",,,,,,,,,,,,,,".",".",,,,,,,,,,,,"0600000US0600190020",,,"0600190020","Alameda CCD, Alameda County, California",76876,33357,4659,367,23254,347,3719,11173,4869,6304,76876,65961,31153,4572,191,23038,333,851,5823,907,4916,10915,2204,87,176,216,14,2868,5350,3962,1388,38556,38454,28590,9864,102,19658,19571,14052,5519,87,18898,18883,14538,4345,15,38556,20464,18008,2456,1788,442,147,69,10,4696,1771,786,48,84,2007,156,195,954,984,267,10840,27716,377,1805,2959,3454,3798,1279,3714,848,1699,3201,3519,1063,55807,26400,371,81,116,220,84,22,125,476,3236,1032,3183,1334,9357,4386,1437,940,29407,551,117,399,196,82,224,111,495,2805,1263,3350,2271,10107,5267,1262,907,55807,922,13,19,0,61,77,28,184,331,46,370,166,246,236,971,5340,701,2295,6533,3605,19464,9653,2699,1847,36484,2176,2856,1236,2047,4576,3363,362,3253,5853,1579,2152,2073,2190,1423,1345,78482,89194,71638,"Alameda CCD, Alameda County, California",48,1488,935,168,1513,221,726,1127,802,790,48,1033,1467,934,96,1511,222,414,796,372,652,1038,503,57,119,129,23,546,819,728,386,1086,1091,1021,740,77,674,678,655,535,75,773,774,840,483,20,1086,968,898,505,470,169,125,60,16,449,285,208,35,78,374,108,103,256,274,118,861,1129,134,356,410,454,480,290,553,222,377,408,435,292,888,649,113,75,91,149,78,23,66,193,404,187,400,259,648,497,309,245,755,171,95,209,97,57,143,73,150,417,300,430,388,771,511,234,254,888,227,22,29,32,73,83,44,105,209,46,166,103,142,99,270,610,175,364,533,448,1119,689,395,377,1160,344,350,306,343,555,442,124,428,775,350,313,344,363,249,229,4518,7569,4324
"G060001090200","2019-2023","CA",,,"California","06","Alameda County","001","Berkeley CCD","90200",,,,,,,,,,,,,,".",".",,,,,,,,,,,,"0600000US0600190200",,,"0600190200","Berkeley CCD, Alameda County, California",139991,75143,9661,896,30680,187,6946,16478,5352,11126,139991,122864,70812,9203,166,30443,137,1462,10641,1218,9423,17127,4331,458,730,237,50,5484,5837,4134,1703,70473,70057,52910,17147,416,35535,35314,25918,9396,221,34938,34743,26992,7751,195,70473,22974,20341,2633,2061,410,105,57,0,11178,4041,6020,894,105,118,96,260,3220,8635,1116,22994,47479,1157,3287,6443,7357,5847,2272,5830,1287,2081,5164,5178,1576,90122,43859,482,140,110,136,123,113,103,493,3438,1041,3887,1868,13906,9286,3088,5645,46263,652,11,266,103,81,230,120,214,2806,962,3203,1723,16315,12409,3319,3849,90122,1134,5,0,37,19,37,53,44,332,18,221,204,343,223,707,5662,582,2003,7090,3591,30221,21695,6407,9494,75300,5087,7174,3909,4267,12931,6099,1010,4440,4564,2143,7506,5546,6069,2733,1822,54047,65263,44388,"Berkeley CCD, Alameda County, California",37,1706,1049,383,1440,95,920,1110,760,780,37,1133,1649,1025,80,1450,91,507,799,327,678,1138,554,279,370,132,51,798,718,619,389,1538,1561,1632,777,179,1195,1217,1175,585,127,1350,1364,1311,604,120,1538,982,965,357,330,154,65,44,32,791,462,579,204,96,63,58,106,510,882,302,1255,1439,279,446,650,902,569,348,631,262,307,551,479,280,1380,1320,162,63,64,119,78,83,68,162,556,240,517,456,676,695,339,510,1161,235,13,153,74,51,135,99,83,398,244,449,268,932,674,361,453,1380,304,9,32,33,22,37,44,53,169,17,129,101,155,126,183,658,174,348,666,463,1151,1032,529,706,1738,524,555,434,496,956,577,194,511,519,456,579,535,512,348,329,2424,4415,3147
"G060001091070","2019-2023","CA",,,"California","06","Alameda County","001","Fremont CCD","91070",,,,,,,,,,,,,,".",".",,,,,,,,,,,,"0600000US0600191070",,,"0600191070","Fremont CCD, Alameda County, California",342657,67562,11621,1983,200644,2429,29923,28495,15574,12921,342657,286527,58067,11403,867,199942,2268,1668,12312,1956,10356,56130,9495,218,1116,702,161,28255,16183,13618,2565,166118,165649,110865,54784,469,93177,92922,58331,34591,255,72941,72727,52534,20193,214,166118,108898,94486,14412,11349,2082,682,251,48,7475,2957,3261,1061,180,16,189,260,834,1698,2037,44727,121391,1036,5960,12060,16871,15280,6674,19456,5294,8144,15636,11370,3610,249379,124861,2453,402,938,524,1701,853,713,2045,19953,4311,11614,6734,36243,28268,2075,6034,124518,3545,815,1318,868,1699,844,673,2177,19326,4233,11517,7953,39617,24103,2725,3105,249379,5998,71,96,111,233,443,263,363,1893,530,862,3400,1697,1386,4222,36007,3272,8544,23131,14687,75860,52371,4800,9139,149985,25679,8403,8060,4534,8305,34517,953,11540,23787,4536,4528,3831,3935,3517,3860,83725,99835,67239,"Fremont CCD, Alameda County, California",366,2535,1589,434,3205,448,2555,2159,1846,1426,366,2884,2370,1592,231,3217,425,448,1478,531,1301,2881,1473,103,332,333,91,2477,1921,1859,485,2278,2256,2139,1600,187,1666,1657,1532,1186,156,1749,1744,1457,969,97,2278,2346,2073,1101,966,386,183,109,41,665,499,418,212,87,25,86,104,198,333,388,1798,2571,222,678,894,1284,934,615,1134,551,645,1028,693,519,1683,1249,348,170,240,196,430,259,211,396,1246,463,913,604,1169,1118,342,470,1443,491,262,331,242,397,280,230,461,1272,423,940,638,1568,1105,361,474,1683,703,91,63,99,160,170,135,146,427,221,218,629,362,360,617,1898,467,618,1518,989,2298,1775,548,732,2950,1484,720,633,533,698,1387,248,790,1166,480,480,545,469,391,484,1612,3023,2993
"G060001091260","2019-2023","CA",,,"California","06","Alameda County","001","Hayward CCD","91260",,,,,,,,,,,,,,".",".",,,,,,,,,,,,"0600000US0600191260",,,"0600191260","Hayward CCD, Alameda County, California",391759,98445,37652,4626,119358,6428,74522,50728,29922,20806,391759,257072,75673,36373,1032,117599,6164,2098,18133,2771,15362,134687,22772,1279,3594,1759,264,72424,32595,27151,5444,193043,192806,139475,53331,237,102587,102420,71569,30851,167,90456,90386,67906,22480,70,193043,149530,127842,21688,15370,4598,1016,495,209,12430,3313,7032,1574,276,235,588,305,708,2156,2204,25122,167921,2008,7226,15582,21331,20156,10403,29645,5415,9910,19884,19841,6520,284907,140387,6473,1490,3507,1883,2623,1143,1445,4991,32965,8947,20203,10786,30004,10028,1689,2210,144520,6214,1833,3929,1947,2109,1111,1443,3760,31598,8595,18218,12625,35086,12285,2338,1429,284907,12687,133,179,239,920,988,864,2570,4866,1450,2380,4732,2254,2888,8751,57373,7190,17542,38421,23411,65090,22313,4027,3639,102183,7851,5912,3531,5443,10235,9623,886,10254,20035,4638,4315,4868,5247,3556,5789,53501,58407,47595,"Hayward CCD, Alameda County, California",1024,2782,2359,880,3454,678,3730,3023,2545,1564,1024,3566,2139,2381,259,3410,670,500,1634,703,1395,3528,1969,381,836,509,136,3631,2562,2491,1060,2945,2941,2894,1885,91,2078,2070,1915,1294,76,1865,1873,1999,1284,48,2945,2870,2758,1430,1271,637,348,199,108,960,613,744,358,112,136,262,168,201,343,484,1550,2831,393,749,1197,1091,1220,854,1242,662,877,1313,1190,644,1976,1754,623,403,504,363,413,287,362,778,1660,798,1299,881,1471,863,286,357,1275,657,367,610,320,387,243,335,403,1421,777,1025,838,1577,892,310,251,1976,1121,128,138,105,340,313,311,515,670,345,394,591,415,529,944,2118,846,1250,1809,1248,2351,1270,464,448,2995,679,657,599,605,800,699,248,800,1362,628,493,610,589,489,827,1124,1645,1478
"G060001091660","2019-2023","CA",,,"California","06","Alameda County","001","Livermore-Pleasanton CCD","91660",,,,,,,,,,,,,,".",".",,,,,,,,,,,,"0600000US0600191660",,,"0600191660","Livermore-Pleasanton CCD, Alameda County, California",238826,107920,5403,1560,84263,872,11443,27365,12218,15147,238826,200707,96979,5236,375,83874,833,636,12774,1343,11431,38119,10941,167,1185,389,39,10807,14591,10875,3716,120106,119806,87945,31861,300,66347,66125,46036,20089,222,53759,53681,41909,11772,78,120106,78639,69651,8988,7053,1416,192,221,106,6271,1606,2676,1643,341,5,295,240,868,1579,1345,30869,89237,1467,8444,12680,11549,9048,3440,7609,2008,4118,10595,13122,5157,168525,82602,1115,90,572,525,162,232,259,739,9504,3454,8502,4405,28394,17495,2666,4488,85923,1058,307,763,255,387,214,422,925,10026,4574,8303,7200,29892,16777,2620,2200,168525,2173,43,0,39,38,130,147,369,966,243,537,549,446,681,1664,17254,2276,8028,16805,11605,58286,34272,5286,6688,112378,12551,7639,5629,4795,8202,21182,884,9075,19472,4019,3299,4069,2917,3583,5062,94868,119709,70851,"Livermore-Pleasanton CCD, Alameda County, California",961,2799,977,453,2480,330,2040,2269,1683,1437,961,2723,2463,962,159,2485,324,247,1123,302,1110,2896,1432,157,411,145,44,2027,1832,1630,783,1869,1864,1866,1487,131,1252,1247,1323,1012,111,1189,1183,1095,755,82,1869,2112,2049,856,775,431,91,102,96,678,378,385,369,180,9,304,116,256,358,229,1334,2080,372,806,1192,932,942,500,680,255,512,836,997,640,1413,1472,371,63,331,194,100,168,99,202,958,487,790,383,1104,822,403,426,1067,285,140,266,132,152,87,284,269,781,483,759,586,1092,906,302,320,1413,515,37,32,53,40,94,91,175,407,132,267,185,184,317,313,1104,465,639,1033,693,1677,1301,553,559,2252,723,666,528,542,710,789,187,767,1108,483,514,523,443,468,752,2805,3199,2421
"G060001092230","2019-2023","CA",,,"California","06","Alameda County","001","Oakland CCD","92230",,,,,,,,,,,,,,".",".",,,,,,,,,,,,"0600000US0600192230",,,"0600192230","Oakland CCD, Alameda County, California",461840,145969,94863,5332,74351,2046,86632,52647,22360,30287,461840,333573,133761,92255,1371,73481,1916,3599,27190,2977,24213,128267,12208,2608,3961,870,130,83033,25457,19383,6074,241073,240782,176691,64091,291,125282,125059,89346,35713,223,115791,115723,87345,28378,68,241073,131623,114249,17374,13385,2649,815,459,66,34482,11320,19888,2207,455,612,1444,678,4506,7514,2750,58076,182997,2315,8795,20226,27080,25729,10214,28485,6587,10777,19737,17471,5581,341162,166435,6868,1870,4208,1284,3569,1465,1461,3992,28417,5748,18923,8504,45146,22160,6777,6043,174727,7713,2082,3491,1318,3319,1041,1709,4150,24672,7026,19412,9736,47396,29300,7173,5189,341162,14581,50,157,453,804,1713,775,1549,6150,727,1875,6888,2506,3170,8142,47365,5724,12774,38335,18240,92542,51460,13950,11232,186220,10054,14680,5687,11917,30791,13273,2806,11900,19321,5790,15172,12102,15936,8888,7903,59074,61824,55224,"Oakland CCD, Alameda County, California",64,3275,3104,818,2689,557,3528,2662,2265,1783,64,3496,3012,3004,331,2670,525,675,1759,599,1627,3496,1212,584,797,258,105,3458,2319,2190,850,2713,2716,2720,1910,134,2201,2212,2053,1377,122,2126,2118,2151,1266,52,2713,2616,2841,1172,1021,508,224,215,101,1356,853,1214,483,155,147,477,161,510,689,473,2142,2837,540,854,1270,1435,1226,893,1300,742,955,1207,1155,686,2014,1648,727,320,637,240,531,354,314,565,1387,652,1069,756,1748,1187,676,612,1627,652,416,428,346,390,272,340,580,1359,659,1209,842,1546,1316,615,497,2014,1117,39,88,177,252,389,194,336,837,165,426,661,475,459,940,2019,596,945,1829,1295,2458,1898,1015,795,3371,765,838,517,912,1526,908,356,834,1048,577,919,731,1030,699,647,1167,1624,1810
"G060003091890","2019-2023","CA",,,"California","06","Alpine County","003","Markleeville CCD","91890",,,,,,,,,,,,,,".",".",,,,,,,,,,,,"0600000US0600391890",,,"0600391890","Markleeville CCD, Alpine County, California",1695,1076,0,458,8,0,22,131,113,18,1695,1446,993,0,417,8,0,6,22,19,3,249,83,0,41,0,0,16,109,94,15,772,563,424,139,209,394,300,220,80,94,378,263,204,59,115,772,538,421,117,103,1,6,0,7,3,3,0,0,0,0,0,0,17,17,0,197,575,47,69,39,24,61,32,138,26,81,10,7,41,1178,612,0,0,12,0,1,1,0,8,152,65,67,70,130,58,19,29,566,2,6,0,0,8,0,1,5,66,51,108,59,134,87,27,12,1178,2,0,0,0,0,0,6,3,9,0,0,9,1,1,13,186,32,116,175,129,264,145,46,41,545,41,105,50,24,72,49,15,22,42,25,34,21,42,0,3,36630,40431,36087,"Markleeville CCD, Alpine County, California",234,226,14,60,8,14,36,79,78,16,234,218,215,14,27,8,14,11,23,23,5,115,97,14,52,14,14,33,77,76,15,152,130,121,59,98,119,94,73,40,59,94,84,84,49,62,152,135,132,75,75,2,10,14,24,10,10,14,14,14,14,14,14,25,18,14,75,146,43,74,32,30,31,27,67,23,70,10,12,29,175,118,14,14,25,14,3,3,14,9,72,33,33,43,64,50,27,25,101,4,11,14,14,14,14,2,7,48,37,52,42,62,75,23,13,175,4,14,14,14,14,14,11,10,21,14,14,14,3,2,11,70,36,51,71,68,102,98,43,26,153,31,51,57,20,40,62,21,18,30,15,34,18,44,14,4,11470,27760,10615
"G060005091410","2019-2023","CA",,,"California","06","Amador County","005","Ione CCD","91410",,,,,,,,,,,,,,".",".",,,,,,,,,,,,"0600000US0600591410",,,"0600591410","Ione CCD, Amador County, California",13995,9291,569,285,119,14,1298,2419,1229,1190,13995,10962,8977,552,220,119,14,206,874,272,602,3033,314,17,65,0,0,1092,1545,957,588,5090,5090,3433,1657,0,2945,2945,1923,1022,0,2145,2145,1510,635,0,5090,4201,3778,423,325,57,9,26,6,0,0,0,0,0,0,0,0,15,139,20,715,4375,251,394,342,791,568,236,500,106,163,688,268,68,11090,6930,56,47,156,136,200,156,372,275,1607,874,1166,891,763,183,10,38,4160,9,15,5,0,0,0,0,49,859,378,1075,746,854,134,36,0,11090,65,0,0,0,15,29,18,59,102,49,87,200,156,372,324,1888,578,1252,2241,1637,1617,317,46,38,2252,82,208,108,137,321,183,16,219,218,185,24,243,85,145,78,49495,61535,44011,"Ione CCD, Amador County, California",890,848,105,73,52,23,302,393,454,322,890,877,814,101,75,52,23,232,281,192,198,388,203,20,34,21,21,186,324,433,259,632,632,501,410,21,441,441,370,326,21,364,364,312,206,21,632,538,538,241,218,49,14,38,11,21,21,21,21,21,21,21,21,28,95,33,295,558,140,230,162,315,250,124,213,81,134,228,135,53,662,425,46,35,74,48,56,53,123,128,292,243,296,239,251,97,19,38,408,15,22,7,21,21,21,21,51,241,143,318,232,243,92,42,21,662,51,21,21,21,21,27,24,39,60,27,37,56,53,123,150,354,129,288,379,355,382,154,46,38,513,66,133,134,89,151,138,27,135,104,119,30,147,67,99,64,5774,15915,5887
"G060005091430","2019-2023","CA",,,"California","06","Amador County","005","Jackson CCD","91430",,,,,,,,,,,,,,".",".",,,,,,,,,,,,"0600000US0600591430",,,"0600591430","Jackson CCD, Amador County, California",8236,6731,103,115,313,0,138,836,478,358,8236,6975,6041,103,89,313,0,37,392,137,255,1261,690,0,26,0,0,101,444,341,103,3327,3327,2465,862,0,1696,1696,1152,544,0,1631,1631,1313,318,0,3327,2768,2428,340,279,12,0,49,0,7,7,0,0,0,0,0,0,29,95,0,428,2899,229,710,398,428,96,58,259,7,65,272,200,177,6142,3089,10,2,3,0,0,44,182,112,1086,178,379,355,515,168,37,18,3053,74,0,0,8,4,10,147,30,955,366,390,359,476,129,101,4,6142,84,1,0,0,0,1,0,0,3,0,8,4,54,329,142,1564,477,544,769,714,991,297,138,22,1553,82,73,47,55,146,97,30,211,298,193,78,79,37,66,61,38571,53750,29722,"Jackson CCD, Amador County, California",761,844,106,100,163,19,94,292,242,174,761,701,739,106,95,163,19,44,166,117,121,389,305,19,41,19,19,89,239,219,90,492,492,452,229,19,330,330,345,193,19,285,285,275,137,19,492,407,390,163,147,19,19,63,19,13,13,19,19,19,19,19,19,24,128,19,244,375,133,315,183,192,54,57,153,12,67,120,97,112,645,373,15,3,8,19,19,42,142,80,277,77,133,140,179,98,39,19,376,61,19,19,20,7,18,100,33,202,126,125,139,153,69,92,9,645,62,3,19,19,19,2,19,19,8,19,20,7,47,180,94,344,238,152,197,216,254,127,97,21,351,116,49,41,47,98,79,50,127,129,106,94,43,33,70,48,4798,15900,6315
"G060005092470","2019-2023","CA",,,"California","06","Amador County","005","Pine Grove-Silver Lake CCD","92470",,,,,,,,,,,,,,".",".",,,,,,,,,,,,"0600000US0600592470",,,"0600592470","Pine Grove-Silver Lake CCD, Amador County, California",10706,9088,24,15,135,12,281,1151,677,474,10706,9451,8779,24,15,135,12,72,414,11,403,1255,309,0,0,0,0,209,737,666,71,4052,4052,2552,1500,0,2326,2326,1368,958,0,1726,1726,1184,542,0,4052,3380,2940,440,285,153,2,0,0,17,0,0,0,17,0,0,0,0,39,9,607,3445,62,285,151,588,260,165,447,214,36,198,486,553,8758,4430,88,0,0,0,2,28,142,78,1419,534,816,341,610,292,13,67,4328,30,0,0,0,14,0,47,41,1361,435,714,650,669,283,76,8,8758,118,0,0,0,0,0,0,0,0,0,0,16,28,189,119,2334,446,969,1530,991,1279,575,89,75,2077,62,307,111,41,146,133,7,241,570,126,42,66,76,95,54,40671,43684,38153,"Pine Grove-Silver Lake CCD, Amador County, California",785,794,27,17,81,13,178,322,306,123,785,812,821,27,17,81,13,86,119,16,119,341,196,21,21,21,21,144,313,314,66,497,497,413,281,21,349,349,260,258,21,336,336,286,200,21,497,437,375,197,127,122,4,21,21,28,21,21,21,28,21,21,21,21,37,15,191,438,57,192,121,234,130,84,149,130,26,125,160,187,631,385,75,21,21,21,7,21,128,76,293,134,206,120,168,124,15,54,362,33,21,21,21,17,21,41,45,302,130,228,225,191,151,92,12,631,100,21,21,21,21,21,21,21,21,21,21,19,21,125,117,418,194,207,306,271,271,182,94,56,370,49,145,91,43,129,86,11,131,185,95,48,42,63,88,35,3102,19291,5276
"G060005093300","2019-2023","CA",,,"California","06","Amador County","005","Sutter Creek-Plymouth CCD","93300",,,,,,,,,,,,,,".",".",,,,,,,,,,,,"0600000US0600593300",,,"0600593300","Sutter Creek-Plymouth CCD, Amador County, California",8092,6793,129,77,20,0,446,627,304,323,8092,7280,6437,102,74,20,0,174,473,178,295,812,356,27,3,0,0,272,154,126,28,3202,3202,2095,1107,0,1766,1766,1148,618,0,1436,1436,947,489,0,3202,2567,2357,210,149,46,0,15,0,0,0,0,0,0,0,0,30,0,108,0,497,2705,89,316,405,363,177,211,164,84,13,380,406,97,6514,3349,20,0,0,66,17,24,10,108,652,668,693,245,576,176,56,38,3165,8,0,30,15,14,0,20,32,665,577,395,444,564,298,85,18,6514,28,0,0,0,0,0,0,18,12,0,81,31,24,30,140,1125,192,1245,1088,689,1140,474,141,56,1954,7,278,52,114,160,148,21,137,341,149,30,81,194,32,210,46508,52478,38831,"Sutter Creek-Plymouth CCD, Amador County, California",733,761,113,56,38,19,231,197,156,158,733,741,739,95,57,38,19,176,178,114,153,227,166,35,4,19,19,143,94,87,34,420,420,412,233,19,255,255,270,161,19,262,262,248,161,19,420,382,384,121,119,51,19,23,19,19,19,19,19,19,19,19,37,19,104,19,210,411,58,156,177,146,78,132,85,83,20,178,208,75,589,369,21,19,19,101,20,27,16,73,203,294,209,95,177,116,51,32,345,12,19,32,19,16,19,20,33,228,204,121,253,141,121,69,25,589,23,19,19,19,19,19,19,29,15,19,102,26,27,24,75,279,116,394,252,260,248,171,103,40,410,10,120,37,81,79,84,22,95,149,84,29,56,174,32,107,8783,11591,8485
"G060007090230","2019-2023","CA",,,"California","06","Butte County","007","Biggs CCD","90230",,,,,,,,,,,,,,".",".",,,,,,,,,,,,"0600000US0600790230",,,"0600790230","Biggs CCD, Butte County, California",3763,2936,0,0,27,0,235,565,233,332,3763,2836,2565,0,0,27,0,83,161,14,147,927,371,0,0,0,0,152,404,219,185,1396,1396,979,417,0,930,930,604,326,0,466,466,375,91,0,1396,1194,1089,105,66,14,0,25,0,0,0,0,0,0,0,0,0,0,41,11,150,1246,55,185,170,148,153,48,174,105,47,19,69,73,2204,1184,57,27,0,7,16,0,13,30,460,93,160,83,141,86,11,0,1020,13,26,0,18,0,31,12,0,365,55,166,107,151,59,2,15,2204,70,0,22,0,15,9,7,0,0,18,7,16,31,25,30,710,115,148,326,190,292,145,13,15,532,21,45,43,0,30,0,0,75,115,40,52,45,34,32,0,36713,42546,31339,"Biggs CCD, Butte County, California",645,570,14,14,36,14,210,192,110,176,645,603,579,14,14,36,14,106,80,23,78,253,179,14,14,14,14,178,167,107,151,240,240,209,142,14,171,171,160,101,14,134,134,117,63,14,240,227,226,60,41,17,14,51,14,14,14,14,14,14,14,14,14,14,45,19,74,232,52,87,139,77,73,37,85,115,42,25,54,56,235,144,74,25,14,9,20,14,22,43,121,70,57,63,70,60,16,14,167,18,21,14,22,14,32,24,14,114,38,68,70,79,47,10,24,235,88,14,36,14,26,12,12,14,14,22,9,20,32,46,43,174,91,79,81,91,99,90,19,24,127,19,40,41,14,32,14,14,63,61,44,47,33,23,41,14,6502,9306,4392
"G060007090470","2019-2023","CA",,,"California","06","Butte County","007","Chico CCD","90470",,,,,,,,,,,,,,".",".",,,,,,,,,,,,"0600000US0600790470",,,"0600790470","Chico CCD, Butte County, California",112378,82219,2058,993,5519,488,7551,13550,7516,6034,112378,89523,75080,1982,546,5215,449,274,5977,968,5009,22855,7139,76,447,304,39,7277,7573,6548,1025,55478,55212,51232,3980,266,28069,27945,25652,2293,124,27409,27267,25580,1687,142,55478,44521,39257,5264,4195,567,349,119,34,434,402,9,23,0,0,63,129,1173,1846,729,6583,48895,2169,11001,13194,9405,3268,1606,3509,444,471,1592,1405,831,68543,32626,429,209,158,202,132,291,428,729,5105,2144,5647,3597,9133,2467,969,986,35917,517,108,144,110,224,238,222,465,5978,2706,6290,4035,9062,3973,1148,697,68543,946,0,23,1,0,193,100,49,253,48,264,356,529,650,1194,9573,1510,4850,11937,7632,18195,6440,2117,1683,31073,1229,2623,748,2299,3239,1349,197,3260,4139,1935,1772,2823,1353,1246,2861,34516,38293,31367,"Chico CCD, Butte County, California",1239,1542,413,322,745,182,931,1309,1222,693,1239,1521,1526,417,200,644,171,221,718,373,637,1224,938,63,249,258,51,890,1184,1135,339,1366,1382,1333,522,135,1011,1023,1010,381,86,944,950,959,302,96,1366,1552,1480,639,630,212,124,91,49,157,151,19,25,32,32,47,80,261,414,336,734,1426,434,1036,1021,770,438,406,574,164,193,338,344,220,1003,783,143,203,118,116,105,119,169,237,534,316,553,502,662,372,238,277,655,152,85,89,54,108,146,119,189,550,418,631,540,632,461,259,207,1003,238,32,32,4,32,196,88,59,135,42,131,150,199,203,326,684,276,533,838,744,951,580,391,341,1223,298,377,250,382,396,289,121,453,500,341,314,421,258,308,389,1419,3339,2622
"G060007090750","2019-2023","CA",,,"California","06","Butte County","007","Durham CCD","90750",,,,,,,,,,,,,,".",".",,,,,,,,,,,,"0600000US0600790750",,,"0600790750","Durham CCD, Butte County, California",6156,4771,247,5,217,0,598,318,208,110,6156,5334,4719,247,5,217,0,5,141,31,110,822,52,0,0,0,0,593,177,177,0,2668,2668,2267,401,0,1722,1722,1366,356,0,946,946,901,45,0,2668,2157,1802,355,215,43,97,0,0,0,0,0,0,0,0,0,70,35,101,0,305,2363,139,229,354,449,316,201,300,0,34,150,12,179,4495,2402,0,0,0,0,0,120,0,72,523,189,251,268,594,225,126,34,2093,0,0,70,0,0,2,17,0,345,79,631,197,487,221,44,0,4495,0,0,0,0,0,0,0,0,70,0,0,0,122,17,72,736,132,268,882,465,1081,446,170,34,1881,0,250,31,128,92,111,13,290,335,180,54,42,44,136,175,45568,51222,29500,"Durham CCD, Butte County, California",1009,975,272,26,203,19,409,197,191,87,1009,923,987,272,26,203,19,10,92,48,87,404,69,19,19,19,19,404,184,184,19,525,525,457,158,19,357,357,305,159,19,277,277,288,53,19,525,483,469,125,128,50,77,19,19,19,19,19,19,19,19,19,143,52,106,19,189,444,119,105,258,188,158,150,174,19,41,111,20,114,774,459,19,19,19,19,19,119,19,91,219,122,147,171,269,189,105,42,386,19,19,93,19,19,10,26,19,205,92,290,141,242,127,55,19,774,19,19,19,19,19,19,19,19,93,19,19,19,123,26,91,292,126,172,339,212,328,190,117,42,481,19,145,48,106,73,97,22,171,172,105,50,54,68,120,98,19402,21384,26411
"G060007090970","2019-2023","CA",,,"California","06","Butte County","007","Feather Falls CCD","90970",,,,,,,,,,,,,,".",".",,,,,,,,,,,,"0600000US0600790970",,,"0600790970","Feather Falls CCD, Butte County, California",3444,2519,114,124,88,4,69,526,187,339,3444,3221,2455,114,115,88,4,47,398,74,324,223,64,0,9,0,0,22,128,113,15,807,803,620,183,4,373,369,292,77,4,434,434,328,106,0,807,664,643,21,19,0,0,2,0,24,24,0,0,0,0,0,6,0,3,0,110,697,0,2,65,20,69,42,156,30,19,104,104,86,2781,1563,19,8,2,29,28,17,42,132,469,193,313,74,182,48,7,0,1218,0,0,0,0,2,5,6,63,463,130,249,192,32,53,23,0,2781,19,0,0,0,7,1,0,0,2,9,20,30,22,48,195,786,146,323,562,266,214,101,30,0,366,30,4,4,13,50,98,0,43,22,14,29,17,0,0,42,42348,50924,32101,"Feather Falls CCD, Butte County, California",496,474,135,83,50,7,73,240,100,205,496,490,475,135,82,50,7,52,210,68,205,96,44,14,13,14,14,30,74,71,21,217,217,154,109,6,137,137,132,53,6,143,143,113,94,14,217,219,219,21,20,14,14,5,14,34,34,14,14,14,14,14,9,14,4,14,71,222,14,3,45,25,71,33,98,41,25,60,92,68,308,203,24,11,4,27,35,21,38,73,158,83,112,43,59,67,11,14,167,14,14,14,14,4,6,7,51,127,87,98,97,28,45,24,14,308,24,14,14,14,10,4,14,14,4,15,29,35,22,39,106,231,64,115,134,107,69,81,25,14,125,22,6,5,13,45,52,14,41,20,13,34,21,14,14,66,12430,15397,19184
"G060007091180","2019-2023","CA",,,"California","06","Butte County","007","Gridley CCD","91180",,,,,,,,,,,,,,".",".",,,,,,,,,,,,"0600000US0600791180",,,"0600791180","Gridley CCD, Butte County, California",11334,8128,7,133,163,0,1525,1378,976,402,11334,7321,6778,5,100,152,0,10,276,0,276,4013,1350,2,33,11,0,1515,1102,976,126,4344,4344,2928,1416,0,2257,2257,1486,771,0,2087,2087,1442,645,0,4344,3992,3550,442,260,140,42,0,0,8,0,0,0,0,8,0,0,11,116,9,208,4136,198,683,381,418,420,373,526,76,166,415,355,125,7007,3363,102,81,163,49,4,56,22,59,871,299,631,380,487,141,18,0,3644,128,0,68,67,74,16,69,186,956,413,444,560,426,181,25,31,7007,230,0,0,0,15,38,28,86,145,0,116,78,72,91,245,1540,287,712,1075,940,913,322,43,31,1482,73,283,2,55,114,60,9,212,150,91,75,123,96,25,114,38947,46842,30054,"Gridley CCD, Butte County, California",592,775,10,136,88,21,471,432,390,183,592,706,751,8,128,85,21,18,144,21,144,624,480,4,37,16,21,469,400,390,113,353,353,336,237,21,265,265,235,185,21,226,226,223,163,21,353,338,315,177,98,135,40,21,21,13,21,21,21,21,13,21,21,18,86,18,103,368,119,202,191,169,163,143,220,65,96,162,129,64,420,265,64,61,133,57,9,65,20,45,194,103,176,189,151,60,20,21,304,56,21,59,59,63,22,67,90,197,181,124,171,126,88,26,45,420,103,21,21,21,23,43,31,130,109,21,89,70,70,71,96,278,126,218,227,331,217,109,33,45,312,57,135,3,59,73,43,16,101,83,56,70,83,61,23,56,4314,7121,5105
"G060007092300","2019-2023","CA",,,"California","06","Butte County","007","Oroville CCD","92300",,,,,,,,,,,,,,".",".",,,,,,,,,,,,"0600000US0600792300",,,"0600792300","Oroville CCD, Butte County, California",40109,26212,953,871,4585,26,2141,5321,2890,2431,40109,32457,23776,869,558,4575,23,248,2408,835,1573,7652,2436,84,313,10,3,1893,2913,2055,858,14557,14445,12833,1612,112,7876,7817,6587,1230,59,6681,6628,6246,382,53,14557,12720,11245,1475,1153,153,75,83,11,104,88,0,16,0,0,78,0,0,363,134,1158,13399,938,1976,2827,2451,1113,423,1837,270,343,303,307,611,27613,14259,488,85,113,122,196,271,370,628,4918,1510,2175,1300,1511,321,149,102,13354,448,179,66,63,236,345,303,289,3445,1478,2789,1554,1541,457,117,44,27613,936,16,17,60,0,121,50,9,170,55,130,432,616,673,917,6851,1512,2988,4964,2854,3052,778,266,146,4581,269,516,181,302,463,91,17,563,696,539,140,188,212,51,353,36681,42303,30012,"Oroville CCD, Butte County, California",1505,1468,389,210,551,34,581,735,601,494,1505,1431,1471,391,143,553,33,239,427,341,297,862,574,76,147,15,6,534,694,583,418,836,811,898,321,110,561,547,626,308,59,569,571,582,121,87,836,754,739,362,325,68,72,113,17,145,143,29,25,29,29,106,29,29,211,87,312,768,282,340,396,419,277,157,391,141,160,140,146,222,1026,623,168,53,114,92,112,130,123,170,522,223,307,297,314,135,71,70,610,175,85,54,47,118,161,162,134,457,237,384,301,322,151,71,50,1026,268,21,25,68,29,106,61,14,136,82,74,187,198,217,229,704,341,346,540,448,512,181,122,87,631,171,153,120,122,181,54,27,220,212,172,66,86,100,54,163,3139,3528,3084
"G060007092330","2019-2023","CA",,,"California","06","Butte County","007","Palermo CCD","92330",,,,,,,,,,,,,,".",".",,,,,,,,,,,,"0600000US0600792330",,,"0600792330","Palermo CCD, Butte County, California",8560,5677,267,310,289,95,967,955,487,468,8560,6652,5257,267,231,289,47,113,448,109,339,1908,420,0,79,0,48,854,507,378,129,3002,3002,2326,676,0,1554,1554,1122,432,0,1448,1448,1204,244,0,3002,2640,2311,329,303,26,0,0,0,0,0,0,0,0,0,0,9,0,45,12,296,2706,48,109,501,477,225,126,599,183,39,181,73,145,6099,3210,62,11,14,23,77,167,197,115,1180,238,590,219,250,21,46,0,2889,56,12,59,53,74,14,46,53,907,391,419,293,352,141,16,3,6099,118,0,0,0,0,11,12,0,73,16,60,151,181,243,168,1780,307,629,1009,512,602,162,62,3,910,75,71,56,35,100,35,3,164,34,42,77,111,26,71,10,34938,34167,35065,"Palermo CCD, Butte County, California",795,687,189,126,173,90,381,343,281,157,795,586,630,189,99,173,49,166,142,81,126,531,290,19,88,19,46,359,291,253,78,483,483,411,301,19,306,306,248,170,19,316,316,276,190,19,483,469,408,145,134,28,19,19,19,19,19,19,19,19,19,19,15,19,65,20,138,474,38,62,184,143,168,63,321,103,36,76,55,116,488,341,41,17,21,28,65,87,101,62,259,106,146,129,100,25,47,19,280,43,20,62,36,58,14,33,45,163,127,144,114,119,113,15,5,488,59,19,19,19,19,17,20,19,67,26,37,89,87,113,74,344,108,173,187,154,169,119,51,5,235,56,46,45,31,74,32,5,108,31,35,47,81,34,74,13,6561,12137,6285
"G060007092380","2019-2023","CA",,,"California","06","Butte County","007","Paradise CCD","92380",,,,,,,,,,,,,,".",".",,,,,,,,,,,,"0600000US0600792380",,,"0600792380","Paradise CCD, Butte County, California",23726,19655,66,150,447,31,698,2679,916,1763,23726,21297,18897,66,56,447,31,292,1508,245,1263,2429,758,0,94,0,0,406,1171,671,500,8600,8560,8005,555,40,4455,4442,4027,415,13,4145,4118,3978,140,27,8600,6918,6083,835,544,86,25,94,86,25,25,0,0,0,0,0,0,0,89,95,1473,7127,146,719,791,594,1072,418,1293,414,463,756,202,259,17504,8433,76,0,39,57,0,67,299,311,1887,803,1347,800,1872,408,304,163,9071,116,27,25,37,11,43,148,54,2453,781,1175,1086,1964,808,225,118,17504,192,16,0,0,0,11,0,8,56,16,78,11,110,447,365,3380,960,1584,2522,1886,3836,1216,529,281,6297,385,542,75,253,914,351,72,699,1176,498,144,499,185,71,433,44982,51350,36933,"Paradise CCD, Butte County, California",1599,1395,36,91,256,37,444,615,414,481,1599,1373,1304,36,59,256,37,375,373,162,342,891,474,25,87,25,25,225,476,362,337,928,925,912,172,47,565,564,552,136,20,535,538,535,102,43,928,786,780,230,212,71,21,110,72,44,44,25,25,25,25,25,25,25,55,72,370,791,100,204,229,203,435,187,390,223,186,237,96,135,1072,552,64,25,101,64,25,48,197,168,305,289,322,250,400,153,130,90,661,92,26,28,57,12,60,91,38,530,243,260,352,378,317,133,45,1072,121,20,25,25,25,16,25,14,104,25,87,12,80,212,182,503,320,395,484,439,655,366,199,105,871,246,178,48,107,255,176,56,299,406,218,86,189,74,48,201,5415,7816,7890
"G060009090060","2019-2023","CA",,,"California","06","Calaveras County","009","Angels City CCD","90060",,,,,,,,,,,,,,".",".",,,,,,,,,,,,"0600000US0600990060",,,"0600990060","Angels City CCD, Calaveras County, California",13039,11014,132,103,48,6,388,1348,1013,335,13039,11275,10490,132,84,48,6,0,515,200,315,1764,524,0,19,0,0,388,833,813,20,5075,5063,3294,1769,12,2255,2255,1202,1053,0,2820,2808,2092,716,12,5075,4083,3881,202,155,47,0,0,0,43,43,0,0,0,0,0,36,0,309,181,423,4652,442,825,696,318,473,98,640,22,85,482,273,298,10055,4405,43,16,3,0,35,27,42,131,1158,386,879,642,678,174,104,87,5650,34,0,0,146,20,24,34,85,1429,509,1289,655,1028,332,58,7,10055,77,0,0,0,0,16,0,0,3,0,146,55,51,76,216,2100,487,895,2168,1297,1706,506,162,94,2651,66,223,46,185,261,173,40,207,528,383,15,240,41,43,200,46378,64866,34229,"Angels City CCD, Calaveras County, California",791,703,126,79,58,8,252,505,452,184,791,744,765,126,74,58,8,21,299,221,182,459,213,21,24,21,21,252,366,372,27,498,495,495,275,19,285,285,257,224,21,376,374,362,171,19,498,478,450,159,150,56,21,21,21,61,61,21,21,21,21,21,36,21,175,105,180,469,186,286,288,129,159,87,277,25,55,205,113,131,629,374,39,27,6,21,58,38,38,92,242,132,212,200,194,90,66,53,451,26,21,21,159,23,37,30,109,287,136,247,190,252,146,45,11,629,58,21,21,21,21,27,21,21,6,21,159,63,52,50,145,364,183,203,332,270,388,169,80,55,454,42,105,42,84,115,102,48,110,165,204,16,119,33,42,99,4577,6961,10719
"G060009090105","2019-2023","CA",,,"California","06","Calaveras County","009","Arnold-West Point CCD","90105",,,,,,,,,,,,,,".",".",,,,,,,,,,,,"0600000US0600990105",,,"0600990105","Arnold-West Point CCD, Calaveras County, California",9260,7721,148,328,126,0,140,797,442,355,9260,8478,7529,148,285,126,0,0,390,35,355,782,192,0,43,0,0,140,407,407,0,3465,3465,2564,901,0,1642,1642,1181,461,0,1823,1823,1383,440,0,3465,2288,2074,214,193,0,21,0,0,0,0,0,0,0,0,4,0,20,71,77,1005,2460,203,497,377,110,113,49,311,82,152,156,261,149,7637,3704,0,0,6,29,0,20,44,149,1271,194,657,450,477,329,13,65,3933,0,0,3,0,0,0,117,116,875,233,653,419,938,426,143,10,7637,0,0,0,0,0,0,0,0,9,0,29,0,20,161,265,1792,354,427,1310,869,1415,755,156,75,2654,133,286,136,249,372,157,13,207,324,172,111,214,131,33,116,39397,48311,36316,"Arnold-West Point CCD, Calaveras County, California",991,834,196,200,154,19,139,291,266,191,991,927,808,196,182,154,19,19,192,45,191,306,133,19,60,19,19,139,260,260,19,472,472,435,285,19,262,262,245,143,19,310,310,264,192,19,472,390,361,132,126,19,32,19,19,19,19,19,19,19,19,18,19,34,67,82,264,424,109,184,154,76,62,69,141,67,81,80,131,107,773,551,19,19,15,36,19,34,51,103,387,79,174,151,166,122,20,65,379,19,19,6,19,19,19,140,77,214,139,191,147,226,165,85,16,773,19,19,19,19,19,19,19,19,21,19,36,19,34,156,130,423,138,166,249,229,337,208,87,67,477,109,118,86,183,231,92,20,96,139,84,82,112,64,38,60,8874,20170,7248
"G060009092740","2019-2023","CA",,,"California","06","Calaveras County","009","San Andreas CCD","92740",,,,,,,,,,,,,,".",".",,,,,,,,,,,,"0600000US0600992740",,,"0600992740","San Andreas CCD, Calaveras County, California",23696,18424,249,245,892,18,863,3005,2090,915,23696,19839,17580,249,55,892,18,3,1042,357,685,3857,844,0,190,0,0,860,1963,1733,230,9077,9077,5179,3898,0,5207,5207,2623,2584,0,3870,3870,2556,1314,0,9077,7867,7098,769,694,75,0,0,0,63,49,0,14,0,0,0,0,0,24,63,1060,8017,247,760,734,926,533,194,1003,128,474,1125,1016,877,18002,9397,65,0,0,0,84,231,257,133,3911,782,1698,718,1126,326,44,22,8605,36,10,0,38,9,39,134,215,2743,1108,1788,953,995,435,28,74,18002,101,0,0,0,10,0,0,0,0,0,38,93,270,391,348,5813,841,1890,3486,1671,2121,761,72,96,3139,95,350,32,88,217,184,33,317,652,125,167,329,95,162,293,41703,45198,35930,"San Andreas CCD, Calaveras County, California",1183,1214,211,140,263,32,357,711,589,373,1183,1178,1158,211,54,263,32,18,369,192,324,474,348,25,123,25,25,357,534,537,171,881,881,740,587,25,541,541,492,476,25,513,513,447,283,25,881,813,767,265,255,65,25,25,25,81,71,25,28,25,25,25,25,25,30,79,326,812,131,301,290,329,233,120,279,91,182,350,380,427,915,584,54,25,25,25,106,131,152,86,551,221,330,259,295,201,45,38,562,51,25,25,46,15,42,111,122,396,307,337,302,332,214,26,54,915,71,25,25,25,25,25,25,25,25,25,46,107,131,196,141,718,267,384,495,415,417,328,52,65,577,71,168,42,81,108,107,50,140,251,76,129,230,68,147,226,3014,7339,3930
"G060011090430","2019-2023","CA",,,"California","06","Colusa County","011","Central Colusa CCD","90430",,,,,,,,,,,,,,".",".",,,,,,,,,,,,"0600000US0601190430",,,"0601190430","Central Colusa CCD, Colusa County, California",12688,6336,4,82,13,0,3416,2837,2504,333,12688,3384,2936,4,0,2,0,135,307,0,307,9304,3400,0,82,11,0,3281,2530,2504,26,5686,5665,3861,1804,21,3405,3405,2418,987,0,2281,2260,1443,817,21,5686,5401,4662,739,338,115,174,64,48,14,14,0,0,0,0,0,0,16,12,56,187,5499,370,847,728,875,472,134,649,145,186,464,471,158,7760,4002,349,258,331,72,103,8,84,100,1256,124,426,367,465,59,0,0,3758,252,225,377,22,77,73,44,159,838,433,400,258,521,76,0,3,7760,601,0,0,11,195,215,62,238,470,32,62,180,81,128,259,1941,153,557,826,625,986,135,0,3,1194,0,257,12,82,163,13,21,32,237,157,16,59,16,0,129,40617,49713,30949,"Central Colusa CCD, Colusa County, California",371,772,7,79,21,21,753,659,680,194,371,365,358,7,21,8,21,131,196,21,196,400,713,21,79,18,21,729,684,680,31,586,584,461,504,35,295,295,319,289,21,483,479,252,449,35,586,572,543,243,133,87,124,63,72,23,23,21,21,21,21,21,21,24,15,59,89,589,182,221,248,262,153,126,191,94,102,434,166,96,412,232,126,137,158,67,85,14,55,63,252,70,130,146,169,42,21,21,381,103,124,141,22,46,49,61,85,170,408,126,96,172,41,21,5,412,168,21,21,21,121,125,54,190,187,27,63,100,51,81,98,316,94,417,162,169,294,60,21,5,313,21,109,20,111,84,17,35,34,146,84,21,42,24,21,75,2881,4120,5975
"G060011090770","2019-2023","CA",,,"California","06","Colusa County","011","East Colusa CCD","90770",,,,,,,,,,,,,,".",".",,,,,,,,,,,,"0600000US0601190770",,,"0601190770","East Colusa CCD, Colusa County, California",8572,4389,257,211,127,12,2110,1466,1133,333,8572,4298,3482,257,142,94,12,21,290,0,290,4274,907,0,69,33,0,2089,1176,1133,43,3256,3256,2473,783,0,1774,1774,1319,455,0,1482,1482,1154,328,0,3256,2907,2618,289,228,36,20,5,0,21,21,0,0,0,0,0,0,0,44,16,268,2988,265,631,417,283,377,216,233,24,49,228,235,30,5667,2874,68,46,116,112,52,33,133,144,904,207,381,337,233,30,63,15,2793,48,74,169,26,30,34,22,72,902,198,443,306,281,171,4,13,5667,116,0,10,0,0,3,107,30,255,10,128,82,67,155,216,1588,218,405,824,643,514,201,67,28,877,80,138,18,46,63,3,11,58,147,131,11,25,63,19,64,42339,46747,35662,"East Colusa CCD, Colusa County, California",359,419,69,116,162,20,418,382,373,101,359,371,338,69,83,153,20,31,87,19,87,396,292,19,53,53,19,421,373,373,42,367,367,354,217,19,248,248,228,142,19,189,189,203,132,19,367,360,337,146,143,34,32,8,19,20,20,19,19,19,19,19,19,19,43,23,149,364,108,213,166,111,118,131,125,30,36,113,94,26,323,259,51,52,67,106,55,31,66,105,207,189,125,129,98,27,69,27,224,39,76,85,32,29,34,26,57,185,81,102,130,94,106,6,13,323,65,19,14,19,19,8,71,35,99,17,111,61,49,70,131,287,96,195,175,173,139,114,70,29,229,68,64,28,37,43,5,19,59,81,80,15,29,66,24,66,3304,6369,5660
"G060011093610","2019-2023","CA",,,"California","06","Colusa County","011","West Colusa CCD","93610",,,,,,,,,,,,,,".",".",,,,,,,,,,,,"0600000US0601193610",,,"0601193610","West Colusa CCD, Colusa County, California",635,485,50,15,5,2,27,51,14,37,635,574,451,50,12,5,2,16,38,7,31,61,34,0,3,0,0,11,13,7,6,246,230,160,70,16,140,124,74,50,16,106,106,86,20,0,246,160,139,21,16,4,0,0,1,3,3,0,0,0,0,0,0,0,20,0,63,183,26,9,0,30,8,4,22,0,0,9,66,9,543,318,0,0,0,0,2,4,3,14,153,13,32,22,71,0,4,0,225,0,0,0,0,0,1,0,8,85,19,43,49,8,11,0,1,543,0,0,0,0,0,0,0,0,0,0,0,2,5,3,22,229,9,32,75,71,79,11,4,1,99,4,17,0,9,6,18,0,0,8,0,10,9,0,0,18,-666666666,56250,-666666666,"West Colusa CCD, Colusa County, California",168,144,57,17,12,4,25,40,14,34,168,153,135,57,15,12,4,26,32,12,28,61,55,14,5,14,14,10,15,10,11,121,121,100,56,22,74,72,45,55,22,75,75,73,14,14,121,86,84,24,22,7,14,14,4,11,11,14,14,14,14,14,14,14,32,14,71,87,36,9,14,30,11,5,27,14,14,9,59,11,151,103,14,14,14,14,6,6,5,13,81,13,20,24,50,14,6,14,78,14,14,14,14,14,3,14,12,59,17,26,30,13,11,14,5,151,14,14,14,14,14,14,14,14,14,14,14,6,7,5,23,114,10,22,34,47,55,11,6,5,60,8,27,14,11,12,32,14,14,13,14,13,11,14,14,15,-222222222,25962,-222222222
"G060013090080","2019-2023","CA",,,"California","06","Contra Costa County","013","Antioch-Pittsburg CCD","90080",,,,,,,,,,,,,,".",".",,,,,,,,,,,,"0600000US0601390080",,,"0601390080","Antioch-Pittsburg CCD, Contra Costa County, California",169160,45211,26162,2520,18608,1757,42707,32195,21999,10196,169160,89733,35080,25288,416,18061,1720,850,8318,1199,7119,79427,10131,874,2104,547,37,41857,23877,20800,3077,76257,76139,54966,21173,118,40232,40187,26769,13418,45,36025,35952,28197,7755,73,76257,64046,53198,10848,8509,1774,271,98,196,4293,890,1948,1338,117,0,25,125,122,926,790,5930,70327,906,4292,6925,6674,6619,2900,7809,2349,3745,9424,11519,7165,112931,54453,2603,550,2023,987,1076,855,681,2903,17515,3932,8789,3844,6180,1884,306,325,58478,2495,1024,2076,848,834,771,874,2477,16123,4865,8255,5441,9066,2660,533,136,112931,5098,23,69,52,245,652,533,552,3547,612,1223,1910,1626,1555,5380,28086,5552,8797,17044,9285,15246,4544,839,461,22720,1326,1607,231,1356,2078,1465,316,2017,4294,1720,1009,1751,1048,959,1543,42629,50718,36468,"Antioch-Pittsburg CCD, Contra Costa County, California",3300,2465,1693,701,1817,649,3080,2319,2293,1417,3300,3236,2110,1653,200,1836,647,373,1227,446,1121,3255,1695,367,706,278,37,3029,2440,2332,951,2084,2080,1857,1361,71,1456,1450,1358,1065,39,1431,1426,1299,709,65,2084,2094,2147,929,882,384,139,65,134,665,254,373,483,60,32,45,113,90,313,255,740,2149,261,717,713,780,802,492,930,534,701,911,1079,894,2593,1648,420,197,440,342,319,310,219,505,1190,524,1025,499,654,370,154,156,1417,489,327,387,257,273,268,258,411,1169,515,702,567,826,462,182,90,2593,752,26,63,71,126,253,222,234,588,222,387,532,515,313,701,1844,986,757,1316,820,1127,614,243,178,1634,313,383,98,290,420,267,184,362,490,354,280,432,399,278,312,2077,1795,1255
"G060013090270","2019-2023","CA",,,"California","06","Contra Costa County","013","Briones CCD","90270",,,,,,,,,,,,,,".",".",,,,,,,,,,,,"0600000US0601390270",,,"0601390270","Briones CCD, Contra Costa County, California",5607,1888,884,0,1836,0,119,880,400,480,5607,4866,1766,884,0,1836,0,10,370,0,370,741,122,0,0,0,0,109,510,400,110,2857,2857,1809,1048,0,1410,1410,776,634,0,1447,1447,1033,414,0,2857,1831,1610,221,174,47,0,0,0,189,22,150,17,0,0,0,23,0,47,48,719,2138,47,17,93,211,252,135,350,13,59,343,483,135,4249,2075,17,0,21,16,5,0,23,44,270,89,629,123,571,189,26,52,2174,0,9,10,19,48,0,0,120,308,51,443,207,521,349,57,32,4249,17,0,0,0,0,9,0,10,21,0,35,53,0,23,164,511,67,140,1072,330,1092,538,83,84,1859,62,195,86,58,168,87,0,154,410,70,83,111,119,145,111,60343,62656,54909,"Briones CCD, Contra Costa County, California",703,378,413,19,456,19,84,391,314,211,703,688,354,413,19,456,19,23,191,19,191,256,128,19,19,19,19,87,342,314,94,504,504,425,220,19,235,235,218,126,19,354,354,271,146,19,504,325,314,154,108,82,19,19,19,114,25,110,21,19,19,19,33,19,52,46,262,383,52,19,69,125,129,94,141,21,47,151,169,79,405,236,31,19,33,26,10,19,47,51,124,61,225,61,172,94,30,43,285,19,25,17,32,78,19,19,97,166,44,167,85,133,148,59,34,405,31,19,19,19,19,25,19,17,33,19,57,79,19,47,125,189,67,77,288,111,248,162,65,65,255,50,98,66,45,68,50,19,123,154,48,49,63,62,75,111,8383,13161,11625
"G060013090440","2019-2023","CA",,,"California","06","Contra Costa County","013","Central Contra Costa CCD","90440",,,,,,,,,,,,,,".",".",,,,,,,,,,,,"0600000US0601390440",,,"0601390440","Central Contra Costa CCD, Contra Costa County, California",502252,293904,13378,2843,91503,1407,30779,68438,33710,34728,502252,416779,275319,12685,651,90694,1293,3122,33015,5805,27210,85473,18585,693,2192,809,114,27657,35423,27905,7518,244283,243123,170367,72756,1160,131777,130786,84337,46449,991,112506,112337,86030,26307,169,244283,157412,139225,18187,13488,2596,1267,394,442,16388,1638,10349,3617,769,15,398,569,1149,5937,2760,59670,184613,4563,13039,22385,25536,21626,9369,22070,5218,8512,19773,23315,9207,359252,174917,2264,330,1448,670,653,517,1079,2683,22609,7887,20141,11604,59121,27719,9644,6548,184335,2081,607,1236,504,822,768,726,2284,21761,9311,21198,15936,65169,28827,8424,4681,359252,4345,65,6,21,253,352,240,489,2195,493,681,1475,1285,1805,4967,39306,5064,17198,41339,27540,124290,56546,18068,11229,226468,14823,16183,7963,12616,25057,24276,2081,17679,42270,10992,10599,11056,10063,9915,10895,76059,91721,61648,"Central Contra Costa CCD, Contra Costa County, California",2624,3260,1414,601,2328,511,2518,3478,2632,2015,2624,3121,3114,1412,210,2315,500,686,1923,1358,1389,2959,1780,263,589,258,111,2444,2683,2103,1595,2820,2835,2808,2470,280,1955,1963,2026,1819,270,2003,1994,1740,1208,71,2820,2703,2477,1181,975,480,429,153,273,1180,302,885,624,271,25,148,193,299,879,472,1683,2891,837,1020,1429,1295,1112,838,1355,462,743,1157,1162,779,2266,1801,419,144,400,226,248,195,327,417,1141,714,1200,925,1728,1042,608,542,1164,299,247,347,169,255,262,225,398,1090,653,1105,984,1683,1236,642,442,2266,610,59,10,24,210,159,111,219,532,180,223,366,341,357,598,1794,628,1073,1737,1283,2545,1749,929,735,3150,895,944,705,821,966,1138,295,1197,1579,835,921,707,831,813,757,1639,3404,1167
"G060013090780","2019-2023","CA",,,"California","06","Contra Costa County","013","East Contra Costa CCD","90780",,,,,,,,,,,,,,".",".",,,,,,,,,,,,"0600000US0601390780",,,"0601390780","East Contra Costa CCD, Contra Costa County, California",147559,72233,15439,635,20112,731,18456,19953,11553,8400,147559,108271,64024,14727,314,19821,650,1117,7618,1002,6616,39288,8209,712,321,291,81,17339,12335,10551,1784,68874,68512,47647,20865,362,36266,36152,21900,14252,114,32608,32360,25747,6613,248,68874,54290,47249,7041,4957,845,860,264,115,1788,434,605,627,122,0,24,179,115,918,332,11228,57646,1300,4560,6528,6483,4233,1140,3965,1114,2578,6593,11096,8056,98415,47564,868,209,807,161,381,376,451,2138,11571,4299,8148,4111,9645,3329,617,453,50851,720,214,382,111,183,323,285,1451,10719,3797,8638,6244,12723,3709,900,452,98415,1588,91,45,71,77,114,25,185,1004,24,248,564,699,736,3589,19906,2384,8096,16786,10355,22368,7038,1517,905,33668,1935,2277,928,1945,2371,2578,159,4268,6794,1731,1332,2096,784,1139,3331,60262,73203,47278,"East Contra Costa CCD, Contra Costa County, California",2729,2887,2022,251,1478,339,2042,1951,1694,980,2729,2884,2621,1945,203,1464,324,630,1040,362,897,2111,1266,377,151,205,107,1960,1653,1632,456,2142,2136,2055,1293,190,1327,1333,1351,1023,84,1403,1372,1252,698,178,2142,2149,1911,913,814,233,396,167,86,412,226,213,240,76,32,34,102,92,245,133,1226,2242,350,598,731,917,853,283,707,305,412,605,893,842,1987,1372,294,133,398,119,159,134,194,593,950,600,841,553,781,519,202,164,1074,258,85,203,78,101,153,124,332,1158,479,881,745,914,537,266,170,1987,491,111,47,52,66,79,38,146,552,30,132,228,209,243,739,1632,429,830,1201,964,1374,832,330,246,1804,385,476,176,412,494,404,79,562,651,330,303,460,241,287,635,2802,3630,3528
"G060013093310","2019-2023","CA",,,"California","06","Contra Costa County","013","Tassajara CCD","93310",,,,,,,,,,,,,,".",".",,,,,,,,,,,,"0600000US0601393310",,,"0601393310","Tassajara CCD, Contra Costa County, California",68961,20565,6646,321,32174,364,2903,5988,2654,3334,68961,61215,18979,6612,58,31896,267,262,3141,450,2691,7746,1586,34,263,278,97,2641,2847,2204,643,32886,32547,20799,11748,339,18346,18045,11015,7030,301,14540,14502,9784,4718,38,32886,19997,17298,2699,1905,405,107,273,9,1755,360,989,310,96,0,0,93,32,513,425,10071,22815,403,972,1637,2653,2733,865,1965,788,553,3049,4385,2812,46429,22360,399,60,8,26,44,151,111,581,2064,702,2223,1162,7481,5438,967,943,24069,466,61,218,11,7,65,102,356,2858,943,2029,2039,8786,4964,688,476,46429,865,28,50,0,0,19,24,130,96,26,11,51,216,213,937,4411,511,1645,4252,3201,16267,10402,1655,1419,31651,3130,2258,1425,1288,2280,6260,112,2251,5994,1133,1411,927,985,990,1207,91440,122795,64249,"Tassajara CCD, Contra Costa County, California",2187,1894,1178,305,1592,270,867,788,671,661,2187,2548,1797,1179,58,1592,208,168,593,258,561,1112,509,44,301,186,132,824,665,653,342,1314,1268,1087,780,240,889,822,744,547,224,972,975,720,569,54,1314,986,960,457,377,177,74,185,14,332,140,268,121,81,32,32,59,31,262,176,870,1074,206,333,325,463,419,210,330,193,183,483,526,431,1634,1010,158,98,14,39,49,96,73,469,367,217,504,283,594,553,198,253,958,146,54,114,21,14,59,73,132,488,257,353,477,726,591,177,128,1634,236,42,51,32,32,23,93,91,78,39,21,51,116,113,488,607,178,339,627,547,962,785,280,300,1437,423,338,327,286,427,575,74,292,567,340,564,285,238,293,308,6471,8486,6387
"G060013093620","2019-2023","CA",,,"California","06","Contra Costa County","013","West Contra Costa CCD","93620",,,,,,,,,,,,,,".",".",,,,,,,,,,,,"0600000US0601393620",,,"0601393620","West Contra Costa CCD, Contra Costa County, California",267919,71401,35837,3622,50725,1334,63836,41164,24312,16852,267919,163795,60793,34668,367,50065,1228,2240,14434,1989,12445,104124,10608,1169,3255,660,106,61596,26730,22323,4407,129535,129280,65166,64114,255,69235,69057,32907,36150,178,60300,60223,32259,27964,77,129535,93479,78696,14783,10511,3220,719,321,12,11778,4063,5985,885,270,575,608,270,775,1804,1982,18839,110696,1900,6361,9738,12274,13358,5354,16324,3983,6931,13472,15065,5936,189712,91177,3458,1050,2792,790,1626,859,1137,3153,20036,4814,13477,6701,18882,7826,2069,2507,98535,3810,1351,3004,1154,1136,771,1224,3119,17766,6056,13059,7744,23806,10786,1877,1872,189712,7268,206,193,132,402,796,672,1082,4714,635,1309,2762,1630,2361,6272,33363,4439,10870,26536,14445,42688,18612,3946,4379,75058,3295,5597,2679,4751,10131,6256,1114,6264,10102,3924,5069,4035,4728,2949,4164,49440,54648,43743,"West Contra Costa CCD, Contra Costa County, California",2215,2941,1665,1062,2167,509,3165,3238,2966,1492,2215,2943,2343,1657,156,2150,481,740,1412,549,1345,3143,1734,404,1064,271,79,3174,3015,2876,775,2188,2188,1851,1927,98,1817,1829,1318,1459,85,1568,1555,1262,1361,54,2188,2241,2003,1169,989,533,242,190,17,1020,717,759,250,197,165,285,123,239,303,567,997,2174,412,837,829,1012,987,646,1167,494,807,996,1143,619,2035,1584,531,271,434,256,387,230,262,456,1148,501,886,763,847,651,360,253,1383,445,306,489,284,304,184,268,651,1244,585,872,693,1266,642,274,320,2035,777,119,128,95,159,236,216,384,735,228,284,551,283,387,861,1838,679,771,1358,1077,1602,896,473,410,2023,386,580,359,523,854,537,320,566,789,476,605,578,431,414,598,996,1915,1567
"G060015090620","2019-2023","CA",,,"California","06","Del Norte County","015","Crescent City CCD","90620",,,,,,,,,,,,,,".",".",,,,,,,,,,,,"0600000US0601590620",,,"0601590620","Crescent City CCD, Del Norte County, California",22564,15269,677,1073,797,119,1911,2718,1403,1315,22564,17882,13833,677,866,762,119,157,1468,294,1174,4682,1436,0,207,35,0,1754,1250,1109,141,8324,7842,7733,109,482,4512,4149,4050,99,363,3812,3693,3683,10,119,8324,7187,5646,1541,949,305,256,31,0,0,0,0,0,0,0,0,57,9,348,92,631,7693,706,2675,1838,866,399,112,448,131,83,80,47,308,16271,8946,156,96,168,92,214,279,269,561,2496,949,1463,613,990,308,253,39,7325,100,12,87,0,197,41,214,112,1563,621,1615,874,1167,582,58,82,16271,256,0,0,0,37,71,0,0,255,0,92,411,320,483,673,3258,801,1570,3078,1487,2157,890,311,121,3861,301,229,38,207,367,232,0,320,560,641,240,287,116,94,229,37192,39394,34989,"Crescent City CCD, Del Norte County, California",479,525,128,225,310,73,464,508,348,396,479,444,453,128,163,304,73,134,383,171,340,296,352,25,155,40,25,464,306,294,140,560,546,537,83,197,368,354,346,78,173,315,316,317,16,64,560,529,466,361,276,162,136,40,25,25,25,25,25,25,25,25,70,13,120,43,193,557,239,352,324,214,140,104,163,90,53,60,48,156,403,252,103,104,117,60,93,109,98,177,269,250,249,177,262,103,137,38,248,71,29,84,25,137,38,125,70,249,157,289,208,282,243,48,63,403,146,25,25,25,46,104,25,25,142,25,60,168,115,149,191,400,185,328,402,285,400,280,161,68,598,147,114,41,104,139,134,25,139,201,249,132,118,82,61,91,3168,3498,5582
"G060015091490","2019-2023","CA",,,"California","06","Del Norte County","015","Klamath CCD","91490",,,,,,,,,,,,,,".",".",,,,,,,,,,,,"0600000US0601591490",,,"0601591490","Klamath CCD, Del Norte County, California",934,388,35,389,13,0,10,99,30,69,934,839,377,35,381,13,0,0,33,3,30,95,11,0,8,0,0,10,66,27,39,234,234,210,24,0,124,124,100,24,0,110,110,110,0,0,234,167,144,23,20,3,0,0,0,7,7,0,0,0,0,0,0,0,13,0,47,187,12,36,30,32,16,0,38,2,7,6,8,0,711,386,0,3,0,9,8,3,12,15,137,40,103,12,33,9,0,2,325,0,0,0,3,5,10,19,0,62,26,69,45,63,16,0,7,711,0,0,0,0,0,0,3,0,0,3,9,13,13,31,15,161,38,66,172,57,96,25,0,9,130,4,21,3,0,21,3,0,0,22,12,16,17,3,0,8,15000,19167,14531,"Klamath CCD, Del Norte County, California",161,136,16,127,19,14,13,46,20,43,161,161,137,16,128,19,14,14,17,5,17,44,13,14,9,14,14,13,42,20,40,66,66,59,20,14,44,44,36,20,14,46,46,46,14,14,66,50,49,26,22,5,14,14,14,8,8,14,14,14,14,14,14,14,12,14,36,56,9,19,23,20,18,14,37,4,8,6,9,14,134,67,14,5,14,8,8,5,10,11,52,30,41,9,22,9,14,3,91,14,14,14,6,6,9,29,14,23,15,30,43,39,14,14,8,134,14,14,14,14,14,14,5,14,14,4,9,10,9,30,11,55,19,34,50,44,42,14,14,8,45,6,14,4,14,29,6,14,14,26,8,21,14,5,14,8,10358,10704,10470
"G060015093040","2019-2023","CA",,,"California","06","Del Norte County","015","Smith River-Gasquet CCD","93040",,,,,,,,,,,,,,".",".",,,,,,,,,,,,"0600000US0601593040",,,"0601593040","Smith River-Gasquet CCD, Del Norte County, California",3795,2659,93,449,46,0,336,212,54,158,3795,3222,2458,93,439,46,0,29,157,2,155,573,201,0,10,0,0,307,55,52,3,1464,1311,1266,45,153,726,662,635,27,64,738,649,631,18,89,1464,1348,1280,68,57,9,2,0,0,34,34,0,0,0,0,0,0,0,11,0,71,1393,169,159,177,350,184,108,95,8,46,93,4,0,2871,1407,0,0,1,28,0,0,2,43,429,85,414,117,152,83,20,33,1464,0,0,0,83,0,10,5,13,391,180,175,340,135,65,28,39,2871,0,0,0,0,0,0,0,1,0,0,111,0,10,7,56,696,124,265,589,457,287,148,48,72,690,53,75,10,64,92,21,7,75,70,40,7,52,43,0,81,38226,72883,30505,"Smith River-Gasquet CCD, Del Norte County, California",499,529,82,186,71,14,198,115,49,102,499,470,452,82,184,71,14,37,102,4,101,295,243,14,12,14,14,189,50,50,6,404,409,393,52,101,238,246,238,48,73,265,248,247,20,74,404,388,393,65,64,15,5,14,14,50,50,14,14,14,14,14,14,14,22,14,70,394,143,82,124,156,134,83,115,12,54,92,7,14,378,200,14,14,3,36,14,14,3,44,146,69,185,96,95,70,18,29,221,14,14,14,93,14,14,8,21,163,88,89,147,78,46,22,43,378,14,14,14,14,14,14,14,3,14,14,126,14,14,9,48,207,76,122,203,180,139,82,37,68,226,52,51,16,50,75,23,12,61,55,34,17,47,47,14,80,14233,41827,16469
"G060017092190","2019-2023","CA",,,"California","06","El Dorado County","017","North El Dorado CCD","92190",,,,,,,,,,,,,,".",".",,,,,,,,,,,,"0600000US0601792190",,,"0601792190","North El Dorado CCD, El Dorado County, California",32171,27246,315,282,862,98,585,2783,1641,1142,32171,28284,25738,306,137,774,98,268,963,123,840,3887,1508,9,145,88,0,317,1820,1518,302,13301,13223,8523,4700,78,7353,7284,4521,2763,69,5948,5939,4002,1937,9,13301,10625,9666,959,660,151,117,28,3,0,0,0,0,0,0,0,10,0,152,291,2223,11078,126,1065,1084,1228,1273,412,1649,433,472,1517,1094,725,24567,12449,224,9,39,48,112,145,42,259,3415,914,2409,1107,2503,776,361,86,12118,125,13,57,0,55,9,19,220,3296,1269,1868,1719,2152,992,258,66,24567,349,0,13,0,9,0,0,80,16,0,48,167,154,61,479,5803,908,2183,4277,2826,4655,1768,619,152,7628,252,857,352,598,599,557,63,636,1162,719,321,327,362,258,565,46715,56205,43034,"North El Dorado CCD, El Dorado County, California",1738,1638,131,159,260,77,314,582,489,356,1738,1554,1514,130,74,257,77,201,282,78,262,767,479,12,120,70,29,234,532,472,221,846,862,721,504,75,623,639,522,458,73,465,461,434,263,14,846,776,781,279,214,112,64,32,13,29,29,29,29,29,29,29,18,29,117,154,364,829,86,374,261,317,308,143,309,156,176,285,364,213,1218,773,124,14,71,52,71,126,69,113,451,258,461,240,428,199,133,56,678,91,26,48,29,56,15,30,105,551,290,312,284,372,220,138,47,1218,198,29,26,29,14,29,29,82,19,29,52,115,128,75,149,704,253,406,523,392,598,341,193,72,703,110,206,180,260,148,184,48,196,237,333,129,116,149,123,190,3172,6316,3022
"G060017092490","2019-2023","CA",,,"California","06","El Dorado County","017","Placerville CCD","92490",,,,,,,,,,,,,,".",".",,,,,,,,,,,,"0600000US0601792490",,,"0601792490","Placerville CCD, El Dorado County, California",17672,14873,148,119,159,23,1059,1291,627,664,17672,14278,13162,148,92,159,0,16,701,95,606,3394,1711,0,27,0,23,1043,590,532,58,8224,8224,6758,1466,0,4381,4381,3538,843,0,3843,3843,3220,623,0,8224,6745,5750,995,661,152,89,40,53,37,30,7,0,0,0,0,0,0,50,67,1325,6899,138,805,1428,1009,900,527,364,143,121,811,396,257,13411,6607,126,75,220,3,0,28,84,95,1825,545,1273,615,1246,242,121,109,6804,177,0,13,101,45,38,36,152,1643,672,1086,870,1240,523,145,63,13411,303,0,0,0,0,75,0,144,89,92,12,45,66,120,247,3121,347,1217,2359,1485,2486,765,266,172,3972,48,539,80,205,261,222,30,231,706,540,235,127,171,265,312,39342,45684,30778,"Placerville CCD, El Dorado County, California",1040,971,67,82,79,39,617,318,228,234,1040,938,975,67,79,79,21,27,254,81,236,657,597,21,36,21,39,622,222,211,52,677,677,628,333,21,513,513,480,282,21,402,402,382,216,21,677,735,625,369,300,108,70,59,66,52,43,27,21,21,21,21,21,21,45,66,334,745,108,236,333,358,241,217,161,172,86,233,183,122,664,441,182,40,108,26,21,34,76,77,385,196,300,192,300,149,68,74,431,191,21,27,86,71,47,36,102,317,199,246,241,318,199,86,59,664,367,21,21,21,21,40,21,107,72,91,16,71,58,77,123,545,152,288,367,352,462,300,101,120,546,40,232,62,95,149,141,40,127,220,235,104,86,116,124,169,5796,5560,10204
"G060017093150","2019-2023","CA",,,"California","06","El Dorado County","017","South El Dorado CCD","93150",,,,,,,,,,,,,,".",".",,,,,,,,,,,,"0600000US0601793150",,,"0601793150","South El Dorado CCD, El Dorado County, California",112186,89483,1022,477,7419,63,3410,10312,4580,5732,112186,99289,84073,931,390,7092,63,517,6223,1395,4828,12897,5410,91,87,327,0,2893,4089,3185,904,48077,47559,28621,18938,518,26164,25888,15079,10809,276,21913,21671,13542,8129,242,48077,36599,33507,3092,2119,616,193,164,0,140,117,3,0,7,13,13,53,110,531,358,10273,37804,1045,3320,5022,4561,4946,2505,4968,1625,1890,3404,2476,2042,81057,39271,201,8,87,17,116,135,272,502,7035,2795,6651,4207,10776,4305,1380,784,41786,162,37,33,107,90,218,245,516,7604,3323,6626,4822,12430,3775,1129,669,81057,363,22,0,0,0,0,23,0,120,11,113,206,353,517,1018,12810,1829,6118,13277,9029,23206,8080,2509,1453,37570,1588,2714,859,1695,3736,3891,277,3023,8079,2356,1655,1709,1778,1465,2745,65112,83916,50820,"South El Dorado CCD, El Dorado County, California",1976,2078,274,190,537,67,736,1020,674,705,1976,1810,1906,288,160,519,67,227,797,441,586,1068,955,69,89,199,32,636,650,574,330,1423,1411,1505,1106,197,1026,1033,1044,830,135,865,846,850,637,148,1423,1328,1273,500,373,209,118,167,32,69,66,5,32,10,22,20,36,94,218,149,950,1335,253,559,612,515,557,401,751,328,341,459,405,388,1378,899,91,14,65,23,79,67,128,162,657,372,571,610,786,472,318,196,765,80,48,33,80,60,127,126,165,661,496,555,552,884,433,216,188,1378,146,35,32,32,32,32,38,32,73,19,75,102,138,208,225,925,319,520,821,840,1182,600,402,258,1470,328,436,196,318,508,413,124,423,715,299,329,294,402,265,418,2978,3506,3368
"G060017093160","2019-2023","CA",,,"California","06","El Dorado County","017","South Lake Tahoe CCD","93160",,,,,,,,,,,,,,".",".",,,,,,,,,,,,"0600000US0601793160",,,"0601793160","South Lake Tahoe CCD, El Dorado County, California",30270,22030,159,311,1642,57,2837,3234,1745,1489,30270,23218,19574,137,205,1615,57,126,1504,324,1180,7052,2456,22,106,27,0,2711,1730,1421,309,16325,13920,12040,1880,2405,9019,7656,6441,1215,1363,7306,6264,5599,665,1042,16325,11818,10194,1624,1281,190,48,33,72,253,253,0,0,0,0,33,53,419,942,138,2669,13656,818,3218,3360,2780,1325,377,545,41,123,339,369,361,22797,11938,123,41,130,137,80,171,94,189,2761,923,1905,966,3279,671,308,160,10859,58,109,114,126,59,142,82,240,1826,604,1915,1068,2887,1138,375,116,22797,181,8,0,0,32,69,41,75,169,80,183,139,313,176,429,4087,500,1527,3820,2034,6166,1809,683,276,9770,453,1046,309,445,1214,582,28,880,1895,679,383,551,491,362,452,45683,49386,41601,"South Lake Tahoe CCD, El Dorado County, California",767,954,73,127,370,47,752,568,462,283,767,901,885,71,93,369,47,115,288,143,236,781,681,18,97,43,29,736,456,433,133,698,693,709,332,398,572,543,525,259,313,496,506,505,160,201,698,661,603,336,299,105,56,53,63,149,149,29,29,29,29,46,72,136,260,99,373,648,260,481,350,424,281,128,185,48,67,127,144,123,727,575,73,49,87,89,62,129,68,117,370,240,304,215,369,168,145,92,493,56,100,77,79,56,118,58,105,324,144,334,221,373,250,163,75,727,110,14,29,29,46,68,46,60,118,65,130,94,177,96,131,511,152,284,497,292,557,313,240,133,698,151,192,113,127,220,183,23,256,330,185,114,152,148,145,127,3326,2307,3204
"G060019090390","2019-2023","CA",,,"California","06","Fresno County","019","Caruthers-Raisin City CCD","90390",,,,,,,,,,,,,,".",".",,,,,,,,,,,,"0600000US0601990390",,,"0601990390","Caruthers-Raisin City CCD, Fresno County, California",8875,3692,300,10,197,0,3321,1355,1201,154,8875,2656,2074,292,0,197,0,22,71,9,62,6219,1618,8,10,0,0,3299,1284,1192,92,3322,3322,3172,150,0,2011,2011,1929,82,0,1311,1311,1243,68,0,3322,2840,2508,332,199,122,0,8,3,0,0,0,0,0,0,0,19,4,122,15,322,3000,263,260,329,226,549,223,550,103,205,240,31,21,5366,2759,159,102,220,71,126,182,93,109,769,130,451,135,171,38,0,3,2607,151,73,247,24,79,184,24,44,694,219,211,188,299,139,31,0,5366,310,0,0,77,35,24,39,45,422,0,95,205,366,117,153,1339,124,349,662,323,470,177,31,3,706,20,110,22,83,19,32,0,105,106,39,11,26,5,10,118,33920,41395,24775,"Caruthers-Raisin City CCD, Fresno County, California",998,958,310,15,126,19,673,695,714,89,998,480,448,310,19,126,19,30,41,14,38,1039,824,12,15,19,19,673,698,715,79,508,508,416,151,19,398,398,350,122,19,232,232,221,88,19,508,510,496,112,105,73,19,10,4,19,19,19,19,19,19,19,26,8,81,16,129,497,110,113,148,135,223,159,153,64,153,143,22,21,684,485,78,85,112,71,120,98,61,80,275,149,177,74,108,32,19,5,272,83,56,103,22,88,146,16,27,156,92,88,107,125,95,44,19,684,121,19,19,84,26,33,29,40,167,19,74,151,185,63,86,384,85,175,197,141,181,96,44,5,186,20,107,31,63,20,33,19,77,57,32,16,18,7,9,97,6514,5783,4856
"G060019090530","2019-2023","CA",,,"California","06","Fresno County","019","Coalinga CCD","90530",,,,,,,,,,,,,,".",".",,,,,,,,,,,,"0600000US0601990530",,,"0601990530","Coalinga CCD, Fresno County, California",18743,6957,760,437,505,100,6530,3454,2824,630,18743,6270,4399,757,108,500,82,85,339,40,299,12473,2558,3,329,5,18,6445,3115,2784,331,5370,5354,4414,940,16,3285,3269,2659,610,16,2085,2085,1755,330,0,5370,4826,4348,478,374,24,12,0,68,0,0,0,0,0,0,0,0,0,138,38,368,5002,491,1411,589,494,420,274,432,18,115,294,402,62,12415,8155,388,237,280,217,333,416,636,368,2288,532,1269,432,497,181,4,77,4260,270,203,267,63,139,29,19,99,995,293,594,547,423,242,19,58,12415,658,0,0,67,84,163,126,19,528,125,155,472,445,655,467,2554,729,825,1863,979,920,423,23,135,1553,4,264,45,182,218,62,42,144,222,138,67,88,0,30,47,36599,39306,33925,"Coalinga CCD, Fresno County, California",405,849,300,332,184,70,945,769,738,367,405,640,574,299,125,183,63,58,109,37,102,799,675,8,297,9,27,950,755,737,329,500,501,522,254,25,480,483,471,220,25,278,278,279,141,21,500,519,505,247,214,25,20,21,107,21,21,21,21,21,21,21,21,21,95,38,147,477,169,282,205,168,158,221,173,25,103,194,195,42,434,434,200,112,145,107,132,204,123,138,344,114,207,186,225,140,12,98,321,130,114,122,68,71,41,33,74,223,137,157,158,120,112,23,45,434,249,21,21,101,77,87,116,25,199,90,93,160,209,129,166,396,153,163,290,191,244,191,24,101,311,7,190,50,92,141,52,64,95,146,90,63,65,21,75,41,5749,6869,6351
"G060019091000","2019-2023","CA",,,"California","06","Fresno County","019","Firebaugh CCD","91000",,,,,,,,,,,,,,".",".",,,,,,,,,,,,"0600000US0601991000",,,"0601991000","Firebaugh CCD, Fresno County, California",9718,2288,17,93,12,0,5974,1334,1262,72,9718,543,471,17,15,12,0,0,28,0,28,9175,1817,0,78,0,0,5974,1306,1262,44,2879,2879,2329,550,0,1773,1773,1432,341,0,1106,1106,897,209,0,2879,2716,2491,225,113,41,31,40,0,0,0,0,0,0,0,0,0,0,56,37,70,2809,136,368,806,330,80,25,394,0,36,469,140,25,5419,2690,208,223,555,177,300,56,0,72,791,92,120,19,43,28,6,0,2729,204,300,178,176,277,314,20,31,475,247,135,201,144,18,9,0,5419,412,0,13,0,38,342,130,0,733,115,238,577,370,20,103,1123,143,339,255,220,187,46,15,0,249,0,15,0,31,9,16,0,34,19,22,21,25,35,0,22,27787,30480,19301,"Firebaugh CCD, Fresno County, California",470,683,27,70,17,19,951,583,563,87,470,237,228,27,28,17,19,19,42,19,42,534,620,19,69,19,19,951,579,563,74,363,363,394,227,19,284,284,297,162,19,263,263,251,114,19,363,385,359,131,94,60,44,60,19,19,19,19,19,19,19,19,19,19,52,63,90,407,97,160,240,125,69,43,211,19,34,208,118,33,492,374,116,164,165,120,146,59,19,74,242,73,66,30,29,45,8,19,215,103,175,105,95,143,182,36,37,158,150,83,124,75,40,10,19,492,158,19,21,19,46,192,179,19,220,104,164,243,179,36,92,259,105,181,117,130,86,61,13,19,112,19,16,19,44,15,22,19,47,25,21,26,27,40,19,44,5254,6572,8879
"G060019091060","2019-2023","CA",,,"California","06","Fresno County","019","Fowler CCD","91060",,,,,,,,,,,,,,".",".",,,,,,,,,,,,"0600000US0601991060",,,"0601991060","Fowler CCD, Fresno County, California",11722,4971,244,77,1473,1,2628,2328,1993,335,11722,4109,2188,244,19,1434,1,24,199,27,172,7613,2783,0,58,39,0,2604,2129,1966,163,4665,4665,4476,189,0,2571,2571,2411,160,0,2094,2094,2065,29,0,4665,4252,3546,706,470,145,34,31,26,0,0,0,0,0,0,0,15,25,14,126,233,4432,120,456,646,805,814,253,769,61,43,303,126,36,6997,3295,200,65,228,38,78,31,77,75,839,287,345,372,486,146,26,2,3702,167,165,153,153,126,49,21,107,717,182,571,320,644,234,64,29,6997,367,0,0,8,9,121,92,90,291,0,191,204,80,98,182,1271,285,469,916,692,1130,380,90,31,1727,13,134,0,107,125,206,70,251,233,156,105,82,61,31,153,39828,45734,30363,"Fowler CCD, Fresno County, California",768,677,148,48,422,3,731,509,477,203,768,645,447,148,22,413,3,32,93,33,83,759,611,21,41,63,21,729,497,481,178,498,498,500,83,21,329,329,326,79,21,282,282,283,28,21,498,456,398,236,228,93,31,39,43,21,21,21,21,21,21,21,23,39,20,85,91,483,65,165,210,304,173,116,225,48,36,120,83,43,505,313,86,53,139,41,74,30,71,52,215,123,128,137,167,62,28,4,320,84,107,99,112,101,46,29,63,169,79,163,113,182,101,44,30,505,131,21,21,12,14,117,67,90,156,21,120,125,57,77,102,236,134,141,211,204,259,112,63,30,323,20,63,21,61,79,105,63,108,107,78,67,81,47,33,72,5816,8412,7623
"G060019091080","2019-2023","CA",,,"California","06","Fresno County","019","Fresno CCD","91080",,,,,,,,,,,,,,".",".",,,,,,,,,,,,"0600000US0601991080",,,"0601991080","Fresno CCD, Fresno County, California",742371,311965,40933,10224,102271,1383,117795,157800,123632,34168,742371,390706,217708,38833,3218,99980,1188,3265,26514,3680,22834,351665,94257,2100,7006,2291,195,114530,131286,119952,11334,312738,312149,290151,21998,589,167532,167053,152239,14814,479,145206,145096,137912,7184,110,312738,266134,232092,34042,23036,5417,2968,1841,780,3374,3151,85,81,34,23,326,454,1195,4270,4006,32979,279759,4983,24532,40910,63912,57527,20531,34442,4679,4949,10350,7358,5586,466073,227731,9096,2747,5119,2985,3355,5745,4312,8589,54726,15524,36762,19057,39453,12341,5163,2757,238342,10064,3031,4529,3172,2920,5877,3951,6508,49391,18389,37978,25526,43516,16013,5322,2155,466073,19160,87,307,465,778,2436,1705,1515,8133,1683,4474,6275,11622,8263,15097,89938,14179,33913,74740,44583,82969,28354,10485,4912,134865,4494,10243,2933,7588,12673,6504,1108,16508,22860,11248,5945,11179,5350,4816,11416,40347,45235,35614,"Fresno CCD, Fresno County, California",2503,4589,1622,1301,1811,303,4619,5154,4829,2312,2503,2449,2374,1449,451,1683,262,700,1869,649,1828,2894,4321,541,1156,627,155,4546,4944,4789,1326,2685,2711,3046,1352,185,2011,2038,2226,1024,158,2110,2105,2115,745,82,2685,2906,2822,1845,1524,716,705,344,290,537,543,77,88,47,25,197,163,288,571,524,1685,2908,700,1530,1731,2571,1848,1315,1719,746,631,924,782,678,2086,1580,818,478,627,519,548,676,598,804,1643,917,1755,1275,1482,901,564,385,1288,788,500,466,485,409,664,456,628,1937,1189,1612,1161,1689,1033,607,402,2086,1393,72,177,204,246,463,406,319,829,412,628,787,989,773,1079,2962,1069,1649,2666,1897,2342,1574,942,585,3023,573,813,390,797,946,691,211,1059,1294,968,649,936,690,637,1089,509,735,593
"G060019091360","2019-2023","CA",,,"California","06","Fresno County","019","Huron CCD","91360",,,,,,,,,,,,,,".",".",,,,,,,,,,,,"0600000US0601991360",,,"0601991360","Huron CCD, Fresno County, California",7137,665,125,319,0,0,3572,2456,2456,0,7137,232,81,72,79,0,0,0,0,0,0,6905,584,53,240,0,0,3572,2456,2456,0,2600,2600,1949,651,0,1700,1700,1155,545,0,900,900,794,106,0,2600,2245,1770,475,199,79,14,64,119,26,26,0,0,0,0,0,0,0,62,49,218,2382,156,162,176,413,496,113,392,0,9,228,234,3,3891,2175,199,267,363,94,88,46,131,21,480,32,256,102,96,0,0,0,1716,197,265,311,144,156,23,84,35,207,51,135,81,18,9,0,0,3891,396,0,21,20,33,290,168,114,560,93,145,244,69,215,56,656,31,83,391,183,114,9,0,0,123,0,9,0,0,0,57,0,0,18,18,0,21,0,0,0,25116,35236,12470,"Huron CCD, Fresno County, California",300,373,121,320,19,19,665,743,743,19,300,197,91,83,117,19,19,19,19,19,19,357,365,90,295,19,19,665,743,743,19,402,402,481,254,19,278,278,314,241,19,267,267,270,70,19,402,400,378,217,140,62,22,71,155,54,54,19,19,19,19,19,19,19,65,49,123,394,113,94,119,190,198,80,146,19,15,167,226,6,442,417,106,183,177,80,85,70,149,34,204,6,151,99,84,19,19,19,207,112,128,165,84,90,44,78,38,103,35,101,107,29,15,19,19,442,176,19,32,33,55,144,179,93,245,81,130,138,83,171,50,226,54,36,215,201,90,15,19,19,91,19,14,19,19,19,72,19,19,30,29,19,32,19,19,19,7261,5600,3734
"G060019091460","2019-2023","CA",,,"California","06","Fresno County","019","Kerman CCD","91460",,,,,,,,,,,,,,".",".",,,,,,,,,,,,"0600000US0601991460",,,"0601991460","Kerman CCD, Fresno County, California",25163,7233,215,222,1257,14,8454,7768,7459,309,25163,5670,3782,211,25,1257,9,17,369,163,206,19493,3451,4,197,0,5,8437,7399,7296,103,9322,9299,8512,787,23,5316,5293,4751,542,23,4006,4006,3761,245,0,9322,8351,7240,1111,485,272,130,191,33,1,1,0,0,0,0,0,0,73,196,238,463,8859,348,1597,701,825,1089,433,2085,431,485,314,450,101,14381,7133,879,551,387,225,81,337,256,388,1865,367,642,213,616,242,34,50,7248,477,379,372,318,198,272,146,246,1531,355,1014,712,965,171,78,14,14381,1356,2,9,169,165,472,113,218,541,175,368,279,609,402,634,3143,253,722,1656,925,1581,413,112,64,2296,45,306,72,73,158,139,9,119,619,189,115,351,7,9,85,33980,40042,22700,"Kerman CCD, Fresno County, California",1331,1105,164,172,562,17,1685,1659,1632,210,1331,1011,839,164,32,562,14,33,278,212,192,1511,1000,7,169,25,8,1683,1598,1598,84,1021,1023,983,229,27,667,667,642,193,27,570,570,567,128,25,1021,941,868,288,189,120,91,105,45,2,2,25,25,25,25,25,25,81,103,183,171,967,278,513,216,251,362,209,374,183,256,141,198,73,815,673,405,280,177,111,61,147,224,155,424,158,233,90,196,122,30,78,466,168,198,167,176,153,157,117,102,370,172,289,347,334,88,66,16,815,457,7,15,136,159,264,113,115,256,110,178,166,222,238,187,616,129,236,394,364,408,171,81,75,502,38,165,60,61,110,94,16,72,258,107,85,179,15,9,72,6060,5969,8731
"G060019091480","2019-2023","CA",,,"California","06","Fresno County","019","Kingsburg CCD","91480",,,,,,,,,,,,,,".",".",,,,,,,,,,,,"0600000US0601991480",,,"0601991480","Kingsburg CCD, Fresno County, California",14002,9062,76,134,929,0,1486,2315,1871,444,14002,7800,6516,29,34,929,0,45,247,38,209,6202,2546,47,100,0,0,1441,2068,1833,235,5756,5756,4240,1516,0,3120,3120,2011,1109,0,2636,2636,2229,407,0,5756,5375,4941,434,335,55,8,36,0,0,0,0,0,0,0,0,0,19,46,29,287,5469,437,1210,509,526,545,352,769,192,260,312,231,126,9355,4478,73,80,150,31,130,10,168,261,1138,392,534,641,591,208,42,29,4877,72,11,140,46,56,114,98,47,1301,385,1052,517,675,219,25,119,9355,145,0,0,0,41,39,11,62,228,23,54,186,124,266,308,2230,209,777,1586,1158,1266,427,67,148,1968,31,247,20,100,181,84,22,121,308,242,144,171,27,48,222,41850,56267,37108,"Kingsburg CCD, Fresno County, California",660,1052,75,99,485,21,415,750,673,254,660,1344,1356,40,41,485,21,74,148,63,133,1204,1377,65,89,21,21,421,708,668,169,746,746,704,302,21,580,580,482,257,21,431,431,416,172,21,746,702,653,213,197,67,13,40,21,21,21,21,21,21,21,21,21,31,44,47,143,703,246,327,227,199,188,169,268,126,119,165,128,95,831,535,59,82,137,38,166,18,125,142,232,189,193,300,206,110,59,35,485,56,17,122,42,50,84,75,42,318,170,289,223,250,120,37,115,831,108,21,21,21,63,54,17,70,221,35,46,180,88,171,154,433,90,297,323,454,372,187,66,127,567,36,118,24,85,142,67,34,73,162,133,102,120,27,52,162,6380,20858,9195
"G060019091570","2019-2023","CA",,,"California","06","Fresno County","019","Laton CCD","91570",,,,,,,,,,,,,,".",".",,,,,,,,,,,,"0600000US0601991570",,,"0601991570","Laton CCD, Fresno County, California",2879,1412,26,224,5,0,597,615,448,167,2879,896,802,26,0,5,0,0,63,0,63,1983,610,0,224,0,0,597,552,448,104,1153,1153,808,345,0,637,637,465,172,0,516,516,343,173,0,1153,917,879,38,13,18,0,0,7,39,16,0,0,23,0,0,0,26,94,17,60,1093,229,75,28,45,284,47,210,19,42,94,7,13,1714,777,7,21,85,52,0,19,66,43,167,41,118,52,74,24,0,8,937,39,6,21,33,0,63,22,6,269,195,102,68,54,18,32,9,1714,46,0,0,0,6,0,21,58,48,23,62,0,82,88,49,391,45,236,220,120,128,42,32,17,234,5,33,0,23,26,6,0,9,42,41,6,12,7,7,17,35914,37708,33929,"Laton CCD, Fresno County, California",622,521,40,165,7,14,358,312,272,153,622,338,293,40,14,7,14,14,98,14,98,586,407,14,165,14,14,358,299,272,123,262,262,218,123,14,165,165,146,94,14,174,174,127,96,14,262,258,254,31,19,16,14,14,10,42,23,14,14,36,14,14,14,32,75,26,69,273,105,57,42,35,127,33,121,31,49,78,11,13,340,164,11,33,69,46,14,27,82,35,81,38,76,46,53,31,14,12,248,45,9,28,38,14,65,35,10,113,158,65,54,46,16,45,13,340,47,14,14,14,9,14,33,68,31,37,59,14,71,116,39,144,58,163,96,71,67,36,45,18,94,7,31,14,36,32,9,14,13,44,47,8,12,10,11,26,4117,8807,12154
"G060019091950","2019-2023","CA",,,"California","06","Fresno County","019","Mendota CCD","91950",,,,,,,,,,,,,,".",".",,,,,,,,,,,,"0600000US0601991950",,,"0601991950","Mendota CCD, Fresno County, California",14929,4309,248,102,74,0,7033,3163,3059,104,14929,723,407,191,51,74,0,0,0,0,0,14206,3902,57,51,0,0,7033,3163,3059,104,4645,4645,4115,530,0,2878,2878,2517,361,0,1767,1767,1598,169,0,4645,3941,2550,1391,561,232,257,127,214,3,3,0,0,0,0,51,0,11,29,251,359,4286,155,554,436,301,640,0,505,26,202,395,709,363,8114,4840,341,497,667,208,207,390,196,343,1371,140,292,74,87,21,6,0,3274,390,350,661,165,193,127,15,18,631,85,239,146,219,35,0,0,8114,731,0,0,0,220,256,371,174,1154,110,263,400,517,211,361,1615,387,225,531,220,306,56,6,0,387,25,37,0,15,18,6,0,0,134,11,83,31,0,11,16,23132,26645,17575,"Mendota CCD, Fresno County, California",421,844,63,80,47,21,1276,960,940,133,421,134,118,38,48,47,21,21,21,21,21,430,833,59,62,21,21,1276,960,940,133,545,545,558,214,21,452,452,428,171,21,283,283,288,93,21,545,543,537,391,250,199,172,93,217,7,7,21,21,21,21,76,21,27,31,159,141,537,142,222,256,142,240,21,293,25,131,192,266,269,470,367,148,169,263,112,110,187,74,121,330,66,129,64,60,24,12,21,275,182,134,234,94,114,123,25,20,180,61,126,88,116,38,21,21,470,261,21,21,21,123,132,177,122,383,83,142,165,254,83,125,365,104,84,180,109,126,40,12,21,138,32,36,21,19,28,9,21,21,95,19,87,35,21,27,25,2946,5560,3665
"G060019092270","2019-2023","CA",,,"California","06","Fresno County","019","Orange Cove CCD","92270",,,,,,,,,,,,,,".",".",,,,,,,,,,,,"0600000US0601992270",,,"0601992270","Orange Cove CCD, Fresno County, California",10116,2979,123,18,87,0,3671,3238,3197,41,10116,604,304,123,0,87,0,21,69,66,3,9512,2675,0,18,0,0,3650,3169,3131,38,3321,3321,2147,1174,0,1882,1882,1210,672,0,1439,1439,937,502,0,3321,3117,2147,970,564,208,133,0,65,1,0,0,1,0,0,0,0,0,83,108,12,3309,42,196,316,268,386,84,875,230,109,620,139,44,5449,2547,348,122,493,111,56,11,35,114,321,78,258,161,285,154,0,0,2902,437,240,366,54,58,119,55,70,686,101,347,188,169,12,0,0,5449,785,25,0,63,77,52,145,231,628,88,77,114,130,90,184,924,83,179,605,349,454,166,0,0,646,46,34,27,0,86,0,10,8,292,4,8,26,0,62,43,25360,30607,21727,"Orange Cove CCD, Fresno County, California",256,758,193,29,76,21,696,856,849,50,256,211,105,193,21,76,21,34,66,65,5,319,753,21,29,21,21,692,852,846,49,350,350,341,257,21,262,262,263,187,21,204,204,196,137,21,350,361,325,228,194,117,94,21,63,3,21,21,3,21,21,21,21,21,57,114,16,350,54,106,152,110,136,70,221,149,87,215,82,55,332,218,162,85,150,82,61,18,34,73,138,57,106,88,150,98,21,21,220,188,103,117,50,70,112,48,50,175,65,132,92,75,15,21,21,332,283,39,21,59,64,53,91,101,191,86,76,76,116,71,108,213,75,82,197,138,192,99,21,21,248,46,27,40,21,67,21,15,12,175,7,13,38,21,61,62,3623,7066,6372
"G060019092390","2019-2023","CA",,,"California","06","Fresno County","019","Parlier-Del Rey CCD","92390",,,,,,,,,,,,,,".",".",,,,,,,,,,,,"0600000US0601992390",,,"0601992390","Parlier-Del Rey CCD, Fresno County, California",19288,6800,50,44,200,0,8373,3821,3740,81,19288,1414,1061,50,0,190,0,78,35,15,20,17874,5739,0,44,10,0,8295,3786,3725,61,7379,7351,6565,786,28,4027,3999,3538,461,28,3352,3352,3027,325,0,7379,7035,5584,1451,1240,99,42,61,9,28,28,0,0,0,0,0,0,0,47,11,258,7121,181,542,1207,1444,1112,643,840,131,301,486,126,108,10806,5394,479,446,596,277,202,153,36,174,1584,348,572,140,304,36,44,3,5412,394,352,808,172,222,76,25,132,1486,309,541,465,321,53,56,0,10806,873,0,115,52,149,337,145,254,1150,209,240,424,229,61,306,2834,236,657,1113,605,625,89,100,3,916,85,154,0,74,173,0,0,68,118,50,66,89,19,6,14,27261,31043,21697,"Parlier-Del Rey CCD, Fresno County, California",730,1142,68,36,107,21,1347,835,842,55,730,351,338,68,21,105,21,78,44,35,26,760,1146,21,36,17,21,1343,843,846,53,567,566,547,282,32,462,459,431,166,32,354,354,356,157,21,567,557,513,339,339,72,46,61,17,43,43,21,21,21,21,21,21,21,80,19,148,559,110,182,335,255,337,216,278,76,148,232,98,87,618,500,155,167,151,168,133,95,33,100,298,143,200,56,134,37,35,6,340,153,157,266,111,141,63,29,73,306,154,165,174,128,37,65,21,618,244,21,108,57,89,175,89,155,319,143,116,235,126,51,126,432,91,240,268,184,203,53,71,6,256,80,85,21,66,107,21,21,73,75,38,45,58,26,9,19,2202,2659,3400
"G060019092600","2019-2023","CA",,,"California","06","Fresno County","019","Reedley CCD","92600",,,,,,,,,,,,,,".",".",,,,,,,,,,,,"0600000US0601992600",,,"0601992600","Reedley CCD, Fresno County, California",30629,14020,435,289,639,6,9762,5478,4720,758,30629,7462,5602,428,56,604,6,193,573,124,449,23167,8418,7,233,35,0,9569,4905,4596,309,11942,11942,9391,2551,0,6671,6671,5107,1564,0,5271,5271,4284,987,0,11942,10869,8947,1922,959,637,208,86,32,0,0,0,0,0,0,0,0,4,245,164,660,11282,314,1656,1808,1015,1431,779,1474,507,428,1137,502,231,18680,9022,787,279,587,262,240,176,237,591,1976,553,1264,746,786,242,183,113,9658,665,325,594,360,335,31,192,220,1823,432,1332,1367,1196,660,116,10,18680,1452,0,27,98,75,229,175,168,1013,131,491,575,207,429,811,3475,324,985,2596,2113,1982,902,299,123,3458,115,353,44,238,276,122,10,427,401,484,132,328,96,133,299,31437,35233,28148,"Reedley CCD, Fresno County, California",871,1609,254,194,353,9,1479,1136,1072,271,871,881,769,252,72,346,9,111,187,136,154,1050,1516,13,161,44,29,1472,1135,1079,199,753,753,778,538,29,512,512,536,380,29,457,457,456,285,29,753,717,726,409,282,288,142,63,48,29,29,29,29,29,29,29,29,8,148,85,316,725,171,378,313,305,358,391,323,252,230,307,191,252,822,540,270,139,179,155,189,75,161,273,367,218,312,223,209,138,85,78,535,239,149,182,178,168,31,134,87,370,144,312,371,273,173,95,16,822,407,29,40,105,63,131,126,108,282,103,282,313,87,191,290,574,128,266,439,384,393,221,133,82,509,68,168,42,134,132,77,26,189,167,229,82,163,69,86,133,2057,4301,4183
"G060019092630","2019-2023","CA",,,"California","06","Fresno County","019","Riverdale CCD","92630",,,,,,,,,,,,,,".",".",,,,,,,,,,,,"0600000US0601992630",,,"0601992630","Riverdale CCD, Fresno County, California",5425,1900,11,14,129,0,2408,963,958,5,5425,1214,1213,1,0,0,0,0,0,0,0,4211,687,10,14,129,0,2408,963,958,5,2201,2201,1833,368,0,1317,1317,1120,197,0,884,884,713,171,0,2201,1982,1843,139,85,29,25,0,0,0,0,0,0,0,0,0,0,0,139,0,80,2121,303,367,142,175,143,194,354,51,146,102,142,2,3209,1580,231,218,114,34,63,75,0,12,586,47,110,28,21,41,0,0,1629,121,179,207,37,36,48,18,34,465,27,193,160,97,7,0,0,3209,352,0,0,0,325,47,25,82,239,0,71,99,123,18,46,994,57,74,303,188,118,48,0,0,166,33,23,0,5,36,0,0,0,23,0,0,19,0,0,27,34708,39167,21944,"Riverdale CCD, Fresno County, California",1157,613,17,23,207,19,1162,546,546,8,1157,446,446,6,19,19,19,19,19,19,19,1115,419,15,23,207,19,1162,546,546,8,469,469,432,154,19,314,314,307,113,19,281,281,289,98,19,469,426,405,109,76,38,40,19,19,19,19,19,19,19,19,19,19,19,83,19,71,455,213,226,109,155,76,120,176,52,112,80,112,3,737,363,104,215,90,55,53,61,19,17,205,50,75,32,22,54,19,19,489,77,222,112,45,37,51,21,53,260,31,131,97,79,18,19,19,737,144,19,19,19,421,63,40,88,136,19,72,69,98,21,55,347,60,55,153,105,81,57,19,19,102,52,36,19,21,55,19,19,19,23,19,19,27,19,19,41,4587,4162,3742
"G060019092800","2019-2023","CA",,,"California","06","Fresno County","019","Sanger CCD","92800",,,,,,,,,,,,,,".",".",,,,,,,,,,,,"0600000US0601992800",,,"0601992800","Sanger CCD, Fresno County, California",37066,17093,193,910,1855,197,10495,6323,5181,1142,37066,12822,10110,193,117,1791,197,35,379,48,331,24244,6983,0,793,64,0,10460,5944,5133,811,14830,14740,13494,1246,90,8718,8705,7821,884,13,6112,6035,5673,362,77,14830,13452,12189,1263,516,420,120,147,60,46,46,0,0,0,0,0,0,0,231,186,915,13915,378,1976,1159,1691,2436,1793,2163,434,289,243,873,480,23505,12026,590,493,503,185,152,290,185,349,3413,824,2154,913,1283,524,142,26,11479,460,375,418,292,143,144,236,444,2746,819,2225,1143,1461,519,54,0,23505,1050,0,10,82,254,421,101,173,748,138,339,295,434,421,793,4981,1178,1643,4379,2056,2744,1043,196,26,4248,91,319,63,364,291,391,12,644,785,357,77,281,115,136,322,38238,43059,35394,"Sanger CCD, Fresno County, California",1042,1600,91,493,450,193,1344,1188,995,607,1042,1313,1262,91,183,449,193,56,184,77,179,1351,1196,29,410,109,29,1327,1192,1000,583,833,842,891,294,78,577,577,581,237,25,576,585,587,146,70,833,822,733,281,179,215,74,120,71,48,48,29,29,29,29,29,29,29,166,103,240,822,166,414,285,323,403,372,410,168,151,103,301,188,1080,730,196,231,161,115,93,146,119,167,523,220,430,280,305,182,66,22,668,145,228,159,124,96,118,118,211,407,227,463,280,286,146,49,29,1080,259,29,24,65,171,258,84,89,252,104,173,117,179,154,261,696,296,346,728,423,444,262,95,22,596,85,136,54,138,108,167,21,225,242,117,53,114,65,85,149,2810,4861,2357
"G060019092820","2019-2023","CA",,,"California","06","Fresno County","019","San Joaquin-Tranquillity CCD","92820",,,,,,,,,,,,,,".",".",,,,,,,,,,,,"0600000US0601992820",,,"0601992820","San Joaquin-Tranquillity CCD, Fresno County, California",5812,1236,185,34,0,0,3219,1138,1056,82,5812,387,145,185,0,0,0,0,57,0,57,5425,1091,0,34,0,0,3219,1081,1056,25,1629,1629,1434,195,0,1103,1103,1017,86,0,526,526,417,109,0,1629,1437,1235,202,119,0,65,7,11,0,0,0,0,0,0,0,0,0,30,19,143,1486,108,233,202,93,262,39,348,29,0,79,93,0,3222,1625,57,232,362,36,110,56,56,11,377,17,234,50,27,0,0,0,1597,80,105,266,37,36,21,34,86,507,25,279,52,69,0,0,0,3222,137,0,0,73,76,130,58,44,584,50,23,146,77,90,97,813,71,42,513,102,96,0,0,0,96,0,0,0,16,0,21,13,0,12,28,0,6,0,0,0,31250,35914,24214,"San Joaquin-Tranquillity CCD, Fresno County, California",572,522,146,51,19,19,651,435,424,92,572,179,90,146,19,19,19,19,67,19,67,576,502,19,51,19,19,651,429,424,39,272,272,252,96,19,179,179,178,54,19,155,155,139,68,19,272,258,237,119,86,19,88,14,15,19,19,19,19,19,19,19,19,19,33,32,80,256,82,108,101,69,116,33,102,35,19,50,56,19,378,235,43,117,117,46,80,53,55,18,130,29,98,45,39,19,19,19,193,51,64,106,45,28,24,39,59,154,29,104,47,53,19,19,19,378,89,19,19,56,78,70,42,43,163,58,27,84,61,68,63,244,54,54,158,67,76,19,19,19,76,19,19,19,26,19,36,21,19,19,35,19,13,19,19,19,4266,4145,4751
"G060019092990","2019-2023","CA",,,"California","06","Fresno County","019","Selma CCD","92990",,,,,,,,,,,,,,".",".",,,,,,,,,,,,"0600000US0601992990",,,"0601992990","Selma CCD, Fresno County, California",30187,13452,294,539,982,26,9251,5643,5062,581,30187,6712,4673,254,16,982,26,467,294,41,253,23475,8779,40,523,0,0,8784,5349,5021,328,12246,12203,11007,1196,43,7030,6995,6208,787,35,5216,5208,4799,409,8,12246,11017,9772,1245,605,160,29,359,92,60,60,0,0,0,0,0,0,269,119,25,756,11490,294,1378,1557,1810,1614,936,1756,300,372,805,323,345,19256,9455,867,329,720,274,225,136,229,245,2555,695,1375,579,822,336,42,26,9801,542,231,341,335,244,66,133,289,2685,658,1895,1240,699,362,64,17,19256,1409,0,14,99,112,221,114,140,921,144,465,469,202,362,534,4717,523,1353,3270,1819,1521,698,106,43,2440,24,151,36,49,201,88,20,170,404,371,109,431,16,136,234,34921,37296,30520,"Selma CCD, Fresno County, California",1025,1750,286,350,449,41,1641,1279,1233,228,1025,802,628,242,18,449,41,329,131,62,121,1021,1637,54,350,29,29,1562,1257,1224,185,892,892,833,260,49,746,748,697,213,45,588,588,594,170,14,892,844,955,402,214,106,35,332,88,79,79,29,29,29,29,29,29,282,77,28,267,868,153,397,339,413,367,332,414,158,226,523,144,174,1120,824,360,144,256,153,123,97,116,147,512,231,359,192,301,148,42,41,686,214,109,121,128,121,64,94,184,422,186,370,335,214,177,43,18,1120,433,29,33,75,82,153,87,110,302,87,195,173,133,181,227,626,172,326,494,413,332,262,63,54,433,28,100,40,40,93,74,31,84,182,193,84,242,19,113,126,2599,1653,5043
"G060019093010","2019-2023","CA",,,"California","06","Fresno County","019","Sierra CCD","93010",,,,,,,,,,,,,,".",".",,,,,,,,,,,,"0600000US0601993010",,,"0601993010","Sierra CCD, Fresno County, California",18090,13262,157,346,770,2,1159,2394,1254,1140,18090,14263,11763,154,336,767,2,56,1185,192,993,3827,1499,3,10,3,0,1103,1209,1062,147,7267,7185,6501,684,82,4181,4099,3688,411,82,3086,3086,2813,273,0,7267,5975,4583,1392,725,330,0,43,294,7,7,0,0,0,0,0,0,0,296,73,916,6351,135,531,339,572,423,521,648,347,449,1338,617,431,13333,6990,71,11,125,18,7,32,173,197,1958,452,1660,532,950,448,158,198,6343,166,9,28,15,60,13,34,193,1461,542,1286,675,1371,346,66,78,13333,237,0,0,0,0,18,2,0,153,2,31,67,45,207,390,2978,441,994,2946,1207,2321,794,224,276,3806,100,608,93,137,304,181,15,459,503,375,182,274,200,51,324,52843,56811,44008,"Sierra CCD, Fresno County, California",1107,1232,136,156,420,10,460,501,436,275,1107,1174,1154,135,154,420,10,46,289,201,252,566,447,6,8,6,21,456,385,370,97,648,647,598,252,84,445,452,471,192,84,434,434,401,141,21,648,568,469,466,394,221,21,72,277,9,9,21,21,21,21,21,21,21,237,65,216,630,60,267,184,180,159,230,209,88,191,289,280,161,877,531,31,15,35,17,8,34,104,149,351,146,387,170,255,157,81,109,470,83,12,27,24,56,21,35,122,285,154,306,155,292,111,35,74,877,101,21,21,21,21,27,4,21,60,3,34,58,34,109,172,530,140,202,588,240,426,200,102,134,576,74,246,59,94,118,80,18,155,160,114,109,99,78,39,131,5567,10815,4275
"G060021092280","2019-2023","CA",,,"California","06","Glenn County","021","Orland CCD","92280",,,,,,,,,,,,,,".",".",,,,,,,,,,,,"0600000US0602192280",,,"0602192280","Orland CCD, Glenn County, California",18553,10987,0,317,300,0,4424,2525,2061,464,18553,9193,8249,0,142,300,0,22,480,134,346,9360,2738,0,175,0,0,4402,2045,1927,118,8004,7973,5074,2899,31,4216,4185,2901,1284,31,3788,3788,2173,1615,0,8004,7174,6190,984,597,190,181,16,0,0,0,0,0,0,0,0,0,38,104,87,601,7403,336,932,892,1548,931,322,1222,162,298,390,231,139,11785,5781,185,290,197,194,190,78,30,322,1926,282,944,385,563,147,39,9,6004,178,167,254,21,104,75,25,72,1968,441,979,702,771,197,27,23,11785,363,0,20,56,44,203,134,186,265,32,183,294,153,55,394,3636,258,723,1923,1087,1334,344,66,32,1880,35,354,22,69,153,53,48,228,397,198,47,58,62,14,142,40375,45000,35128,"Orland CCD, Glenn County, California",405,745,21,158,144,21,713,549,544,169,405,451,469,21,56,144,21,21,165,96,145,540,643,21,157,21,21,712,540,545,86,505,500,487,371,30,353,355,343,226,30,327,327,315,275,21,505,531,468,235,194,125,105,34,21,21,21,21,21,21,21,21,21,32,69,91,205,510,149,242,259,365,250,115,231,101,124,164,99,70,413,311,105,140,96,122,136,54,25,117,342,105,182,142,149,70,35,9,245,88,109,96,18,85,64,25,54,313,144,209,185,167,106,28,22,413,175,21,35,54,45,145,112,110,116,40,117,170,91,40,129,496,96,183,292,256,259,141,52,23,320,50,125,26,45,91,38,45,84,168,78,36,39,47,7,78,2662,5018,4250
"G060021093750","2019-2023","CA",,,"California","06","Glenn County","021","Willows CCD","93750",,,,,,,,,,,,,,".",".",,,,,,,,,,,,"0600000US0602193750",,,"0602193750","Willows CCD, Glenn County, California",10070,6133,158,122,477,22,1545,1613,1164,449,10070,6798,5669,158,61,477,22,15,396,15,381,3272,464,0,61,0,0,1530,1217,1149,68,4519,4519,3500,1019,0,2673,2673,1928,745,0,1846,1846,1572,274,0,4519,3839,3333,506,311,50,131,14,0,0,0,0,0,0,0,0,0,0,131,211,338,4181,501,1170,742,197,253,148,228,40,368,238,207,89,6841,3645,89,99,98,99,59,111,33,92,1042,304,667,374,495,42,22,19,3196,136,36,48,74,63,24,0,222,917,315,331,314,485,103,89,39,6841,225,0,0,60,0,75,0,44,102,14,159,122,135,33,314,1694,265,619,998,688,980,145,111,58,1386,9,287,24,21,72,186,0,94,99,185,32,214,46,30,87,38083,42271,31317,"Willows CCD, Glenn County, California",405,538,126,79,172,43,528,615,621,142,405,451,450,126,47,172,43,22,113,25,109,540,273,21,69,21,21,530,614,624,67,487,487,438,216,21,399,399,368,181,21,231,231,205,125,21,487,445,373,231,144,49,170,21,21,21,21,21,21,21,21,21,21,21,127,201,128,467,191,353,267,110,117,74,100,31,199,184,112,64,421,312,56,101,75,67,72,98,32,99,277,197,177,165,210,26,26,26,239,76,52,42,52,49,29,21,140,254,98,101,158,147,52,68,43,421,116,21,21,85,21,75,21,65,62,23,100,84,102,32,177,415,154,236,194,274,256,60,77,47,289,16,122,21,27,54,195,21,71,54,89,32,111,48,35,61,7161,4405,1744
"G060023090100","2019-2023","CA",,,"California","06","Humboldt County","023","Arcata CCD","90100",,,,,,,,,,,,,,".",".",,,,,,,,,,,,"0600000US0602390100",,,"0602390100","Arcata CCD, Humboldt County, California",24987,19215,459,307,508,120,1432,2946,1284,1662,24987,21553,18473,398,141,508,84,291,1658,388,1270,3434,742,61,166,0,36,1141,1288,896,392,12018,11971,11866,105,47,6241,6214,6124,90,27,5777,5757,5742,15,20,12018,8618,7555,1063,820,177,51,2,13,146,146,0,0,0,0,101,48,183,1215,77,1630,10388,530,1976,2505,2209,1260,412,566,72,235,220,167,236,15071,7598,125,0,32,29,120,16,24,194,1169,355,1670,740,1982,663,332,147,7473,54,0,8,0,15,29,95,101,985,570,1148,766,2125,1093,307,177,15071,179,0,0,0,0,0,0,10,30,0,29,135,45,119,295,1666,488,925,2818,1506,4107,1756,639,324,7364,169,1340,335,393,870,396,83,370,385,605,588,589,742,226,273,25105,27261,24219,"Arcata CCD, Humboldt County, California",653,915,210,157,195,102,370,450,330,355,653,809,892,190,83,195,96,158,330,196,304,512,223,85,112,25,41,350,322,245,216,741,745,751,61,49,599,601,605,56,26,488,488,483,23,25,741,733,681,279,269,124,41,4,15,76,76,25,25,25,25,126,67,90,293,63,308,800,226,323,512,371,236,195,170,65,128,115,105,114,628,459,94,25,24,26,95,15,38,115,231,136,325,255,300,187,107,64,430,41,25,13,25,18,35,95,52,235,234,262,231,389,205,98,77,628,103,25,25,25,25,25,25,16,25,25,26,97,38,117,141,269,205,250,388,302,476,305,130,102,618,85,247,143,173,202,219,46,114,113,182,189,170,213,81,82,2667,5297,2051
"G060023090930","2019-2023","CA",,,"California","06","Humboldt County","023","Eureka CCD","90930",,,,,,,,,,,,,,".",".",,,,,,,,,,,,"0600000US0602390930",,,"0602390930","Eureka CCD, Humboldt County, California",48548,35592,874,831,2346,176,3139,5590,2017,3573,48548,41624,33642,740,693,2197,158,330,3864,679,3185,6924,1950,134,138,149,18,2809,1726,1338,388,21470,21470,21119,351,0,11520,11520,11180,340,0,9950,9950,9939,11,0,21470,17413,14298,3115,2240,389,248,140,98,186,179,7,0,0,0,0,44,250,1015,214,2348,19122,1181,4224,4252,3428,2281,656,2045,40,124,443,209,239,35115,17432,296,112,78,116,163,195,375,541,4505,1313,3155,1827,3091,1107,270,288,17683,295,49,143,184,55,161,182,334,3987,1857,2372,1859,4231,1423,366,185,35115,591,0,0,0,40,97,24,0,221,17,283,218,356,557,875,7194,1298,3170,5527,3686,7322,2530,636,473,12008,193,1788,652,693,1190,658,94,997,1108,1028,944,865,924,297,577,35340,39142,30202,"Eureka CCD, Humboldt County, California",1199,1354,341,240,441,136,713,901,585,621,1199,1256,1336,344,213,435,132,189,643,388,502,751,468,126,120,142,28,670,499,404,332,1099,1099,1079,207,29,721,721,694,207,29,730,730,728,14,29,1099,1172,1051,788,616,156,367,163,117,125,123,17,29,29,29,29,65,124,344,118,443,1094,367,613,506,546,430,209,433,35,54,386,116,150,1068,782,158,96,81,113,122,131,175,270,726,267,560,333,498,316,128,134,652,141,59,101,167,72,122,108,140,705,434,392,322,522,289,124,128,1068,221,29,29,29,55,95,33,29,152,28,223,151,177,217,316,1015,352,550,669,457,727,431,176,226,868,111,373,273,199,228,234,60,239,354,256,282,279,260,129,214,2146,3625,2505
"G060023090980","2019-2023","CA",,,"California","06","Humboldt County","023","Ferndale CCD","90980",,,,,,,,,,,,,,".",".",,,,,,,,,,,,"0600000US0602390980",,,"0602390980","Ferndale CCD, Humboldt County, California",3647,2667,32,51,72,0,171,654,341,313,3647,2968,2398,32,35,72,0,92,339,47,292,679,269,0,16,0,0,79,315,294,21,1534,1534,1534,0,0,857,857,857,0,0,677,677,677,0,0,1534,1184,1060,124,114,0,0,10,0,0,0,0,0,0,0,0,0,0,27,68,255,1279,131,130,63,261,159,105,275,20,10,102,10,13,2697,1333,0,0,10,9,32,20,33,30,324,94,373,104,206,47,34,17,1364,1,0,0,0,0,23,12,60,363,131,282,164,210,92,26,0,2697,1,0,0,0,0,0,0,0,10,0,9,32,43,45,90,636,51,225,655,268,416,139,60,17,682,9,68,4,35,42,68,0,43,50,83,71,63,121,0,25,36337,42276,28813,"Ferndale CCD, Humboldt County, California",494,386,40,50,65,14,157,311,284,149,494,398,329,40,45,65,14,135,147,40,138,342,274,14,27,14,14,88,279,283,22,313,313,313,14,14,203,203,203,14,14,187,187,187,14,14,313,244,220,88,85,14,14,15,14,14,14,14,14,14,14,14,14,14,32,72,130,260,75,81,34,107,79,51,116,19,14,88,18,11,353,234,14,14,16,13,30,20,38,41,128,65,128,55,91,30,26,15,176,4,14,14,14,14,24,18,58,115,83,83,77,88,45,20,14,353,4,14,14,14,14,14,14,14,16,14,13,30,31,42,65,206,46,135,142,92,129,49,33,15,177,11,46,6,31,26,70,14,37,33,40,45,33,88,14,20,3825,9372,7226
"G060023091050","2019-2023","CA",,,"California","06","Humboldt County","023","Fortuna CCD","91050",,,,,,,,,,,,,,".",".",,,,,,,,,,,,"0600000US0602391050",,,"0602391050","Fortuna CCD, Humboldt County, California",18887,13822,135,671,449,0,1537,2273,814,1459,18887,15662,13265,132,494,449,0,43,1279,94,1185,3225,557,3,177,0,0,1494,994,720,274,7757,7744,7686,58,13,4263,4250,4222,28,13,3494,3494,3464,30,0,7757,6545,5674,871,743,51,31,20,26,84,84,0,0,0,0,0,37,101,269,16,705,7052,611,1810,946,877,530,307,725,196,195,258,276,321,12967,6222,31,75,65,50,62,49,194,117,2014,617,1365,431,795,259,66,32,6745,95,95,37,22,84,95,182,162,1603,730,891,785,1405,392,159,8,12967,126,14,0,0,0,148,8,13,89,0,72,146,144,376,279,3247,370,1347,2256,1216,2200,651,225,40,3256,96,531,20,210,252,156,16,364,319,312,114,247,308,149,162,37915,45138,27857,"Fortuna CCD, Humboldt County, California",738,904,153,239,262,21,555,424,291,337,738,815,789,155,179,262,21,68,286,72,268,548,383,29,123,21,21,543,318,284,152,660,662,653,38,22,402,402,399,26,22,391,391,385,23,21,660,650,625,293,268,50,32,24,27,96,96,21,21,21,21,21,58,59,146,19,231,606,206,302,290,219,157,108,210,102,104,105,139,164,709,406,27,78,65,68,73,36,105,54,291,181,313,144,165,109,54,27,441,84,79,58,32,61,69,83,110,305,173,155,174,246,111,135,10,709,86,18,21,21,21,147,11,32,107,21,96,110,83,151,135,408,141,267,355,246,327,176,150,29,439,61,120,26,80,106,113,18,194,120,134,57,109,131,77,77,2977,4401,6614
"G060023091100","2019-2023","CA",,,"California","06","Humboldt County","023","Garberville CCD","91100",,,,,,,,,,,,,,".",".",,,,,,,,,,,,"0600000US0602391100",,,"0602391100","Garberville CCD, Humboldt County, California",11864,9071,147,368,124,0,776,1378,534,844,11864,10005,8720,147,95,124,0,40,879,195,684,1859,351,0,273,0,0,736,499,339,160,4730,4730,4452,278,0,2386,2386,2125,261,0,2344,2344,2327,17,0,4730,3591,2897,694,544,150,0,0,0,0,0,0,0,0,0,0,0,0,384,75,680,4050,369,512,867,818,215,122,261,101,70,443,272,0,8283,4095,0,3,96,46,0,220,217,112,1643,362,675,257,348,22,42,52,4188,60,0,1,0,0,141,58,44,1058,392,1169,576,444,168,73,4,8283,60,0,0,0,3,0,0,0,97,0,46,0,361,275,156,2502,199,754,1844,833,792,190,115,56,1332,21,264,69,130,122,37,0,101,97,145,31,155,112,9,39,27787,31333,23750,"Garberville CCD, Humboldt County, California",1007,1015,93,298,89,21,434,424,343,278,1007,1180,1091,93,102,89,21,40,319,218,261,598,314,21,276,21,21,438,305,273,115,569,569,565,160,21,431,431,435,156,21,317,317,321,27,21,569,553,559,254,229,134,21,21,21,21,21,21,21,21,21,21,21,21,198,106,374,555,162,206,309,312,150,121,123,140,62,225,169,21,659,430,21,10,83,51,21,161,171,80,349,168,183,97,145,20,48,49,405,67,21,3,21,21,121,57,45,253,157,320,260,167,91,78,10,659,67,21,21,21,10,21,21,21,83,21,51,21,193,176,89,407,122,221,363,298,217,92,91,50,409,21,159,65,74,92,46,21,118,75,77,37,112,61,15,35,6315,8155,7818
"G060023092170","2019-2023","CA",,,"California","06","Humboldt County","023","North Coastal CCD","92170",,,,,,,,,,,,,,".",".",,,,,,,,,,,,"0600000US0602392170",,,"0602392170","North Coastal CCD, Humboldt County, California",23197,17572,73,920,630,16,750,3236,807,2429,23197,20743,16864,73,808,630,16,65,2287,188,2099,2454,708,0,112,0,0,685,949,619,330,9405,9349,9091,258,56,4700,4661,4548,113,39,4705,4688,4543,145,17,9405,7911,7059,852,660,156,20,0,16,55,44,11,0,0,0,0,14,21,127,167,1110,8295,345,1115,1632,1319,1286,759,830,50,76,377,240,266,16482,7948,10,0,5,15,36,38,48,218,1765,706,1666,566,1981,391,227,276,8534,31,9,0,0,57,78,234,116,1432,663,1328,868,2234,995,304,185,16482,41,0,0,0,0,9,0,5,0,11,4,93,116,282,334,2637,560,1369,2994,1434,4215,1386,531,461,7137,287,1076,251,477,765,414,128,479,646,580,405,342,523,176,588,38538,46411,31894,"North Coastal CCD, Humboldt County, California",1137,1142,99,426,280,24,431,627,246,584,1137,1107,1094,99,429,280,24,39,550,102,532,643,329,25,100,25,25,424,312,246,193,622,630,659,111,48,434,437,426,60,44,428,429,451,89,17,622,570,573,238,201,96,19,25,14,50,49,12,25,25,25,25,21,18,86,127,250,602,139,261,298,296,328,226,220,52,32,140,145,123,861,568,10,25,9,18,38,44,46,182,333,193,271,183,249,118,105,104,546,35,13,25,25,73,77,179,69,287,165,261,212,347,193,102,71,861,37,25,25,25,25,13,25,9,25,17,6,84,92,185,213,439,159,260,351,281,464,227,135,134,686,138,271,78,158,231,156,112,170,175,125,111,86,189,92,209,3525,4079,5732
"G060023093745","2019-2023","CA",,,"California","06","Humboldt County","023","Willow Creek-Hoopa Valley CCD","93745",,,,,,,,,,,,,,".",".",,,,,,,,,,,,"0600000US0602393745",,,"0602393745","Willow Creek-Hoopa Valley CCD, Humboldt County, California",4288,1753,1,1941,121,52,102,318,22,296,4288,4119,1753,1,1854,121,52,35,303,16,287,169,0,0,87,0,0,67,15,6,9,1373,1373,1295,78,0,708,708,673,35,0,665,665,622,43,0,1373,1093,911,182,145,3,24,9,1,4,4,0,0,0,0,0,0,0,80,3,193,1180,174,325,103,239,130,46,39,57,0,27,31,9,2880,1429,0,0,0,4,10,19,30,7,397,201,396,28,237,100,0,0,1451,0,0,61,28,0,13,92,7,481,47,224,118,232,146,2,0,2880,0,0,0,0,0,0,0,55,6,0,32,10,32,122,14,846,32,248,620,146,469,246,2,0,775,52,58,0,33,109,25,7,66,58,122,7,33,62,18,125,35357,36029,31897,"Willow Creek-Hoopa Valley CCD, Humboldt County, California",772,654,2,269,127,59,98,229,20,227,772,796,654,2,281,127,59,52,229,17,228,115,14,14,64,14,14,86,23,9,14,257,257,250,66,14,211,211,210,35,14,149,149,135,63,14,257,231,234,77,76,5,24,15,2,7,7,14,14,14,14,14,14,14,66,7,113,247,97,90,55,144,109,42,30,79,14,24,41,15,419,213,14,14,14,5,14,22,25,10,156,144,109,21,116,89,14,14,246,14,14,86,46,14,14,103,8,186,28,73,63,93,88,5,14,419,14,14,14,14,14,14,14,86,11,14,47,14,29,104,13,262,24,146,130,71,146,165,5,14,222,50,53,14,25,88,28,14,54,50,73,11,42,61,15,103,12727,29202,15070
"G060025090260","2019-2023","CA",,,"California","06","Imperial County","025","Brawley CCD","90260",,,,,,,,,,,,,,".",".",,,,,,,,,,,,"0600000US0602590260",,,"0602590260","Brawley CCD, Imperial County, California",27831,10770,277,525,364,3,8936,6956,6372,584,27831,4406,3595,130,114,339,3,1,224,0,224,23425,7175,147,411,25,0,8935,6732,6372,360,9303,9205,8786,419,98,5280,5215,4869,346,65,4023,3990,3917,73,33,9303,7847,7115,732,476,25,155,15,61,80,80,0,0,0,0,68,0,62,139,278,829,8474,496,1723,1642,1203,906,457,1380,163,110,67,125,202,16474,8133,517,64,299,444,289,209,204,245,2417,506,1364,467,825,201,36,46,8341,427,222,388,126,285,138,185,187,1832,588,1804,981,950,178,35,15,16474,944,0,55,30,54,89,58,46,641,67,503,574,347,389,432,3575,674,1094,3168,1448,1775,379,71,61,2368,137,174,64,232,140,127,0,194,406,526,32,187,56,0,93,36279,42380,29944,"Brawley CCD, Imperial County, California",294,1475,172,395,193,5,1590,1553,1524,280,294,554,512,101,96,190,5,3,109,25,109,564,1433,155,397,26,25,1590,1560,1524,239,650,665,671,192,78,558,563,561,179,59,432,439,434,64,51,650,646,590,303,264,28,105,27,84,96,96,25,25,25,25,97,25,71,94,163,267,650,210,402,403,401,250,211,333,109,78,51,107,103,776,612,235,62,141,178,191,170,143,142,328,161,331,173,278,121,62,62,439,185,126,231,83,129,106,113,98,363,194,327,249,222,93,57,27,776,390,25,54,41,85,70,52,49,289,52,190,263,196,210,166,468,232,245,445,301,424,152,87,64,491,135,117,60,129,109,89,25,103,197,282,43,103,61,25,80,5277,6264,5971
"G060025090320","2019-2023","CA",,,"California","06","Imperial County","025","Calexico CCD","90320",,,,,,,,,,,,,,".",".",,,,,,,,,,,,"0600000US0602590320",,,"0602590320","Calexico CCD, Imperial County, California",38579,10731,64,315,567,6,16425,10471,10268,203,38579,979,438,64,25,446,6,0,0,0,0,37600,10293,0,290,121,0,16425,10471,10268,203,12309,11705,11038,667,604,6302,5819,5434,385,483,6007,5886,5604,282,121,12309,10533,9775,758,309,261,84,40,64,177,177,0,0,0,0,0,4,81,447,174,893,11416,467,1222,1297,1390,2444,935,1959,135,268,397,477,425,24034,11054,648,407,704,407,793,187,281,376,2407,443,1332,943,1559,329,214,24,12980,933,315,846,783,648,267,201,593,2310,601,1663,831,2336,394,259,0,24034,1581,0,48,80,154,357,83,144,1406,322,868,1441,454,482,969,3618,1099,1044,2995,1774,3895,723,473,24,5358,253,212,94,622,236,362,0,375,901,765,95,415,218,87,723,26714,32809,22757,"Calexico CCD, Imperial County, California",69,1986,49,227,301,10,1857,1958,1955,170,69,307,198,49,35,240,10,29,29,29,29,307,1975,29,222,105,29,1857,1958,1955,170,905,847,841,220,394,596,573,550,151,320,604,596,599,158,104,905,877,880,225,159,138,79,41,48,141,141,29,29,29,29,29,9,84,221,119,277,909,221,295,308,347,633,365,369,120,144,197,219,178,751,591,203,164,282,195,291,108,178,173,469,193,306,419,391,142,124,23,564,286,135,253,400,214,178,117,203,386,181,462,242,450,142,131,29,751,429,29,61,76,129,165,69,147,339,187,446,365,203,193,278,531,468,284,623,481,635,209,234,23,698,130,131,75,258,112,156,29,228,263,283,84,181,136,85,225,3495,4014,3798
"G060025090330","2019-2023","CA",,,"California","06","Imperial County","025","Calipatria-Westmorland CCD","90330",,,,,,,,,,,,,,".",".",,,,,,,,,,,,"0600000US0602590330",,,"0602590330","Calipatria-Westmorland CCD, Imperial County, California",10728,3370,887,121,273,7,3557,2513,2389,124,10728,2043,913,852,35,157,3,8,75,7,68,8685,2457,35,86,116,4,3549,2438,2382,56,2770,2660,2619,41,110,1509,1465,1433,32,44,1261,1195,1186,9,66,2770,2262,2134,128,79,1,43,0,5,15,15,0,0,0,0,0,0,0,236,95,162,2608,134,593,313,575,140,120,362,47,103,75,82,64,7342,5085,52,84,192,134,276,444,617,287,1577,507,639,158,59,23,0,36,2257,14,183,160,42,159,22,144,47,528,149,447,146,172,44,0,0,7342,66,0,0,45,0,55,167,43,309,54,122,435,466,761,334,1660,445,656,1086,304,231,67,0,36,334,65,48,4,34,0,0,0,25,22,50,12,61,0,0,13,29585,32917,27139,"Calipatria-Westmorland CCD, Imperial County, California",877,644,243,91,164,11,758,602,607,89,877,356,262,239,41,130,6,11,35,12,35,895,619,30,81,110,9,758,599,607,82,459,453,456,40,90,366,370,372,38,39,268,256,257,12,54,459,342,336,54,53,2,42,21,6,16,16,21,21,21,21,21,21,21,229,86,87,432,82,281,154,188,69,56,129,44,97,46,86,48,538,397,41,51,122,79,177,121,153,154,208,235,180,55,35,29,21,57,291,24,95,139,45,91,25,122,39,195,108,149,72,86,34,21,21,538,49,21,21,37,21,55,97,29,178,57,66,190,123,192,159,276,93,259,242,91,99,58,21,57,132,67,42,8,32,21,21,21,24,29,50,17,60,21,21,13,2988,4394,2654
"G060025090790","2019-2023","CA",,,"California","06","Imperial County","025","East Imperial CCD","90790",,,,,,,,,,,,,,".",".",,,,,,,,,,,,"0600000US0602590790",,,"0602590790","East Imperial CCD, Imperial County, California",666,463,83,11,8,0,39,62,0,62,666,611,439,83,0,0,0,27,62,0,62,55,24,0,11,8,0,12,0,0,0,151,151,114,37,0,92,92,67,25,0,59,59,47,12,0,151,111,103,8,0,8,0,0,0,0,0,0,0,0,0,0,0,0,29,0,11,140,19,28,8,5,0,0,4,0,0,0,76,0,587,310,3,0,0,0,9,6,0,0,164,7,20,65,36,0,0,0,277,13,0,31,25,0,0,0,0,46,7,74,44,33,4,0,0,587,16,0,0,0,0,0,0,19,12,0,25,9,6,0,0,203,7,14,94,109,69,4,0,0,73,0,0,0,0,9,0,0,50,0,6,0,8,0,0,0,27250,-666666666,21908,"East Imperial CCD, Imperial County, California",193,189,126,18,12,14,51,84,14,84,193,189,173,126,14,14,14,46,84,14,84,48,38,14,18,12,14,20,14,14,14,68,68,56,44,14,62,62,45,41,14,42,42,37,20,14,68,63,59,12,14,12,14,14,14,14,14,14,14,14,14,14,14,14,37,14,17,68,32,28,12,9,14,14,7,14,14,14,59,14,176,137,6,14,14,14,14,9,14,14,104,13,18,62,45,14,14,14,123,15,14,37,41,14,14,14,14,34,10,61,44,39,7,14,14,176,19,14,14,14,14,14,14,32,20,14,41,14,9,14,14,108,11,16,64,92,44,7,14,14,46,14,14,14,14,13,14,14,41,14,11,14,12,14,14,14,23936,-222222222,8826
"G060025090860","2019-2023","CA",,,"California","06","Imperial County","025","El Centro CCD","90860",,,,,,,,,,,,,,".",".",,,,,,,,,,,,"0600000US0602590860",,,"0602590860","El Centro CCD, Imperial County, California",64117,17548,2246,588,693,10,26572,16460,14812,1648,64117,9040,5579,1957,21,580,1,54,848,46,802,55077,11969,289,567,113,9,26518,15612,14766,846,24468,24050,22921,1129,418,13765,13503,12658,845,262,10703,10547,10263,284,156,24468,22314,19523,2791,2110,373,240,28,40,0,0,0,0,0,0,76,90,0,440,302,1246,23222,652,3964,4881,5803,2539,1312,1793,144,250,488,540,856,38721,18751,683,339,527,352,1076,269,505,560,5382,948,3538,1456,1990,832,233,61,19970,1015,625,989,356,1096,335,379,380,4973,810,3733,1793,2550,775,139,22,38721,1698,0,0,24,170,568,202,70,1446,237,471,2172,604,884,940,9125,1230,1758,7271,3249,4540,1607,372,83,7005,422,380,87,804,564,579,57,456,1035,1055,309,575,81,83,518,32582,37332,26947,"El Centro CCD, Imperial County, California",1616,1708,449,346,221,18,2085,2151,2037,530,1616,649,589,419,32,196,2,64,351,46,343,1684,1628,184,341,96,18,2081,2123,2039,418,1118,1151,1181,286,214,879,916,961,253,165,736,734,730,128,98,1118,1142,1203,517,452,185,124,38,43,32,32,32,32,32,32,58,59,32,187,150,366,1127,243,716,649,645,463,407,445,84,111,222,186,278,1177,805,200,136,195,164,267,112,185,152,579,248,530,340,397,249,118,39,791,387,182,249,143,275,148,165,146,632,208,503,358,411,230,95,20,1177,509,32,32,28,71,203,110,45,336,135,184,403,183,245,204,871,291,313,733,517,635,321,158,41,875,200,140,61,222,178,214,52,177,256,316,126,241,49,59,171,2312,2843,2349
"G060025091310","2019-2023","CA",,,"California","06","Imperial County","025","Holtville CCD","91310",,,,,,,,,,,,,,".",".",,,,,,,,,,,,"0600000US0602591310",,,"0602591310","Holtville CCD, Imperial County, California",7822,2535,72,45,53,0,3626,1491,1373,118,7822,1782,1522,72,0,53,0,2,133,75,58,6040,1013,0,45,0,0,3624,1358,1298,60,2889,2889,2801,88,0,1582,1582,1502,80,0,1307,1307,1299,8,0,2889,2712,2376,336,170,112,0,54,0,0,0,0,0,0,0,0,20,0,69,0,88,2801,363,258,175,292,625,323,491,14,58,100,47,55,4758,2228,160,48,77,5,170,46,36,107,779,144,179,143,266,51,3,14,2530,156,55,165,15,183,69,32,48,469,150,649,172,258,91,17,1,4758,316,0,0,0,21,82,0,65,177,5,15,353,115,68,155,1223,25,294,828,315,524,142,20,15,723,0,6,47,4,78,103,0,33,225,66,12,19,28,0,102,32364,37143,30407,"Holtville CCD, Imperial County, California",509,601,77,63,70,19,728,582,587,95,509,411,408,77,19,70,19,4,111,101,42,508,427,19,63,19,19,727,583,583,72,388,388,375,72,19,265,265,261,71,19,253,253,252,13,19,388,397,408,187,95,145,19,52,19,19,19,19,19,19,19,19,30,19,56,19,64,397,251,120,123,91,280,174,198,22,63,63,53,58,437,257,101,52,93,7,165,58,57,87,219,75,87,92,136,48,6,25,329,114,85,174,25,136,76,48,53,152,82,214,108,105,78,20,4,437,170,19,19,19,34,94,19,93,172,7,25,283,99,74,101,287,22,109,237,146,169,91,22,24,220,19,10,51,6,60,89,19,52,130,43,14,24,24,19,76,10157,13860,13206
"G060025091380","2019-2023","CA",,,"California","06","Imperial County","025","Imperial CCD","91380",,,,,,,,,,,,,,".",".",,,,,,,,,,,,"0600000US0602591380",,,"0602591380","Imperial CCD, Imperial County, California",17290,5898,162,149,702,0,4262,6117,5383,734,17290,2467,1620,162,15,670,0,0,0,0,0,14823,4278,0,134,32,0,4262,6117,5383,734,5782,5718,5188,530,64,3473,3439,3077,362,34,2309,2279,2111,168,30,5782,4987,4102,885,565,23,19,46,232,0,0,0,0,0,0,0,0,0,248,0,547,5235,87,623,1150,862,917,242,523,79,101,497,118,36,9958,4974,40,0,2,0,19,167,188,64,1465,653,1003,300,638,222,134,79,4984,156,0,92,148,266,265,175,131,774,194,1073,651,719,208,3,129,9958,196,0,0,0,0,0,0,0,94,0,148,285,432,363,195,1973,266,847,2076,951,1357,430,137,208,2294,85,147,45,265,200,145,0,210,353,128,83,105,93,0,435,50893,58878,36826,"Imperial CCD, Imperial County, California",1387,1651,175,219,302,21,1228,1856,1812,660,1387,483,452,175,25,273,21,21,21,21,21,1492,1518,21,218,107,21,1228,1856,1812,660,763,747,706,404,75,537,519,494,319,54,459,458,450,172,48,763,793,717,462,283,39,70,80,285,21,21,21,21,21,21,21,21,21,176,21,229,807,147,237,422,346,317,175,252,106,112,338,108,57,812,562,53,21,3,21,33,161,137,71,500,245,327,196,273,150,157,101,513,126,21,89,139,268,175,124,116,270,125,304,271,235,147,8,116,812,134,21,21,21,21,21,21,21,89,21,139,265,237,210,139,562,192,301,475,394,379,239,160,195,574,120,135,81,170,118,98,21,148,197,133,86,85,96,21,238,7765,19591,7070
"G060025093630","2019-2023","CA",,,"California","06","Imperial County","025","West Imperial CCD","93630",,,,,,,,,,,,,,".",".",,,,,,,,,,,,"0600000US0602593630",,,"0602593630","West Imperial CCD, Imperial County, California",10491,2717,669,96,36,5,4246,2722,2619,103,10491,3080,2311,615,40,36,5,5,68,10,58,7411,406,54,56,0,0,4241,2654,2609,45,2028,2028,604,1424,0,1445,1445,415,1030,0,583,583,189,394,0,2028,1865,1797,68,25,43,0,0,0,0,0,0,0,0,0,0,0,0,38,0,125,1903,17,62,152,196,465,102,230,18,174,316,165,6,7663,5595,78,102,347,324,278,497,585,83,2208,237,466,177,81,54,78,0,2068,14,83,138,23,164,17,97,25,880,46,177,190,145,13,56,0,7663,92,0,0,0,103,49,33,173,312,48,299,442,514,682,108,2299,789,283,643,367,226,67,134,0,429,0,188,0,36,20,98,0,0,24,14,16,8,10,2,13,28577,28953,24656,"West Imperial CCD, Imperial County, California",790,496,118,62,30,9,785,857,850,57,790,412,409,112,37,30,9,8,52,19,48,792,234,36,52,21,21,785,852,850,30,378,378,207,365,21,321,321,178,319,21,200,200,93,183,21,378,370,361,66,32,56,21,21,21,21,21,21,21,21,21,21,21,21,49,21,88,370,29,54,111,125,256,134,164,20,157,146,125,10,502,400,71,101,131,233,109,119,114,42,287,78,162,73,75,48,112,21,301,17,73,85,29,102,24,83,24,267,45,104,104,120,21,83,21,502,71,21,21,21,99,61,52,110,145,37,232,159,124,141,56,392,187,92,182,127,142,53,194,21,242,21,151,21,58,34,89,21,21,32,24,24,13,16,12,21,4983,8214,14131
"G060025093760","2019-2023","CA",,,"California","06","Imperial County","025","Winterhaven-Bard CCD","93760",,,,,,,,,,,,,,".",".",,,,,,,,,,,,"0600000US0602593760",,,"0602593760","Winterhaven-Bard CCD, Imperial County, California",1795,527,0,1007,6,0,39,216,117,99,1795,1451,477,0,947,6,0,2,19,0,19,344,50,0,60,0,0,37,197,117,80,449,268,268,0,181,195,140,140,0,55,254,128,128,0,126,449,386,347,39,26,9,0,0,4,11,11,0,0,0,0,9,0,10,17,16,0,449,34,92,114,84,41,0,39,0,0,18,16,11,1045,434,1,0,3,4,11,8,5,38,175,12,93,47,32,5,0,0,611,10,0,8,0,12,4,23,17,239,46,119,36,82,15,0,0,1045,11,0,0,0,0,0,0,3,8,0,4,23,12,28,55,361,53,58,212,83,114,20,0,0,139,0,10,30,5,0,14,0,11,11,10,0,5,0,11,32,32917,39000,25217,"Winterhaven-Bard CCD, Imperial County, California",347,267,14,177,9,14,23,100,70,73,347,317,267,14,172,9,14,3,22,14,22,106,39,14,39,14,14,23,96,70,71,99,74,74,14,67,67,56,56,14,33,74,41,41,14,65,99,90,87,24,18,14,14,14,7,13,13,14,14,14,14,14,14,11,14,23,14,99,28,45,39,61,24,14,30,14,14,17,14,18,217,131,3,14,5,6,13,12,7,35,84,14,44,35,22,8,14,14,120,14,14,13,14,12,7,17,17,64,23,40,37,64,15,14,14,217,14,14,14,14,14,14,14,5,13,14,6,18,14,18,40,103,37,27,60,53,64,17,14,14,66,14,10,32,8,14,13,14,15,12,12,14,8,14,14,52,6205,4802,3800
"G060027090250","2019-2023","CA",,,"California","06","Inyo County","027","Bishop CCD","90250",,,,,,,,,,,,,,".",".",,,,,,,,,,,,"0600000US0602790250",,,"0602790250","Bishop CCD, Inyo County, California",13403,8648,117,1332,298,42,1016,1950,1196,754,13403,10006,7923,47,935,254,42,109,696,216,480,3397,725,70,397,44,0,907,1254,980,274,6212,6205,5599,606,7,2891,2884,2478,406,7,3321,3321,3121,200,0,6212,4759,4019,740,466,157,50,54,13,64,64,0,0,0,0,0,0,212,336,54,787,5425,866,1706,989,502,201,53,170,57,194,566,111,10,9625,4552,9,17,27,3,30,93,36,67,1257,418,607,377,1060,380,55,116,5073,4,1,63,97,15,51,33,138,1079,458,839,410,1188,598,43,56,9625,13,0,0,3,0,15,0,0,90,2,98,45,144,69,205,1891,445,876,1446,787,2248,978,98,172,3750,28,493,175,95,504,389,8,515,430,220,188,224,112,125,244,51909,56529,49276,"Bishop CCD, Inyo County, California",441,426,83,234,128,45,347,396,329,268,441,353,335,52,165,106,45,98,216,138,179,248,270,80,171,66,21,351,361,314,216,379,379,350,178,10,237,238,273,148,10,312,312,314,110,21,379,352,385,249,209,123,48,46,20,85,85,21,21,21,21,21,21,123,117,48,222,389,202,349,285,146,100,44,102,40,127,193,74,9,340,229,19,26,36,7,32,68,30,64,215,150,160,141,231,151,26,91,225,7,2,74,96,14,42,24,79,228,164,184,144,205,170,32,30,340,20,21,21,7,21,26,21,21,94,4,96,37,79,39,104,297,193,222,259,209,338,230,41,97,419,18,188,77,48,196,129,11,175,149,79,91,83,61,105,97,5713,9283,8655
"G060027090650","2019-2023","CA",,,"California","06","Inyo County","027","Death Valley CCD","90650",,,,,,,,,,,,,,".",".",,,,,,,,,,,,"0600000US0602790650",,,"0602790650","Death Valley CCD, Inyo County, California",1022,699,0,45,16,123,3,136,113,23,1022,861,660,0,42,16,123,0,20,0,20,161,39,0,3,0,0,3,116,113,3,490,490,490,0,0,279,279,279,0,0,211,211,211,0,0,490,326,323,3,3,0,0,0,0,10,10,0,0,0,0,0,0,0,71,0,83,407,231,90,54,7,19,6,0,0,0,0,0,0,892,523,0,0,4,11,0,0,15,0,198,19,44,19,154,59,0,0,369,0,0,0,0,0,0,8,0,89,26,48,26,65,107,0,0,892,0,0,0,0,0,0,0,4,0,0,11,0,0,23,0,234,53,45,92,45,219,166,0,0,507,0,29,14,24,130,3,0,8,6,63,168,27,12,20,3,37207,44000,34821,"Death Valley CCD, Inyo County, California",259,190,14,38,53,88,5,115,113,18,259,189,165,14,37,53,88,14,17,14,17,130,57,14,4,14,14,5,115,113,5,222,222,222,14,14,122,122,122,14,14,127,127,127,14,14,222,195,196,4,4,14,14,14,14,17,17,14,14,14,14,14,14,14,76,14,113,217,181,59,50,8,22,10,14,14,14,14,14,14,211,148,14,14,6,17,14,14,25,14,74,49,40,20,107,69,14,14,109,14,14,14,14,14,14,37,14,83,30,41,22,50,98,14,14,211,14,14,14,14,14,14,14,6,14,14,17,14,14,45,14,93,36,56,58,35,117,160,14,14,361,14,31,12,36,154,5,14,12,7,71,182,35,20,32,6,22588,29089,16240
"G060027091390","2019-2023","CA",,,"California","06","Inyo County","027","Independence CCD","91390",,,,,,,,,,,,,,".",".",,,,,,,,,,,,"0600000US0602791390",,,"0602791390","Independence CCD, Inyo County, California",2450,1588,62,359,14,3,166,258,75,183,2450,2105,1513,62,343,14,3,2,168,27,141,345,75,0,16,0,0,164,90,48,42,912,885,814,71,27,504,477,416,61,27,408,408,398,10,0,912,700,610,90,43,13,23,11,0,2,2,0,0,0,0,0,0,4,43,12,151,761,122,48,50,84,324,11,19,9,2,30,60,2,1829,955,25,4,13,15,0,18,13,7,333,67,259,62,83,52,2,2,874,9,0,0,9,19,5,7,3,232,45,219,108,75,111,3,29,1829,34,0,0,0,4,0,0,0,13,3,21,19,23,20,10,461,104,112,478,170,158,163,5,31,367,2,4,11,19,51,25,0,45,69,34,36,13,36,7,15,46311,42288,47321,"Independence CCD, Inyo County, California",281,232,39,87,16,5,103,90,48,74,281,271,230,39,88,16,5,3,67,28,59,137,53,14,14,14,14,102,54,44,37,164,161,149,40,37,115,110,96,36,37,103,103,103,9,14,164,153,138,67,36,18,31,12,14,3,3,14,14,14,14,14,14,5,27,15,60,159,51,22,25,52,104,10,16,14,4,25,41,3,205,139,28,7,18,21,14,28,22,9,88,32,75,28,36,45,3,4,111,9,14,14,14,30,6,7,4,64,20,62,42,31,68,6,32,205,32,14,14,14,7,14,14,14,18,6,32,30,29,24,8,110,63,40,110,57,53,81,7,32,103,4,5,9,18,37,22,14,40,50,35,37,13,25,9,14,7474,8715,7663
"G060027091720","2019-2023","CA",,,"California","06","Inyo County","027","Lone Pine CCD","91720",,,,,,,,,,,,,,".",".",,,,,,,,,,,,"0600000US0602791720",,,"0602791720","Lone Pine CCD, Inyo County, California",1928,1219,3,212,13,0,71,410,269,141,1928,1362,998,3,212,13,0,0,136,0,136,566,221,0,0,0,0,71,274,269,5,713,709,606,103,4,474,470,429,41,4,239,239,177,62,0,713,677,486,191,40,95,0,56,0,4,4,0,0,0,0,0,0,7,13,0,12,701,127,86,116,149,52,4,20,0,93,0,40,14,1551,915,21,0,0,3,3,2,57,11,449,38,195,28,70,21,4,13,636,19,0,0,2,4,2,1,6,172,143,164,47,64,10,0,2,1551,40,0,0,0,0,0,0,0,0,2,3,7,4,58,17,480,141,181,359,75,134,31,4,15,197,6,16,9,0,26,24,0,6,58,8,15,14,15,0,0,48883,47065,49496,"Lone Pine CCD, Inyo County, California",351,286,8,119,16,14,104,170,154,78,351,265,201,8,119,16,14,14,78,14,78,226,190,14,14,14,14,104,152,154,9,237,236,191,134,5,172,171,168,51,5,120,120,76,89,14,237,236,181,138,50,128,14,59,14,7,7,14,14,14,14,14,14,9,13,14,13,235,80,61,124,89,37,5,32,14,125,14,34,15,254,158,33,14,14,5,5,3,48,16,129,38,82,27,49,24,5,9,154,29,14,14,4,11,3,3,7,78,85,101,35,48,14,14,4,254,59,14,14,14,14,14,14,14,14,4,5,12,5,49,16,147,91,113,160,49,61,26,5,9,69,8,29,11,14,33,30,14,8,51,9,22,15,18,14,14,6635,11351,25313
"G060029090130","2019-2023","CA",,,"California","06","Kern County","029","Arvin-Lamont CCD","90130",,,,,,,,,,,,,,".",".",,,,,,,,,,,,"0600000US0602990130",,,"0602990130","Arvin-Lamont CCD, Kern County, California",38677,16459,466,302,358,0,11041,10051,9729,322,38677,2621,1712,319,18,350,0,103,119,0,119,36056,14747,147,284,8,0,10938,9932,9729,203,13613,13603,13193,410,10,8433,8423,8112,311,10,5180,5180,5081,99,0,13613,13047,10513,2534,1651,597,97,174,15,39,31,0,8,0,0,0,0,0,63,20,444,13169,259,1034,1139,2949,3069,1008,1992,148,267,770,275,259,20462,10173,1026,753,1845,880,438,131,250,619,2567,165,860,296,268,58,0,17,10289,917,721,1829,778,558,215,244,356,2172,404,972,614,397,95,15,2,20462,1943,15,16,105,353,670,315,1199,2475,328,1330,996,346,494,975,4357,382,569,1832,910,665,153,15,19,861,18,57,0,62,93,31,0,51,208,203,16,39,0,0,83,25151,27733,21889,"Arvin-Lamont CCD, Kern County, California",1502,1589,213,160,200,29,1206,1291,1282,144,1502,532,427,157,19,200,29,111,86,29,86,1528,1517,173,160,13,29,1192,1295,1282,124,1033,1034,1004,109,16,687,690,680,107,16,613,613,606,71,29,1033,1062,863,519,497,210,61,128,18,35,33,29,13,29,29,29,29,29,41,25,133,1065,237,270,241,551,490,222,374,77,91,244,159,146,1023,666,221,212,353,215,149,102,115,189,377,76,194,124,120,45,29,22,586,203,203,365,197,158,108,122,146,325,118,247,165,142,53,13,3,1023,326,32,23,75,167,215,114,353,435,116,313,215,161,169,280,510,111,149,350,198,196,65,13,23,221,21,36,29,50,73,26,29,38,111,103,16,31,29,29,73,1566,1261,1870
"G060029090180","2019-2023","CA",,,"California","06","Kern County","029","Bakersfield CCD","90180",,,,,,,,,,,,,,".",".",,,,,,,,,,,,"0600000US0602990180",,,"0602990180","Bakersfield CCD, Kern County, California",428304,205717,25824,5831,16382,868,88486,85196,68507,16689,428304,171648,115984,23976,1419,15499,483,2578,11709,1840,9869,256656,89733,1848,4412,883,385,85908,73487,66667,6820,165963,165653,159940,5713,310,91159,90897,86769,4128,262,74804,74756,73171,1585,48,165963,150654,133529,17125,11456,3155,1677,589,248,1347,1285,3,32,18,9,96,124,237,1668,1991,9846,156117,2831,13442,24727,34512,30693,11334,19790,1679,2384,5467,4352,4906,257792,125231,5359,2827,4886,3734,2906,2067,3906,6088,37873,9314,19576,7607,12544,4168,1522,854,132561,4949,2387,5166,3493,2241,2503,3682,4439,35983,10112,21247,11750,16250,6450,1408,501,257792,10308,35,101,523,960,2052,1543,1783,8269,2092,5135,5147,4570,7588,10527,65241,8615,19426,40823,19357,28794,10618,2930,1355,46700,1343,3103,1486,3492,3842,2900,463,5111,7359,4375,2202,3628,1921,1209,4266,34496,39643,28934,"Bakersfield CCD, Kern County, California",5225,5802,1715,949,1302,282,4567,3768,3886,1909,5225,3511,3379,1785,356,1251,130,1166,1076,402,1044,4845,5136,589,920,299,238,4585,3854,3871,1477,3716,3703,3706,665,147,2143,2137,2130,520,144,2426,2434,2368,400,44,3716,3745,3650,1406,956,486,508,205,107,344,341,11,52,45,15,64,84,108,314,399,907,3704,481,1061,1387,1809,1623,1184,1635,402,382,659,605,600,3122,2117,596,529,772,650,509,382,617,831,1883,940,1299,686,1117,590,297,204,1824,581,404,660,656,365,443,456,619,1363,754,1113,907,1016,582,242,143,3122,1028,48,78,196,250,381,360,444,1061,528,854,607,564,827,1099,2596,783,1134,1954,1084,1824,820,383,242,2243,298,448,311,540,575,455,194,589,737,490,497,509,515,316,639,989,1532,796
"G060029090300","2019-2023","CA",,,"California","06","Kern County","029","Buttonwillow CCD","90300",,,,,,,,,,,,,,".",".",,,,,,,,,,,,"0600000US0602990300",,,"0602990300","Buttonwillow CCD, Kern County, California",3313,1814,18,0,0,0,666,815,689,126,3313,1067,913,18,0,0,0,14,122,0,122,2246,901,0,0,0,0,652,693,689,4,1247,1247,1209,38,0,808,808,770,38,0,439,439,439,0,0,1247,1154,1077,77,36,30,11,0,0,0,0,0,0,0,0,0,0,0,5,11,77,1170,31,72,188,129,207,51,210,9,27,140,45,61,1822,957,29,58,67,51,53,42,11,31,396,34,103,36,42,0,4,0,865,54,48,111,47,15,27,18,19,206,38,135,54,53,0,40,0,1822,83,0,0,65,8,22,11,52,126,28,70,68,69,29,50,553,49,72,238,90,95,0,44,0,145,10,11,13,1,9,12,0,12,0,16,36,11,0,6,8,33446,35599,30688,"Buttonwillow CCD, Kern County, California",543,492,18,14,14,14,225,295,271,101,543,358,322,18,14,14,14,18,100,14,100,383,308,14,14,14,14,225,272,271,7,222,222,220,45,14,170,170,165,45,14,97,97,97,14,14,222,212,187,56,43,34,15,14,14,14,14,14,14,14,14,14,14,14,8,10,52,210,22,44,174,56,73,38,79,15,26,81,47,36,268,180,28,44,41,51,38,30,14,29,152,26,64,25,27,14,5,14,111,34,40,51,51,17,23,20,21,66,26,57,34,29,14,40,14,268,53,14,14,63,13,23,16,39,61,28,90,37,42,24,36,173,40,38,104,48,37,14,41,14,58,16,13,17,3,15,11,14,18,14,16,38,15,14,8,13,2695,4550,4566
"G060029090655","2019-2023","CA",,,"California","06","Kern County","029","Delano-McFarland CCD","90655",,,,,,,,,,,,,,".",".",,,,,,,,,,,,"0600000US0602990655",,,"0602990655","Delano-McFarland CCD, Kern County, California",68482,17564,2209,616,7170,31,14377,26515,25628,887,68482,13852,3978,2077,79,7038,31,214,435,26,409,54630,13586,132,537,132,0,14163,26080,25602,478,24883,24827,21873,2954,56,14108,14063,12272,1791,45,10775,10764,9601,1163,11,24883,23737,18469,5268,3794,937,452,49,36,0,0,0,0,0,0,9,8,17,341,102,669,24214,485,3584,5629,5178,2487,871,2383,496,826,1078,778,419,41875,23697,1431,996,2216,805,604,838,1389,892,8658,1014,2579,1014,891,308,60,2,18178,1114,878,2445,675,480,342,378,561,4880,1065,2116,1444,1536,237,14,13,41875,2545,0,25,71,185,1005,588,824,3837,461,1019,1084,1180,1767,1453,11814,1724,2079,4695,2458,2427,545,74,15,3253,82,183,48,208,230,103,10,614,519,412,116,326,67,9,326,27167,30829,22519,"Delano-McFarland CCD, Kern County, California",1416,1822,259,247,802,29,1875,2444,2435,324,1416,1356,1118,245,47,794,29,211,195,42,192,2056,1704,91,244,109,32,1895,2441,2438,269,1128,1119,1247,719,46,900,890,950,548,42,665,663,661,310,17,1128,1087,951,825,695,441,233,51,56,32,32,32,32,32,32,14,14,30,199,64,232,1084,179,580,772,812,535,392,505,173,293,287,275,190,1317,994,331,249,446,269,138,162,289,254,795,207,364,272,200,125,47,6,700,298,258,446,242,167,263,156,184,595,271,379,324,289,102,22,14,1317,529,32,37,76,89,283,219,256,587,172,366,222,297,343,323,1001,306,371,530,450,397,182,53,15,524,62,89,44,134,121,62,17,145,229,168,82,161,55,16,140,1736,2600,2805
"G060029090800","2019-2023","CA",,,"California","06","Kern County","029","East Kern CCD","90800",,,,,,,,,,,,,,".",".",,,,,,,,,,,,"0600000US0602990800",,,"0602990800","East Kern CCD, Kern County, California",83770,45848,9684,1246,2473,143,11769,12607,7385,5222,83770,57194,38912,9295,335,2398,118,617,5519,1328,4191,26576,6936,389,911,75,25,11152,7088,6057,1031,32391,32391,25067,7324,0,18115,18115,13808,4307,0,14276,14276,11259,3017,0,32391,28364,25007,3357,2395,460,141,217,144,40,18,0,0,0,22,33,63,144,489,369,2889,29502,1315,4066,4960,4104,3699,2060,3799,459,663,1219,1669,1489,53674,28290,688,200,432,283,262,317,752,1180,7996,2422,4853,2911,3989,1712,72,221,25384,616,120,606,225,155,383,629,673,6570,2246,4326,2908,4056,1598,136,137,53674,1304,19,9,0,72,179,41,313,725,84,424,417,700,1381,1853,12062,2504,4668,9179,5819,8045,3310,208,358,12836,815,575,668,845,756,2330,74,879,1781,1001,537,789,640,336,810,41933,51834,33394,"East Kern CCD, Kern County, California",2085,2397,1600,332,420,69,1582,1589,1376,859,2085,2247,1938,1572,123,411,63,238,928,586,723,1625,1299,183,324,71,31,1546,1229,1284,307,1420,1420,1383,567,32,926,926,919,439,32,998,998,980,418,32,1420,1210,1141,514,485,197,99,213,154,46,26,32,32,32,37,54,48,85,194,368,452,1282,345,512,597,506,520,408,535,174,177,323,380,306,1627,1091,220,122,187,119,120,130,186,357,676,448,626,478,498,390,62,103,913,194,102,299,118,77,175,210,205,706,340,518,461,442,349,101,83,1627,337,31,14,32,70,125,50,218,302,66,158,153,212,268,440,899,458,596,893,696,719,550,119,155,1056,242,207,189,226,186,354,53,226,289,249,243,238,304,144,205,2776,4964,2625
"G060029091160","2019-2023","CA",,,"California","06","Kern County","029","Greenfield-Panama CCD","91160",,,,,,,,,,,,,,".",".",,,,,,,,,,,,"0600000US0602991160",,,"0602991160","Greenfield-Panama CCD, Kern County, California",75554,31676,4037,695,12411,108,11599,15028,13225,1803,75554,34356,16320,3837,281,12117,103,231,1467,344,1123,41198,15356,200,414,294,5,11368,13561,12881,680,33412,32989,31608,1381,423,18420,17997,16897,1100,423,14992,14992,14711,281,0,33412,29502,25851,3651,2376,713,343,108,111,88,88,0,0,0,0,117,0,26,47,217,3415,29997,99,1448,3576,8177,7309,2492,2777,399,752,1044,682,1242,43615,20786,735,271,723,503,292,179,702,1074,5548,1274,2616,1699,3318,1021,509,322,22829,779,189,390,383,546,504,223,672,5133,1452,3924,1731,5036,1305,404,158,43615,1514,0,0,4,47,323,86,167,946,281,605,838,683,925,1746,9326,1355,2726,6540,3430,8354,2326,913,480,12577,648,907,459,552,1389,879,47,1573,2564,750,597,924,266,161,861,46366,57335,36169,"Greenfield-Panama CCD, Kern County, California",3239,3301,1107,450,1627,148,1800,2232,2171,407,3239,2675,2445,1038,360,1566,147,186,369,215,332,2497,2212,192,236,294,11,1795,2187,2120,271,1745,1688,1717,378,481,1092,975,975,308,481,1411,1411,1453,168,32,1745,1591,1340,1275,1018,305,255,83,94,88,88,32,32,32,32,117,32,27,42,110,587,1572,68,308,565,1245,905,543,433,203,272,329,242,330,1888,915,217,138,308,230,163,90,492,298,635,330,488,467,651,293,204,192,1357,208,105,140,178,227,199,174,199,789,318,1145,349,740,359,160,146,1888,328,32,32,8,38,167,78,90,372,139,270,297,222,541,393,986,368,465,1345,628,1225,456,290,323,1325,213,237,204,207,373,499,45,387,700,203,240,297,141,80,295,2730,3520,3102
"G060029091520","2019-2023","CA",,,"California","06","Kern County","029","Lake Isabella CCD","91520",,,,,,,,,,,,,,".",".",,,,,,,,,,,,"0600000US0602991520",,,"0602991520","Lake Isabella CCD, Kern County, California",14952,12320,57,199,211,82,1061,1022,370,652,14952,13070,11859,57,178,211,82,8,675,40,635,1882,461,0,21,0,0,1053,347,330,17,3666,3666,3544,122,0,1681,1681,1569,112,0,1985,1985,1975,10,0,3666,2973,2571,402,293,95,0,0,14,0,0,0,0,0,0,0,59,0,138,9,487,3179,310,378,597,627,224,56,191,1,82,165,332,216,11652,5525,40,0,51,81,17,28,272,115,2277,496,738,456,714,100,96,44,6127,108,0,15,55,104,81,89,130,2168,876,942,681,702,115,48,13,11652,148,0,0,0,0,0,0,15,51,0,136,121,109,361,245,3741,704,1372,1680,1137,1416,215,144,57,1948,81,226,132,4,187,79,18,110,531,200,69,195,12,0,104,26825,41691,23139,"Lake Isabella CCD, Kern County, California",1313,1370,50,115,141,108,522,337,195,312,1313,1356,1357,50,113,141,108,12,311,49,311,557,240,21,34,21,21,520,187,187,18,542,542,536,105,21,347,347,333,105,21,416,416,416,16,21,542,550,496,183,160,92,21,21,23,21,21,21,21,21,21,21,90,21,102,14,281,564,252,213,233,267,165,47,89,3,93,105,152,124,860,431,50,21,82,80,27,28,153,86,356,214,234,187,173,68,108,48,606,75,21,24,67,84,67,98,82,368,329,283,436,215,78,58,21,860,97,21,21,21,21,21,21,24,82,21,135,89,75,178,119,520,247,387,393,459,292,105,125,54,393,72,125,55,16,166,52,24,102,182,143,62,131,11,21,74,2239,14410,6783
"G060029092650","2019-2023","CA",,,"California","06","Kern County","029","Rosedale CCD","92650",,,,,,,,,,,,,,".",".",,,,,,,,,,,,"0600000US0602992650",,,"0602992650","Rosedale CCD, Kern County, California",80012,52622,1841,874,5291,179,4885,14320,9456,4864,80012,56294,44454,1771,251,5080,179,156,4403,729,3674,23718,8168,70,623,211,0,4729,9917,8727,1190,36439,36302,34853,1449,137,20659,20538,19273,1265,121,15780,15764,15580,184,16,36439,33244,30463,2781,1932,482,85,40,242,20,20,0,0,0,0,0,42,12,107,277,2737,33702,640,2790,3594,7374,7688,2692,3725,730,872,1018,1242,1337,50758,25031,447,33,129,298,39,129,272,492,6273,2282,3902,2389,5137,1846,992,371,25727,370,19,218,221,21,153,374,478,4161,2901,4821,2560,5758,3028,476,168,50758,817,1,0,0,0,37,14,100,247,77,442,60,282,646,970,9213,1221,5183,8723,4949,10895,4874,1468,539,18651,760,1858,609,1049,1311,1209,100,2229,3324,1691,625,1740,552,416,1178,60114,76557,41472,"Rosedale CCD, Kern County, California",3188,2660,610,414,957,174,989,1927,1554,964,3188,2601,2517,596,144,940,174,129,885,398,845,1920,1095,78,395,163,32,1005,1616,1565,433,1849,1856,1784,402,78,1245,1243,1210,374,73,1079,1079,1052,118,26,1849,1813,1801,466,432,185,69,40,159,30,30,32,32,32,32,32,27,15,63,155,533,1797,277,490,527,1057,962,719,719,236,315,274,291,384,1851,1148,197,35,84,170,34,181,132,183,713,407,571,417,730,285,376,203,1015,148,23,121,115,26,118,217,178,581,582,634,417,544,638,121,93,1851,264,2,32,32,32,35,18,86,119,79,184,47,223,276,282,932,328,774,961,604,972,708,384,238,1504,242,372,179,402,469,269,68,410,684,459,241,408,202,161,266,3341,5888,4116
"G060029093000","2019-2023","CA",,,"California","06","Kern County","029","Shafter CCD","93000",,,,,,,,,,,,,,".",".",,,,,,,,,,,,"0600000US0602993000",,,"0602993000","Shafter CCD, Kern County, California",25015,9882,563,307,279,10,5326,8648,8184,464,25015,5430,4392,530,20,279,10,18,181,43,138,19585,5490,33,287,0,0,5308,8467,8141,326,9269,9181,8971,210,88,5226,5138,4990,148,88,4043,4043,3981,62,0,9269,8688,7659,1029,710,248,34,37,0,60,60,0,0,0,0,0,0,0,39,81,401,8868,242,991,1094,1723,1788,562,1415,209,163,307,230,144,14518,7737,277,267,438,185,380,159,349,290,2456,696,1185,449,431,130,26,19,6781,304,149,566,226,92,244,217,157,1881,278,1074,678,643,186,60,26,14518,581,0,3,32,40,288,53,133,871,61,350,472,403,566,447,3957,380,974,2259,1127,1074,316,86,45,1568,98,139,12,50,85,117,28,92,242,156,48,215,33,10,243,32998,38881,27951,"Shafter CCD, Kern County, California",662,1112,184,213,191,13,863,1363,1374,278,662,607,641,180,27,191,13,25,110,44,92,892,959,40,210,25,25,865,1363,1378,256,481,476,480,122,105,395,411,399,89,105,309,309,297,85,25,481,477,541,317,271,129,34,52,25,56,56,25,25,25,25,25,25,25,36,55,146,490,116,197,265,298,357,187,273,122,87,120,118,89,712,476,102,127,151,82,212,59,153,109,378,202,241,122,129,84,32,21,476,105,102,176,173,57,112,100,112,276,104,291,215,157,77,64,27,712,158,25,28,55,49,157,54,84,260,51,179,228,143,161,157,531,141,265,413,241,215,118,72,31,244,81,66,18,55,55,81,31,56,97,94,51,70,37,17,110,2882,3369,2464
"G060029093320","2019-2023","CA",,,"California","06","Kern County","029","Tehachapi CCD","93320",,,,,,,,,,,,,,".",".",,,,,,,,,,,,"0600000US0602993320",,,"0602993320","Tehachapi CCD, Kern County, California",35822,26391,986,428,797,12,3518,3690,2203,1487,35822,26394,22907,915,85,790,12,346,1339,209,1130,9428,3484,71,343,7,0,3172,2351,1994,357,12643,12643,10920,1723,0,7147,7147,5828,1319,0,5496,5496,5092,404,0,12643,11063,9529,1534,1149,171,139,21,54,34,34,0,0,0,0,0,0,0,70,184,1292,11351,500,1683,1259,1556,884,417,703,201,360,1413,1627,748,26487,15200,282,135,476,88,204,260,565,350,3721,1223,3194,1063,2336,1025,157,121,11287,166,22,265,131,23,47,105,166,2718,1319,2118,1262,1948,667,164,166,26487,448,0,0,32,25,50,50,109,632,83,136,227,307,670,516,5405,1034,2542,5312,2325,4284,1692,321,287,7141,390,445,621,233,640,851,29,561,982,640,163,498,405,318,365,50205,63907,30773,"Tehachapi CCD, Kern County, California",1623,2050,249,265,297,28,1060,738,629,335,1623,1440,1579,207,59,295,28,313,282,116,263,1624,1365,115,263,11,29,1009,650,602,166,1297,1297,1270,382,29,888,888,887,333,29,700,700,676,163,29,1297,1259,1026,502,458,76,118,28,60,48,48,29,29,29,29,29,29,29,61,151,330,1277,224,549,531,455,249,169,274,121,138,323,405,415,1410,996,130,102,385,54,67,92,180,158,465,283,423,206,514,310,102,89,645,99,14,280,90,34,45,65,98,484,319,377,288,347,189,73,115,1410,178,29,29,32,26,33,44,75,457,65,81,66,98,189,189,640,222,378,604,340,695,375,129,178,874,153,137,294,126,438,217,30,170,261,160,93,179,190,269,123,8843,11614,5520
"G060029093570","2019-2023","CA",,,"California","06","Kern County","029","Wasco CCD","93570",,,,,,,,,,,,,,".",".",,,,,,,,,,,,"0600000US0602993570",,,"0602993570","Wasco CCD, Kern County, California",29517,8183,1136,282,259,11,6816,12830,12589,241,29517,3767,2214,1042,104,215,11,33,148,28,120,25750,5969,94,178,44,0,6783,12682,12561,121,9797,9761,9467,294,36,5847,5822,5619,203,25,3950,3939,3848,91,11,9797,9339,7695,1644,935,355,302,38,14,0,0,0,0,0,0,0,20,0,216,22,200,9597,262,1095,1205,1566,2073,893,1246,206,234,405,159,253,17871,11021,516,432,1043,240,411,409,740,489,3595,719,1525,310,475,88,15,14,6850,389,207,1227,71,354,142,182,91,1837,492,705,377,561,201,14,0,17871,905,17,0,35,117,370,100,290,1980,69,242,765,551,922,580,4614,818,1211,2230,687,1036,289,29,14,1385,136,125,15,55,75,61,0,131,352,110,38,89,36,75,87,31289,36099,25487,"Wasco CCD, Kern County, California",518,1115,176,186,126,11,1096,1465,1458,109,518,484,448,154,52,119,11,45,79,33,74,606,998,86,164,55,25,1087,1458,1460,73,642,644,673,142,46,448,457,470,118,41,478,477,466,74,21,642,631,618,355,266,204,177,46,28,25,25,25,25,25,25,25,42,25,106,19,151,636,170,305,343,273,459,333,288,145,100,131,77,125,658,504,183,185,338,107,112,145,142,148,493,189,334,156,208,56,26,18,445,127,92,360,73,167,90,84,89,287,183,208,158,158,103,24,25,658,240,20,25,40,89,183,53,174,599,48,117,224,202,166,158,575,153,295,404,260,287,104,51,18,300,127,79,19,46,55,34,25,78,148,64,47,58,32,116,70,2603,2126,3460
"G060029093635","2019-2023","CA",,,"California","06","Kern County","029","West Kern CCD","93635",,,,,,,,,,,,,,".",".",,,,,,,,,,,,"0600000US0602993635",,,"0602993635","West Kern CCD, Kern County, California",27015,19570,125,158,588,28,3195,3351,2539,812,27015,17284,15413,125,59,588,28,32,1039,341,698,9731,4157,0,99,0,0,3163,2312,2198,114,10660,10604,9275,1329,56,6181,6125,5325,800,56,4479,4479,3950,529,0,10660,9367,7933,1434,1020,239,127,25,23,41,41,0,0,0,0,0,8,0,185,40,1019,9641,469,1825,1103,998,696,270,807,120,719,1300,713,621,18284,9613,369,111,225,298,180,226,422,406,3211,656,1670,485,790,387,126,51,8671,338,82,248,228,40,82,217,289,2368,892,1391,883,1074,490,47,2,18284,707,0,0,9,0,5,179,162,311,238,288,220,308,639,695,4895,684,1548,3061,1368,1864,877,173,53,3217,108,308,117,199,187,307,2,114,439,350,316,187,240,110,233,30972,39813,22454,"West Kern CCD, Kern County, California",1719,1623,108,100,385,25,763,704,711,312,1719,1540,1517,108,60,385,25,31,356,236,311,1224,1025,25,81,25,25,762,710,706,83,1052,1048,951,419,50,677,668,636,279,50,588,588,553,214,25,1052,1004,901,353,293,117,122,37,28,41,41,25,25,25,25,25,13,25,171,33,406,983,199,414,273,282,230,97,382,80,208,295,297,252,1341,892,241,76,109,133,120,149,182,208,497,218,413,153,194,196,175,57,663,235,79,135,171,39,46,97,119,471,315,318,279,253,238,42,3,1341,455,25,25,21,25,7,105,105,175,189,142,122,160,214,242,719,246,405,534,356,355,388,182,57,607,72,192,82,193,75,161,3,64,199,162,191,90,110,90,160,6823,6499,3864
"G060031090170","2019-2023","CA",,,"California","06","Kings County","031","Avenal CCD","90170",,,,,,,,,,,,,,".",".",,,,,,,,,,,,"0600000US0603190170",,,"0603190170","Avenal CCD, Kings County, California",13441,2872,444,272,149,32,6442,3230,3108,122,13441,1815,1050,421,62,146,32,4,100,12,88,11626,1822,23,210,3,0,6438,3130,3096,34,3855,3855,2008,1847,0,2546,2546,1277,1269,0,1309,1309,731,578,0,3855,3529,2859,670,301,52,222,95,0,0,0,0,0,0,0,0,0,0,85,172,69,3786,202,304,371,250,500,112,419,116,635,332,505,40,8613,5756,201,242,790,200,197,279,449,331,1523,290,906,152,119,38,5,34,2857,183,165,366,206,134,0,224,239,648,144,175,189,92,47,45,0,8613,384,0,14,22,179,134,58,184,972,83,323,331,279,673,570,1482,689,434,1081,341,211,85,50,34,380,25,28,41,26,10,31,0,40,34,15,0,109,0,0,21,30199,31919,20570,"Avenal CCD, Kings County, California",36,747,132,235,95,37,1041,823,813,52,36,296,242,132,40,95,37,8,42,15,42,298,737,23,230,6,21,1041,815,810,29,498,498,507,366,21,430,430,456,317,21,298,298,235,206,21,498,459,404,327,205,80,189,114,21,21,21,21,21,21,21,21,21,21,70,128,84,486,164,156,184,204,217,108,213,94,295,211,249,50,465,393,81,185,270,122,98,132,128,139,256,113,199,79,77,31,9,65,333,114,108,254,153,111,21,157,152,208,96,111,130,97,55,75,21,465,147,21,20,19,194,94,58,107,409,94,178,160,132,181,238,383,179,174,227,134,150,64,75,65,178,24,34,71,32,15,50,21,54,28,24,21,104,21,21,34,1840,2376,7406
"G060031090570","2019-2023","CA",,,"California","06","Kings County","031","Corcoran CCD","90570",,,,,,,,,,,,,,".",".",,,,,,,,,,,,"0600000US0603190570",,,"0603190570","Corcoran CCD, Kings County, California",15676,5886,500,418,60,0,4768,4044,3681,363,15676,2094,1304,438,71,60,0,10,211,26,185,13582,4582,62,347,0,0,4758,3833,3655,178,5204,5133,3831,1302,71,2755,2684,1979,705,71,2449,2449,1852,597,0,5204,4905,4019,886,497,209,132,35,13,13,13,0,0,0,0,0,0,0,47,58,181,5023,294,1193,763,373,309,142,834,291,277,238,258,51,8723,4106,133,195,397,121,228,81,343,373,1104,169,651,131,142,32,6,0,4617,149,269,502,52,115,208,191,49,1461,301,594,427,189,99,11,0,8723,282,0,0,44,15,280,125,221,678,17,156,343,289,534,422,2254,311,470,1245,558,331,131,17,0,479,0,14,20,47,25,16,24,22,122,90,13,22,0,0,64,35191,40156,27515,"Corcoran CCD, Kings County, California",383,1063,292,203,55,21,1044,912,941,204,383,474,342,254,68,55,21,21,138,27,131,517,1101,61,198,21,21,1044,914,940,113,558,570,616,283,82,424,443,448,196,82,365,365,355,192,21,558,554,500,262,199,140,125,54,21,18,18,21,21,21,21,21,21,21,44,67,101,546,160,327,231,152,126,79,248,160,154,131,148,45,596,428,72,104,160,88,151,62,164,191,258,88,189,74,138,35,10,21,356,88,151,167,46,73,120,102,37,268,129,159,137,86,56,19,21,596,127,21,21,72,22,141,105,116,223,28,120,172,158,189,192,378,113,152,207,170,175,77,22,21,181,21,19,23,47,37,26,42,26,135,64,22,20,21,21,62,3228,3850,3996
"G060031091220","2019-2023","CA",,,"California","06","Kings County","031","Hanford CCD","91220",,,,,,,,,,,,,,".",".",,,,,,,,,,,,"0600000US0603191220",,,"0603191220","Hanford CCD, Kings County, California",71103,37132,3862,1219,2594,49,12825,13422,10029,3393,71103,33241,23846,3540,307,2582,49,64,2853,417,2436,37862,13286,322,912,12,0,12761,10569,9612,957,28095,28086,21414,6672,9,16695,16686,12424,4262,9,11400,11400,8990,2410,0,28095,25245,21410,3835,2105,1144,211,269,106,176,120,24,32,0,0,1,178,75,510,221,1689,26406,638,4558,4587,3031,3277,1721,3457,955,650,2118,986,428,43728,22436,713,392,1039,276,354,342,396,1120,6517,1473,4002,2388,2504,642,178,100,21292,734,417,849,233,570,335,438,406,5316,1734,3757,2701,2593,907,208,94,43728,1447,9,52,35,250,349,114,301,1587,206,303,924,677,834,1526,10914,919,3207,7759,5089,5097,1549,386,194,7509,131,687,220,598,540,514,56,870,1241,600,150,803,163,265,671,42767,48625,34394,"Hanford CCD, Kings County, California",1063,2141,824,468,370,91,1540,1281,1147,658,1063,1164,1034,662,131,371,91,60,521,281,474,1347,1840,269,445,17,32,1545,1161,1151,395,977,974,1024,691,16,856,854,897,533,16,627,627,566,396,32,977,930,981,637,369,485,121,169,75,112,74,60,55,32,32,4,166,72,165,132,334,916,194,679,665,400,565,358,556,338,207,406,336,189,1033,767,259,159,307,140,165,194,141,354,651,353,502,385,395,235,103,63,707,263,139,239,110,237,170,157,161,537,286,546,488,377,195,96,74,1033,450,18,48,39,155,171,90,178,433,140,123,319,261,211,402,915,200,502,787,650,599,304,141,124,749,87,198,123,235,197,190,52,263,285,179,86,233,92,147,184,2711,1886,3698
"G060031091230","2019-2023","CA",,,"California","06","Kings County","031","Hanford Northeast CCD","91230",,,,,,,,,,,,,,".",".",,,,,,,,,,,,"0600000US0603191230",,,"0603191230","Hanford Northeast CCD, Kings County, California",3125,2172,26,0,53,11,362,501,476,25,3125,1699,1571,26,0,53,11,0,38,13,25,1426,601,0,0,0,0,362,463,463,0,1372,1372,939,433,0,874,874,521,353,0,498,498,418,80,0,1372,1183,1007,176,101,46,29,0,0,11,0,0,0,0,11,0,0,0,95,0,83,1289,129,126,200,162,116,127,125,129,34,86,29,26,2093,1152,15,72,103,16,45,11,96,34,317,29,85,89,173,39,28,0,941,36,57,78,0,2,0,8,12,357,10,103,67,133,40,38,0,2093,51,4,0,44,65,0,16,22,159,0,16,47,11,104,46,623,51,39,188,156,306,79,66,0,493,0,146,13,0,12,44,0,37,37,22,32,26,47,30,47,42952,47780,31912,"Hanford Northeast CCD, Kings County, California",454,440,47,14,56,19,198,272,269,23,454,369,344,47,14,56,19,14,31,20,23,313,231,14,14,14,14,198,268,268,14,273,273,200,141,14,176,176,129,127,14,143,143,129,60,14,273,260,241,104,66,54,43,14,14,19,14,14,14,14,19,14,14,14,48,14,64,272,52,95,71,77,66,109,61,79,34,67,43,24,342,191,16,77,50,16,44,17,67,30,147,31,56,70,60,40,36,14,186,38,85,51,14,5,14,13,14,124,11,55,40,58,30,31,14,342,35,6,14,69,86,14,18,21,62,14,16,45,17,68,33,227,36,33,88,77,86,50,63,14,129,14,68,15,14,13,35,14,36,27,22,28,26,61,32,38,8104,4845,6074
"G060031091590","2019-2023","CA",,,"California","06","Kings County","031","Lemoore CCD","91590",,,,,,,,,,,,,,".",".",,,,,,,,,,,,"0600000US0603191590",,,"0603191590","Lemoore CCD, Kings County, California",37765,19551,2972,235,2292,67,5427,7221,5546,1675,37765,21211,14411,2797,57,2269,67,149,1461,221,1240,16554,5140,175,178,23,0,5278,5760,5325,435,17337,17236,14211,3025,101,11006,10946,9138,1808,60,6331,6290,5073,1217,41,17337,15970,14155,1815,1154,280,61,124,196,70,39,0,0,0,31,0,146,136,310,69,636,16701,615,3193,1708,3784,2620,560,1329,535,747,1210,240,160,22627,12223,419,132,395,220,75,230,370,323,3727,1046,1743,1278,1345,600,150,170,10404,326,201,343,64,80,31,185,145,2718,861,1665,1448,1603,521,90,123,22627,745,0,29,0,172,52,80,410,328,135,149,155,261,555,468,5843,602,1907,3408,2726,2948,1121,240,293,4804,91,488,24,220,354,493,23,400,923,616,108,424,150,121,369,38246,42066,31236,"Lemoore CCD, Kings County, California",888,1507,691,158,382,76,1130,1191,1117,466,888,1048,1026,662,57,383,76,117,440,204,374,1083,1087,144,154,33,29,1123,1137,1135,243,809,813,795,553,72,602,596,562,363,61,508,515,452,365,47,809,769,745,416,371,173,69,100,139,62,47,29,29,29,39,29,107,145,127,59,208,813,181,602,332,580,565,248,341,174,269,312,138,85,801,592,168,84,219,178,82,126,212,166,672,260,311,319,225,323,181,145,591,161,115,159,67,74,29,108,89,416,236,375,319,277,198,58,76,801,247,29,30,29,124,58,74,216,188,159,117,105,135,235,200,767,281,366,519,456,384,382,195,159,572,63,199,42,104,136,244,27,136,368,187,87,161,78,77,165,3329,2766,2973
"G060031093250","2019-2023","CA",,,"California","06","Kings County","031","Stratford CCD","93250",,,,,,,,,,,,,,".",".",,,,,,,,,,,,"0600000US0603193250",,,"0603193250","Stratford CCD, Kings County, California",11720,2749,1978,787,233,236,3203,2534,2269,265,11720,4910,1809,1921,610,228,136,37,169,4,165,6810,940,57,177,5,100,3166,2365,2265,100,1543,1543,1080,463,0,1058,1058,685,373,0,485,485,395,90,0,1543,1422,1135,287,214,29,8,36,0,0,0,0,0,0,0,0,0,3,23,5,90,1453,75,303,163,169,244,46,183,0,57,208,3,2,9761,8596,59,222,482,378,290,852,1002,473,2915,389,1256,125,93,47,6,7,1165,61,0,97,176,8,24,72,71,234,71,258,85,5,3,0,0,9761,120,0,0,47,58,86,31,98,481,40,514,298,876,1074,544,2053,1096,460,1514,210,98,50,6,7,181,15,15,0,0,15,49,0,25,23,3,0,11,0,0,25,30318,34019,19858,"Stratford CCD, Kings County, California",730,456,202,168,80,207,630,433,391,105,730,317,239,198,135,82,99,30,74,7,75,732,393,32,76,9,115,627,415,390,89,352,352,282,252,21,310,310,246,226,21,165,165,158,65,21,352,339,267,160,147,31,11,55,21,21,21,21,21,21,21,21,21,5,31,7,69,344,67,176,81,106,184,51,118,21,54,185,4,4,495,375,44,91,164,166,86,175,163,99,291,99,158,60,55,48,12,12,219,56,21,81,174,9,24,51,60,104,57,101,47,6,5,21,21,495,67,21,21,49,34,57,22,35,210,28,326,86,179,170,121,291,165,123,190,75,54,48,12,12,82,16,16,21,21,19,49,21,21,36,5,21,11,21,21,22,7164,8942,9187
"G060033090503","2019-2023","CA",,,"California","06","Lake County","033","Clearlake CCD","90503",,,,,,,,,,,,,,".",".",,,,,,,,,,,,"0600000US0603390503",,,"0603390503","Clearlake CCD, Lake County, California",17199,10298,703,495,189,1,2849,2664,1283,1381,17199,12014,9620,703,377,182,1,16,1115,200,915,5185,678,0,118,7,0,2833,1549,1083,466,5102,5102,4049,1053,0,2409,2409,1731,678,0,2693,2693,2318,375,0,5102,4147,3524,623,448,31,93,8,43,126,126,0,0,0,0,8,10,40,194,54,523,4579,488,825,684,395,248,124,547,110,227,171,238,522,11261,5507,43,57,129,126,137,202,240,311,1923,330,988,666,289,62,4,0,5754,67,67,83,73,102,33,239,293,1795,522,1213,742,423,74,28,0,11261,110,0,0,0,0,124,0,62,150,51,148,239,235,479,604,3069,649,852,2201,1408,712,136,32,0,988,49,57,21,60,116,78,0,138,108,81,77,77,73,44,9,29162,31837,26536,"Clearlake CCD, Lake County, California",289,728,256,306,135,2,820,633,489,416,289,729,701,256,278,133,2,24,388,159,330,685,306,21,118,16,21,819,517,446,288,483,483,413,245,21,312,312,274,170,21,362,362,337,168,21,483,433,436,226,196,37,94,18,78,94,94,21,21,21,21,14,16,59,122,57,170,446,210,204,230,201,157,85,194,87,105,79,126,179,494,410,46,53,83,74,80,128,114,135,318,115,233,273,126,52,6,21,362,40,76,67,59,68,26,128,146,269,234,262,221,129,77,39,21,494,66,21,21,21,21,92,21,47,86,51,85,122,128,175,191,393,188,259,337,351,171,98,40,21,250,66,52,22,80,91,60,21,92,84,62,60,69,67,39,15,3594,5674,5772
"G060033090505","2019-2023","CA",,,"California","06","Lake County","033","Clearlake Riviera CCD","90505",,,,,,,,,,,,,,".",".",,,,,,,,,,,,"0600000US0603390505",,,"0603390505","Clearlake Riviera CCD, Lake County, California",7458,5501,65,17,38,75,1068,694,464,230,7458,5714,5181,65,7,38,75,27,321,142,179,1744,320,0,10,0,0,1041,373,322,51,3232,3215,2803,412,17,1372,1355,1049,306,17,1860,1860,1754,106,0,3232,2572,2035,537,537,0,0,0,0,0,0,0,0,0,0,0,0,0,31,0,629,2603,31,47,264,191,426,181,654,165,84,165,192,203,5973,2961,140,0,0,3,38,9,33,62,860,383,633,252,454,60,8,26,3012,86,0,0,0,0,20,106,183,673,246,531,428,492,133,84,30,5973,226,0,0,0,0,0,0,0,0,0,3,38,29,139,245,1167,366,629,1164,680,946,193,92,56,1404,21,131,118,150,154,103,0,165,133,193,70,55,73,10,28,46147,55864,37750,"Clearlake Riviera CCD, Lake County, California",813,706,86,23,37,57,506,257,243,137,813,667,702,86,7,37,57,42,165,114,126,573,223,19,22,19,19,506,251,243,64,559,557,498,165,29,305,303,265,154,29,370,370,370,53,19,559,544,522,232,232,19,19,19,19,19,19,19,19,19,19,19,19,19,48,19,167,545,48,42,173,161,176,85,278,112,127,123,128,131,722,390,117,19,19,5,50,8,35,61,299,187,179,143,169,48,14,31,428,80,19,19,19,19,39,75,167,218,132,181,166,159,76,61,39,722,181,19,19,19,19,19,19,19,19,19,5,50,40,80,174,311,197,277,265,219,243,100,66,49,300,28,88,100,83,88,72,19,90,74,78,86,46,79,16,29,6064,9161,9681
"G060033090545","2019-2023","CA",,,"California","06","Lake County","033","Cobb CCD","90545",,,,,,,,,,,,,,".",".",,,,,,,,,,,,"0600000US0603390545",,,"0603390545","Cobb CCD, Lake County, California",2895,2570,16,5,60,38,85,121,75,46,2895,2772,2557,16,5,60,38,14,82,40,42,123,13,0,0,0,0,71,39,35,4,1111,1111,927,184,0,567,567,419,148,0,544,544,508,36,0,1111,837,682,155,29,126,0,0,0,0,0,0,0,0,0,0,0,0,51,0,223,888,55,67,90,113,140,16,220,17,0,78,52,40,2506,1322,12,0,23,0,0,24,62,32,277,27,401,181,200,61,22,0,1184,17,0,0,0,0,48,24,0,204,106,156,149,322,76,69,13,2506,29,0,0,0,0,0,0,23,0,0,0,0,72,86,32,364,117,133,557,330,522,137,91,13,913,35,58,82,44,27,38,25,24,94,150,95,81,91,18,51,29864,37137,29219,"Cobb CCD, Lake County, California",574,578,19,14,56,49,66,86,61,47,574,579,578,19,14,56,49,20,63,27,45,84,20,14,14,14,14,61,58,55,14,319,319,282,96,14,177,177,148,92,14,192,192,191,33,14,319,273,209,139,51,128,14,14,14,14,14,14,14,14,14,14,14,14,40,14,114,286,35,68,64,99,86,25,145,24,14,82,38,34,504,249,18,14,39,14,14,35,78,38,135,25,180,99,86,64,21,14,305,32,14,14,14,14,72,35,14,102,61,132,96,179,45,79,19,504,36,14,14,14,14,14,14,39,14,14,14,14,78,83,38,152,93,72,276,139,225,78,84,19,329,41,47,85,52,24,50,30,37,131,116,66,60,77,23,80,17854,20700,11699
"G060033091455","2019-2023","CA",,,"California","06","Lake County","033","Kelseyville CCD","91455",,,,,,,,,,,,,,".",".",,,,,,,,,,,,"0600000US0603391455",,,"0603391455","Kelseyville CCD, Lake County, California",6777,3689,234,280,2,102,1620,850,387,463,6777,3471,3102,110,130,2,102,0,25,0,25,3306,587,124,150,0,0,1620,825,387,438,2583,2583,2048,535,0,1552,1552,1232,320,0,1031,1031,816,215,0,2583,2061,1734,327,322,3,0,2,0,11,11,0,0,0,0,0,0,0,44,46,421,2162,59,192,289,186,264,51,419,175,0,232,70,225,4296,2213,85,86,48,54,0,1,138,46,722,120,359,242,221,62,29,0,2083,69,176,37,0,3,1,56,58,574,179,449,139,180,105,35,22,4296,154,0,0,0,86,176,0,36,49,0,54,3,2,194,104,1156,140,299,808,381,401,167,64,22,686,0,38,18,31,51,17,0,104,173,91,22,110,0,0,31,35481,38174,17072,"Kelseyville CCD, Lake County, California",1015,860,216,212,5,81,669,433,281,305,1015,862,834,125,130,5,81,19,21,19,21,769,482,180,155,19,19,669,437,281,304,567,567,490,279,19,356,356,297,195,19,322,322,298,163,19,567,559,464,219,219,8,19,5,19,19,19,19,19,19,19,19,19,19,44,72,277,561,78,111,233,117,123,58,225,157,19,160,63,173,655,407,75,110,58,64,19,5,85,72,317,92,187,126,173,53,49,19,340,50,171,53,19,5,3,67,68,231,92,200,128,115,80,33,35,655,116,19,19,19,110,171,19,52,60,19,64,5,6,111,94,428,114,162,298,167,218,102,57,35,303,19,44,29,38,49,26,19,65,146,75,30,98,19,19,38,4546,10839,14529
"G060033091540","2019-2023","CA",,,"California","06","Lake County","033","Lakeport CCD","91540",,,,,,,,,,,,,,".",".",,,,,,,,,,,,"0600000US0603391540",,,"0603391540","Lakeport CCD, Lake County, California",10164,7987,109,364,164,7,604,929,396,533,10164,8878,7735,92,309,142,7,0,593,88,505,1286,252,17,55,22,0,604,336,308,28,3360,3360,3067,293,0,1755,1755,1586,169,0,1605,1605,1481,124,0,3360,2405,2297,108,108,0,0,0,0,3,0,3,0,0,0,0,24,0,0,9,919,2441,262,584,494,329,229,7,149,15,88,183,60,41,7282,3488,21,13,17,33,28,32,9,47,1193,367,736,125,465,236,157,9,3794,14,11,19,0,15,63,97,68,1182,187,692,548,471,268,134,25,7282,35,11,0,6,0,7,0,10,26,0,33,43,95,106,115,1994,381,554,1428,673,936,504,291,34,1967,94,103,33,155,220,108,0,131,233,277,79,299,100,71,64,45350,56955,30562,"Lakeport CCD, Lake County, California",678,730,88,312,100,11,242,337,202,234,678,748,741,83,238,94,11,21,294,115,234,278,182,26,77,35,21,242,174,170,35,518,518,530,129,21,368,368,376,96,21,291,291,288,78,21,518,448,435,96,96,21,21,21,21,13,21,13,21,21,21,21,30,21,21,14,382,459,153,264,169,158,122,12,95,25,86,128,61,52,602,394,30,16,20,43,32,24,15,39,292,158,208,71,175,185,102,17,371,23,17,34,21,23,89,73,59,270,87,212,174,193,143,95,33,602,38,17,21,9,21,15,21,21,40,21,43,39,93,75,71,409,191,177,339,190,275,190,155,38,366,93,93,39,123,125,72,21,92,103,137,62,193,70,75,54,4155,5767,7787
"G060033091775","2019-2023","CA",,,"California","06","Lake County","033","Lower Lake CCD","91775",,,,,,,,,,,,,,".",".",,,,,,,,,,,,"0600000US0603391775",,,"0603391775","Lower Lake CCD, Lake County, California",3036,2011,1,41,96,0,466,421,320,101,3036,2312,1961,1,0,85,0,13,252,203,49,724,50,0,41,11,0,453,169,117,52,1248,1248,862,386,0,636,636,460,176,0,612,612,402,210,0,1248,1110,988,122,122,0,0,0,0,0,0,0,0,0,0,0,0,37,0,0,101,1147,24,79,250,203,30,76,46,7,117,135,105,75,2594,1266,13,0,18,110,0,6,25,12,305,78,269,253,88,61,9,19,1328,26,0,57,0,0,0,40,0,257,129,259,125,410,25,0,0,2594,39,0,0,0,0,0,0,17,58,0,110,0,6,65,12,493,69,207,528,378,498,86,9,19,726,46,60,0,45,117,170,0,6,67,44,19,27,18,0,107,-666666666,-666666666,27885,"Lower Lake CCD, Lake County, California",548,440,3,37,74,14,314,326,314,72,548,521,439,3,14,72,14,19,295,293,51,302,50,14,37,20,14,314,121,116,47,357,357,262,156,14,185,185,208,130,14,210,210,159,141,14,357,348,332,122,122,14,14,14,14,14,14,14,14,14,14,14,14,52,14,14,87,349,30,66,201,123,47,82,52,12,124,122,67,72,482,259,19,14,27,121,14,10,35,20,129,75,124,180,78,64,15,28,354,34,14,52,14,14,14,46,14,212,84,155,62,186,28,14,14,482,37,14,14,14,14,14,14,27,53,14,121,14,10,60,20,263,50,110,199,189,210,70,15,28,315,76,68,14,57,82,146,14,12,60,48,32,35,22,14,119,-222222222,-222222222,24185
"G060033091795","2019-2023","CA",,,"California","06","Lake County","033","Lucerne-Clearlake Oaks CCD","91795",,,,,,,,,,,,,,".",".",,,,,,,,,,,,"0600000US0603391795",,,"0603391795","Lucerne-Clearlake Oaks CCD, Lake County, California",6769,4904,234,205,44,10,758,614,229,385,6769,5541,4661,211,145,44,10,51,419,72,347,1228,243,23,60,0,0,707,195,157,38,2133,2133,1596,537,0,1044,1044,755,289,0,1089,1089,841,248,0,2133,1488,1235,253,221,0,0,0,32,60,60,0,0,0,0,0,0,18,180,13,374,1759,155,121,135,203,232,348,118,0,39,117,182,109,4855,2458,11,0,31,0,19,27,60,113,975,168,623,126,137,119,10,39,2397,0,32,0,10,19,0,28,34,807,245,490,337,216,99,41,39,4855,11,0,0,0,0,32,0,31,0,0,10,38,27,88,147,1507,275,413,1113,463,353,218,51,78,772,36,136,10,89,48,109,29,68,60,51,18,37,23,27,31,34922,30789,37834,"Lucerne-Clearlake Oaks CCD, Lake County, California",746,712,143,123,36,18,305,221,160,148,746,722,698,135,77,36,18,46,144,62,132,397,189,37,92,19,19,299,146,141,43,407,407,319,204,19,237,237,206,140,19,276,276,228,150,19,407,385,361,134,124,19,19,19,37,50,50,19,19,19,19,19,19,29,154,21,168,391,148,90,89,153,111,247,91,19,49,104,149,84,581,357,12,19,39,19,34,42,66,72,229,109,193,78,84,105,13,39,356,19,51,19,16,31,19,34,41,265,137,144,171,100,71,68,51,581,12,19,19,19,19,51,19,39,19,19,16,42,42,89,90,362,124,201,274,213,155,132,69,53,269,41,89,15,72,46,101,44,69,45,54,25,35,36,32,38,8110,14405,6273
"G060033091975","2019-2023","CA",,,"California","06","Lake County","033","Middletown CCD","91975",,,,,,,,,,,,,,".",".",,,,,,,,,,,,"0600000US0603391975",,,"0603391975","Middletown CCD, Lake County, California",8213,6466,78,2,36,0,514,1117,520,597,8213,6727,6074,78,2,36,0,0,537,56,481,1486,392,0,0,0,0,514,580,464,116,3023,2996,1967,1029,27,1560,1533,926,607,27,1463,1463,1041,422,0,3023,2460,2103,357,340,6,0,11,0,0,0,0,0,0,0,0,0,0,46,83,434,2589,275,211,344,302,144,59,335,50,100,98,540,131,5871,2612,17,8,16,42,48,2,29,69,734,349,613,312,234,82,57,0,3259,12,38,9,13,32,8,79,179,515,304,558,596,640,99,111,66,5871,29,0,0,38,8,0,0,9,16,55,0,80,10,108,248,1013,236,653,1171,908,874,181,168,66,1364,59,96,0,56,188,55,0,196,257,110,76,49,40,54,128,41492,41841,40870,"Middletown CCD, Lake County, California",943,860,66,6,43,19,265,508,432,279,943,763,815,66,6,43,19,19,254,77,238,545,263,19,19,19,19,265,439,427,129,602,607,411,402,36,464,467,293,290,36,265,265,222,192,19,602,561,479,198,190,11,19,22,19,19,19,19,19,19,19,19,19,19,47,67,149,574,130,155,183,151,108,66,192,54,126,86,235,74,683,364,25,22,46,63,51,7,38,61,251,134,227,149,144,62,46,19,440,23,49,15,37,37,19,83,159,188,176,189,232,302,87,78,91,683,34,19,19,49,22,19,19,15,46,72,19,62,20,86,166,271,152,215,302,290,410,104,97,91,390,53,132,19,46,108,54,19,168,123,89,75,51,45,75,69,2843,3796,8584
"G060033093505","2019-2023","CA",,,"California","06","Lake County","033","Upper Lake-Nice CCD","93505",,,,,,,,,,,,,,".",".",,,,,,,,,,,,"0600000US0603393505",,,"0603393505","Upper Lake-Nice CCD, Lake County, California",5628,3745,38,507,121,0,683,534,334,200,5628,4526,3573,38,387,121,0,0,407,211,196,1102,172,0,120,0,0,683,127,123,4,2238,2238,1544,694,0,1232,1232,845,387,0,1006,1006,699,307,0,2238,1929,1725,204,179,0,8,0,17,0,0,0,0,0,0,0,0,0,123,8,178,2060,159,109,93,296,302,28,472,216,85,140,46,114,4297,2395,57,0,0,144,12,14,72,77,558,311,443,454,178,74,1,0,1902,27,26,0,7,0,4,57,62,558,186,304,191,323,147,10,0,4297,84,26,0,0,0,0,0,0,0,0,151,12,18,129,139,827,289,497,747,645,501,221,11,0,750,64,59,0,3,113,75,0,67,157,39,24,49,56,44,0,44248,44543,43817,"Upper Lake-Nice CCD, Lake County, California",711,538,31,286,87,19,457,250,221,132,711,585,523,31,207,87,19,19,239,198,130,499,102,19,153,19,19,457,108,109,6,447,447,276,362,19,291,291,222,210,19,241,241,179,185,19,447,434,453,115,105,19,15,19,24,19,19,19,19,19,19,19,19,19,81,12,80,448,99,56,61,149,162,27,383,98,73,94,37,97,517,369,68,19,19,157,17,20,53,75,203,135,159,248,86,68,3,19,255,32,37,19,14,19,8,68,43,203,110,153,70,153,70,15,19,517,76,37,19,19,19,19,19,19,19,19,158,17,22,89,88,232,170,173,223,262,168,101,15,19,237,66,76,19,10,81,65,19,50,107,44,38,53,41,41,19,8879,20808,10071
"G060035090240","2019-2023","CA",,,"California","06","Lassen County","035","Big Valley CCD","90240",,,,,,,,,,,,,,".",".",,,,,,,,,,,,"0600000US0603590240",,,"0603590240","Big Valley CCD, Lassen County, California",1457,1096,18,35,164,0,50,94,41,53,1457,1318,1063,18,20,164,0,0,53,0,53,139,33,0,15,0,0,50,41,41,0,411,411,212,199,0,225,225,147,78,0,186,186,65,121,0,411,336,336,0,0,0,0,0,0,0,0,0,0,0,0,0,0,0,18,0,57,354,29,19,66,10,78,0,27,5,67,11,18,24,1017,482,18,0,14,0,0,0,0,35,171,53,45,20,90,34,0,2,535,14,0,13,0,3,0,0,0,101,99,72,80,78,32,43,0,1017,32,0,0,0,0,0,0,13,14,0,0,3,0,0,35,220,52,152,117,100,168,66,43,2,282,5,36,0,23,20,24,8,56,32,5,2,36,3,21,11,35108,35847,30750,"Big Valley CCD, Lassen County, California",329,321,24,32,109,14,58,78,37,64,329,327,318,24,27,109,14,14,64,14,64,82,20,14,19,14,14,58,37,37,14,141,141,87,86,14,75,75,65,49,14,100,100,57,81,14,141,137,137,14,14,14,14,14,14,14,14,14,14,14,14,14,14,14,25,14,38,138,28,17,41,11,60,14,37,9,62,12,27,30,219,114,23,14,26,14,14,14,14,34,86,39,34,22,54,34,14,4,146,20,14,21,14,4,14,14,14,57,60,48,49,43,31,55,14,219,41,14,14,14,14,14,14,21,26,14,14,4,14,14,34,98,39,64,60,53,78,41,55,4,124,7,33,14,28,25,25,12,57,21,8,3,42,4,23,17,7793,13829,9394
"G060035091320","2019-2023","CA",,,"California","06","Lassen County","035","Honey Lake CCD","91320",,,,,,,,,,,,,,".",".",,,,,,,,,,,,"0600000US0603591320",,,"0603591320","Honey Lake CCD, Lassen County, California",3795,2801,442,119,72,4,45,312,132,180,3795,2886,2058,420,112,72,4,0,220,96,124,909,743,22,7,0,0,45,92,36,56,1024,838,761,77,186,599,470,450,20,129,425,368,311,57,57,1024,915,456,459,455,0,0,0,4,5,5,0,0,0,0,0,0,0,10,0,94,930,67,238,115,164,170,21,56,0,25,74,0,0,3113,2171,0,15,120,53,150,82,192,83,655,160,356,161,125,11,0,8,942,16,0,0,0,63,0,0,25,180,73,133,235,103,75,0,39,3113,16,8,0,0,0,7,0,44,76,11,42,213,82,192,108,428,407,233,489,396,228,86,0,47,372,20,62,0,0,23,0,0,25,44,141,13,21,18,0,5,42181,45250,41793,"Honey Lake CCD, Lassen County, California",469,452,193,72,64,7,37,161,115,111,469,439,422,184,71,64,7,14,151,111,99,192,184,28,12,14,14,37,73,42,62,305,237,225,60,135,219,189,166,33,135,139,115,108,55,56,305,276,177,198,198,14,14,14,7,8,8,14,14,14,14,14,14,14,10,14,86,275,65,77,90,134,131,29,46,14,30,63,14,14,330,217,14,17,61,31,70,36,97,52,134,112,171,86,111,19,14,11,180,15,14,14,14,65,14,14,36,76,56,64,102,65,59,14,58,330,15,12,14,14,14,13,14,40,37,20,38,94,36,97,61,121,117,134,179,117,125,60,14,59,175,27,60,14,14,33,14,14,21,41,127,17,23,26,14,9,17634,24961,15568
"G060035091820","2019-2023","CA",,,"California","06","Lassen County","035","Madeline Plains CCD","91820",,,,,,,,,,,,,,".",".",,,,,,,,,,,,"0600000US0603591820",,,"0603591820","Madeline Plains CCD, Lassen County, California",150,94,10,0,0,0,31,15,12,3,150,119,66,10,0,0,0,28,15,12,3,31,28,0,0,0,0,3,0,0,0,43,43,35,8,0,21,21,16,5,0,22,22,19,3,0,43,42,42,0,0,0,0,0,0,0,0,0,0,0,0,0,0,0,0,0,1,42,0,1,10,2,3,0,14,0,2,0,9,1,109,49,5,0,0,0,0,4,0,0,14,6,13,3,2,2,0,0,60,3,0,0,0,0,0,0,0,7,8,31,0,6,5,0,0,109,8,0,0,0,0,0,0,0,0,0,0,0,4,0,0,21,0,14,44,3,8,7,0,0,15,0,0,0,0,2,0,0,0,2,3,1,0,2,5,0,35417,43472,2499,"Madeline Plains CCD, Lassen County, California",85,59,13,14,14,14,48,16,16,5,85,71,43,13,14,14,14,48,16,16,5,40,39,14,14,14,14,6,14,14,14,28,28,27,8,14,12,12,12,7,14,22,22,21,4,14,28,28,28,14,14,14,14,14,14,14,14,14,14,14,14,14,14,14,14,14,2,28,14,5,10,4,4,14,20,14,4,14,9,3,54,26,8,14,14,14,14,7,14,14,11,7,17,5,3,4,14,14,38,6,14,14,14,14,14,14,14,9,8,32,14,9,8,14,14,54,10,14,14,14,14,14,14,14,14,14,14,14,7,14,14,17,14,11,39,5,10,9,14,14,13,14,14,14,14,3,14,14,14,4,4,2,14,4,8,14,28123,2005,-333333333
"G060035093280","2019-2023","CA",,,"California","06","Lassen County","035","Susanville CCD","93280",,,,,,,,,,,,,,".",".",,,,,,,,,,,,"0600000US0603593280",,,"0603593280","Susanville CCD, Lassen County, California",23563,15463,2106,577,307,290,960,3860,2936,924,23563,17726,14006,1882,438,260,290,61,789,91,698,5837,1457,224,139,47,0,899,3071,2845,226,7127,7070,6915,155,57,3738,3736,3597,139,2,3389,3334,3318,16,55,7127,6470,5767,703,537,99,41,19,7,28,28,0,0,0,0,16,27,16,185,7,378,6749,378,1389,1424,1366,1109,144,227,0,66,271,240,135,17489,11310,151,150,318,294,496,538,919,423,3758,1142,1345,865,656,176,56,23,6179,88,31,132,27,29,43,33,103,1657,818,1098,790,1081,204,34,11,17489,239,0,0,10,85,28,58,179,271,131,190,525,581,952,526,4091,1324,1960,2443,1655,1737,380,90,34,2308,32,278,40,208,248,58,0,189,301,295,49,266,128,46,170,41604,44412,39800,"Susanville CCD, Lassen County, California",510,512,335,144,122,10,363,442,428,240,510,485,489,221,122,98,10,48,186,71,176,221,279,180,92,70,25,348,401,420,140,431,432,439,80,86,302,302,297,79,4,326,313,315,14,86,431,439,396,221,202,63,29,26,15,33,33,25,25,25,25,28,32,13,88,9,108,460,119,238,303,257,269,76,90,25,38,98,117,87,427,316,74,58,139,81,137,162,174,106,306,186,244,168,147,71,38,26,278,60,44,145,30,30,50,22,58,235,197,176,164,190,65,24,14,427,103,25,25,12,54,24,52,154,122,56,72,147,171,175,123,378,234,285,322,242,252,106,47,29,299,31,84,29,116,79,38,25,66,108,80,36,93,79,36,65,2790,4366,4846
"G060035093710","2019-2023","CA",,,"California","06","Lassen County","035","Westwood CCD","93710",,,,,,,,,,,,,,".",".",,,,,,,,,,,,"0600000US0603593710",,,"0603593710","Westwood CCD, Lassen County, California",2212,2014,0,113,0,0,2,83,25,58,2212,2101,1938,0,101,0,0,0,62,4,58,111,76,0,12,0,0,2,21,21,0,749,745,517,228,4,390,386,287,99,4,359,359,230,129,0,749,620,505,115,43,72,0,0,0,0,0,0,0,0,0,0,0,0,35,0,94,655,23,115,46,43,99,0,163,11,79,45,31,0,1598,875,27,35,0,0,0,0,12,11,310,172,108,122,68,0,10,0,723,17,0,0,10,0,0,47,23,214,106,102,96,100,8,0,0,1598,44,0,0,0,35,0,0,0,0,0,10,0,0,59,34,503,21,278,210,218,168,8,10,0,195,28,6,0,9,37,0,0,8,61,14,23,0,0,0,9,26797,-666666666,25938,"Westwood CCD, Lassen County, California",354,354,14,105,14,14,6,58,37,42,354,344,324,14,103,14,14,14,43,8,42,116,113,14,22,14,14,6,36,36,14,230,227,180,179,9,171,169,131,113,9,123,123,103,89,14,230,229,200,123,37,112,14,14,14,14,14,14,14,14,14,14,14,14,37,14,59,237,37,105,36,46,80,14,136,20,62,63,37,14,243,166,52,38,14,14,14,14,22,17,120,103,67,100,44,14,12,14,155,27,14,14,17,14,14,45,35,92,71,62,67,67,13,14,14,243,60,14,14,14,38,14,14,14,14,14,17,14,14,51,41,153,23,132,97,123,86,13,12,14,90,26,9,14,14,23,14,14,13,54,22,38,14,14,14,15,19701,-222222222,25743
"G060037090015","2019-2023","CA",,,"California","06","Los Angeles County","037","Agoura Hills-Malibu CCD","90015",,,,,,,,,,,,,,".",".",,,,,,,,,,,,"0600000US0603790015",,,"0603790015","Agoura Hills-Malibu CCD, Los Angeles County, California",59576,44051,786,56,4604,23,4004,6052,2382,3670,59576,52277,42059,734,49,4575,23,917,3920,660,3260,7299,1992,52,7,29,0,3087,2132,1722,410,26813,26583,23162,3421,230,14143,13978,12230,1748,165,12670,12605,10932,1673,65,26813,17173,16085,1088,791,77,40,33,147,43,43,0,0,0,0,0,42,95,799,506,8155,18658,702,2247,2409,2140,2306,1161,1930,612,494,1787,2129,741,41558,20016,64,6,66,21,6,131,81,119,1573,702,2633,1010,7537,3120,1920,1027,21542,74,11,169,86,45,65,66,62,1875,1069,2618,1311,7818,3664,1646,963,41558,138,11,6,0,0,0,0,149,86,65,42,51,196,147,181,2993,455,1771,5251,2321,15355,6784,3566,1990,30129,780,1973,788,2395,4507,2314,511,1648,4745,1495,1875,1544,2402,2159,993,72237,101757,51183,"Agoura Hills-Malibu CCD, Los Angeles County, California",1881,1746,250,48,897,39,1165,953,555,772,1881,1909,1800,236,46,897,39,364,713,272,668,1331,609,47,17,34,32,1017,567,479,280,1189,1168,1203,445,109,814,797,868,328,95,891,886,897,295,50,1189,1099,1090,256,208,47,43,39,97,37,37,32,32,32,32,32,39,82,178,185,773,1100,293,463,401,477,385,240,412,189,176,317,401,196,1529,914,55,10,95,30,14,96,70,90,309,216,450,278,573,496,288,272,987,49,19,137,86,43,75,67,52,344,304,351,259,721,537,374,227,1529,80,19,10,32,32,32,32,148,78,83,35,46,115,89,110,450,154,379,640,423,1005,819,489,385,1373,193,398,190,422,545,340,234,317,492,337,279,304,396,380,232,6801,8342,8848
"G060037090560","2019-2023","CA",,,"California","06","Los Angeles County","037","Compton CCD","90560",,,,,,,,,,,,,,".",".",,,,,,,,,,,,"0600000US0603790560",,,"0603790560","Compton CCD, Los Angeles County, California",336472,58027,67892,4875,35402,1620,97363,71293,61202,10091,336472,124780,12271,67109,129,34839,1539,1991,6902,603,6299,211692,45756,783,4746,563,81,95372,64391,60599,3792,149032,148834,140477,8357,198,79507,79354,73738,5616,153,69525,69480,66739,2741,45,149032,130231,112894,17337,12905,2108,1377,646,301,4721,3814,631,141,135,0,387,186,246,1612,2367,9282,139750,1426,6653,13699,19707,23571,10052,27837,3712,6166,12497,10204,4226,224643,108021,7479,2748,6594,2333,3794,1829,2547,6540,28306,5824,16109,7462,12173,3328,566,389,116622,7589,3155,6985,2221,3229,1713,2459,4430,28341,6011,17011,8024,18134,6304,617,399,224643,15068,157,275,656,1295,2203,1317,2356,11223,1575,2979,7023,3542,5006,10970,51370,5277,11835,33120,15486,30307,9632,1183,788,43766,1563,1481,909,2175,3952,3155,370,5704,9597,3768,1449,1832,1923,1704,4184,37256,40508,34566,"Compton CCD, Los Angeles County, California",3384,3252,2916,1040,2321,565,3975,4105,4157,1191,3384,3298,1021,2881,116,2340,551,631,1009,203,971,4162,3104,295,1032,285,49,3999,4067,4125,648,2767,2765,2721,646,105,2010,2022,1940,563,98,1880,1881,1939,408,39,2767,2505,2523,1097,991,340,341,207,155,671,547,221,93,84,32,199,84,97,303,481,929,2545,330,808,1175,1389,1434,889,1441,726,568,1081,745,533,3077,1962,674,563,750,359,598,301,384,576,1393,689,1047,743,938,493,160,166,1927,598,468,728,379,480,356,412,467,1313,564,1080,640,966,701,161,144,3077,1023,69,128,177,404,420,325,514,1020,320,408,703,473,607,807,2028,569,1013,1625,1068,1415,886,218,231,1804,289,299,288,362,477,474,147,642,870,594,324,303,382,376,665,654,892,1024
"G060037090730","2019-2023","CA",,,"California","06","Los Angeles County","037","Downey-Norwalk CCD","90730",,,,,,,,,,,,,,".",".",,,,,,,,,,,,"0600000US0603790730",,,"0603790730","Downey-Norwalk CCD, Los Angeles County, California",407245,93826,26022,6876,70181,1615,132927,75798,62827,12971,407245,149985,44703,24895,367,68716,1375,1871,8058,1249,6809,257260,49123,1127,6509,1465,240,131056,67740,61578,6162,190552,189955,161184,28771,597,104092,103740,87375,16365,352,86460,86215,73809,12406,245,190552,162807,140950,21857,15237,4167,1391,871,191,4248,3255,469,299,178,47,237,343,720,2583,2620,16994,173558,1851,10124,18094,22977,26562,10999,31154,5290,7618,18338,15314,5237,279278,136400,6774,2055,4341,2214,2943,1820,1906,6172,36073,7947,19641,10510,23289,7212,2285,1218,142878,8380,2219,5467,2596,2753,1382,2053,4589,33486,8439,20518,11522,27519,9267,1692,996,279278,15154,145,198,264,872,1708,1087,1635,8173,1345,3465,5696,3202,3959,10761,61198,8361,16386,40159,22032,50808,16479,3977,2214,78093,3976,3177,2037,3489,6878,7579,691,9152,15772,5460,3157,4614,2945,3168,5998,41573,46221,36297,"Downey-Norwalk CCD, Los Angeles County, California",225,3705,2258,1173,2736,531,5077,4495,4293,1341,225,3362,2379,2246,139,2663,473,500,1068,489,928,3388,3224,328,1169,533,131,5003,4571,4243,1172,2282,2277,2437,1214,202,1792,1778,1820,831,152,1600,1619,1588,850,128,2282,2504,2520,1371,1273,633,379,256,110,561,519,150,113,76,59,95,122,213,497,448,1044,2290,381,867,1227,1122,1313,851,1481,525,701,1190,964,571,1743,1612,595,419,548,362,461,319,311,499,1320,671,1061,784,1056,700,369,249,1460,775,340,549,360,447,214,365,472,1250,704,1128,753,1035,723,292,214,1743,1180,86,115,150,247,389,243,326,824,342,517,742,347,469,705,2060,719,943,1601,1043,1691,1034,555,341,2280,495,435,343,437,602,665,203,823,1017,495,384,593,475,440,649,612,828,730
"G060037090810","2019-2023","CA",,,"California","06","Los Angeles County","037","East San Gabriel Valley CCD","90810",,,,,,,,,,,,,,".",".",,,,,,,,,,,,"0600000US0603790810",,,"0603790810","East San Gabriel Valley CCD, Los Angeles County, California",925062,251324,29138,14671,225581,2014,240922,161412,131329,30083,925062,420643,141239,27647,2367,222968,1801,4222,20399,2720,17679,504419,110085,1491,12304,2613,213,236700,141013,128609,12404,434312,433007,358412,74595,1305,233994,233044,188144,44900,950,200318,199963,170268,29695,355,434312,361490,311346,50144,35303,8792,3561,1769,719,9022,5988,904,1421,696,13,872,444,1695,7297,4160,49332,384980,5516,23695,41862,48476,49218,20143,63578,10582,20702,43406,41843,15959,644081,313981,12648,3916,9359,4375,5656,3106,4876,11559,79012,17837,45482,23365,61864,20375,5968,4583,330100,14935,4810,10686,4894,5479,2670,4421,10432,77535,19238,44471,28474,67378,26978,4122,3577,644081,27583,304,506,709,1339,3842,2026,2715,17330,2559,6710,11135,5776,9297,21991,140639,15908,37075,89953,51839,129242,47353,10090,8160,205234,10568,11917,5638,9770,18312,18485,1686,19777,47107,12910,9245,9973,9996,7210,12640,41087,46568,35745,"East San Gabriel Valley CCD, Los Angeles County, California",4430,5994,1944,1753,4287,503,5331,5254,5055,2022,4430,5098,3672,1840,660,4214,491,789,1494,458,1379,5021,4837,423,1578,497,113,5348,5082,4967,1293,3396,3376,3383,2182,287,2563,2584,2458,1685,227,2466,2456,2380,1266,123,3396,3625,3894,2339,1838,884,517,352,201,772,661,419,262,291,16,229,154,381,600,550,2117,3593,580,1253,1533,1734,1670,1145,2375,689,1145,1530,1431,962,4247,2910,887,486,628,512,648,446,478,814,1730,1037,1531,1246,1974,1154,541,571,2964,967,501,746,492,616,321,502,658,2098,1090,1738,1126,1822,1302,459,504,4247,1590,130,177,205,259,430,431,418,1042,426,650,979,544,672,1161,2939,878,1633,2559,1737,3062,1925,733,842,3738,663,883,493,804,1145,1107,337,1138,1614,851,632,807,876,652,982,493,892,548
"G060037091400","2019-2023","CA",,,"California","06","Los Angeles County","037","Inglewood CCD","91400",,,,,,,,,,,,,,".",".",,,,,,,,,,,,"0600000US0603791400",,,"0603791400","Inglewood CCD, Los Angeles County, California",367111,70344,95287,6128,30176,1473,91142,72561,58657,13904,367111,167324,28797,92907,1011,29166,1357,2909,11177,2411,8766,199787,41547,2380,5117,1010,116,88233,61384,56246,5138,174552,174207,168465,5742,345,91559,91322,87783,3539,237,82993,82885,80682,2203,108,174552,139959,121026,18933,14369,3134,790,477,163,7820,7352,250,92,108,18,1258,762,1356,3448,4116,15833,158719,1984,9009,16923,25351,24074,10745,25170,4499,7890,14993,13344,4737,249543,119797,6076,2359,5960,2346,3550,1327,2200,5416,30638,6857,19260,7810,18446,5773,974,805,129746,6860,2816,5783,2294,3062,1940,2531,4508,28868,7689,21077,9199,22541,8795,1201,582,249543,12936,102,182,366,1043,2061,1421,2911,8832,1737,2903,6612,3267,4731,9924,52558,6948,14546,40337,17009,40987,14568,2175,1387,63150,2767,1988,1191,3359,7192,4597,524,5042,12779,4472,2642,3191,4352,4493,4561,37314,41067,34010,"Inglewood CCD, Los Angeles County, California",2804,3213,2979,1030,1880,634,3466,4024,3683,1507,2804,3340,1572,2928,398,1778,574,782,1377,759,1154,4230,2618,740,908,459,99,3327,3826,3778,960,2797,2801,2711,655,130,2091,2095,2059,504,118,1910,1910,1909,489,55,2797,2663,2795,1558,1247,571,230,227,83,807,801,101,89,91,29,386,286,415,462,559,1057,2759,405,965,1109,1181,1476,1013,1374,539,695,1076,957,705,2853,1944,637,426,587,441,557,317,391,617,1290,767,1329,650,1130,516,257,230,1968,646,465,547,391,438,457,441,513,1322,707,1167,719,1065,799,268,140,2853,1090,89,101,152,310,455,373,468,759,412,463,801,547,582,859,2002,697,1135,1942,1023,1637,999,399,262,2251,346,340,254,405,660,534,278,470,889,534,429,477,590,605,582,732,978,942
"G060037091730","2019-2023","CA",,,"California","06","Los Angeles County","037","Long Beach-Lakewood CCD","91730",,,,,,,,,,,,,,".",".",,,,,,,,,,,,"0600000US0603791730",,,"0603791730","Long Beach-Lakewood CCD, Los Angeles County, California",566230,230674,62667,7538,77887,3490,102680,81294,53462,27832,566230,322614,155431,60390,1391,75984,3263,2703,23452,3096,20356,243616,75243,2277,6147,1903,227,99977,57842,50366,7476,281893,281031,234755,46276,862,148811,148243,123649,24594,568,133082,132788,111106,21682,294,281893,220216,195857,24359,18899,3560,1272,346,282,9587,7987,944,288,345,23,928,706,1534,6654,2641,39627,242266,2589,12952,24825,33683,39982,14884,42196,7847,12586,23022,19857,7843,396328,193096,10899,1775,4511,2075,3609,1710,3006,5748,38755,11397,33414,13273,41986,14271,3981,2686,203232,12110,2268,5036,2180,3709,1662,2814,5394,35764,11336,31472,16683,45735,20214,3967,2888,396328,23009,51,69,299,829,1884,911,1584,7963,1528,2727,7318,3372,5820,11142,65445,9074,22733,64886,29956,87721,34485,7948,5574,144948,5316,7459,2959,9261,14360,9870,1430,14126,24403,9554,7608,9532,10667,8185,10218,46167,50853,41116,"Long Beach-Lakewood CCD, Los Angeles County, California",454,5081,3072,1068,3226,662,4120,4248,3580,1969,454,4509,4502,2976,365,3215,640,548,1665,604,1597,4512,4145,531,982,474,134,4120,3555,3468,1049,2959,2959,2775,1748,243,2610,2633,2406,1273,187,2168,2165,2181,1009,121,2959,2912,2832,1617,1250,577,364,183,166,818,759,298,141,138,30,347,192,340,853,441,2005,3008,409,1100,1562,1446,1770,1076,1630,678,785,1225,1049,709,2390,2280,970,321,552,401,582,345,445,599,1787,894,1589,923,1365,943,495,364,2167,1017,466,680,363,558,330,381,549,1471,886,1442,1088,1440,1030,501,421,2390,1766,43,61,135,299,351,235,360,879,356,508,925,519,588,785,2376,667,1113,2353,1331,2244,1493,728,538,2775,567,729,429,853,843,848,291,966,1501,850,558,783,762,806,708,800,1259,721
"G060037091750","2019-2023","CA",,,"California","06","Los Angeles County","037","Los Angeles CCD","91750",,,,,,,,,,,,,,".",".",,,,,,,,,,,,"0600000US0603791750",,,"0603791750","Los Angeles CCD, Los Angeles County, California",2531276,889834,282469,32152,316136,3738,631732,375215,272852,102363,2531276,1358236,657914,273194,3634,311511,3153,15955,92875,17224,75651,1173040,231920,9275,28518,4625,585,615777,282340,255628,26712,1250544,1245657,1216289,29368,4887,673842,670919,652049,18870,2923,576702,574738,564240,10498,1964,1250544,826588,726202,100386,77020,15080,5126,2087,1073,102289,88663,10252,1033,2243,98,5446,2869,10969,50488,18425,233470,1017074,15181,47142,92191,127442,144204,62331,212026,33239,57637,104609,89360,31712,1807606,896491,36848,21472,41714,12637,23608,10366,14493,29602,162489,34009,108639,44932,224960,78260,35090,17372,911115,38549,24345,44351,14713,22561,8705,14064,23170,147910,34775,104794,55882,236486,94613,30016,16181,1807606,75397,549,1557,4791,8888,19316,10716,15574,70491,10127,17223,46169,19071,28557,52772,278138,32261,68784,213433,100814,461446,172873,65106,33553,801289,29863,40757,17183,41358,103197,44516,8292,52807,123774,31647,55482,45670,103730,71778,31235,42205,45347,39255,"Los Angeles CCD, Los Angeles County, California",10880,9033,5203,2159,4867,613,10778,8022,7286,3308,10880,8146,6814,5293,605,4818,532,1611,3327,1620,2821,9879,6384,1060,2005,631,251,10378,7331,7125,1655,7091,7167,6933,1482,518,5798,5856,5662,1080,404,4891,4844,4795,850,346,7091,7233,6378,2763,2374,1186,632,442,284,2684,2693,728,241,386,68,697,402,863,1874,1268,3618,7406,1211,1980,2502,3371,3252,2026,4093,1537,2025,2264,2654,1593,6559,4905,1507,1318,1743,822,1333,916,969,1169,3245,1452,2212,1607,3573,2223,1562,999,4683,1553,1215,1466,991,1206,604,952,1324,3292,1463,2410,1957,3655,2458,1712,1028,6559,2549,152,270,551,728,1296,944,1093,2232,686,1025,1824,1200,1384,1920,5161,1616,2197,3256,2658,4657,3384,2636,1533,6938,1405,1888,961,1634,2789,1782,794,1799,2759,1580,1959,1582,2834,2203,1445,337,559,704
"G060037092110","2019-2023","CA",,,"California","06","Los Angeles County","037","Newhall CCD","92110",,,,,,,,,,,,,,".",".",,,,,,,,,,,,"0600000US0603792110",,,"0603792110","Newhall CCD, Los Angeles County, California",267593,138946,12350,3047,32537,940,28581,51192,38727,12465,267593,171683,112484,11847,228,31824,885,1944,12471,2637,9834,95910,26462,503,2819,713,55,26637,38721,36090,2631,125258,124787,120427,4360,471,69453,69185,65799,3386,268,55805,55602,54628,974,203,125258,99569,88823,10746,7599,1527,1204,307,109,2154,1565,119,337,0,133,241,248,85,858,1869,20234,105024,1613,7447,12259,14108,10649,4498,10570,3286,6276,14297,14103,5918,179665,89962,1753,589,776,715,798,1140,985,2689,16764,6328,14372,8722,23055,7491,2077,1708,89703,1747,376,1142,663,500,584,750,1534,15964,6406,14082,9048,24861,9130,1753,1163,179665,3500,26,5,28,209,450,247,418,1500,266,1112,1298,1724,1735,4223,28225,4503,12734,28454,17770,47916,16621,3830,2871,75401,3313,3814,2218,4487,6774,6140,515,7859,14203,5008,3162,5022,4364,4334,4188,58521,70827,47315,"Newhall CCD, Los Angeles County, California",2558,3889,1721,780,2223,517,2501,4006,3956,1228,2558,3692,2783,1696,118,2199,507,738,1430,971,1179,3440,2685,295,791,279,85,2419,3645,3650,397,2491,2481,2475,482,241,1633,1638,1647,438,114,1679,1655,1638,196,216,2491,2487,2380,795,764,294,442,109,67,491,463,73,105,32,105,142,111,73,202,488,931,2414,281,814,816,1178,896,749,739,429,629,1059,1004,704,2404,1439,414,223,177,263,244,275,201,482,943,659,905,717,1251,601,322,463,1563,335,165,278,233,158,161,281,254,1028,680,1057,704,1151,674,344,275,2404,581,31,8,31,98,195,143,225,275,143,371,297,329,335,560,1308,520,1027,1395,1147,1960,863,485,588,2551,436,553,376,561,673,637,149,699,1075,668,581,630,580,532,537,2221,2140,2295
"G060037092140","2019-2023","CA",,,"California","06","Los Angeles County","037","North Antelope Valley CCD","92140",,,,,,,,,,,,,,".",".",,,,,,,,,,,,"0600000US0603792140",,,"0603792140","North Antelope Valley CCD, Los Angeles County, California",203628,78609,38613,2423,8050,384,29884,45665,36186,9479,203628,109921,54563,37906,274,7779,359,1252,7788,1197,6591,93707,24046,707,2149,271,25,28632,37877,34989,2888,76221,76133,69902,6231,88,40689,40616,36296,4320,73,35532,35517,33606,1911,15,76221,65744,57284,8460,6160,1348,538,292,122,986,667,34,229,8,48,82,110,285,933,760,7321,68900,1442,4556,11085,12909,9892,2582,4535,839,1725,6101,7414,5820,129713,62875,2204,691,1596,941,1191,979,1837,2799,20161,4737,9500,5020,7247,3166,451,355,66838,1984,639,1521,1388,822,1120,1489,2356,18147,4763,11862,6124,9248,4603,403,369,129713,4188,0,13,48,205,840,224,516,2601,196,2133,2013,2099,3326,5155,33991,4317,9500,21362,11144,16495,7769,854,724,27555,948,1232,857,1705,2060,3920,500,2660,4349,2681,1176,1776,1200,691,1800,46631,51487,42039,"North Antelope Valley CCD, Los Angeles County, California",2229,3431,2513,838,1123,234,2387,3096,3073,1331,2229,3236,2776,2525,152,1100,231,455,1402,585,1190,3317,2194,238,817,190,29,2287,2915,2961,694,2028,2037,1949,1102,66,1352,1357,1268,668,59,1372,1374,1363,573,26,2028,1997,2080,1067,919,359,195,139,69,235,196,43,114,15,59,125,80,139,251,290,825,1971,353,698,904,1249,975,489,575,212,423,1064,822,705,2577,1617,482,228,338,317,363,261,279,430,1415,478,701,557,824,422,136,163,1633,414,274,314,345,311,317,368,516,1188,563,1151,690,766,557,192,178,2577,714,32,21,57,93,337,171,217,505,103,517,486,438,411,753,1993,496,804,1369,897,1205,753,241,257,1772,218,268,267,350,345,1036,223,467,535,488,359,310,299,198,439,1155,1416,1852
"G060037092360","2019-2023","CA",,,"California","06","Los Angeles County","037","Palos Verdes CCD","92360",,,,,,,,,,,,,,".",".",,,,,,,,,,,,"0600000US0603792360",,,"0603792360","Palos Verdes CCD, Los Angeles County, California",90745,48499,2539,241,22266,131,5917,11152,5127,6025,90745,74858,43420,2509,30,22147,131,492,6129,924,5205,15887,5079,30,211,119,0,5425,5023,4203,820,39919,39715,38180,1535,204,22574,22461,21595,866,113,17345,17254,16585,669,91,39919,29369,27033,2336,1848,297,116,29,46,473,306,98,69,0,0,19,57,308,1696,327,7670,32249,1042,3051,3460,4172,4066,1815,4370,1242,2063,3217,2694,1057,65007,31729,329,35,513,86,244,57,98,416,3369,1093,3433,1607,10467,5773,2808,1401,33278,277,114,254,226,120,108,82,401,3802,1398,3905,2707,11447,5337,1989,1111,65007,606,0,0,35,45,7,62,119,648,121,191,364,165,180,817,6296,875,2491,7338,4314,21914,11110,4797,2512,43171,1805,3375,1550,2413,4762,5488,308,3060,7817,2348,2350,2104,2248,1520,2023,71287,90151,54883,"Palos Verdes CCD, Los Angeles County, California",562,1939,761,156,1683,106,939,1171,873,1011,562,1509,1885,761,36,1669,106,203,994,359,937,1394,988,32,152,98,32,935,874,845,357,1268,1264,1241,284,104,927,917,908,174,66,937,934,929,235,59,1268,1113,1130,519,407,137,130,23,55,217,166,79,86,32,32,21,70,205,424,138,651,1160,380,486,622,548,466,398,535,278,374,392,440,258,1226,891,143,57,259,83,151,52,66,127,476,244,501,297,666,632,377,226,754,118,78,169,113,90,82,77,202,498,270,424,318,744,453,289,236,1226,220,32,32,57,53,20,61,87,386,79,115,207,98,96,266,722,256,397,659,486,1084,815,477,343,1406,339,487,287,342,497,613,131,408,719,341,395,331,304,237,377,3015,7256,4333
"G060037092400","2019-2023","CA",,,"California","06","Los Angeles County","037","Pasadena CCD","92400",,,,,,,,,,,,,,".",".",,,,,,,,,,,,"0600000US0603792400",,,"0603792400","Pasadena CCD, Los Angeles County, California",266090,115033,19491,1931,58306,217,34241,36871,20911,15960,266090,194591,101440,18867,517,57394,212,1457,14704,1990,12714,71499,13593,624,1414,912,5,32784,22167,18921,3246,134488,133919,130849,3070,569,71888,71535,69495,2040,353,62600,62384,61354,1030,216,134488,89865,82134,7731,5787,964,203,547,230,4304,2221,1244,189,644,6,206,326,1194,4171,2686,31736,102752,1524,8359,13887,14370,14078,6367,16206,2968,5359,9115,8003,2516,198437,95723,1488,379,1753,775,243,398,870,1149,12546,2949,10660,5112,30410,15215,6788,4988,102714,2016,687,1185,1278,608,364,697,1074,11391,3567,11216,7635,31989,18904,6220,3883,198437,3504,63,26,0,172,646,159,668,2270,384,1669,851,762,1567,2223,22059,1878,6516,21876,12747,62399,34119,13008,8871,127539,4959,8645,5481,7098,16822,10424,1082,8272,20403,5646,7921,6927,12104,6902,4853,64871,72416,58538,"Pasadena CCD, Los Angeles County, California",2581,2943,1877,506,2279,155,2227,2449,2048,1492,2581,3176,2702,1915,304,2278,154,400,1470,455,1395,2866,1554,252,430,292,9,2189,2068,2001,568,2181,2187,2158,514,219,1670,1662,1636,394,150,1414,1426,1448,254,125,2181,2139,2135,794,588,248,147,315,121,632,463,351,92,282,11,127,119,267,485,476,1658,2292,346,802,921,970,880,697,1045,382,566,719,708,405,2004,1672,402,189,280,233,136,160,266,191,905,408,937,663,1359,835,594,522,1602,435,196,273,303,186,135,209,247,896,469,789,757,1097,1070,565,510,2004,598,61,41,32,106,320,80,213,398,184,380,238,224,352,327,1301,360,627,1157,1057,1896,1408,903,775,2374,550,762,617,697,964,850,238,799,1255,667,771,724,795,596,554,2125,2488,1557
"G060037092785","2019-2023","CA",,,"California","06","Los Angeles County","037","San Fernando Valley CCD","92785",,,,,,,,,,,,,,".",".",,,,,,,,,,,,"0600000US0603792785",,,"0603792785","San Fernando Valley CCD, Los Angeles County, California",1815801,853200,72984,15361,205064,2456,378501,288235,214098,74137,1815801,1061733,708952,69252,3134,201694,1950,11785,64966,9814,55152,754068,144248,3732,12227,3370,506,366716,223269,204284,18985,891705,889020,856993,32027,2685,479223,477261,456207,21054,1962,412482,411759,400786,10973,723,891705,675278,596193,79085,58749,12199,4430,2632,1075,28839,23671,2389,882,264,1633,3026,1351,2905,15982,12507,151817,739888,9269,42793,74280,103695,101091,43474,130559,26224,37242,76106,71397,23758,1301957,634830,25375,9562,18581,7974,11262,7499,7949,19372,129875,31334,84003,47662,155106,48947,20585,9744,667127,28863,11379,20011,9276,10996,7444,7808,16884,125273,35270,81607,54868,169667,62395,17022,8364,1301957,54238,704,525,2093,4022,8048,5549,6967,31625,5553,11697,22258,14943,15757,36256,231868,23280,66604,165610,102530,324773,111342,37607,18108,529452,22540,25411,12880,32509,55727,38187,4055,41126,90923,25549,28763,26202,61615,42963,21002,44926,49389,40052,"San Fernando Valley CCD, Los Angeles County, California",10519,9001,3491,1453,4853,591,7729,6982,6725,3085,10519,8944,7850,3423,655,4616,568,1783,2855,1679,2584,8899,4770,633,1334,935,271,7698,6676,6345,1704,6486,6416,6360,1425,535,4301,4258,4175,1127,365,4547,4533,4381,822,284,6486,6747,6266,2547,2147,1000,632,455,256,1506,1320,347,219,115,429,452,310,409,1127,917,3294,6563,855,1951,2386,2397,2699,1785,3498,1429,1582,2328,2045,1316,7727,4884,1387,849,1070,739,1030,742,854,1118,3554,1473,1931,1742,3218,1874,1139,666,4774,1482,798,1306,815,809,817,746,939,2515,1491,2193,1858,2753,1617,979,573,7727,2415,210,168,574,524,797,626,658,1665,658,797,1402,1185,1147,1645,4806,1182,2365,3078,2779,4899,2668,1533,1024,6146,1125,1351,962,1424,2101,1606,469,1660,2499,1201,1311,1241,2033,1756,1328,489,593,672
"G060037092920","2019-2023","CA",,,"California","06","Los Angeles County","037","Santa Monica CCD","92920",,,,,,,,,,,,,,".",".",,,,,,,,,,,,"0600000US0603792920",,,"0603792920","Santa Monica CCD, Los Angeles County, California",91535,61206,4452,523,8925,49,4289,12091,5932,6159,91535,76502,56603,4375,190,8532,49,859,5894,886,5008,15033,4603,77,333,393,0,3430,6197,5046,1151,49796,49286,48344,942,510,24697,24342,23685,657,355,25099,24944,24659,285,155,49796,26691,25183,1508,1150,122,82,117,37,1379,1070,129,39,141,0,48,158,1327,2689,1023,16481,33315,506,3160,5160,4887,4176,1900,5331,1245,1688,2856,2058,348,73651,35174,451,45,168,181,275,109,123,425,2832,1080,3059,1742,14601,5054,3259,1770,38477,641,210,368,124,126,57,80,477,3459,1110,3110,2658,14457,7446,2772,1382,73651,1092,0,0,5,53,131,66,193,343,190,115,401,166,203,902,5407,884,2190,6169,4400,29058,12500,6031,3152,55597,2592,3297,1462,3015,7600,3375,568,3290,9059,1934,4144,3247,6019,4524,1471,82534,94251,73045,"Santa Monica CCD, Los Angeles County, California",46,1863,759,227,1037,70,868,1387,1178,1077,46,1430,1738,749,133,972,70,350,1069,376,1006,1428,834,80,197,349,32,825,1210,1083,511,1263,1266,1283,235,186,977,991,1029,225,144,1243,1236,1229,108,101,1263,1507,1498,410,301,101,64,125,44,316,292,83,57,82,32,40,136,321,461,371,1029,1457,199,537,630,777,498,406,607,288,439,563,556,153,1119,919,225,35,106,101,176,81,98,182,499,242,414,398,894,421,521,337,1148,277,121,191,73,98,53,84,293,545,277,471,646,894,693,360,284,1119,411,32,32,11,56,102,53,146,203,114,83,203,98,136,329,739,321,374,679,743,1341,772,703,465,1782,451,469,319,430,878,470,160,528,967,376,572,502,684,587,346,3606,5993,4545
"G060037093090","2019-2023","CA",,,"California","06","Los Angeles County","037","South Antelope Valley CCD","93090",,,,,,,,,,,,,,".",".",,,,,,,,,,,,"0600000US0603793090",,,"0603793090","South Antelope Valley CCD, Los Angeles County, California",221595,84625,24350,3358,9288,433,61629,37912,31428,6484,221595,91562,52404,23199,995,9037,271,1179,4477,468,4009,130033,32221,1151,2363,251,162,60450,33435,30960,2475,91585,91394,86871,4523,191,51530,51408,47947,3461,122,40055,39986,38924,1062,69,91585,79004,68056,10948,6749,2261,973,637,328,1111,709,56,275,41,30,121,184,20,869,1561,8715,82870,1093,3614,7651,13504,10866,2478,6403,904,2390,8699,15300,9968,140509,68840,2904,1032,2059,955,1430,1175,2409,2851,21467,4958,10602,5162,8350,2642,478,366,71669,3780,1110,2105,1085,1126,986,1908,2539,20355,5455,10946,6302,9417,3599,532,424,140509,6684,29,33,135,440,629,876,819,3345,611,1429,2556,2161,4317,5390,37333,4489,10413,21548,11464,17767,6241,1010,790,27205,1042,1246,667,1734,1914,2759,326,3010,5166,2437,853,1709,1555,966,1821,42574,51370,34614,"South Antelope Valley CCD, Los Angeles County, California",3080,3535,2498,729,1204,255,3069,3054,3032,1007,3080,3237,2502,2395,362,1199,207,531,667,210,640,3530,2529,513,625,121,160,2955,3024,3027,703,2383,2382,2285,497,124,1694,1714,1654,427,103,1383,1378,1344,270,54,2383,2276,2278,972,787,498,255,195,147,272,207,48,139,33,43,72,101,24,226,435,783,2322,291,505,765,1125,915,362,710,214,413,790,1044,829,2604,1793,433,352,362,275,340,312,492,395,1274,628,732,554,782,415,131,139,1388,502,251,421,254,266,253,341,371,973,495,765,699,714,484,131,161,2604,734,31,37,87,194,258,300,351,535,211,390,458,408,595,551,1694,556,809,1094,975,1165,713,194,236,1621,251,231,233,321,367,399,136,407,662,545,227,343,305,225,360,1228,1417,1344
"G060037093100","2019-2023","CA",,,"California","06","Los Angeles County","037","South Bay Cities CCD","93100",,,,,,,,,,,,,,".",".",,,,,,,,,,,,"0600000US0603793100",,,"0603793100","South Bay Cities CCD, Los Angeles County, California",140509,92490,2497,412,20686,169,4000,20255,8974,11281,140509,122746,87531,2448,217,20501,169,569,11311,1633,9678,17763,4959,49,195,185,0,3431,8944,7341,1603,72225,71982,69846,2136,243,39709,39474,37934,1540,235,32516,32508,31912,596,8,72225,47040,44168,2872,2195,382,150,94,51,499,330,28,70,71,0,115,99,567,1927,938,21040,51185,922,4904,6826,9040,6217,3305,5183,1596,2002,5035,5166,989,101744,50972,387,13,57,116,8,99,54,367,4174,1617,5768,2511,20945,9833,3291,1732,50772,370,36,25,71,74,74,93,493,4273,1863,4341,3304,21670,10382,2701,1002,101744,757,0,0,9,13,14,13,6,76,92,95,82,173,147,860,7476,971,3480,10109,5815,42615,20215,5992,2734,77501,3906,3691,2105,3510,10288,8655,910,4976,15509,2977,3402,3431,5444,5372,3325,94669,112991,79662,"South Bay Cities CCD, Los Angeles County, California",37,1908,684,195,1552,201,620,1660,1252,1215,37,1600,1921,670,135,1542,201,245,1303,592,1124,1601,896,47,108,132,32,585,1146,1032,474,1639,1649,1690,358,126,1085,1070,1109,311,122,1271,1270,1295,184,12,1639,1486,1489,505,485,153,131,78,52,163,114,33,79,85,32,85,63,219,519,252,1187,1632,266,690,1000,849,702,549,598,298,343,617,591,241,1309,1072,149,20,50,126,13,73,47,164,620,281,676,369,1061,689,418,348,994,144,31,25,51,61,85,53,178,511,270,538,485,1203,875,360,204,1309,247,32,32,14,20,18,21,9,54,121,63,64,92,73,293,710,284,429,853,643,1724,1116,605,390,1866,509,487,421,468,878,930,241,652,911,462,481,509,596,641,504,2744,5636,4253
"G060037093155","2019-2023","CA",,,"California","06","Los Angeles County","037","South Gate-East Los Angeles CCD","93155",,,,,,,,,,,,,,".",".",,,,,,,,,,,,"0600000US0603793155",,,"0603793155","South Gate-East Los Angeles CCD, Los Angeles County, California",469415,107916,7039,9811,4665,401,204157,135426,128764,6662,469415,23084,9632,6299,532,4319,312,893,1097,198,899,446331,98284,740,9279,346,89,203264,134329,128566,5763,205779,205412,194557,10855,367,118579,118299,110755,7544,280,87200,87113,83802,3311,87,205779,171207,141963,29244,21952,5055,1490,658,89,11213,10341,628,32,212,0,719,419,1015,5098,3901,12207,193572,1404,8748,15691,23633,29951,11304,41741,5695,11163,18587,19855,5800,298846,147069,12163,6651,16949,7032,7745,3227,4689,9079,39833,6565,15021,5821,9793,1817,405,279,151777,12369,8574,17715,6805,7871,3112,4285,7046,37155,6937,16251,7632,12287,2975,401,362,298846,24532,80,526,1410,3545,5762,3902,5192,29472,3534,10303,15616,6339,8974,16125,70108,6880,13502,31272,13453,22080,4792,806,641,29898,974,1184,709,1691,4024,1889,336,2086,5215,2687,1301,1697,1386,1258,3461,32093,35173,28076,"South Gate-East Los Angeles CCD, Los Angeles County, California",4232,4960,1002,1508,764,194,6176,4737,4765,1041,4232,1813,1165,956,297,738,139,387,314,142,272,4815,4585,315,1444,190,116,6155,4726,4770,973,2857,2893,2836,818,159,2319,2332,2294,719,145,1845,1864,1807,324,58,2857,2728,2571,1380,1231,685,460,206,54,870,872,181,29,146,32,214,142,296,589,495,1007,3010,289,688,871,1461,1328,886,1479,556,886,1054,1197,561,2958,2039,947,572,1151,703,711,414,599,647,1308,796,973,531,777,316,117,119,1958,732,653,1051,555,581,409,479,605,1359,680,1024,658,837,410,115,298,2958,1414,37,189,326,447,486,492,559,1555,439,745,1029,591,752,917,1897,623,1130,1494,914,1190,525,166,326,1449,238,301,236,267,532,360,113,406,533,445,295,265,228,287,420,370,488,535
"G060037093200","2019-2023","CA",,,"California","06","Los Angeles County","037","Southwest San Gabriel Valley CCD","93200",,,,,,,,,,,,,,".",".",,,,,,,,,,,,"0600000US0603793200",,,"0603793200","Southwest San Gabriel Valley CCD, Los Angeles County, California",311749,45282,3955,3920,156846,688,68605,32453,24679,7774,311749,189013,22050,3470,640,155801,641,1308,5103,758,4345,122736,23232,485,3280,1045,47,67297,27350,23921,3429,148137,147830,140767,7063,307,78979,78770,73982,4788,209,69158,69060,66785,2275,98,148137,121903,105352,16551,11831,3032,1193,274,221,3601,3372,158,24,47,0,234,153,1165,2351,1379,17351,130786,1451,6870,15302,16777,18542,8954,24277,3651,6658,13722,10759,3823,233137,113178,7756,1324,3631,1043,3356,1078,1150,4096,27608,4923,12993,7645,26041,7052,2201,1281,119959,10267,1664,4844,1706,3261,1158,1256,4419,27485,5015,11997,9302,26016,8076,2047,1446,233137,18023,84,220,230,624,1111,719,1516,6959,851,1898,6617,2236,2406,8515,50572,4521,9938,24990,16947,52057,15128,4248,2727,78113,5184,5005,2558,3757,7541,7331,692,6470,16781,3492,3369,3363,4766,2640,5164,41454,44307,37226,"Southwest San Gabriel Valley CCD, Los Angeles County, California",1904,2361,801,794,2556,315,2718,2108,1926,1017,1904,2584,1585,724,277,2578,297,466,757,246,726,2258,1841,248,780,271,54,2663,2055,1935,739,2396,2416,2349,628,107,1968,1997,1926,531,89,1453,1459,1459,326,65,2396,2118,2059,1015,865,410,341,113,118,441,412,64,23,39,32,113,65,295,495,259,1026,2292,356,743,1036,1039,1139,648,1140,404,646,1024,762,467,2156,1988,687,281,574,202,454,241,255,446,1424,496,833,643,1295,590,302,200,1463,663,336,481,302,500,235,327,422,1145,504,829,659,1387,610,317,237,2156,1173,56,90,113,220,258,217,411,775,236,303,813,321,467,677,1682,536,730,1276,884,2203,892,494,322,2775,470,495,381,488,690,617,172,595,970,455,375,401,470,437,525,815,1174,1134
"G060037093380","2019-2023","CA",,,"California","06","Los Angeles County","037","Torrance CCD","93380",,,,,,,,,,,,,,".",".",,,,,,,,,,,,"0600000US0603793380",,,"0603793380","Torrance CCD, Los Angeles County, California",143499,52265,5004,612,55491,165,11257,18705,9741,8964,143499,115806,46247,4878,339,54817,165,612,8748,1465,7283,27693,6018,126,273,674,0,10645,9957,8276,1681,68734,68594,66193,2401,140,37769,37629,36189,1440,140,30965,30965,30004,961,0,68734,53178,48903,4275,3074,822,68,201,110,772,720,0,0,52,0,192,32,289,660,886,12725,56009,671,3293,8559,8737,8785,4490,7425,1501,2319,4729,4104,1396,105006,50309,614,65,213,49,215,221,253,788,8536,2345,6333,3929,16944,7002,1678,1124,54697,965,273,272,130,155,121,180,825,9390,2249,6357,4927,18956,7413,1794,690,105006,1579,21,34,91,24,94,74,69,416,41,138,370,342,433,1613,16325,1601,4594,12690,8856,35900,14415,3472,1814,58839,3922,2953,1814,2918,5481,8210,516,4831,11142,3074,3121,2743,3106,2234,2774,62835,72303,54421,"Torrance CCD, Los Angeles County, California",65,2299,1011,305,2486,99,1741,1844,1467,1016,65,2194,2194,995,266,2434,99,240,1102,521,970,2188,986,80,142,272,32,1752,1282,1239,457,1499,1518,1535,437,101,1026,1047,1011,342,101,1230,1230,1198,223,32,1499,1429,1419,629,544,310,63,114,86,307,299,32,32,84,32,116,36,151,188,304,994,1442,146,451,860,811,775,629,765,299,404,628,545,289,1374,873,218,79,141,37,98,111,147,244,801,391,642,455,870,733,303,213,1269,240,118,146,72,108,82,104,308,799,380,571,555,937,666,497,171,1374,377,29,41,85,26,53,83,64,241,36,69,160,136,193,401,1036,342,567,778,759,1369,1043,590,308,1921,496,411,368,456,538,655,165,637,736,445,587,360,410,376,465,3278,3958,3627
"G060037093510","2019-2023","CA",,,"California","06","Los Angeles County","037","Upper San Gabriel Valley CCD","93510",,,,,,,,,,,,,,".",".",,,,,,,,,,,,"0600000US0603793510",,,"0603793510","Upper San Gabriel Valley CCD, Los Angeles County, California",318458,74889,6394,4855,112330,898,66247,52845,42994,9851,318458,176306,47518,6234,1189,111631,863,1221,7650,963,6687,142152,27371,160,3666,699,35,65026,45195,42031,3164,145789,145343,136333,9010,446,77902,77632,71494,6138,270,67887,67711,64839,2872,176,145789,117401,101208,16193,11912,2686,809,650,136,4518,3213,710,313,282,0,446,164,660,2244,1581,18775,127014,1708,8651,13783,17522,17693,7397,23263,3158,6895,12504,10507,3933,225283,108620,5915,1702,4216,2004,2594,1169,1227,4244,24070,4935,13420,6533,22964,8718,2864,2045,116663,6627,2084,4549,2198,2714,915,1449,3188,25759,5033,13277,8470,25971,10972,2040,1417,225283,12542,108,37,214,852,1839,736,1297,7468,1083,3119,5308,2084,2676,7432,45960,3869,9968,26697,15003,48935,19690,4904,3462,81908,5113,5074,2847,4012,7593,7464,880,7799,18363,4419,3870,3418,4589,2634,3833,41397,45772,36972,"Upper San Gabriel Valley CCD, Los Angeles County, California",1636,3034,974,1242,2962,430,3169,3183,3080,1264,1636,3092,2079,981,513,2943,433,315,1071,319,1056,3191,2460,93,1119,305,42,3154,2923,3005,595,2141,2160,2254,776,161,1677,1694,1758,671,117,1576,1579,1548,396,119,2141,2242,2024,1120,874,494,222,236,70,680,580,288,131,105,32,132,74,215,347,314,1272,2116,358,640,848,1127,1072,800,1370,419,600,772,759,489,2318,1522,583,326,566,347,469,250,243,541,1061,663,843,571,1016,598,459,338,1831,575,328,434,404,411,172,260,349,1087,511,832,764,1162,748,336,256,2318,1013,61,32,90,260,376,204,262,771,269,545,735,298,369,704,1826,497,861,1282,960,1591,975,685,470,2060,473,630,456,462,638,615,239,903,1205,379,456,428,547,352,460,906,1408,1199
"G060037093730","2019-2023","CA",,,"California","06","Los Angeles County","037","Whittier CCD","93730",,,,,,,,,,,,,,".",".",,,,,,,,,,,,"0600000US0603793730",,,"0603793730","Whittier CCD, Los Angeles County, California",314817,98166,5210,6520,25725,787,122018,56391,47417,8974,314817,91373,52066,4689,824,25178,557,3029,5030,426,4604,223444,46100,521,5696,547,230,118989,51361,46991,4370,148268,148004,119970,28034,264,79634,79453,64067,15386,181,68634,68551,55903,12648,83,148268,125975,111685,14290,9255,2473,1514,694,354,2345,1805,190,220,60,70,212,366,529,1890,1529,15422,132846,1633,6712,12928,16601,18136,7895,21918,5398,6955,15764,13327,5579,215977,105420,3586,1200,2799,1478,1227,1173,1569,4053,30045,6449,16769,9115,17056,6501,1440,960,110557,4734,1495,3205,1408,1290,1130,2056,3256,28631,7398,16911,9823,19183,8127,1167,743,215977,8320,221,104,94,432,1170,674,860,5144,866,2020,2517,2303,3625,7309,53084,5592,13847,33680,18938,36239,14628,2607,1703,57948,2322,3226,1135,3579,4848,4852,469,5187,11335,4771,2572,3536,3096,2340,4680,45810,52581,38927,"Whittier CCD, Los Angeles County, California",3504,3814,1024,1252,1661,460,4364,3160,2812,969,3504,2579,2338,995,375,1647,409,921,627,162,604,4090,2854,244,1131,169,210,4302,2999,2796,729,2674,2665,2636,1139,116,1767,1771,1777,837,98,1738,1739,1679,867,57,2674,2367,2386,1302,819,480,595,217,206,516,475,129,109,54,58,101,157,272,259,383,1098,2605,335,698,982,1007,1194,569,1404,601,743,1094,950,663,2906,1923,504,288,453,299,277,285,257,536,1407,574,948,828,876,836,244,241,1840,545,326,585,285,266,236,428,435,1474,591,970,759,861,555,246,220,2906,730,125,57,63,181,210,271,327,780,226,358,395,381,516,782,2308,573,898,1464,1076,1315,943,389,338,1822,426,399,271,466,459,577,129,548,819,662,380,407,432,464,420,882,1305,1384
"G060039090480","2019-2023","CA",,,"California","06","Madera County","039","Chowchilla CCD","90480",,,,,,,,,,,,,,".",".",,,,,,,,,,,,"0600000US0603990480",,,"0603990480","Chowchilla CCD, Madera County, California",23692,10830,1179,303,1149,22,7153,3056,2094,962,23692,12079,8776,1168,86,1078,22,74,875,57,818,11613,2054,11,217,71,0,7079,2181,2037,144,7046,7030,4669,2361,16,3878,3862,2376,1486,16,3168,3168,2293,875,0,7046,6191,5107,1084,670,211,203,0,0,32,32,0,0,0,0,0,6,0,285,91,441,6605,552,1312,959,446,513,360,733,242,145,732,338,273,15795,7353,239,91,300,189,135,156,271,373,2000,565,1404,481,866,208,12,63,8442,207,28,118,165,196,263,600,295,2024,700,1674,803,1117,226,26,0,15795,446,0,0,7,6,82,24,41,377,22,332,331,419,871,668,3261,763,1265,3078,1284,1983,434,38,63,2571,170,151,25,71,299,207,19,279,579,164,58,200,170,32,147,28099,39014,20377,"Chowchilla CCD, Madera County, California",836,1155,136,181,308,18,1009,767,729,223,836,953,880,136,46,301,18,72,227,58,218,814,687,14,173,100,25,1006,735,731,78,609,608,569,419,22,464,465,386,284,22,361,361,352,246,25,609,607,686,314,258,142,204,25,25,38,38,25,25,25,25,25,10,25,241,102,168,610,278,375,239,180,159,177,215,139,86,256,183,98,748,610,104,94,110,124,76,65,120,149,312,158,280,149,231,106,16,52,591,112,37,51,88,104,105,168,121,323,221,473,233,269,117,31,25,748,169,25,25,30,10,92,21,31,135,22,183,130,132,226,186,429,213,258,493,263,321,152,37,52,383,135,94,36,51,154,111,36,175,236,84,45,98,104,36,94,2427,3895,2885
"G060039091830","2019-2023","CA",,,"California","06","Madera County","039","Madera CCD","91830",,,,,,,,,,,,,,".",".",,,,,,,,,,,,"0600000US0603991830",,,"0603991830","Madera CCD, Madera County, California",100243,33971,2546,2271,2495,141,37676,21143,17326,3817,100243,24032,16290,2363,383,2434,101,325,2136,285,1851,76211,17681,183,1888,61,40,37351,19007,17041,1966,38196,38063,25078,12985,133,21256,21146,13448,7698,110,16940,16917,11630,5287,23,38196,32873,28071,4802,2801,966,397,578,60,114,74,22,18,0,0,0,12,68,518,2004,2607,35589,1215,4600,4682,3772,3991,1877,6263,1192,1849,2790,1488,1870,59470,28479,2174,1403,2636,589,942,748,1042,1240,7524,1843,3330,1943,2130,734,100,101,30991,2177,1025,1779,840,1232,791,551,1252,6883,2670,4625,2545,3108,1121,249,143,59470,4351,7,88,475,458,864,536,264,4151,439,990,2174,1539,1593,2492,12036,2371,4513,7955,4488,5238,1855,349,244,8171,225,524,153,659,503,399,6,685,1597,899,331,913,168,225,884,32630,37432,27913,"Madera CCD, Madera County, California",1488,2391,608,897,473,76,2551,2385,2152,973,1488,1373,1295,560,213,458,50,182,466,166,444,1253,2017,152,867,57,43,2528,2308,2143,847,1344,1335,1199,1210,85,910,903,917,805,76,951,948,742,805,30,1344,1391,1514,783,494,363,256,317,69,82,70,37,31,32,32,32,20,112,195,464,511,1329,291,681,612,568,607,323,798,506,559,462,429,441,1037,704,410,320,483,227,282,216,329,292,661,385,593,391,374,209,53,84,727,410,265,375,225,346,254,221,304,686,454,647,428,401,325,119,176,1037,690,12,61,225,213,238,225,135,602,184,309,542,336,432,453,919,489,653,815,607,623,396,128,204,905,125,209,96,202,200,168,11,202,344,210,131,294,88,172,296,1768,1932,1787
"G060039091840","2019-2023","CA",,,"California","06","Madera County","039","Madera Southeast CCD","91840",,,,,,,,,,,,,,".",".",,,,,,,,,,,,"0600000US0603991840",,,"0603991840","Madera Southeast CCD, Madera County, California",7563,4210,71,19,87,0,1568,1608,1355,253,7563,4021,3616,71,19,87,0,0,228,37,191,3542,594,0,0,0,0,1568,1380,1318,62,2960,2960,1740,1220,0,1653,1653,966,687,0,1307,1307,774,533,0,2960,2350,2105,245,134,111,0,0,0,0,0,0,0,0,0,0,0,0,163,79,368,2592,201,52,240,644,394,191,460,85,68,98,55,104,4726,2337,111,62,207,42,67,23,14,56,494,153,443,39,371,180,67,8,2389,107,59,167,22,0,32,71,70,286,72,349,116,758,196,58,26,4726,218,0,0,23,20,0,78,2,372,9,55,67,55,85,126,693,87,225,792,155,1129,376,125,34,1699,13,227,2,61,94,80,15,136,408,230,36,142,48,79,128,49527,53233,49116,"Madera Southeast CCD, Madera County, California",916,798,72,21,73,19,826,593,577,151,916,661,645,72,21,73,19,19,148,65,137,727,402,19,19,19,19,826,573,575,92,421,421,371,286,19,255,255,235,201,19,280,280,234,165,19,421,363,379,145,123,92,19,19,19,19,19,19,19,19,19,19,19,19,108,84,175,390,122,47,107,209,186,128,178,88,72,77,50,92,554,315,106,76,163,32,66,29,17,62,170,78,163,34,115,93,54,9,324,71,51,125,39,19,35,74,61,131,52,143,81,225,101,51,31,554,143,19,19,37,29,19,89,6,271,34,39,66,47,75,86,199,69,92,243,84,277,126,74,32,316,16,116,4,62,76,61,22,72,211,144,35,86,33,62,89,10307,18856,14266
"G060039091850","2019-2023","CA",,,"California","06","Madera County","039","Madera West CCD","91850",,,,,,,,,,,,,,".",".",,,,,,,,,,,,"0600000US0603991850",,,"0603991850","Madera West CCD, Madera County, California",905,457,0,12,10,0,411,15,0,15,905,415,400,0,0,0,0,0,15,0,15,490,57,0,12,10,0,411,0,0,0,253,253,123,130,0,177,177,101,76,0,76,76,22,54,0,253,181,147,34,34,0,0,0,0,0,0,0,0,0,0,0,8,0,55,0,9,244,29,77,34,4,27,12,34,0,7,16,4,0,589,341,5,17,50,0,0,5,69,21,78,0,71,1,20,4,0,0,248,27,0,14,14,13,14,0,31,36,46,16,23,2,12,0,0,589,32,0,0,4,0,13,0,0,64,14,0,13,19,69,52,109,5,46,87,24,22,16,0,0,49,0,10,0,0,13,0,0,0,8,0,0,8,0,0,10,41200,41500,-666666666,"Madera West CCD, Madera County, California",298,174,14,19,19,14,237,23,14,23,298,170,167,14,14,14,14,14,23,14,23,241,61,14,19,19,14,237,14,14,14,116,116,70,83,14,83,83,63,59,14,52,52,17,42,14,116,108,91,43,43,14,14,14,14,14,14,14,14,14,14,14,19,14,38,14,9,115,31,52,39,6,30,17,31,14,12,27,6,14,196,130,9,21,41,14,14,8,67,28,58,14,54,3,18,9,14,14,87,28,14,21,23,15,17,14,33,27,34,17,27,4,15,14,14,196,30,14,14,6,14,20,14,14,54,23,14,15,19,67,42,59,9,34,63,28,20,21,14,14,46,14,13,14,14,16,14,14,14,11,14,14,13,14,14,11,8778,7400,-222222222
"G060039092220","2019-2023","CA",,,"California","06","Madera County","039","Oakhurst-North Fork CCD","92220",,,,,,,,,,,,,,".",".",,,,,,,,,,,,"0600000US0603992220",,,"0603992220","Oakhurst-North Fork CCD, Madera County, California",11718,9699,77,289,70,17,356,1210,641,569,11718,10312,9294,28,244,70,17,26,633,169,464,1406,405,49,45,0,0,330,577,472,105,4596,4596,3528,1068,0,2149,2149,1549,600,0,2447,2447,1979,468,0,4596,3537,3277,260,215,32,0,13,0,0,0,0,0,0,0,0,11,0,108,129,811,3785,341,509,824,334,549,137,418,41,88,216,227,101,9147,4497,124,0,0,19,55,79,125,118,881,503,959,432,625,324,232,21,4650,88,0,37,0,6,34,98,0,1260,454,865,506,858,208,201,35,9147,212,0,0,0,0,0,0,0,37,19,0,61,113,223,118,1872,269,957,1824,938,1483,532,433,56,2645,131,254,80,115,226,128,0,126,301,292,123,379,140,220,130,32102,50517,23384,"Oakhurst-North Fork CCD, Madera County, California",687,712,87,122,51,23,193,352,259,216,687,624,656,42,121,51,23,36,259,147,197,329,230,79,35,21,21,191,238,205,82,565,565,543,300,21,336,336,299,197,21,366,366,381,159,21,565,487,508,135,111,42,21,25,21,21,21,21,21,21,21,21,14,21,86,99,253,513,154,144,285,120,215,72,215,32,72,122,118,89,578,369,68,21,21,21,73,58,106,81,201,206,235,177,147,160,125,26,354,53,21,38,21,10,51,73,21,258,173,243,175,216,100,92,36,578,87,21,21,21,21,21,21,21,38,21,21,73,79,137,81,327,142,290,341,260,284,197,152,49,466,95,110,75,74,109,81,21,63,114,107,67,191,85,127,90,2832,9206,6098
"G060039093802","2019-2023","CA",,,"California","06","Madera County","039","Yosemite Lakes CCD","93802",,,,,,,,,,,,,,".",".",,,,,,,,,,,,"0600000US0603993802",,,"0603993802","Yosemite Lakes CCD, Madera County, California",14669,10900,216,156,111,19,1019,2248,1350,898,14669,12096,10616,216,101,104,19,29,1011,254,757,2573,284,0,55,7,0,990,1237,1096,141,5290,5240,3239,2001,50,2784,2734,1496,1238,50,2506,2506,1743,763,0,5290,4165,3624,541,501,23,17,0,0,27,0,0,0,0,27,0,181,0,41,183,693,4597,164,141,329,328,258,64,887,125,595,1068,321,317,10572,5033,82,16,12,60,0,136,31,91,1337,294,1241,503,829,238,64,99,5539,161,11,8,66,8,35,49,47,1163,456,1342,653,960,445,93,42,10572,243,0,0,0,0,0,27,7,13,38,88,8,171,80,138,2083,417,750,2583,1156,1789,683,157,141,2942,106,297,213,157,210,119,8,292,604,260,68,238,112,82,176,41213,55991,32702,"Yosemite Lakes CCD, Madera County, California",1088,944,209,79,80,30,342,516,465,243,1088,1016,975,209,61,80,30,46,273,189,226,473,144,21,53,12,21,335,458,460,94,495,490,369,408,62,360,353,240,345,62,361,361,293,246,21,495,468,440,179,180,21,27,21,21,53,21,21,21,21,53,21,202,21,63,170,224,555,135,77,210,107,133,54,339,69,243,256,142,137,824,490,77,19,15,49,21,105,26,67,304,107,368,148,193,113,47,67,461,167,17,13,71,11,39,48,36,221,207,266,183,288,163,90,34,824,178,21,21,21,21,21,36,13,15,45,82,11,110,52,77,397,164,252,456,207,391,189,118,68,515,66,146,136,90,89,71,13,228,240,97,49,119,80,58,85,8349,9243,4271
"G060041090256","2019-2023","CA",,,"California","06","Marin County","041","Bolinas CCD","90256",,,,,,,,,,,,,,".",".",,,,,,,,,,,,"0600000US0604190256",,,"0604190256","Bolinas CCD, Marin County, California",2425,2106,30,0,28,0,49,212,117,95,2425,2218,2093,28,0,24,0,0,73,35,38,207,13,2,0,4,0,49,139,82,57,1110,1110,923,187,0,683,683,576,107,0,427,427,347,80,0,1110,627,602,25,0,21,0,0,4,1,1,0,0,0,0,0,0,0,107,16,359,751,108,72,200,34,73,11,26,49,0,75,78,25,2059,1128,0,8,0,0,4,0,0,0,183,24,102,67,378,221,65,76,931,0,0,0,0,0,0,9,0,173,11,112,42,289,174,65,56,2059,0,0,0,0,0,8,0,0,0,0,0,4,0,9,0,335,21,35,214,109,667,395,130,132,1425,24,213,48,150,180,49,0,115,162,53,77,192,137,11,14,66641,83875,40762,"Bolinas CCD, Marin County, California",335,330,40,14,32,14,40,100,87,70,335,331,324,39,14,32,14,14,50,42,31,93,29,4,14,8,14,40,85,77,56,295,295,299,71,14,223,223,228,49,14,149,149,146,54,14,295,190,184,41,14,37,14,14,17,4,4,14,14,14,14,14,14,14,103,19,147,222,91,55,160,25,61,15,21,32,14,50,60,27,323,257,14,12,14,14,12,14,14,14,123,23,58,56,111,102,52,62,183,14,14,14,14,14,14,13,14,100,13,78,38,139,83,37,33,323,14,14,14,14,14,12,14,14,14,14,14,12,14,13,14,143,32,34,101,57,175,129,69,70,238,22,99,21,83,99,45,14,55,70,34,50,87,58,14,16,34748,11543,5365
"G060041092200","2019-2023","CA",,,"California","06","Marin County","041","Northwest Marin CCD","92200",,,,,,,,,,,,,,".",".",,,,,,,,,,,,"0600000US0604192200",,,"0604192200","Northwest Marin CCD, Marin County, California",8524,7288,71,30,116,0,400,619,185,434,8524,7784,7131,71,2,113,0,49,418,34,384,740,157,0,28,3,0,351,201,151,50,4864,4864,3791,1073,0,2468,2468,1839,629,0,2396,2396,1952,444,0,4864,3197,2929,268,130,132,6,0,0,90,87,0,0,0,3,0,23,20,239,9,1286,3578,240,407,389,191,186,337,416,243,205,316,426,222,6867,3380,19,0,21,4,51,9,0,13,305,148,537,412,934,608,107,212,3487,38,0,24,37,2,0,4,38,249,59,467,222,1223,833,217,74,6867,57,0,0,0,0,0,0,16,29,34,7,53,9,4,51,482,72,207,1004,634,2157,1441,324,286,4699,142,476,223,547,698,110,25,186,515,220,355,357,670,73,102,54691,71055,44235,"Northwest Marin CCD, Marin County, California",765,694,93,44,92,19,285,239,140,196,765,730,678,93,4,91,19,41,199,43,189,309,80,19,44,5,19,277,140,133,53,567,567,490,233,19,379,379,349,164,19,346,346,320,120,19,567,452,420,117,74,94,6,19,19,77,77,19,19,19,5,19,35,16,124,7,292,462,121,176,166,93,87,134,140,131,110,128,142,107,623,386,24,19,27,7,79,16,19,13,124,92,179,155,255,183,48,84,424,53,19,36,54,3,19,6,54,106,30,148,113,221,289,68,50,623,60,19,19,19,19,19,19,27,37,53,12,79,16,6,56,154,66,100,235,188,324,355,89,91,558,69,147,116,239,164,74,28,82,165,97,113,132,266,48,66,8475,12971,8483
"G060041092205","2019-2023","CA",,,"California","06","Marin County","041","Novato CCD","92205",,,,,,,,,,,,,,".",".",,,,,,,,,,,,"0600000US0604192205",,,"0604192205","Novato CCD, Marin County, California",59994,38182,1987,452,4064,10,6579,8720,4439,4281,59994,44885,34862,1624,31,4000,10,526,3832,619,3213,15109,3320,363,421,64,0,6053,4888,3820,1068,27719,27617,22059,5558,102,15011,14909,11146,3763,102,12708,12708,10913,1795,0,27719,20350,18406,1944,1442,286,0,216,0,1096,734,0,44,26,292,27,29,201,546,310,5160,22559,445,2214,2946,2880,3166,1316,2859,1058,926,2558,1684,507,44211,22234,682,333,293,303,242,155,113,247,3567,1236,2985,1555,6580,2290,1005,648,21977,471,157,124,132,148,102,154,249,3021,1088,3339,1956,6762,2711,982,581,44211,1153,32,0,60,0,136,262,70,347,73,362,390,257,267,496,5744,844,2324,6324,3511,13342,5001,1987,1229,23150,1048,2037,932,1359,2278,1569,85,1580,4194,1670,1482,1548,1216,1239,913,61499,73279,52327,"Novato CCD, Marin County, California",814,1564,647,413,596,25,1456,1260,1045,815,814,1320,1402,514,27,605,25,267,596,282,558,1401,747,300,411,64,32,1465,1103,1002,554,1081,1084,1131,562,106,812,801,837,468,106,638,638,614,282,32,1081,1066,969,440,372,154,32,116,32,262,252,32,38,42,132,64,45,127,223,265,588,1121,183,459,393,534,504,393,493,380,245,493,281,202,843,645,232,296,147,289,151,177,79,155,472,277,469,307,541,378,243,219,674,198,182,121,147,120,87,67,145,443,244,504,327,510,364,207,176,843,331,51,32,99,32,155,312,45,200,125,300,200,207,101,220,660,261,379,679,512,739,587,323,277,1120,271,375,383,308,366,279,56,303,482,325,282,372,233,267,333,5327,7878,4832
"G060041092670","2019-2023","CA",,,"California","06","Marin County","041","Ross Valley CCD","92670",,,,,,,,,,,,,,".",".",,,,,,,,,,,,"0600000US0604192670",,,"0604192670","Ross Valley CCD, Marin County, California",59030,46094,1197,219,3036,168,2568,5748,2944,2804,59030,52951,44315,1111,47,2990,168,675,3645,1168,2477,6079,1779,86,172,46,0,1893,2103,1776,327,27821,27735,20760,6975,86,14957,14889,10350,4539,68,12864,12846,10410,2436,18,27821,15135,13708,1427,1316,86,7,18,0,1352,534,17,12,0,789,0,0,569,1044,159,9562,18259,666,1570,2088,2170,2149,893,2134,600,1085,2107,2347,450,42630,21512,64,41,147,93,146,64,221,159,1998,1044,2083,1264,7505,3452,2348,883,21118,126,0,14,51,44,40,20,124,1303,704,2057,1256,8759,4397,1451,772,42630,190,0,0,1,40,0,0,0,161,14,130,190,104,241,283,2523,778,1748,4140,2520,16264,7849,3799,1655,32577,1255,1748,787,1975,6321,1599,205,2556,4552,1490,2497,2197,2533,1891,971,85448,105080,68889,"Ross Valley CCD, Marin County, California",982,1371,376,131,596,147,570,739,653,449,982,1132,1337,359,35,593,147,360,531,385,409,792,488,91,121,47,32,481,494,474,161,1051,1048,1042,652,56,755,755,641,478,48,681,679,724,354,21,1051,855,840,278,274,71,12,20,32,248,168,20,20,32,202,32,32,185,271,113,738,863,232,228,419,380,371,241,308,223,256,437,422,142,837,630,38,70,88,63,130,44,101,73,369,236,411,257,520,349,318,229,618,104,32,21,68,47,52,33,94,237,181,338,277,507,459,266,221,837,108,32,32,4,70,32,32,32,97,19,93,152,68,106,135,391,181,303,564,407,781,560,455,274,1111,264,354,226,363,599,286,76,339,514,271,300,323,333,273,191,5809,11615,11758
"G060041092880","2019-2023","CA",,,"California","06","Marin County","041","San Rafael CCD","92880",,,,,,,,,,,,,,".",".",,,,,,,,,,,,"0600000US0604192880",,,"0604192880","San Rafael CCD, Marin County, California",72437,43878,1575,742,4416,173,13887,7766,5282,2484,72437,49766,40620,1572,77,4274,173,371,2679,795,1884,22671,3258,3,665,142,0,13516,5087,4487,600,35751,35694,28270,7424,57,18585,18528,14262,4266,57,17166,17166,14008,3158,0,35751,22581,18336,4245,3042,1090,43,55,15,2290,1845,31,18,0,396,4,38,334,1482,491,8531,27220,894,2417,4228,5065,2875,1186,3076,799,1140,2247,2600,693,52562,24720,1269,400,729,292,391,189,192,388,3784,1037,2507,1448,6766,3097,1488,743,27842,1100,366,517,217,268,113,159,580,3157,1000,3936,1461,8869,4119,1386,594,52562,2369,0,0,136,68,480,82,186,1060,161,348,659,302,351,968,5707,1234,2037,6443,2909,15635,7216,2874,1337,29402,1397,2068,758,1874,3573,1745,373,1885,4554,1727,2537,2302,1839,1682,1088,51977,59298,46981,"San Rafael CCD, Marin County, California",947,1661,574,391,646,164,1654,1277,1189,423,947,1487,1599,576,53,622,164,178,434,313,343,1318,795,9,373,136,32,1638,1140,1079,247,1199,1189,1167,761,67,804,790,793,532,67,985,985,1015,503,32,1199,1408,1211,846,583,482,50,53,35,528,508,41,29,32,128,9,37,203,410,239,885,1418,358,493,703,761,600,288,450,247,290,411,519,213,1106,820,417,242,218,156,192,104,120,162,558,274,487,300,640,475,265,183,876,252,151,188,105,142,91,129,187,518,238,613,319,718,518,261,158,1106,512,32,32,98,58,219,78,158,273,122,172,248,132,198,248,695,336,378,762,449,1022,760,409,262,1418,298,376,208,302,447,361,176,297,589,375,328,467,376,337,268,2501,3368,4150
"G060041093140","2019-2023","CA",,,"California","06","Marin County","041","Southeast Marin CCD","93140",,,,,,,,,,,,,,".",".",,,,,,,,,,,,"0600000US0604193140",,,"0604193140","Southeast Marin CCD, Marin County, California",56355,44719,1210,87,4381,66,1249,4643,2429,2214,56355,52033,43235,1138,32,4354,66,407,2801,815,1986,4322,1484,72,55,27,0,842,1842,1614,228,26450,26221,18619,7602,229,13424,13325,9028,4297,99,13026,12896,9591,3305,130,26450,14083,12437,1646,1190,255,118,75,8,1185,603,0,0,0,582,0,84,169,884,369,9676,16774,619,1623,2050,2457,1867,1122,1757,563,903,1711,1644,458,41624,19107,198,32,31,14,0,26,44,38,1319,612,1513,635,6919,4180,2719,827,22517,395,95,11,24,34,0,62,87,1419,599,2161,1151,8105,5325,2213,836,41624,593,22,0,0,0,105,0,0,42,0,38,34,26,106,125,2449,289,1211,3674,1786,15024,9505,4932,1663,34810,1361,2430,993,2244,6231,1895,254,2053,5221,1354,3060,2821,2219,1816,858,93943,119608,75216,"Southeast Marin CCD, Marin County, California",1298,1382,313,58,583,67,437,755,536,407,1298,1147,1250,317,48,574,67,265,521,307,403,786,564,68,44,44,32,371,462,438,139,961,963,975,621,102,639,632,658,467,66,754,767,697,364,107,961,872,760,371,318,110,78,57,16,266,168,32,32,32,182,32,72,102,187,148,872,848,183,324,384,435,360,267,272,213,184,325,315,163,1030,625,68,43,40,22,32,32,51,36,336,252,296,209,535,406,343,189,720,204,62,16,56,41,32,69,55,258,179,348,263,551,523,353,190,1030,229,28,32,32,32,89,32,32,43,32,63,41,32,88,73,380,115,337,540,363,815,661,539,284,1324,336,389,204,334,503,326,98,409,542,315,389,408,324,334,229,4352,7355,6844
"G060043090600","2019-2023","CA",,,"California","06","Mariposa County","043","Coulterville CCD","90600",,,,,,,,,,,,,,".",".",,,,,,,,,,,,"0600000US0604390600",,,"0604390600","Coulterville CCD, Mariposa County, California",2945,2243,0,41,13,7,345,296,121,175,2945,2287,2085,0,41,7,7,16,131,8,123,658,158,0,0,6,0,329,165,113,52,1259,1259,503,756,0,725,725,259,466,0,534,534,244,290,0,1259,1127,1010,117,101,16,0,0,0,0,0,0,0,0,0,0,0,0,7,0,125,1134,7,71,27,142,96,0,150,25,91,153,128,244,2330,1214,0,0,10,9,44,1,20,35,365,96,293,65,161,73,0,42,1116,19,0,0,34,0,8,2,82,258,172,275,88,145,7,14,12,2330,19,0,0,0,0,0,0,0,10,0,43,44,9,22,117,397,226,268,568,153,306,80,14,54,492,12,26,23,53,103,0,0,62,39,17,60,69,16,5,7,33953,47996,24179,"Coulterville CCD, Mariposa County, California",449,429,14,43,18,12,248,192,109,104,449,408,387,14,43,13,12,27,74,14,66,235,132,14,14,12,14,243,159,107,69,310,310,194,226,14,225,225,151,174,14,166,166,129,137,14,310,314,280,100,94,27,14,14,14,14,14,14,14,14,14,14,14,14,12,14,75,314,12,90,33,129,95,14,122,28,87,94,75,137,313,206,14,14,26,14,54,2,22,41,149,58,130,40,107,61,14,60,189,27,14,14,47,14,14,4,66,116,83,135,51,82,11,17,21,313,27,14,14,14,14,14,14,14,26,14,49,54,14,22,68,170,153,119,203,72,131,64,17,64,175,21,30,27,62,97,14,14,48,50,22,45,64,18,10,11,23705,20652,8129
"G060043091880","2019-2023","CA",,,"California","06","Mariposa County","043","Mariposa CCD","91880",,,,,,,,,,,,,,".",".",,,,,,,,,,,,"0600000US0604391880",,,"0604391880","Mariposa CCD, Mariposa County, California",11581,9690,99,228,168,0,369,1027,386,641,11581,10595,9413,99,203,168,0,142,570,78,492,986,277,0,25,0,0,227,457,308,149,4079,4079,3388,691,0,2018,2018,1746,272,0,2061,2061,1642,419,0,4079,3199,2631,568,418,140,10,0,0,54,48,0,6,0,0,0,9,26,74,69,648,3431,226,337,470,528,305,220,334,49,73,305,395,189,9025,4388,54,26,22,9,39,18,83,115,982,462,848,532,738,311,70,79,4637,11,9,7,35,114,88,78,49,915,546,680,449,993,523,66,74,9025,65,0,0,0,0,11,24,0,29,0,44,153,106,161,164,1629,268,1008,1528,981,1731,834,136,153,3181,195,451,92,125,286,225,72,196,306,407,185,210,153,74,204,50562,53881,42413,"Mariposa CCD, Mariposa County, California",464,455,87,88,85,21,207,230,180,166,464,506,470,87,87,85,21,168,141,88,126,239,133,21,34,21,21,118,181,150,102,380,380,343,194,21,239,239,241,114,21,246,246,231,122,21,380,382,382,205,183,105,19,21,21,64,64,21,12,21,21,21,12,47,64,56,196,379,108,134,171,171,104,112,126,60,60,115,118,98,343,236,50,30,38,16,48,24,55,73,233,152,206,227,185,152,56,58,228,16,17,11,50,128,65,61,50,205,174,184,126,201,158,48,71,343,56,21,21,21,21,15,39,21,39,21,53,141,70,81,88,325,110,222,323,247,276,244,74,110,446,113,177,72,79,112,118,67,94,121,155,87,118,84,47,106,7626,5875,9154
"G060043093804","2019-2023","CA",,,"California","06","Mariposa County","043","Yosemite Valley CCD","93804",,,,,,,,,,,,,,".",".",,,,,,,,,,,,"0600000US0604393804",,,"0604393804","Yosemite Valley CCD, Mariposa County, California",2534,1661,125,36,96,0,226,390,276,114,2534,1837,1532,117,29,96,0,0,63,0,63,697,129,8,7,0,0,226,327,276,51,1931,1919,1794,125,12,1215,1203,1156,47,12,716,716,638,78,0,1931,1054,700,354,102,21,16,27,188,98,98,0,0,0,0,0,0,111,412,0,256,1675,157,488,272,247,64,57,134,5,17,102,0,132,2037,1318,0,20,102,0,7,14,42,0,256,39,279,139,324,75,0,21,719,4,4,0,0,20,0,42,0,63,18,106,57,221,161,18,5,2037,4,0,0,0,4,20,0,20,82,0,0,27,14,84,0,307,12,57,385,196,545,236,18,26,955,0,78,43,0,142,7,53,147,108,85,20,35,74,47,116,35282,34079,36792,"Yosemite Valley CCD, Mariposa County, California",247,268,97,35,115,14,137,230,194,98,247,334,285,93,31,115,14,14,82,14,82,267,146,13,16,14,14,137,211,194,55,252,248,253,94,23,255,252,248,70,23,240,240,229,70,14,252,252,264,210,88,40,40,52,156,116,116,14,14,14,14,14,14,112,199,14,200,284,128,236,235,144,84,70,95,8,42,116,14,134,324,281,14,49,112,14,16,25,76,14,159,77,141,124,221,66,14,35,229,9,9,14,14,32,14,100,14,63,30,95,63,158,115,25,8,324,9,14,14,14,9,49,14,47,98,14,14,37,25,128,14,171,19,81,160,131,332,150,25,36,360,14,61,57,14,212,16,80,116,126,88,47,42,78,73,113,3966,4022,24052
"G060045090610","2019-2023","CA",,,"California","06","Mendocino County","045","Covelo CCD","90610",,,,,,,,,,,,,,".",".",,,,,,,,,,,,"0600000US0604590610",,,"0604590610","Covelo CCD, Mendocino County, California",2679,1284,6,767,7,0,264,351,178,173,2679,1882,920,6,767,7,0,9,173,0,173,797,364,0,0,0,0,255,178,178,0,759,759,752,7,0,510,510,503,7,0,249,249,249,0,0,759,587,541,46,43,3,0,0,0,0,0,0,0,0,0,0,0,0,56,0,116,643,76,253,160,46,13,0,0,19,0,0,44,32,1841,970,24,1,49,2,3,32,31,37,373,73,148,68,96,25,0,8,871,36,13,46,0,3,20,15,16,369,57,138,57,77,3,21,0,1841,60,0,0,13,0,1,0,0,95,0,2,6,52,46,53,652,90,130,286,125,173,28,21,8,230,8,88,12,8,20,40,10,0,0,0,3,38,0,0,3,24836,36042,12500,"Covelo CCD, Mendocino County, California",469,362,8,215,17,14,208,165,132,143,469,385,252,8,215,17,14,14,143,14,143,342,231,14,14,14,14,209,132,132,14,219,219,221,12,14,186,186,186,12,14,88,88,88,14,14,219,184,178,28,27,5,14,14,14,14,14,14,14,14,14,14,14,14,38,14,83,185,51,94,114,36,14,14,14,30,14,14,39,36,259,163,29,2,47,3,6,48,22,33,148,50,77,56,60,24,14,11,157,39,21,57,14,5,25,18,17,104,38,80,37,72,5,27,14,259,66,14,14,21,14,2,14,14,74,14,3,7,54,28,43,214,59,61,112,68,91,24,27,11,100,13,80,19,11,22,27,13,14,14,14,5,35,14,14,5,8596,16349,8661
"G060045091030","2019-2023","CA",,,"California","06","Mendocino County","045","Fort Bragg CCD","91030",,,,,,,,,,,,,,".",".",,,,,,,,,,,,"0600000US0604591030",,,"0604591030","Fort Bragg CCD, Mendocino County, California",11889,8705,50,350,204,0,637,1943,1407,536,11889,8819,7813,35,86,204,0,64,617,186,431,3070,892,15,264,0,0,573,1326,1221,105,4517,4480,4339,141,37,2386,2349,2267,82,37,2131,2131,2072,59,0,4517,3843,3307,536,366,59,27,84,0,9,0,0,0,9,0,0,0,32,272,36,325,4192,503,1047,978,582,339,100,173,0,0,238,217,15,8876,4366,208,4,184,104,3,32,215,139,1012,381,777,216,667,266,73,85,4510,156,61,75,27,59,67,41,27,998,571,781,381,912,256,79,19,8876,364,0,0,0,61,0,4,40,219,0,131,62,99,256,166,1689,321,952,1558,597,1579,522,152,104,2591,107,145,81,111,241,119,4,245,335,201,207,266,146,94,289,36153,38986,33210,"Fort Bragg CCD, Mendocino County, California",572,686,51,189,123,21,307,567,580,171,572,622,601,44,74,123,21,58,201,145,159,486,400,26,177,21,21,297,544,560,67,499,499,509,80,57,342,342,341,56,57,321,321,331,49,21,499,471,436,180,123,64,25,72,21,14,21,21,21,14,21,21,21,35,112,30,123,487,212,304,248,163,157,114,96,21,21,101,131,21,429,331,120,7,111,63,7,40,170,91,265,142,205,86,151,118,56,68,362,97,57,59,30,71,53,31,31,261,199,205,115,201,103,41,26,429,154,21,21,21,57,21,7,44,123,21,66,71,60,182,88,378,130,250,290,141,273,145,64,72,351,69,68,74,59,125,62,7,118,136,91,102,106,87,72,136,4464,6793,5620
"G060045091330","2019-2023","CA",,,"California","06","Mendocino County","045","Hopland CCD","91330",,,,,,,,,,,,,,".",".",,,,,,,,,,,,"0600000US0604591330",,,"0604591330","Hopland CCD, Mendocino County, California",2282,1319,0,93,5,23,386,456,341,115,2282,1368,1150,0,79,5,23,0,111,13,98,914,169,0,14,0,0,386,345,328,17,1016,1016,613,403,0,615,615,401,214,0,401,401,212,189,0,1016,862,755,107,101,6,0,0,0,0,0,0,0,0,0,0,12,0,67,5,70,946,32,126,51,55,143,89,146,11,6,109,147,31,1682,938,70,16,126,40,21,0,19,4,294,95,74,53,91,16,19,0,744,28,2,48,15,16,45,55,6,163,48,96,39,113,45,19,6,1682,98,0,0,16,0,2,0,15,159,0,55,37,45,74,10,373,84,143,170,92,204,61,38,6,325,9,56,0,8,53,0,0,29,24,25,20,28,31,4,38,41106,47555,33729,"Hopland CCD, Mendocino County, California",395,311,14,45,8,37,285,319,324,107,395,318,271,14,41,8,37,14,101,16,106,393,138,14,14,14,14,285,325,322,26,212,212,185,154,14,169,169,160,85,14,113,113,83,98,14,212,193,201,76,77,9,14,14,14,14,14,14,14,14,14,14,20,14,60,9,60,201,21,75,42,46,92,52,93,11,10,62,118,28,290,244,69,26,123,51,33,14,16,6,117,56,38,45,32,15,16,14,141,34,5,52,23,21,66,58,8,78,35,70,32,54,34,15,10,290,84,14,14,26,14,5,14,47,151,14,54,36,66,65,10,153,72,63,69,57,65,43,27,10,94,13,39,14,10,29,14,14,21,22,20,17,20,26,8,23,15921,13028,8666
"G060045091580","2019-2023","CA",,,"California","06","Mendocino County","045","Laytonville-Leggett CCD","91580",,,,,,,,,,,,,,".",".",,,,,,,,,,,,"0600000US0604591580",,,"0604591580","Laytonville-Leggett CCD, Mendocino County, California",3057,2140,54,157,65,12,230,399,142,257,3057,2755,2121,54,146,65,12,184,173,0,173,302,19,0,11,0,0,46,226,142,84,962,962,897,65,0,522,522,463,59,0,440,440,434,6,0,962,661,618,43,4,22,3,14,0,0,0,0,0,0,0,0,0,0,26,0,275,687,30,146,89,18,25,0,155,18,27,99,23,57,2361,1087,37,0,0,8,0,104,39,38,363,96,279,7,53,53,0,10,1274,0,0,0,0,2,109,25,4,310,243,228,173,113,57,10,0,2361,37,0,0,0,0,0,0,0,0,0,8,2,213,64,42,622,51,339,507,180,166,110,10,10,296,9,0,24,13,13,23,0,5,78,14,5,75,0,11,26,24935,24375,25329,"Laytonville-Leggett CCD, Mendocino County, California",413,381,66,81,56,19,272,210,158,144,413,418,388,66,81,56,19,259,106,14,106,189,27,14,18,14,14,51,185,158,92,195,195,197,49,14,140,140,139,47,14,145,145,145,9,14,195,187,189,33,10,23,5,25,14,14,14,14,14,14,14,14,14,14,26,14,126,182,25,85,85,25,32,14,107,19,36,92,28,66,375,263,54,14,14,13,14,125,42,42,161,78,113,12,70,55,14,16,235,14,14,14,14,4,145,27,5,119,141,135,137,73,40,16,14,375,54,14,14,14,14,14,14,14,14,14,13,4,264,52,43,204,49,153,191,137,101,76,16,16,124,16,14,38,17,19,26,14,8,68,16,23,66,14,16,30,6173,11585,13573
"G060045091938","2019-2023","CA",,,"California","06","Mendocino County","045","Mendocino CCD","91938",,,,,,,,,,,,,,".",".",,,,,,,,,,,,"0600000US0604591938",,,"0604591938","Mendocino CCD, Mendocino County, California",10514,8532,201,134,356,0,38,1253,811,442,10514,8985,7981,163,0,356,0,0,485,50,435,1529,551,38,134,0,0,38,768,761,7,3940,3847,3706,141,93,1988,1895,1803,92,93,1952,1952,1903,49,0,3940,2865,2492,373,314,35,0,0,24,1,1,0,0,0,0,0,0,19,252,4,799,3141,152,549,781,476,201,171,256,72,99,78,178,128,8484,4392,23,26,52,11,20,90,37,52,1071,382,714,218,905,346,346,99,4092,24,0,72,11,0,54,17,106,867,148,690,353,1032,590,118,10,8484,47,0,0,0,26,0,0,0,124,0,22,20,144,54,158,1703,235,530,1404,571,1937,936,464,109,3702,41,404,462,273,379,138,0,357,220,191,286,395,316,84,156,31523,42857,21154,"Mendocino CCD, Mendocino County, California",923,872,210,135,215,21,37,350,335,213,923,891,859,196,21,215,21,21,198,42,215,425,248,62,135,21,21,37,310,310,14,482,464,459,69,92,337,323,319,60,92,293,293,296,33,21,482,435,419,129,121,43,21,21,37,2,2,21,21,21,21,21,21,29,153,8,212,425,116,183,258,189,80,129,133,20,59,63,108,87,808,543,35,32,48,18,32,40,43,48,415,137,203,110,256,158,141,78,413,26,21,62,17,21,52,27,135,251,67,239,118,254,151,58,16,808,44,21,21,21,32,21,21,21,100,21,26,32,63,52,144,435,162,157,320,158,353,211,145,80,443,33,140,151,146,144,82,21,136,106,115,110,150,117,64,109,6587,8999,6060
"G060045092510","2019-2023","CA",,,"California","06","Mendocino County","045","Point Arena CCD","92510",,,,,,,,,,,,,,".",".",,,,,,,,,,,,"0600000US0604592510",,,"0604592510","Point Arena CCD, Mendocino County, California",4966,2971,5,245,29,0,402,1314,1029,285,4966,3396,2806,5,235,0,0,157,193,4,189,1570,165,0,10,29,0,245,1121,1025,96,2105,2105,1874,231,0,1060,1060,894,166,0,1045,1045,980,65,0,2105,1512,1335,177,98,79,0,0,0,0,0,0,0,0,0,0,0,0,283,9,301,1804,108,490,243,536,160,32,45,71,0,71,36,12,3623,1927,63,1,34,5,27,5,102,7,474,157,301,123,315,207,70,36,1696,4,20,5,23,39,10,18,5,248,90,302,301,401,147,53,30,3623,67,0,0,0,0,21,0,22,17,5,23,66,15,120,12,637,85,247,603,424,716,354,123,66,1299,13,110,82,78,210,116,4,33,123,57,97,236,103,24,13,44394,43981,45938,"Point Arena CCD, Mendocino County, California",725,554,11,105,40,14,256,722,707,181,725,499,536,11,105,14,14,114,173,10,172,718,110,14,12,40,14,228,705,706,58,370,370,346,131,14,237,237,224,117,14,217,217,211,50,14,370,336,307,113,57,102,14,14,14,14,14,14,14,14,14,14,14,14,203,15,120,382,68,226,100,217,91,40,38,94,14,58,29,11,450,302,93,4,32,8,34,9,110,11,239,74,102,78,148,105,72,32,258,7,26,7,31,39,12,20,6,123,67,110,149,122,99,49,37,450,93,14,14,14,14,26,14,30,14,8,31,71,15,110,13,265,79,113,161,161,170,154,87,49,249,22,74,88,61,105,101,6,41,98,62,62,114,72,27,15,12481,9709,26806
"G060045092592","2019-2023","CA",,,"California","06","Mendocino County","045","Redwood Valley-Potter Valley CCD","92592",,,,,,,,,,,,,,".",".",,,,,,,,,,,,"0600000US0604592592",,,"0604592592","Redwood Valley-Potter Valley CCD, Mendocino County, California",12808,8587,67,291,46,0,1507,2310,1933,377,12808,8696,7778,67,252,46,0,66,487,189,298,4112,809,0,39,0,0,1441,1823,1744,79,5047,5047,4164,883,0,2972,2972,2359,613,0,2075,2075,1805,270,0,5047,4228,3894,334,120,139,44,0,31,0,0,0,0,0,0,0,0,0,235,0,584,4463,255,644,912,601,536,78,365,25,78,142,233,594,9021,4526,242,30,76,145,112,53,86,124,1458,297,836,336,451,203,64,13,4495,171,0,75,75,38,59,85,47,942,294,1068,676,689,200,59,17,9021,413,0,0,0,0,30,0,0,151,53,167,150,112,171,171,2169,231,591,1904,1012,1140,403,123,30,1883,36,248,44,225,277,54,0,221,236,72,21,127,122,55,145,39773,42042,33962,"Redwood Valley-Potter Valley CCD, Mendocino County, California",1007,866,90,128,53,21,596,574,580,136,1007,828,825,90,117,53,21,101,179,146,115,828,389,21,45,21,21,618,571,570,74,653,653,617,315,21,534,534,470,248,21,359,359,361,195,21,653,574,551,188,91,133,68,21,82,21,21,21,21,21,21,21,21,21,219,21,241,667,148,219,362,230,268,56,170,34,67,101,122,318,685,511,156,48,74,144,98,71,70,91,384,140,237,147,169,93,59,21,433,135,21,84,62,57,58,71,38,265,96,266,252,164,118,52,18,685,247,21,21,21,21,48,21,21,143,83,112,106,95,102,109,498,112,165,390,296,248,138,82,28,338,28,113,44,127,124,43,21,102,120,39,31,81,70,53,94,4628,6827,11247
"G060045093490","2019-2023","CA",,,"California","06","Mendocino County","045","Ukiah CCD","93490",,,,,,,,,,,,,,".",".",,,,,,,,,,,,"0600000US0604593490",,,"0604593490","Ukiah CCD, Mendocino County, California",28041,17992,374,644,1067,46,3331,4587,3177,1410,28041,19208,15968,374,434,1067,46,121,1198,165,1033,8833,2024,0,210,0,0,3210,3389,3012,377,11701,11629,10867,762,72,5700,5653,5248,405,47,6001,5976,5619,357,25,11701,9371,8178,1193,779,253,2,22,137,105,105,0,0,0,0,0,0,47,838,114,1226,10475,503,2924,2558,1665,454,53,866,198,82,187,475,510,18984,8997,161,119,232,165,69,203,245,119,2859,638,1642,760,959,452,282,92,9987,211,418,325,47,104,170,194,113,2176,627,1727,1367,1475,757,214,62,18984,372,0,0,0,144,213,180,26,531,0,212,173,373,439,232,4425,610,1265,3369,2127,2434,1209,496,154,4538,129,521,172,497,497,94,28,443,470,137,526,339,203,108,374,37326,44293,33727,"Ukiah CCD, Mendocino County, California",1278,1194,215,249,247,43,909,997,939,418,1278,1159,1131,215,180,247,43,89,393,159,344,1100,649,25,150,25,25,895,917,926,221,812,807,846,256,85,603,595,610,174,76,580,575,584,176,31,812,807,734,409,282,199,4,28,206,165,165,25,25,25,25,25,25,50,244,112,286,831,182,490,444,338,173,49,247,110,65,98,197,260,846,698,95,114,173,90,74,132,155,82,551,249,404,197,219,178,147,73,460,126,246,180,57,86,117,130,77,357,163,376,314,294,231,105,63,846,172,25,25,25,136,147,185,37,270,25,100,108,178,234,125,635,210,321,577,338,394,307,167,97,660,78,197,95,254,213,46,34,199,166,98,186,173,120,65,149,4004,5023,4153
"G060045093740","2019-2023","CA",,,"California","06","Mendocino County","045","Willits CCD","93740",,,,,,,,,,,,,,".",".",,,,,,,,,,,,"0600000US0604593740",,,"0604593740","Willits CCD, Mendocino County, California",14473,10432,101,514,235,0,585,2606,1953,653,14473,11160,9813,45,466,235,0,49,552,18,534,3313,619,56,48,0,0,536,2054,1935,119,6349,6349,6113,236,0,3475,3475,3306,169,0,2874,2874,2807,67,0,6349,5412,4915,497,304,78,0,115,0,23,23,0,0,0,0,0,0,0,322,40,552,5797,424,825,1095,931,238,45,1270,224,159,404,58,124,10319,4933,96,0,49,63,13,83,118,177,1752,675,783,433,585,59,47,0,5386,45,0,79,9,23,204,138,41,1304,565,854,453,937,666,33,35,10319,141,0,0,0,0,0,0,69,59,1,71,36,287,256,218,2752,304,1240,1637,886,1522,725,80,35,2575,90,245,31,141,246,126,82,243,315,172,322,149,117,31,265,44642,45481,41750,"Willits CCD, Mendocino County, California",1076,1071,128,205,130,21,327,836,792,266,1076,1117,1043,81,200,130,21,46,211,29,210,849,288,94,48,21,21,305,819,793,161,724,724,696,111,21,462,462,454,99,21,416,416,412,45,21,724,659,662,234,198,76,21,117,21,35,35,21,21,21,21,21,21,21,181,50,245,709,227,260,309,342,150,46,494,205,132,217,50,81,898,498,110,21,76,94,20,94,87,112,395,280,243,178,187,51,45,21,536,51,21,96,4,29,209,130,56,386,218,218,144,278,321,30,37,898,123,21,21,21,21,21,21,93,80,2,93,35,230,150,123,582,144,402,309,234,360,323,61,37,500,59,115,36,101,126,77,78,148,157,80,262,103,82,35,154,4463,6752,9382
"G060047090150","2019-2023","CA",,,"California","06","Merced County","047","Atwater CCD","90150",,,,,,,,,,,,,,".",".",,,,,,,,,,,,"0600000US0604790150",,,"0604790150","Atwater CCD, Merced County, California",54200,20914,1973,717,2701,206,22009,5680,4063,1617,54200,21819,15676,1897,113,2595,204,158,1176,156,1020,32381,5238,76,604,106,2,21851,4504,3907,597,21083,21083,15425,5658,0,12120,12120,8128,3992,0,8963,8963,7297,1666,0,21083,18715,16292,2423,1413,437,425,105,43,56,26,30,0,0,0,0,27,26,260,912,1087,19996,522,2231,3453,2698,3020,1116,2732,348,604,1051,940,1281,33563,16807,874,524,1219,496,501,247,442,647,5381,1355,2346,1003,1248,341,139,44,16756,995,409,933,458,289,674,193,620,4121,1151,2686,1319,2002,736,146,24,33563,1869,12,75,154,251,266,175,341,1811,175,779,790,921,635,1267,8405,1097,2506,5032,2322,3250,1077,285,68,4994,230,467,121,364,373,148,15,532,705,631,193,438,161,186,430,38491,45210,30305,"Atwater CCD, Merced County, California",1522,1155,433,283,614,186,1970,893,883,398,1522,1342,1022,427,54,617,186,112,306,100,319,1764,949,61,281,90,8,1982,848,849,255,1011,1011,941,585,32,639,639,644,524,32,666,666,573,327,32,1011,1006,895,434,357,180,236,94,60,42,23,32,32,32,32,32,25,28,123,272,252,1036,220,415,504,508,469,309,514,141,207,290,272,369,1070,630,277,180,315,191,203,117,128,195,513,292,349,256,241,123,63,35,714,356,134,243,179,113,233,106,191,558,230,422,277,360,139,78,24,1070,470,16,75,85,147,134,110,180,425,113,238,246,278,170,292,827,246,436,596,415,454,209,111,51,543,87,161,74,186,117,70,21,148,235,184,89,133,68,91,133,2449,1967,2193
"G060047090720","2019-2023","CA",,,"California","06","Merced County","047","Dos Palos CCD","90720",,,,,,,,,,,,,,".",".",,,,,,,,,,,,"0600000US0604790720",,,"0604790720","Dos Palos CCD, Merced County, California",9867,3702,246,125,253,0,3844,1697,656,1041,9867,2717,1671,246,2,253,0,0,545,41,504,7150,2031,0,123,0,0,3844,1152,615,537,3110,3110,2270,840,0,1616,1616,1122,494,0,1494,1494,1148,346,0,3110,2620,2200,420,299,25,51,35,10,14,14,0,0,0,0,0,0,0,172,17,287,2823,208,569,163,333,524,19,407,0,58,184,88,270,6247,3025,126,146,298,94,135,15,139,97,1132,123,315,116,233,56,0,0,3222,160,159,152,33,153,99,56,37,1078,178,435,301,311,20,50,0,6247,286,0,0,0,37,152,116,80,370,0,127,288,114,195,134,2004,206,301,750,417,544,76,50,0,693,52,199,1,49,83,24,16,0,22,54,37,26,66,41,23,33646,44067,23512,"Dos Palos CCD, Merced County, California",618,826,178,138,186,19,865,557,300,522,618,492,396,178,7,186,19,19,225,52,219,657,747,19,138,19,19,865,436,289,383,462,462,381,232,19,329,329,253,178,19,313,313,303,134,19,462,388,396,189,192,39,52,46,14,24,24,19,19,19,19,19,19,19,102,27,146,430,121,264,109,175,217,32,159,19,60,137,64,142,455,307,86,99,160,93,153,17,101,85,230,99,150,74,144,53,19,19,327,93,93,97,49,134,77,52,45,288,81,200,189,149,31,45,19,455,150,19,19,19,52,117,81,54,217,19,131,268,79,110,92,404,122,127,242,196,223,68,45,19,251,73,163,3,53,72,27,25,19,25,46,41,36,73,47,35,7842,6658,1935
"G060047091210","2019-2023","CA",,,"California","06","Merced County","047","Gustine CCD","91210",,,,,,,,,,,,,,".",".",,,,,,,,,,,,"0600000US0604791210",,,"0604791210","Gustine CCD, Merced County, California",8031,4078,23,227,171,0,2811,721,657,64,8031,3136,2890,23,0,107,0,0,116,88,28,4895,1188,0,227,64,0,2811,605,569,36,2415,2415,1331,1084,0,1619,1619,855,764,0,796,796,476,320,0,2415,2222,1920,302,302,0,0,0,0,0,0,0,0,0,0,0,0,0,141,0,52,2363,164,840,188,120,43,32,114,32,0,71,425,334,5252,2703,101,0,151,314,47,28,0,224,820,141,432,180,174,91,0,0,2549,98,46,128,37,14,197,0,53,733,211,587,173,253,19,0,0,5252,199,0,0,0,0,0,46,71,208,79,272,61,225,0,277,1334,219,352,1019,353,427,110,0,0,537,19,118,18,20,0,0,0,0,89,199,0,31,21,0,22,36613,50561,19740,"Gustine CCD, Merced County, California",739,953,32,281,148,19,846,454,438,81,739,807,780,32,19,125,19,19,106,97,38,666,714,19,281,98,19,846,442,431,68,547,547,378,373,19,449,449,306,338,19,267,267,184,200,19,547,551,539,189,189,19,19,19,19,19,19,19,19,19,19,19,19,19,92,19,50,543,99,429,127,114,57,42,139,50,19,86,270,172,556,406,101,19,156,257,70,55,19,215,304,89,243,144,95,71,19,19,323,75,67,138,41,23,257,19,52,289,175,269,121,142,31,19,19,556,135,19,19,19,19,19,67,113,219,123,224,72,260,19,218,440,153,196,359,187,176,80,19,19,186,32,81,31,32,19,19,19,19,74,126,19,52,33,19,36,12062,9015,9342
"G060047091290","2019-2023","CA",,,"California","06","Merced County","047","Hilmar-Irwin CCD","91290",,,,,,,,,,,,,,".",".",,,,,,,,,,,,"0600000US0604791290",,,"0604791290","Hilmar-Irwin CCD, Merced County, California",10699,7372,0,6,30,11,2272,1008,843,165,10699,6834,6560,0,0,30,11,0,233,68,165,3865,812,0,6,0,0,2272,775,775,0,3967,3967,1736,2231,0,2224,2224,919,1305,0,1743,1743,817,926,0,3967,3387,3127,260,96,112,36,6,10,0,0,0,0,0,0,0,28,0,92,40,420,3547,142,585,302,513,550,114,718,106,132,244,70,71,6772,3219,250,69,236,96,162,69,74,94,898,242,483,332,158,0,56,0,3553,199,31,117,51,21,23,71,59,1343,243,654,239,360,135,7,0,6772,449,0,0,0,0,6,94,32,321,6,141,183,92,145,153,2093,148,485,1137,571,518,135,63,0,792,54,101,0,53,38,0,0,53,207,55,22,53,104,0,52,52441,57100,44559,"Hilmar-Irwin CCD, Merced County, California",1043,823,21,13,23,24,733,577,573,109,1043,713,725,21,21,23,24,21,167,122,109,929,445,21,13,21,21,733,565,565,21,497,497,325,432,21,400,400,257,363,21,287,287,207,226,21,497,459,463,154,78,80,84,9,15,21,21,21,21,21,21,21,37,21,94,38,168,488,110,165,137,220,173,83,326,92,93,150,67,57,814,454,147,50,142,66,100,50,71,86,194,152,192,306,110,21,51,21,418,113,32,113,46,21,32,70,47,309,123,244,101,154,85,12,21,814,229,21,21,21,21,11,71,32,173,9,107,100,56,94,118,337,88,222,307,323,211,85,53,21,288,63,75,21,47,48,21,21,45,106,79,30,53,81,21,57,4883,12392,11901
"G060047091670","2019-2023","CA",,,"California","06","Merced County","047","Livingston-Delhi CCD","91670",,,,,,,,,,,,,,".",".",,,,,,,,,,,,"0600000US0604791670",,,"0604791670","Livingston-Delhi CCD, Merced County, California",32622,8843,42,434,3778,129,16016,3380,2841,539,32622,9442,5092,34,47,3681,100,127,361,33,328,23180,3751,8,387,97,29,15889,3019,2808,211,13593,13583,7731,5852,10,8128,8118,4541,3577,10,5465,5465,3190,2275,0,13593,12054,11016,1038,813,165,29,20,11,23,23,0,0,0,0,0,6,71,390,433,616,12977,418,1858,1738,1928,1786,625,2015,392,298,910,511,498,19616,9794,1180,375,780,370,463,370,231,477,2744,471,900,503,724,175,28,3,9822,826,389,843,529,271,136,83,382,2495,562,1016,754,1196,276,64,0,19616,2006,0,4,170,157,324,109,201,1422,189,710,734,506,314,859,4421,818,1033,1916,1257,1920,451,92,3,2590,129,174,99,109,204,78,30,372,470,320,124,133,165,11,172,34871,42007,26513,"Livingston-Delhi CCD, Merced County, California",1201,1409,44,288,704,191,1444,730,682,299,1201,1109,857,41,47,695,158,86,200,28,194,1254,1219,13,281,191,38,1433,691,685,204,1040,1035,827,632,20,741,739,616,468,20,588,588,484,321,29,1040,957,866,288,245,117,36,25,19,36,36,29,29,29,29,29,8,109,194,175,256,993,164,368,408,329,358,231,405,188,137,236,201,153,883,653,251,166,261,158,175,178,134,229,424,148,217,160,196,92,43,8,505,223,169,243,149,143,67,52,155,459,138,243,217,294,116,61,29,883,339,29,6,106,84,148,62,122,353,119,180,231,178,147,288,676,230,229,351,298,381,149,100,8,436,93,87,86,77,106,52,37,155,182,162,91,78,143,11,84,1510,2488,3892
"G060047091760","2019-2023","CA",,,"California","06","Merced County","047","Los Banos CCD","91760",,,,,,,,,,,,,,".",".",,,,,,,,,,,,"0600000US0604791760",,,"0604791760","Los Banos CCD, Merced County, California",50654,19574,872,1762,1229,8,20932,6277,4711,1566,50654,13805,10156,799,147,1223,8,132,1340,197,1143,36849,9418,73,1615,6,0,20800,4937,4514,423,18084,17919,9452,8467,165,10999,10834,4562,6272,165,7085,7085,4890,2195,0,18084,16497,13601,2896,1374,1187,170,151,14,79,57,22,0,0,0,0,0,26,358,0,1124,16960,837,2469,1940,1034,859,150,333,214,289,1316,2705,4814,29795,15645,887,584,1076,514,208,373,364,822,5489,631,2172,575,1403,356,166,25,14150,720,274,666,533,468,450,266,410,4527,1160,1905,860,1342,482,48,39,29795,1607,19,29,34,153,430,193,329,1413,246,801,676,823,630,1232,8754,1262,1791,4077,1435,2745,838,214,64,3927,138,350,88,148,345,371,112,456,829,442,49,247,135,22,195,38158,47477,29021,"Los Banos CCD, Merced County, California",681,2094,425,798,381,15,2122,1177,1082,454,681,1535,1470,417,82,384,15,96,450,195,401,1407,1829,110,781,10,32,2113,1127,1072,211,1047,1061,952,867,112,717,726,676,706,112,647,647,653,420,32,1047,1006,1018,671,376,533,117,122,24,71,65,31,32,32,32,32,32,44,213,32,392,1002,344,485,356,305,255,129,138,112,162,360,507,672,1049,799,288,246,351,231,120,167,154,229,647,197,460,194,346,159,116,42,650,220,160,240,202,288,225,125,195,606,370,386,258,273,216,54,48,1049,435,31,31,53,105,240,155,188,442,148,286,309,299,218,326,966,439,432,639,312,500,308,130,87,573,101,192,123,90,152,184,110,209,304,205,40,160,91,24,111,2745,3260,2928
"G060047091960","2019-2023","CA",,,"California","06","Merced County","047","Merced CCD","91960",,,,,,,,,,,,,,".",".",,,,,,,,,,,,"0600000US0604791960",,,"0604791960","Merced CCD, Merced County, California",110995,35806,5057,779,12033,533,42018,14769,10556,4213,110995,47490,26147,4737,349,11891,381,551,3434,409,3025,63505,9659,320,430,142,152,41467,11335,10147,1188,42003,41916,33307,8609,87,24135,24079,17413,6666,56,17868,17837,15894,1943,31,42003,34950,31917,3033,2128,512,201,168,24,281,281,0,0,0,0,0,31,203,1010,2327,3201,38802,1667,5853,8831,6100,3516,1610,3504,405,812,2064,2128,2312,64994,32129,1353,753,1680,475,990,484,775,1357,9136,2510,4330,2457,3997,1050,459,323,32865,1217,734,1578,403,1078,572,560,1103,8243,2474,5154,3670,3990,1510,231,348,64994,2570,5,14,189,368,556,355,312,2946,136,742,2068,1056,1335,2460,15316,2063,4984,9484,6127,7987,2560,690,671,12790,325,832,384,911,1512,613,214,859,1333,1428,935,1293,580,300,1271,35623,40224,28104,"Merced CCD, Merced County, California",1419,1862,688,307,919,277,2529,1646,1436,762,1419,1695,1402,655,175,920,206,383,670,221,619,1899,1572,196,200,87,145,2595,1485,1436,383,1265,1264,1394,824,64,912,913,957,706,54,861,857,841,333,36,1265,1383,1456,481,413,189,110,101,24,196,196,32,32,32,32,32,31,84,233,400,503,1311,301,618,843,744,634,361,556,147,262,386,401,380,1293,896,279,243,313,177,271,179,199,410,830,424,554,381,489,220,176,113,859,221,231,316,125,419,231,191,407,656,437,675,584,533,320,116,136,1293,387,8,21,152,201,223,135,157,497,80,218,555,290,291,564,1046,305,592,928,744,852,409,194,188,989,140,260,147,247,297,187,128,204,306,292,213,248,189,108,321,1141,2126,2008
"G060047092500","2019-2023","CA",,,"California","06","Merced County","047","Planada-Le Grand CCD","92500",,,,,,,,,,,,,,".",".",,,,,,,,,,,,"0600000US0604792500",,,"0604792500","Planada-Le Grand CCD, Merced County, California",7618,2138,37,68,193,0,3694,1488,1370,118,7618,993,729,37,0,193,0,20,14,0,14,6625,1409,0,68,0,0,3674,1474,1370,104,2707,2707,1999,708,0,1618,1618,1147,471,0,1089,1089,852,237,0,2707,2491,2108,383,204,54,4,121,0,17,17,0,0,0,0,0,3,2,99,65,30,2677,90,359,364,488,305,119,300,35,34,110,157,316,4682,2395,325,181,220,106,62,2,19,84,543,264,251,75,156,107,0,0,2287,234,173,284,113,99,11,106,53,358,210,199,251,182,9,0,5,4682,559,0,19,0,47,200,88,112,392,69,150,161,13,125,137,812,89,474,450,326,338,116,0,5,463,19,43,0,56,15,5,0,17,108,52,36,86,0,0,26,34675,39054,26853,"Planada-Le Grand CCD, Merced County, California",1295,546,43,79,226,19,669,1160,1152,127,1295,203,147,43,19,226,19,21,18,19,18,1297,536,19,79,19,19,669,1159,1152,126,408,408,299,264,19,315,315,283,168,19,162,162,140,128,19,408,407,346,152,102,48,7,119,19,29,29,19,19,19,19,19,4,4,64,54,28,409,37,159,135,165,97,64,106,29,32,66,80,186,626,372,115,86,109,61,60,3,24,51,135,125,131,39,74,117,19,19,289,90,66,139,63,62,17,110,58,133,96,109,92,68,8,19,7,626,156,19,33,19,40,90,49,67,184,50,78,108,18,115,86,208,31,181,225,96,121,118,19,7,160,18,28,19,62,14,9,19,15,54,38,33,115,19,19,26,3413,4632,4223
"G060047093050","2019-2023","CA",,,"California","06","Merced County","047","Snelling CCD","93050",,,,,,,,,,,,,,".",".",,,,,,,,,,,,"0600000US0604793050",,,"0604793050","Snelling CCD, Merced County, California",911,425,0,2,3,0,434,47,25,22,911,400,373,0,2,3,0,0,22,0,22,511,52,0,0,0,0,434,25,25,0,348,348,279,69,0,251,251,221,30,0,97,97,58,39,0,348,237,206,31,26,0,0,5,0,0,0,0,0,0,0,0,5,0,104,0,2,346,51,60,36,10,67,37,43,0,0,2,36,4,565,319,17,0,52,0,22,19,12,11,80,17,37,16,24,12,0,0,246,19,4,22,2,20,8,2,12,66,21,40,17,7,3,3,0,565,36,0,0,0,4,0,0,10,64,2,0,42,27,14,23,139,7,38,77,33,31,15,3,0,49,0,20,0,3,6,2,0,1,5,0,0,3,0,0,9,39836,42315,33603,"Snelling CCD, Merced County, California",293,154,14,4,5,14,225,35,31,24,293,142,141,14,4,5,14,14,24,14,24,243,60,14,14,14,14,225,31,31,14,115,115,104,39,14,89,89,83,19,14,44,44,35,30,14,115,81,77,21,19,14,14,7,14,14,14,14,14,14,14,14,9,14,65,14,4,116,36,32,26,12,52,30,28,14,14,4,34,7,151,90,19,14,49,14,22,20,17,13,35,14,23,19,15,14,14,14,75,15,6,19,4,23,13,3,14,43,15,25,20,10,5,4,14,151,33,14,14,14,6,14,14,15,54,4,14,41,31,17,26,58,8,18,36,25,22,15,4,14,27,14,16,14,5,7,5,14,3,6,14,14,4,14,14,14,3369,3867,4298
"G060049090010","2019-2023","CA",,,"California","06","Modoc County","049","Adin-Lookout CCD","90010",,,,,,,,,,,,,,".",".",,,,,,,,,,,,"0600000US0604990010",,,"0604990010","Adin-Lookout CCD, Modoc County, California",517,457,0,1,3,0,6,50,0,50,517,495,441,0,1,3,0,0,50,0,50,22,16,0,0,0,0,6,0,0,0,234,234,96,138,0,130,130,39,91,0,104,104,57,47,0,234,194,167,27,17,0,8,0,2,0,0,0,0,0,0,0,0,0,9,0,31,203,14,20,32,10,0,3,56,11,0,25,15,17,442,289,0,0,0,0,0,39,0,0,98,26,35,16,42,33,0,0,153,0,0,0,7,0,0,10,0,12,29,26,59,10,0,0,0,442,0,0,0,0,0,0,0,0,0,0,7,0,39,10,0,80,30,55,61,75,52,33,0,0,85,7,36,0,0,5,0,0,3,6,0,2,23,0,3,0,30833,62353,-666666666,"Adin-Lookout CCD, Modoc County, California",175,164,14,3,11,14,12,54,14,54,175,168,160,14,3,11,14,14,54,14,54,30,25,14,14,14,14,12,14,14,14,128,128,73,99,14,97,97,36,85,14,62,62,45,40,14,128,111,87,48,26,14,38,14,7,14,14,14,14,14,14,14,14,14,15,14,44,117,22,18,61,8,14,17,46,16,14,25,20,26,157,131,14,14,14,14,14,58,14,14,85,29,27,18,42,51,14,14,58,14,14,14,15,14,14,16,14,16,24,27,39,14,14,14,14,157,14,14,14,14,14,14,14,14,14,14,15,14,58,16,14,78,30,37,38,51,45,51,14,14,72,8,37,14,14,10,14,14,17,8,14,8,50,14,5,14,29135,39363,-222222222
"G060049090040","2019-2023","CA",,,"California","06","Modoc County","049","Alturas CCD","90040",,,,,,,,,,,,,,".",".",,,,,,,,,,,,"0600000US0604990040",,,"0604990040","Alturas CCD, Modoc County, California",5637,4573,61,93,91,0,398,421,105,316,5637,4952,4384,61,78,91,0,69,269,17,252,685,189,0,15,0,0,329,152,88,64,1834,1732,1625,107,102,643,595,499,96,48,1191,1137,1126,11,54,1834,1544,1396,148,112,24,12,0,0,0,0,0,0,0,0,0,0,0,132,22,136,1698,439,456,223,158,92,35,119,18,15,81,39,23,4128,1929,82,28,55,40,48,17,102,31,557,201,317,126,240,33,27,25,2199,40,14,0,26,40,18,20,31,656,165,298,269,388,204,21,9,4128,122,0,0,0,28,0,14,0,55,6,60,88,35,122,62,1117,96,366,615,395,628,237,48,34,1020,8,173,0,21,57,4,21,32,276,78,80,148,15,16,91,35234,41667,28402,"Alturas CCD, Modoc County, California",345,388,48,93,230,19,230,153,100,113,345,341,376,48,92,230,19,103,108,64,73,179,144,19,18,19,19,157,102,73,76,262,277,270,71,63,138,147,128,71,40,198,202,206,19,47,262,238,226,85,82,25,19,19,19,19,19,19,19,19,19,19,19,19,102,26,74,264,170,150,86,104,59,31,72,28,24,103,44,30,308,202,235,35,67,35,48,23,68,47,161,101,146,71,130,36,35,30,240,43,26,19,39,41,30,21,48,276,100,106,111,147,222,25,15,308,240,19,19,19,35,19,26,19,67,11,56,57,35,69,66,369,61,148,172,138,203,230,44,33,350,16,91,19,27,51,7,25,31,149,51,56,227,19,25,57,7464,11200,10258
"G060049092105","2019-2023","CA",,,"California","06","Modoc County","049","Newell CCD","92105",,,,,,,,,,,,,,".",".",,,,,,,,,,,,"0600000US0604992105",,,"0604992105","Newell CCD, Modoc County, California",1246,892,0,41,0,0,27,286,248,38,1246,726,644,0,41,0,0,0,41,7,34,520,248,0,0,0,0,27,245,241,4,498,299,146,153,199,351,201,117,84,150,147,98,29,69,49,498,446,413,33,33,0,0,0,0,0,0,0,0,0,0,0,0,0,42,0,10,488,50,105,39,51,0,0,38,3,25,143,0,34,815,449,0,0,0,0,0,21,0,44,102,75,36,6,159,6,0,0,366,0,17,0,0,0,13,0,0,98,31,129,39,22,17,0,0,815,0,0,0,0,0,17,0,0,0,0,0,0,34,0,44,188,12,106,165,45,181,23,0,0,219,0,151,0,9,0,4,0,22,11,14,0,0,0,0,8,40952,43274,-666666666,"Newell CCD, Modoc County, California",234,202,14,43,14,14,44,185,183,34,234,174,160,14,43,14,14,14,34,13,31,182,142,14,14,14,14,44,177,179,8,111,97,102,106,106,80,73,97,95,93,59,55,29,43,34,111,116,102,38,38,14,14,14,14,14,14,14,14,14,14,14,14,14,82,14,17,109,81,72,30,90,14,14,45,6,24,98,14,41,154,108,14,14,14,14,14,31,14,44,103,54,30,13,146,11,14,14,103,14,25,14,14,14,16,14,14,66,25,68,29,16,22,14,14,154,14,14,14,14,14,25,14,14,14,14,14,14,37,14,44,128,13,65,64,30,150,25,14,14,151,14,146,14,11,14,6,14,23,15,13,14,14,14,14,11,13508,16483,-222222222
"G060049093270","2019-2023","CA",,,"California","06","Modoc County","049","Surprise Valley CCD","93270",,,,,,,,,,,,,,".",".",,,,,,,,,,,,"0600000US0604993270",,,"0604993270","Surprise Valley CCD, Modoc County, California",1246,1052,11,77,9,0,58,39,25,14,1246,1152,1033,11,77,9,0,0,22,8,14,94,19,0,0,0,0,58,17,17,0,526,516,480,36,10,324,324,288,36,0,202,192,192,0,10,526,318,279,39,37,0,0,2,0,0,0,0,0,0,0,0,0,0,25,0,183,343,46,82,44,0,43,18,53,0,4,13,4,36,1053,602,0,0,0,0,6,4,5,1,94,193,87,93,93,26,0,0,451,0,5,0,0,0,0,12,0,155,67,70,16,77,39,10,0,1053,0,0,0,0,0,5,0,0,0,0,0,6,4,17,1,244,5,260,157,109,170,65,10,0,269,11,85,10,10,15,10,0,18,13,37,18,23,10,0,9,30888,-666666666,35288,"Surprise Valley CCD, Modoc County, California",250,243,11,63,11,14,86,61,37,61,250,244,246,11,63,11,14,14,58,13,61,91,24,14,14,14,14,86,25,25,14,179,175,171,44,16,140,140,136,44,14,79,75,75,14,16,179,111,104,45,44,14,14,8,14,14,14,14,14,14,14,14,14,14,30,14,124,110,35,50,41,14,61,11,56,14,5,19,6,44,209,174,14,14,14,14,9,6,5,3,64,138,53,70,65,20,14,14,104,14,6,14,14,14,14,17,14,65,34,49,17,52,27,16,14,209,14,14,14,14,14,6,14,14,14,14,14,9,6,18,3,98,7,144,72,75,91,32,16,14,107,17,65,14,16,14,10,14,13,22,52,18,24,16,14,12,8303,-222222222,9467
"G060051091865","2019-2023","CA",,,"California","06","Mono County","051","Mammoth Lakes CCD","91865",,,,,,,,,,,,,,".",".",,,,,,,,,,,,"0600000US0605191865",,,"0605191865","Mammoth Lakes CCD, Mono County, California",11746,8978,0,177,243,0,695,1653,929,724,11746,8766,7884,0,177,238,0,41,426,4,422,2980,1094,0,0,5,0,654,1227,925,302,6912,6912,6231,681,0,3917,3917,3533,384,0,2995,2995,2698,297,0,6912,5066,4672,394,275,11,88,20,0,67,20,47,0,0,0,0,28,67,384,145,1155,5757,813,1813,707,757,569,103,452,226,4,107,0,206,8760,4851,1,2,90,30,69,4,4,232,1082,449,1035,494,848,222,248,41,3909,9,0,110,0,16,0,98,135,333,459,712,302,817,422,317,179,8760,10,0,0,0,0,0,2,49,151,0,30,85,4,102,367,1256,159,908,1747,796,1665,644,565,220,3241,260,277,149,154,470,269,0,291,377,281,194,366,31,48,74,48650,49330,48155,"Mammoth Lakes CCD, Mono County, California",419,579,21,120,112,21,419,573,486,339,419,297,279,21,120,113,21,61,147,6,146,302,555,21,21,8,21,412,524,486,266,450,450,566,263,21,357,357,413,196,21,282,282,324,145,21,450,495,478,249,222,16,97,32,21,106,32,99,21,21,21,21,17,68,216,117,415,468,350,377,349,378,235,78,206,162,6,98,21,175,467,322,3,4,75,48,65,7,10,177,319,228,256,211,248,151,135,39,281,9,21,124,21,26,21,85,142,126,249,250,160,299,165,132,98,467,10,21,21,21,21,21,4,62,132,21,48,70,7,86,293,336,108,321,399,282,368,238,190,105,495,155,139,93,113,251,173,21,124,181,157,130,271,29,74,63,6614,11806,14949
"G060051092195","2019-2023","CA",,,"California","06","Mono County","051","North Mono CCD","92195",,,,,,,,,,,,,,".",".",,,,,,,,,,,,"0600000US0605192195",,,"0605192195","North Mono CCD, Mono County, California",1423,777,12,34,53,0,93,454,409,45,1423,890,747,12,33,53,0,0,45,0,45,533,30,0,1,0,0,93,409,409,0,613,585,541,44,28,438,410,395,15,28,175,175,146,29,0,613,345,323,22,0,22,0,0,0,50,50,0,0,0,0,0,11,0,142,0,65,548,37,98,110,89,2,50,69,16,0,6,57,14,890,428,14,35,33,8,0,0,7,0,171,27,63,13,21,30,0,6,462,0,0,101,0,6,0,4,0,113,53,24,0,128,33,0,0,890,14,0,0,0,35,0,0,0,134,0,8,6,0,11,0,253,31,80,87,13,149,63,0,6,234,0,8,0,53,14,20,0,1,65,22,28,8,0,15,0,30857,32232,-666666666,"North Mono CCD, Mono County, California",419,275,25,27,51,14,94,311,314,64,419,296,275,25,26,51,14,14,64,14,64,302,66,14,3,14,14,94,314,314,14,236,228,220,47,36,166,161,157,24,36,127,127,116,45,14,236,161,148,34,14,34,14,14,14,86,86,14,14,14,14,14,19,14,117,14,75,226,42,88,73,76,5,86,74,26,14,27,66,24,256,151,34,50,52,13,14,14,27,14,105,28,53,19,28,31,14,13,149,14,14,93,14,11,14,9,14,72,65,24,14,88,37,14,14,256,34,14,14,14,50,14,14,14,133,14,13,11,14,30,14,135,31,74,66,19,87,60,14,13,119,14,11,14,61,22,27,14,3,61,37,38,14,14,26,14,9517,18262,-222222222
"G060053090235","2019-2023","CA",,,"California","06","Monterey County","053","Big Sur CCD","90235",,,,,,,,,,,,,,".",".",,,,,,,,,,,,"0600000US0605390235",,,"0605390235","Big Sur CCD, Monterey County, California",1840,985,36,32,0,0,441,346,238,108,1840,1129,952,36,23,0,0,0,118,10,108,711,33,0,9,0,0,441,228,228,0,965,945,920,25,20,617,617,610,7,0,348,328,310,18,20,965,553,466,87,81,0,6,0,0,30,30,0,0,0,0,0,12,19,175,11,165,800,57,125,160,84,75,12,104,93,0,46,13,31,1308,738,0,0,0,0,0,33,44,12,110,15,118,89,228,28,21,40,570,0,63,0,0,0,0,0,3,44,60,73,15,254,35,14,9,1308,0,0,0,0,0,63,0,0,0,0,0,0,33,44,15,135,19,75,191,104,482,63,35,49,660,31,66,17,0,32,48,0,43,128,62,84,89,35,23,2,37601,38962,29286,"Big Sur CCD, Monterey County, California",502,244,56,40,14,14,434,272,254,93,502,268,239,56,37,14,14,14,91,16,93,503,53,14,14,14,14,434,254,254,14,269,263,260,30,52,222,222,222,12,14,116,99,92,27,52,269,190,178,98,98,14,9,14,14,58,58,14,14,14,14,14,18,45,199,16,96,278,66,82,198,80,74,15,84,99,14,64,20,35,289,169,14,14,14,14,14,51,50,18,117,13,80,72,113,33,26,38,171,14,95,14,14,14,14,14,4,59,58,49,17,89,26,21,13,289,14,14,14,14,14,95,14,14,14,14,14,14,51,50,18,116,45,60,99,75,150,40,34,41,162,26,45,24,14,36,48,14,48,84,75,70,63,39,37,3,7896,11245,19485
"G060053090362","2019-2023","CA",,,"California","06","Monterey County","053","Carmel-by-the-Sea CCD","90362",,,,,,,,,,,,,,".",".",,,,,,,,,,,,"0600000US0605390362",,,"0605390362","Carmel-by-the-Sea CCD, Monterey County, California",14239,11553,179,9,949,63,234,1252,936,316,14239,12742,11010,164,9,949,63,57,490,191,299,1497,543,15,0,0,0,177,762,745,17,5799,5772,5586,186,27,2839,2832,2683,149,7,2960,2940,2903,37,20,5799,4079,3409,670,612,56,0,2,0,3,3,0,0,0,0,0,0,0,388,68,1261,4538,766,592,809,625,491,173,415,168,205,67,100,127,12017,5477,14,12,70,0,0,49,9,202,353,138,528,385,1826,1016,559,316,6540,19,0,71,26,0,0,0,35,565,276,680,586,2333,1306,437,206,12017,33,0,0,0,0,12,0,114,27,0,26,0,49,9,237,789,129,414,1208,971,4159,2322,996,522,8426,294,782,222,501,1538,365,74,655,949,427,594,751,665,355,254,71581,101875,52601,"Carmel-by-the-Sea CCD, Monterey County, California",919,832,134,15,208,74,127,538,546,127,919,760,734,134,15,208,74,49,174,133,123,672,423,22,21,21,21,120,533,534,26,709,712,693,99,23,472,473,440,84,10,396,396,396,42,20,709,639,506,594,594,31,21,5,21,22,22,21,21,21,21,21,21,21,207,67,231,699,586,237,202,156,204,104,180,121,160,46,64,86,810,553,19,19,107,21,21,55,17,150,152,65,167,191,304,237,158,102,433,30,21,80,38,21,21,21,37,213,118,225,161,386,297,119,79,810,43,21,21,21,21,19,21,170,32,21,38,21,55,17,155,264,109,141,302,254,518,420,208,139,617,114,202,88,152,428,123,54,197,242,132,203,234,212,115,120,18747,17608,11432
"G060053090370","2019-2023","CA",,,"California","06","Monterey County","053","Carmel Valley CCD","90370",,,,,,,,,,,,,,".",".",,,,,,,,,,,,"0600000US0605390370",,,"0605390370","Carmel Valley CCD, Monterey County, California",5781,5196,37,12,13,0,138,385,230,155,5781,5455,5172,37,0,13,0,34,199,44,155,326,24,0,12,0,0,104,186,186,0,2431,2431,2355,76,0,1304,1304,1277,27,0,1127,1127,1078,49,0,2431,1678,1539,139,125,0,14,0,0,0,0,0,0,0,0,0,0,0,21,39,693,1738,73,178,138,129,298,184,426,32,45,45,168,22,4600,2136,29,33,0,0,1,17,0,27,253,81,248,323,544,284,123,173,2464,39,0,0,0,0,0,0,0,250,130,387,165,999,261,117,116,4600,68,0,0,0,0,33,0,0,0,0,0,1,17,0,27,429,74,211,635,488,1543,545,240,289,3047,38,248,143,191,379,66,44,192,436,278,179,256,211,177,209,77396,120212,39708,"Carmel Valley CCD, Monterey County, California",723,705,51,20,17,19,84,201,172,107,723,723,706,51,19,17,19,55,112,44,107,195,29,19,20,19,19,77,167,167,19,415,415,417,47,19,269,269,267,34,19,193,193,198,32,19,415,327,312,96,94,19,22,19,19,19,19,19,19,19,19,19,19,19,29,49,301,318,76,114,79,73,113,109,186,36,45,39,118,24,565,326,40,50,19,19,10,26,19,31,138,53,128,189,180,118,62,97,318,44,19,19,19,19,19,19,19,101,59,134,102,241,123,67,87,565,84,19,19,19,19,50,19,19,19,19,19,10,26,19,31,165,72,80,216,243,345,169,93,126,668,32,192,78,164,130,53,34,106,180,159,89,146,126,77,103,19098,22580,15115
"G060053090400","2019-2023","CA",,,"California","06","Monterey County","053","Castroville CCD","90400",,,,,,,,,,,,,,".",".",,,,,,,,,,,,"0600000US0605390400",,,"0605390400","Castroville CCD, Monterey County, California",20734,6970,193,0,1048,234,9194,3095,1814,1281,20734,7125,4793,193,0,1013,19,36,1071,102,969,13609,2177,0,0,35,215,9158,2024,1712,312,8063,8063,5024,3039,0,4746,4746,2948,1798,0,3317,3317,2076,1241,0,8063,6996,6447,549,248,103,26,160,12,8,8,0,0,0,0,0,61,6,10,478,504,7559,63,164,235,837,2426,771,1057,237,630,395,459,285,12311,6443,364,226,894,207,221,167,164,235,1705,401,551,316,792,148,25,27,5868,303,194,576,196,191,4,74,121,1297,431,712,583,774,360,34,18,12311,667,18,5,0,195,126,76,178,1292,216,187,412,171,238,356,2519,483,832,1263,899,1566,508,59,45,2386,209,153,54,168,193,161,12,204,214,141,121,265,104,79,308,37383,46054,29573,"Castroville CCD, Monterey County, California",1298,1164,153,25,407,357,1506,875,702,520,1298,881,871,153,25,409,32,44,371,84,362,1352,858,25,25,31,355,1519,770,701,346,650,650,512,563,25,523,523,445,403,25,360,360,314,335,25,650,597,655,245,155,111,31,189,20,13,13,25,25,25,25,25,91,10,16,339,153,667,89,123,120,226,507,289,299,112,289,166,184,155,735,480,174,141,322,127,144,117,99,107,348,173,191,149,252,74,24,29,379,149,108,242,136,99,8,54,75,289,156,211,165,178,125,29,25,735,281,30,7,25,149,101,65,133,446,168,142,219,117,114,140,464,199,281,302,262,332,157,36,39,444,116,86,49,87,65,93,22,96,82,62,57,127,86,59,183,4941,4962,4393
"G060053091130","2019-2023","CA",,,"California","06","Monterey County","053","Gonzales CCD","91130",,,,,,,,,,,,,,".",".",,,,,,,,,,,,"0600000US0605391130",,,"0605391130","Gonzales CCD, Monterey County, California",17938,3098,1822,194,272,84,9797,2671,2307,364,17938,4516,1985,1821,100,272,84,57,197,77,120,13422,1113,1,94,0,0,9740,2474,2230,244,4598,4598,4250,348,0,2608,2608,2389,219,0,1990,1990,1861,129,0,4598,4206,3733,473,245,55,173,0,0,0,0,0,0,0,0,0,0,0,89,182,121,4477,3,70,383,664,1297,728,519,212,240,134,123,104,12528,9203,294,246,521,320,565,406,693,460,2827,589,1462,375,206,218,0,21,3325,156,157,441,98,310,95,98,18,940,217,370,160,202,48,15,0,12528,450,0,0,0,115,163,125,94,868,135,283,875,501,791,478,2345,1422,806,1832,535,408,266,15,21,770,57,42,7,91,141,53,0,60,100,28,15,62,23,10,81,34148,32750,36128,"Gonzales CCD, Monterey County, California",879,622,283,69,107,48,899,695,722,293,879,468,322,282,51,107,48,37,80,65,65,779,502,3,65,21,21,900,684,716,292,513,513,458,189,21,318,318,289,169,21,360,360,350,110,21,513,540,549,169,91,46,157,21,21,21,21,21,21,21,21,21,21,21,74,112,51,509,5,53,195,235,367,188,178,164,147,115,81,109,590,478,120,112,150,102,144,118,130,171,418,199,276,107,86,123,21,29,333,103,99,209,83,144,86,107,21,215,66,158,67,104,55,18,21,590,170,21,21,21,89,102,82,61,251,78,97,234,151,178,174,354,250,209,309,130,138,139,18,29,247,59,33,12,72,104,41,21,92,69,28,18,41,26,16,73,2654,4109,4450
"G060053091150","2019-2023","CA",,,"California","06","Monterey County","053","Greenfield CCD","91150",,,,,,,,,,,,,,".",".",,,,,,,,,,,,"0600000US0605391150",,,"0605391150","Greenfield CCD, Monterey County, California",20991,3045,210,136,217,0,14779,2604,2301,303,20991,1178,518,155,0,217,0,14,274,76,198,19813,2527,55,136,0,0,14765,2330,2225,105,7956,7956,7560,396,0,4519,4519,4182,337,0,3437,3437,3378,59,0,7956,6450,5677,773,544,92,110,27,0,26,26,0,0,0,0,0,0,0,133,1167,180,7776,74,698,1198,1296,1783,293,787,191,477,464,411,104,11217,5569,526,515,1105,299,279,63,64,166,1369,144,494,141,364,12,23,5,5648,465,365,859,167,339,59,174,99,1589,144,476,326,490,84,12,0,11217,991,22,37,37,89,590,105,89,1875,125,341,618,122,238,265,2596,362,288,970,467,854,96,35,5,1032,87,120,0,80,24,75,29,92,89,146,35,66,52,0,137,34337,38963,28874,"Greenfield CCD, Monterey County, California",672,851,142,144,119,25,1265,827,771,171,672,290,169,123,25,119,25,26,158,77,143,633,844,50,144,25,25,1259,782,767,89,578,578,574,186,25,465,465,452,168,25,377,377,367,58,25,578,525,544,230,201,91,103,45,25,38,38,25,25,25,25,25,25,25,130,324,107,574,69,209,325,318,358,137,240,115,218,174,163,70,684,439,185,219,237,172,135,68,69,111,308,72,157,90,162,19,28,7,346,166,133,235,133,147,53,104,80,255,84,177,131,180,51,19,25,684,322,33,44,46,70,250,74,105,365,101,240,202,94,125,167,455,151,119,250,177,282,57,34,7,306,72,102,25,84,24,62,34,65,64,78,41,71,40,25,97,2521,4751,4587
"G060053091470","2019-2023","CA",,,"California","06","Monterey County","053","King City CCD","91470",,,,,,,,,,,,,,".",".",,,,,,,,,,,,"0600000US0605391470",,,"0605391470","King City CCD, Monterey County, California",17086,3857,19,406,172,0,10416,2216,1828,388,17086,2515,2185,19,39,172,0,37,63,0,63,14571,1672,0,367,0,0,10379,2153,1828,325,6200,6200,5804,396,0,3742,3742,3485,257,0,2458,2458,2319,139,0,6200,4834,3965,869,520,220,88,0,41,194,194,0,0,0,0,0,0,39,86,680,367,5833,134,547,518,686,1516,351,601,122,205,683,316,154,9661,5256,353,218,1012,146,495,29,55,131,1110,216,332,370,526,170,47,46,4405,349,165,612,42,364,25,47,104,1217,127,296,338,523,106,84,6,9661,702,0,0,39,49,208,87,252,1372,103,85,859,54,102,235,2042,285,343,628,708,1049,276,131,52,1749,30,246,5,40,178,47,55,53,151,323,63,156,70,31,301,32233,39667,27328,"King City CCD, Monterey County, California",880,839,23,288,185,21,1065,709,689,336,880,565,531,23,36,185,21,60,44,21,44,688,578,21,283,21,21,1068,708,689,332,843,843,758,174,21,736,736,698,118,21,300,300,293,136,21,843,551,528,255,211,120,86,21,100,204,204,21,21,21,21,21,21,54,78,228,256,739,95,186,179,216,306,133,243,122,99,251,182,93,742,483,208,106,327,118,164,52,58,111,252,99,127,133,280,82,57,47,352,156,99,294,52,146,29,64,82,243,66,150,155,182,64,67,11,742,282,21,21,61,58,136,78,189,611,104,103,240,60,99,129,358,128,138,179,202,323,114,114,49,581,30,99,7,53,125,53,58,38,107,257,59,93,69,39,260,3914,4018,3797
"G060053092320","2019-2023","CA",,,"California","06","Monterey County","053","Pajaro CCD","92320",,,,,,,,,,,,,,".",".",,,,,,,,,,,,"0600000US0605392320",,,"0605392320","Pajaro CCD, Monterey County, California",15197,6807,132,62,296,0,4593,3307,2711,596,15197,5000,4011,132,17,296,0,212,332,69,263,10197,2796,0,45,0,0,4381,2975,2642,333,6032,6032,2402,3630,0,3587,3587,1228,2359,0,2445,2445,1174,1271,0,6032,5197,4434,763,690,44,10,0,19,10,10,0,0,0,0,0,12,0,88,191,534,5498,42,243,410,966,920,498,834,130,171,479,482,323,10558,5355,202,203,530,54,408,153,78,164,1167,341,670,507,489,239,104,46,5203,157,195,616,89,124,35,37,92,1274,263,515,698,670,280,111,47,10558,359,0,0,28,0,275,95,139,1007,0,143,532,188,115,256,2061,380,604,1185,1205,1159,519,215,93,2156,126,162,93,83,309,180,13,71,324,165,121,225,79,89,116,39068,48199,35192,"Pajaro CCD, Monterey County, California",1456,1059,74,70,112,21,896,1169,1074,289,1456,585,609,74,21,112,21,185,158,84,137,1391,982,21,61,21,21,855,1123,1056,219,700,700,364,713,21,603,603,230,601,21,283,283,252,248,21,700,724,552,302,299,34,15,21,36,15,15,21,21,21,21,21,19,21,89,159,223,703,52,158,177,344,241,186,334,81,108,154,187,137,781,554,95,111,210,56,497,141,73,98,260,155,208,167,168,113,65,31,464,100,106,206,69,109,35,35,56,294,116,193,216,192,99,65,37,781,145,21,21,39,21,124,62,96,284,21,115,515,141,89,121,369,142,245,295,282,252,171,116,47,357,72,72,69,43,126,106,20,54,113,77,80,105,54,51,113,6173,14681,4906
"G060053092730","2019-2023","CA",,,"California","06","Monterey County","053","Salinas CCD","92730",,,,,,,,,,,,,,".",".",,,,,,,,,,,,"0600000US0605392730",,,"0605392730","Salinas CCD, Monterey County, California",175750,40764,2419,1902,9695,329,98709,21932,18352,3580,175750,36330,22267,1883,141,9061,198,354,2426,236,2190,139420,18497,536,1761,634,131,98355,19506,18116,1390,74077,73829,63825,10004,248,41226,41207,33930,7277,19,32851,32622,29895,2727,229,74077,62317,54069,8248,5538,1174,1139,303,94,608,521,0,0,11,76,55,48,68,849,6789,3343,70734,911,4497,6763,10532,20686,3539,6943,2085,4709,4416,2995,2658,105883,52862,3474,2090,6389,1560,3121,987,1411,1948,12733,1947,5995,3412,5518,1469,409,399,53021,2931,2377,5590,1596,2736,567,717,1629,12299,2945,6309,4327,6715,1730,434,119,105883,6405,25,34,397,1175,1408,1428,936,11043,959,2197,5857,1554,2128,3577,20793,4239,4892,12304,7739,12233,3199,843,518,17835,1143,1755,427,772,1603,1040,277,1998,2788,1553,738,1484,645,562,1050,36529,40506,32638,"Salinas CCD, Monterey County, California",1806,2630,599,624,928,241,3026,2454,2346,612,1806,1409,1304,492,88,911,135,201,472,127,451,2091,2461,390,608,256,204,3006,2410,2359,337,1673,1684,1621,929,237,1224,1220,1117,725,27,1174,1147,1212,443,234,1673,1474,1538,909,764,312,389,181,94,213,192,32,32,16,93,44,52,56,249,828,500,1682,252,626,849,910,1237,584,954,389,592,572,463,488,1387,981,524,419,678,312,495,318,391,412,798,299,678,409,690,361,167,157,853,396,439,613,290,443,172,182,282,911,452,614,486,536,286,141,131,1387,737,25,46,185,312,340,341,263,1039,287,356,724,342,409,546,1267,545,537,837,655,854,491,235,217,1173,316,361,192,236,300,271,139,379,339,360,249,345,177,203,263,921,1585,1786
"G060053092750","2019-2023","CA",,,"California","06","Monterey County","053","San Ardo CCD","92750",,,,,,,,,,,,,,".",".",,,,,,,,,,,,"0600000US0605392750",,,"0605392750","San Ardo CCD, Monterey County, California",4948,3742,19,78,168,0,634,307,178,129,4948,3555,3094,19,50,168,0,60,164,35,129,1393,648,0,28,0,0,574,143,143,0,2874,2845,2166,679,29,1928,1899,1544,355,29,946,946,622,324,0,2874,1344,1238,106,72,8,0,0,26,269,269,0,0,0,0,13,0,0,594,60,594,2280,186,291,294,419,238,119,156,94,136,180,136,31,3097,1769,16,37,74,0,24,20,0,51,513,81,293,186,401,58,7,8,1328,0,7,60,37,32,0,0,13,439,76,242,120,196,46,37,23,3097,16,0,0,7,12,0,25,22,112,0,37,56,20,0,64,868,84,157,535,306,597,104,44,31,826,10,65,12,24,140,52,50,60,114,103,30,97,32,15,22,27917,27571,28490,"San Ardo CCD, Monterey County, California",548,555,20,70,185,14,360,114,81,106,548,411,466,20,72,185,14,62,111,30,106,452,302,14,24,14,14,355,77,77,14,338,352,313,190,62,228,246,239,110,62,207,207,168,109,14,338,283,280,55,40,11,14,14,39,200,200,14,14,14,14,30,14,14,231,39,195,362,171,116,171,201,103,89,82,64,113,74,77,20,350,244,19,36,76,14,22,27,14,26,153,45,112,104,190,44,9,7,185,14,11,53,59,25,14,14,12,125,47,73,54,70,22,40,24,350,19,14,14,11,20,14,31,27,82,14,59,44,27,14,30,210,58,61,147,124,199,48,43,26,231,9,28,11,14,174,31,83,70,60,54,40,57,16,11,17,2138,2960,5483
"G060053092970","2019-2023","CA",,,"California","06","Monterey County","053","Seaside-Monterey CCD","92970",,,,,,,,,,,,,,".",".",,,,,,,,,,,,"0600000US0605392970",,,"0605392970","Seaside-Monterey CCD, Monterey County, California",114580,63341,4448,480,11042,1516,15759,17994,9791,8203,114580,81766,57325,4307,202,10657,1484,781,7010,938,6072,32814,6016,141,278,385,32,14978,10984,8853,2131,57647,57504,53879,3625,143,31124,31098,28892,2206,26,26523,26406,24987,1419,117,57647,42917,37863,5054,3518,738,246,470,82,1257,1224,5,22,6,0,78,173,862,2936,882,8542,49105,1425,5838,8961,9874,8549,3061,4780,961,1238,1909,1585,924,79981,38665,789,362,655,321,398,305,144,992,6427,2049,5761,3332,8914,5289,1302,1625,41316,749,214,729,228,633,250,264,561,6263,2186,5226,4237,10491,6311,1803,1171,79981,1538,15,15,68,154,258,66,155,1229,150,399,1031,555,408,1553,10980,1710,4235,10987,7569,19405,11600,3105,2796,39812,1659,3613,1346,2304,4012,2546,517,2820,5061,3211,3108,3388,1975,1571,2681,46039,52439,40003,"Seaside-Monterey CCD, Monterey County, California",889,1445,595,161,888,182,1308,1621,1393,976,889,1462,1387,580,95,839,179,319,749,292,693,1414,926,77,114,183,35,1270,1448,1328,564,1049,1082,1146,426,134,826,827,829,339,23,839,860,887,263,132,1049,1271,1289,604,483,235,118,259,72,300,297,10,23,10,32,81,103,234,584,234,621,1146,315,660,719,715,919,340,524,298,284,380,311,243,1165,852,260,153,219,134,205,133,72,249,606,355,601,370,621,506,274,292,719,183,119,184,111,270,124,136,165,533,324,541,471,697,492,269,229,1165,354,25,19,64,129,133,60,86,289,94,166,371,186,159,324,757,303,550,883,626,971,682,399,377,1460,306,556,273,342,436,309,152,381,522,458,379,456,253,258,337,1464,4769,3213
"G060053093060","2019-2023","CA",,,"California","06","Monterey County","053","Soledad CCD","93060",,,,,,,,,,,,,,".",".",,,,,,,,,,,,"0600000US0605393060",,,"0605393060","Soledad CCD, Monterey County, California",18536,3373,6,199,595,0,12458,1905,1753,152,18536,1680,1077,6,0,485,0,3,109,52,57,16856,2296,0,199,110,0,12455,1796,1701,95,7626,7626,7098,528,0,4547,4547,4141,406,0,3079,3079,2957,122,0,7626,6964,6008,956,595,230,85,22,24,33,33,0,0,0,0,0,21,0,32,409,167,7459,69,380,839,1087,1460,310,1301,332,503,469,442,267,10333,5365,316,390,979,147,419,76,158,67,1067,297,498,408,317,218,8,0,4968,221,267,886,236,200,92,44,45,1188,308,385,598,330,108,26,34,10333,537,0,0,68,335,201,53,161,1704,129,254,619,168,202,112,1816,439,605,883,1006,647,326,34,34,1059,0,152,10,97,43,94,2,104,129,131,83,129,15,33,37,37160,47957,28422,"Soledad CCD, Monterey County, California",474,943,10,184,289,21,1100,582,600,134,474,379,290,10,21,230,21,4,87,64,75,557,893,21,184,161,21,1100,575,596,107,682,682,643,206,21,490,490,478,177,21,430,430,414,75,21,682,648,651,291,228,150,56,35,37,35,35,21,21,21,21,21,30,21,33,220,83,663,58,159,293,295,413,193,287,140,196,197,166,160,483,350,131,239,301,104,146,69,121,54,308,113,169,178,119,98,14,21,305,105,136,218,184,99,60,52,39,246,134,134,208,129,96,31,47,483,202,21,21,90,249,132,73,138,426,151,164,182,99,131,77,403,172,185,224,334,187,159,39,47,254,21,80,14,68,44,69,11,73,97,83,77,98,17,38,31,7513,5730,4810
"G060053093372","2019-2023","CA",,,"California","06","Monterey County","053","Toro Park CCD","93372",,,,,,,,,,,,,,".",".",,,,,,,,,,,,"0600000US0605393372",,,"0605393372","Toro Park CCD, Monterey County, California",8214,6366,13,0,735,0,359,741,296,445,8214,7095,5921,13,0,735,0,45,381,0,381,1119,445,0,0,0,0,314,360,296,64,3707,3683,3471,212,24,2015,2004,1855,149,11,1692,1679,1616,63,13,3707,2930,2723,207,145,62,0,0,0,5,5,0,0,0,0,0,0,0,49,11,712,2995,1,97,372,555,537,174,475,159,113,252,69,191,5780,2892,0,0,41,0,0,31,0,16,299,74,267,279,1106,330,306,143,2888,0,48,0,1,21,0,29,0,332,114,285,204,959,615,232,48,5780,0,0,0,0,0,48,0,0,41,1,0,21,31,29,16,527,104,188,552,483,2065,945,538,191,3938,100,522,256,173,439,270,40,242,854,236,164,236,150,84,172,93093,127724,61905,"Toro Park CCD, Monterey County, California",1054,1005,18,19,191,19,312,297,187,219,1054,1002,988,18,19,191,19,69,207,19,207,490,344,19,19,19,19,301,207,187,80,536,536,525,90,27,311,312,302,66,18,323,325,321,54,21,536,481,453,115,88,71,19,19,19,9,9,19,19,19,19,19,19,19,42,18,309,478,3,70,162,184,165,75,166,106,75,101,71,147,553,295,19,19,55,19,19,29,19,20,127,48,110,160,220,118,119,79,322,19,74,19,3,42,19,34,19,117,56,106,92,263,181,128,38,553,19,19,19,19,19,74,19,19,55,3,19,42,29,34,20,145,82,80,156,177,354,244,188,95,496,77,168,98,79,218,116,48,101,304,101,103,114,92,58,99,12591,26132,9061
"G060055090070","2019-2023","CA",,,"California","06","Napa County","055","Angwin CCD","90070",,,,,,,,,,,,,,".",".",,,,,,,,,,,,"0600000US0605590070",,,"0605590070","Angwin CCD, Napa County, California",4305,2868,160,60,437,0,252,528,296,232,4305,3493,2564,116,0,420,0,12,381,204,177,812,304,44,60,17,0,240,147,92,55,2364,2350,2068,282,14,1322,1315,1109,206,7,1042,1035,959,76,7,2364,1681,1530,151,95,24,0,0,32,13,7,0,0,6,0,0,0,49,256,18,347,2017,229,391,342,314,184,21,172,35,57,132,86,54,2689,1408,17,0,0,7,0,0,15,34,138,40,261,228,330,155,118,65,1281,17,0,0,24,0,0,14,41,127,64,148,95,429,214,69,39,2689,34,0,0,0,0,0,0,0,0,0,31,0,0,29,75,249,16,104,409,323,759,369,187,104,1515,37,239,35,48,87,54,0,172,188,140,184,78,96,83,74,39020,39514,38553,"Angwin CCD, Napa County, California",454,392,84,47,99,14,146,237,215,118,454,442,405,83,14,108,14,16,241,218,106,217,125,58,47,20,14,145,77,48,63,284,283,252,109,22,221,221,190,93,11,173,171,165,54,11,284,264,267,88,67,35,14,14,46,18,15,14,14,9,14,14,14,41,81,21,135,270,109,102,151,84,63,16,71,37,44,71,54,57,362,237,42,14,14,10,14,14,22,33,73,65,122,157,112,55,72,29,192,25,14,14,28,14,14,33,37,67,52,83,44,127,81,64,24,362,49,14,14,14,14,14,14,14,14,14,30,14,14,39,43,109,16,84,164,161,190,104,129,45,267,29,102,27,33,47,33,14,82,79,81,71,46,55,46,48,6710,17158,13361
"G060055090340","2019-2023","CA",,,"California","06","Napa County","055","Calistoga CCD","90340",,,,,,,,,,,,,,".",".",,,,,,,,,,,,"0600000US0605590340",,,"0605590340","Calistoga CCD, Napa County, California",6665,4274,73,15,124,0,928,1251,1211,40,6665,3836,3539,73,0,124,0,0,100,60,40,2829,735,0,15,0,0,928,1151,1151,0,3285,3220,2481,739,65,1618,1618,1077,541,0,1667,1602,1404,198,65,3285,2507,2326,181,163,0,0,0,18,66,38,0,10,0,18,27,0,85,224,5,371,2914,218,527,374,240,161,246,668,21,92,93,196,78,5181,2633,133,46,81,0,113,0,0,375,442,192,412,144,463,124,71,37,2548,97,5,217,0,18,0,50,14,343,124,341,276,608,267,138,50,5181,230,0,0,0,0,51,0,72,226,0,0,131,0,50,389,634,151,316,753,420,1071,391,209,87,1806,36,114,64,217,259,95,0,111,294,130,63,63,103,91,166,48694,53109,45044,"Calistoga CCD, Napa County, California",280,678,97,20,116,19,374,642,640,32,280,582,572,97,19,116,19,19,100,79,32,625,407,19,20,19,19,374,641,641,19,440,440,295,330,65,385,385,256,252,19,262,277,245,131,65,440,441,415,118,116,19,19,19,44,68,54,19,17,19,35,45,19,92,164,7,145,405,119,214,178,163,76,123,226,25,97,79,148,94,341,383,105,57,85,19,155,19,19,234,174,132,224,71,155,65,43,40,269,96,10,179,19,28,19,90,19,156,73,149,131,166,160,114,51,341,186,19,19,19,19,57,19,80,176,19,19,159,19,90,235,238,100,142,288,156,233,181,120,77,376,33,53,62,153,130,75,19,70,155,97,44,48,82,67,123,5183,5860,15194
"G060055091515","2019-2023","CA",,,"California","06","Napa County","055","Lake Berryessa CCD","91515",,,,,,,,,,,,,,".",".",,,,,,,,,,,,"0600000US0605591515",,,"0605591515","Lake Berryessa CCD, Napa County, California",1356,989,1,27,20,0,207,112,76,36,1356,899,838,1,13,20,0,0,27,0,27,457,151,0,14,0,0,207,85,76,9,604,597,525,72,7,366,366,325,41,0,238,231,200,31,7,604,537,490,47,42,5,0,0,0,0,0,0,0,0,0,0,2,10,7,20,28,576,50,5,48,33,2,19,90,36,57,64,102,70,1055,577,44,8,0,0,0,4,0,41,165,42,40,45,116,16,48,8,478,55,0,0,5,6,2,9,16,76,61,82,27,116,13,6,4,1055,99,0,0,2,3,0,3,0,0,0,5,6,6,9,57,195,46,103,122,72,232,29,54,12,347,0,56,16,17,79,32,0,10,45,23,10,26,4,4,25,43702,-666666666,44760,"Lake Berryessa CCD, Napa County, California",284,226,3,28,25,14,183,66,48,40,284,162,150,3,17,25,14,14,36,14,36,223,130,14,22,14,14,183,51,48,16,126,126,125,46,11,105,105,106,34,14,63,63,58,27,11,126,119,113,34,32,8,14,14,14,14,14,14,14,14,14,14,6,12,9,18,19,124,38,8,58,24,4,20,71,28,35,36,42,49,221,142,55,10,14,14,14,9,14,52,56,28,24,24,53,15,69,9,104,52,14,14,6,9,3,14,16,53,29,40,18,52,13,6,6,221,99,14,14,5,5,14,5,14,14,14,6,9,10,14,54,80,29,35,45,27,83,20,69,11,105,14,35,15,15,68,38,14,10,31,24,8,18,5,7,21,13661,-222222222,12897
"G060055092070","2019-2023","CA",,,"California","06","Napa County","055","Napa CCD","92070",,,,,,,,,,,,,,".",".",,,,,,,,,,,,"0600000US0605592070",,,"0605592070","Napa CCD, Napa County, California",116778,68667,2355,1118,10233,387,17572,16446,10825,5621,116778,73949,55564,2214,189,9920,379,571,5112,673,4439,42829,13103,141,929,313,8,17001,11334,10152,1182,56722,56649,45436,11213,73,29956,29919,23298,6621,37,26766,26730,22138,4592,36,56722,46726,40937,5789,3644,1185,346,506,108,579,333,14,0,0,232,88,235,375,1413,391,6915,49807,1472,6383,8275,7496,5738,2479,6611,1579,1798,3435,3147,1394,83585,41256,1819,549,1040,749,509,255,443,1534,8436,3032,5021,3120,9147,3438,1590,574,42329,1441,561,1522,388,398,295,359,1050,6775,3140,6084,3962,10820,3937,1089,508,83585,3260,33,65,142,158,607,105,186,2376,296,841,907,550,802,2584,12981,2230,6172,11105,7082,19967,7375,2679,1082,33478,1063,3194,852,1658,3413,2076,528,2882,6274,2168,1966,2071,1532,1924,1877,51678,54249,47686,"Napa CCD, Napa County, California",571,1824,206,396,476,132,1829,1432,1383,735,571,811,816,187,78,495,130,245,646,230,571,728,1658,99,400,214,13,1807,1339,1360,357,895,887,976,597,58,689,682,688,520,34,739,732,726,347,42,895,1061,1219,699,530,296,137,319,81,168,137,24,32,32,98,74,137,137,383,147,631,1050,284,644,779,687,544,398,587,359,357,411,417,293,579,472,334,210,321,249,172,133,132,285,613,413,427,373,642,364,285,159,346,261,179,290,148,142,134,145,218,585,400,544,418,627,410,181,138,579,475,38,69,97,114,200,86,83,392,129,246,221,192,197,386,819,366,613,711,563,914,590,354,218,1195,246,395,202,250,389,273,169,385,515,281,279,277,228,295,321,2038,1603,3196
"G060055092710","2019-2023","CA",,,"California","06","Napa County","055","St. Helena CCD","92710",,,,,,,,,,,,,,".",".",,,,,,,,,,,,"0600000US0605592710",,,"0605592710","St. Helena CCD, Napa County, California",6966,4913,36,52,86,9,1182,688,486,202,6966,5092,4727,36,52,86,9,20,162,44,118,1874,186,0,0,0,0,1162,526,442,84,3516,3470,3243,227,46,1848,1810,1659,151,38,1668,1660,1584,76,8,3516,2278,2104,174,125,18,25,0,6,123,123,0,0,0,0,0,7,31,382,13,682,2834,174,834,414,576,197,176,94,35,76,112,73,73,5327,2590,64,53,41,4,14,0,5,55,309,41,268,206,798,472,182,78,2737,145,17,33,26,0,0,4,81,262,139,314,169,1058,370,88,31,5327,209,0,0,0,0,62,8,0,74,0,30,14,0,9,136,532,39,180,582,375,1856,842,270,109,3244,41,427,118,85,393,120,22,148,679,195,214,257,214,185,146,64688,95598,47653,"St. Helena CCD, Napa County, California",271,342,32,43,47,16,394,284,202,136,271,323,349,32,43,47,16,28,101,56,79,371,94,19,19,19,19,394,235,199,73,268,264,269,73,40,203,200,217,52,30,220,221,208,44,12,268,239,244,77,60,27,33,19,11,119,119,19,19,19,19,19,10,29,102,16,163,298,71,183,98,226,95,90,45,32,53,47,38,52,246,185,47,71,38,6,16,19,8,39,77,28,94,99,234,147,72,41,190,84,17,31,26,19,19,6,85,132,83,97,74,173,115,34,20,246,93,19,19,19,19,72,13,19,67,19,28,16,19,13,91,155,33,86,146,119,339,189,79,44,335,28,209,48,34,113,62,22,102,180,84,73,80,73,73,53,7697,34488,11653
"G060057090710","2019-2023","CA",,,"California","06","Nevada County","057","Donner CCD","90710",,,,,,,,,,,,,,".",".",,,,,,,,,,,,"0600000US0605790710",,,"0605790710","Donner CCD, Nevada County, California",17441,14673,52,0,450,38,384,1844,1371,473,17441,15208,14009,52,0,439,38,41,629,160,469,2233,664,0,0,11,0,343,1215,1211,4,8811,8197,6517,1680,614,4994,4640,3460,1180,354,3817,3557,3057,500,260,8811,5631,5239,392,301,38,31,22,0,35,35,0,0,0,0,0,0,258,234,157,2496,6315,184,1387,1123,878,894,64,811,123,181,258,235,177,12755,6671,33,0,12,0,151,14,29,109,759,596,798,466,2324,759,387,234,6084,4,15,77,18,18,138,0,68,489,273,469,676,2526,875,298,140,12755,37,0,0,0,0,15,0,0,89,0,18,169,152,29,177,1155,93,869,1267,1142,4850,1634,685,374,8298,321,796,463,334,1254,845,22,487,1132,407,480,426,434,663,234,69993,78203,60429,"Donner CCD, Nevada County, California",234,741,61,21,224,74,229,656,634,194,234,674,712,61,21,225,74,35,211,104,194,634,278,21,21,17,21,228,620,620,10,480,482,468,293,200,357,383,343,241,147,337,311,326,170,108,480,557,557,149,138,34,30,35,21,50,50,21,21,21,21,21,21,202,119,114,472,552,85,358,328,266,218,50,225,62,95,109,137,84,444,332,34,21,19,21,167,22,48,64,231,232,245,175,365,211,139,109,348,9,21,87,35,32,158,21,68,163,136,186,238,402,185,119,76,444,37,21,21,21,21,21,21,21,89,21,35,168,159,48,109,305,83,289,357,307,609,257,194,149,767,131,193,174,132,273,259,26,203,237,174,166,147,170,207,99,5101,7832,11780
"G060057091140","2019-2023","CA",,,"California","06","Nevada County","057","Grass Valley CCD","91140",,,,,,,,,,,,,,".",".",,,,,,,,,,,,"0600000US0605791140",,,"0605791140","Grass Valley CCD, Nevada County, California",69581,59543,146,488,1007,26,1888,6483,3393,3090,69581,62143,56745,141,368,755,26,456,3652,1264,2388,7438,2798,5,120,252,0,1432,2831,2129,702,27708,27643,20921,6722,65,13870,13822,9823,3999,48,13838,13821,11098,2723,17,27708,21789,19676,2113,1486,459,108,0,60,3,3,0,0,0,0,20,108,51,370,246,5121,22587,1160,3303,3356,3823,2529,1166,2412,364,773,1486,1307,908,54038,25717,144,63,27,44,130,229,157,682,6243,1956,4988,2319,5712,2081,658,284,28321,137,72,164,23,43,54,195,574,6461,2348,5255,3746,5640,2724,551,334,54038,281,0,0,72,0,47,16,0,191,9,58,173,283,352,1256,10851,1853,4304,10243,6065,11352,4805,1209,618,19392,513,1700,656,1467,1809,1063,129,1374,2580,1602,1088,1679,1476,850,1406,42017,49402,37210,"Grass Valley CCD, Nevada County, California",922,1371,95,186,324,45,613,779,634,492,922,1110,1335,95,158,202,45,251,503,401,317,725,735,7,85,252,32,610,582,457,337,1074,1072,947,658,48,720,728,660,482,41,739,736,723,376,22,1074,1045,1023,412,347,167,83,32,62,6,6,32,32,32,32,30,65,52,151,140,670,1116,267,512,486,614,426,298,426,137,316,284,270,231,830,565,67,77,29,55,74,85,100,211,641,332,562,364,579,336,165,100,602,81,85,141,23,37,43,217,199,755,310,532,500,649,465,225,137,830,84,32,32,85,32,66,31,32,139,16,57,82,98,242,275,1059,420,495,762,574,972,586,301,182,1234,163,401,280,322,343,190,65,274,446,309,224,324,328,217,373,2195,4801,1871
"G060057092090","2019-2023","CA",,,"California","06","Nevada County","057","Nevada City CCD","92090",,,,,,,,,,,,,,".",".",,,,,,,,,,,,"0600000US0605792090",,,"0605792090","Nevada City CCD, Nevada County, California",15430,13613,116,17,364,0,113,1207,430,777,15430,14378,12942,116,10,351,0,97,862,171,691,1052,671,0,7,13,0,16,345,259,86,6728,6710,6019,691,18,3402,3395,2989,406,7,3326,3315,3030,285,11,6728,4465,4158,307,201,95,11,0,0,0,0,0,0,0,0,0,0,37,187,108,1931,4797,235,955,1356,674,343,94,202,153,128,319,106,232,12434,6094,50,0,28,8,20,40,49,70,1379,423,783,552,1501,790,298,103,6340,121,0,0,0,5,25,27,40,886,510,1202,480,2065,697,207,75,12434,171,0,0,0,0,0,0,28,0,8,0,25,65,76,110,2019,246,933,1985,1032,3566,1487,505,178,6171,171,738,182,337,537,413,0,509,778,573,406,297,675,288,267,36187,42359,31150,"Nevada City CCD, Nevada County, California",978,983,65,21,168,21,82,301,214,253,978,972,948,65,13,165,21,82,259,133,236,440,384,21,16,23,21,15,179,161,70,653,653,683,246,24,414,415,422,137,11,422,419,435,156,20,653,535,554,118,94,90,17,21,21,21,21,21,21,21,21,21,21,37,120,78,432,562,113,264,383,195,167,54,109,139,128,128,90,185,847,502,52,21,42,14,25,57,44,44,345,139,213,207,294,249,145,76,513,107,21,21,21,9,40,35,45,262,186,419,190,330,203,110,63,847,119,21,21,21,21,21,21,42,21,14,21,28,72,59,63,432,100,246,450,312,503,331,184,97,723,94,230,135,119,169,157,21,141,237,199,164,132,243,152,135,3827,10074,6299
"G060059090050","2019-2023","CA",,,"California","06","Orange County","059","Anaheim-Santa Ana-Garden Grove CCD","90050",,,,,,,,,,,,,,".",".",,,,,,,,,,,,"0600000US0605990050",,,"0605990050","Anaheim-Santa Ana-Garden Grove CCD, Orange County, California",1683163,634640,31248,16836,367799,4971,343868,283801,221557,62244,1683163,879691,423793,28492,1784,364183,4468,5966,51005,7329,43676,803472,210847,2756,15052,3616,503,337902,232796,214228,18568,822525,819965,686909,133056,2560,447324,445590,364222,81368,1734,375201,374375,322687,51688,826,822525,681485,593404,88081,61940,14559,6493,4083,1006,14265,11491,491,2015,167,101,910,1554,3508,13114,10242,97447,725078,11219,42751,83861,114508,116055,49255,127089,21626,33396,61364,45792,18162,1145942,563742,25359,7133,17343,8701,10487,6926,7930,23815,120182,33708,77094,38377,124311,42301,12490,7585,582200,27710,8663,19313,9180,10527,7793,7644,19925,116779,36400,74889,46764,127904,49749,12811,6149,1145942,53069,702,1146,916,2847,5979,4206,5637,31019,5372,12509,21014,14719,15574,43740,213085,23876,70108,151983,85141,252215,92050,25301,13734,406373,22278,24233,11295,20884,37201,39219,4308,38588,81541,24064,17992,21393,19209,17382,26786,43992,49396,37937,"Anaheim-Santa Ana-Garden Grove CCD, Orange County, California",2862,7449,1667,1924,5869,741,7174,7464,6630,2973,2862,5386,5026,1650,404,5813,727,903,2786,1170,2608,4982,6135,556,1819,760,170,6985,7145,6766,1466,4528,4521,5025,2930,408,3173,3113,3355,2262,336,3682,3670,3718,1790,230,4528,4627,4702,3211,2555,1450,718,647,292,1061,991,215,400,70,77,224,251,538,896,783,2813,4434,926,1541,2677,2599,2847,2096,2964,1158,1407,2292,1914,1186,3725,2943,1487,663,1249,826,977,742,912,1575,2495,1725,2241,1673,2974,1555,932,556,2637,1448,744,1431,977,892,697,768,1063,3014,1602,2185,1632,2644,1819,948,653,3725,2372,219,253,239,494,718,658,640,1879,703,1152,1397,1098,1257,1895,4271,1335,2548,2983,2509,4147,2807,1509,892,5473,1433,1291,946,1276,1460,1480,595,1790,2530,1132,1060,1218,1021,1052,1353,498,551,689
"G060059090420","2019-2023","CA",,,"California","06","Orange County","059","Central Coast CCD","90420",,,,,,,,,,,,,,".",".",,,,,,,,,,,,"0600000US0605990420",,,"0605990420","Central Coast CCD, Orange County, California",259182,154433,4503,1778,39429,1128,24294,33617,20614,13003,259182,202148,142908,4224,221,39026,1086,1632,13051,2100,10951,57034,11525,279,1557,403,42,22662,20566,18514,2052,136089,135315,125106,10209,774,73417,72858,65928,6930,559,62672,62457,59178,3279,215,136089,92497,83592,8905,7157,1064,343,160,181,1641,1524,55,55,0,7,128,450,2344,5863,1778,31388,104701,1991,9190,20284,21904,18415,6399,12114,1844,1842,5054,3482,2182,179033,88556,1576,224,919,357,1014,373,614,1241,10451,2997,11820,4653,30876,12810,5655,2976,90477,1066,331,1066,477,841,427,540,1009,10118,3922,11493,6937,33591,12079,4459,2121,179033,2642,37,26,20,143,218,111,517,1468,252,582,1855,800,1154,2250,18020,2549,6919,23313,11590,64467,24889,10114,5097,113580,4181,7274,3595,5942,13117,9951,931,7798,26568,5458,5646,5312,5550,7818,4439,59914,74721,46739,"Central Coast CCD, Orange County, California",2504,2961,697,618,2505,472,2261,2686,2239,1425,2504,3091,2972,708,114,2506,469,558,1245,500,1198,2501,1505,177,611,187,46,2224,2264,2208,506,2911,2929,2854,975,239,1929,1938,2011,726,224,2190,2172,2198,482,116,2911,2398,2339,909,884,292,209,92,80,432,423,74,60,32,12,106,170,521,721,338,1701,2651,474,934,1505,1361,1131,731,1048,393,397,733,525,413,2068,1668,406,105,205,176,330,230,234,311,959,489,1132,726,1492,874,574,364,1676,262,172,288,157,298,229,180,223,932,510,992,675,1367,851,527,393,2068,476,46,30,27,88,159,77,215,331,112,210,467,342,286,439,1366,492,743,1620,1058,1978,1346,816,567,2722,534,767,569,624,975,1002,259,939,1427,592,738,623,631,829,557,1975,3574,2652
"G060059091413","2019-2023","CA",,,"California","06","Orange County","059","Irvine-Lake Forest CCD","91413",,,,,,,,,,,,,,".",".",,,,,,,,,,,,"0600000US0605991413",,,"0605991413","Irvine-Lake Forest CCD, Orange County, California",296365,118218,4893,1125,122611,1209,13260,35049,17869,17180,296365,254344,107803,4738,431,121983,1142,1904,16343,2112,14231,42021,10415,155,694,628,67,11356,18706,15757,2949,147769,147081,134776,12305,688,81553,81156,73495,7661,397,66216,65925,61281,4644,291,147769,105241,95435,9806,7206,1578,744,235,43,926,438,141,292,55,0,235,224,770,1818,1364,37191,110578,1730,7311,12839,21770,21638,8137,17353,2967,3824,6355,4437,2217,202678,98212,671,148,199,245,41,250,466,1029,8110,3977,10442,5867,36927,21098,4678,4064,104466,1675,117,679,283,158,207,305,877,10192,4467,10241,8751,39999,19079,4676,2760,202678,2346,14,93,0,31,68,59,89,789,81,447,199,457,771,1906,15702,2600,8444,20683,14618,76926,40177,9354,6824,141374,10853,9424,4425,6712,14527,21459,1608,10319,29061,5133,6634,4476,6020,5713,5010,73659,90841,59798,"Irvine-Lake Forest CCD, Orange County, California",3433,3681,1128,412,4413,542,1661,3678,3384,1619,3433,4812,3378,1131,185,4378,539,575,1722,863,1375,3480,1260,100,364,223,61,1653,3457,3372,674,2657,2640,2612,964,267,1799,1784,1692,734,157,1967,1961,1898,699,209,2657,2798,2540,1018,889,459,267,173,44,306,229,136,165,89,32,133,122,266,364,357,2019,2773,522,923,918,1477,1614,729,1298,491,624,841,636,402,3026,2033,208,101,102,200,93,164,173,312,899,578,969,763,1402,1308,654,550,1682,495,77,326,134,107,102,136,214,917,663,873,889,1523,1090,604,424,3026,543,23,88,32,32,49,79,65,342,68,233,174,201,254,419,1118,554,999,1417,1360,2326,1871,964,760,2994,917,1031,588,724,1129,1331,387,912,1434,563,740,740,782,832,655,2571,4098,2245
"G060059091977","2019-2023","CA",,,"California","06","Orange County","059","Mission Viejo CCD","91977",,,,,,,,,,,,,,".",".",,,,,,,,,,,,"0600000US0605991977",,,"0605991977","Mission Viejo CCD, Orange County, California",231668,152813,2939,1206,28684,390,12449,33187,17487,15700,231668,186762,141130,2850,193,28055,169,838,13527,1805,11722,44906,11683,89,1013,629,221,11611,19660,15682,3978,115918,115338,106090,9248,580,63529,63085,56484,6601,444,52389,52253,49606,2647,136,115918,86165,78793,7372,5528,991,611,170,72,538,315,0,188,0,35,16,293,281,1468,1186,25971,89947,1924,6606,10614,13317,13166,7973,14390,3420,3509,7418,5085,2525,161136,78296,1181,164,389,341,333,498,361,1031,10373,4442,11090,5653,26156,10773,3362,2149,82840,1429,183,512,278,248,218,249,1015,12067,5328,10657,7789,27297,11395,2967,1208,161136,2610,13,0,72,40,193,29,147,754,83,536,581,716,610,2046,19921,2519,9770,21747,13442,53453,22168,6329,3357,91189,5034,4927,2086,5454,9797,8745,1013,7546,19585,6167,3745,4280,3430,4647,4733,71734,90052,55416,"Mission Viejo CCD, Orange County, California",2898,3276,497,438,2322,216,1724,2752,1898,1876,2898,3281,3257,485,123,2330,139,287,1513,514,1355,2912,1370,62,424,228,172,1737,2274,1915,1365,2614,2613,2408,788,197,2029,2043,1891,679,171,1536,1536,1525,416,73,2614,2725,2608,799,777,271,231,96,52,170,132,32,92,32,36,23,107,143,380,251,1527,2676,456,728,979,898,1023,943,795,445,539,649,646,441,2393,1738,302,95,169,177,155,200,213,286,1065,571,842,656,1146,829,359,373,1346,378,107,182,144,117,104,134,262,923,525,936,693,1083,863,480,239,2393,532,19,32,76,44,110,38,99,218,67,236,179,228,261,432,1457,509,764,1504,934,1660,1336,611,433,2372,504,487,348,565,892,620,213,688,1042,681,462,463,452,517,670,2324,4197,3048
"G060059092150","2019-2023","CA",,,"California","06","Orange County","059","North Coast CCD","92150",,,,,,,,,,,,,,".",".",,,,,,,,,,,,"0600000US0605992150",,,"0605992150","North Coast CCD, Orange County, California",372786,190563,4248,2102,97474,1836,31206,45357,25642,19715,372786,297283,172982,3918,842,96911,1594,2020,19016,2804,16212,75503,17581,330,1260,563,242,29186,26341,22838,3503,179137,178469,149759,28710,668,95844,95391,77380,18011,453,83293,83078,72379,10699,215,179137,143011,127069,15942,11552,2170,1400,502,318,1119,1018,33,48,20,0,82,262,1061,2342,1756,29504,149633,2651,9797,15771,22387,20620,11505,28089,4923,7515,13316,9631,3428,274482,134517,3518,713,1114,1274,1425,985,1017,3273,24636,8161,20689,11826,36347,12220,4756,2563,139965,5038,1220,1624,1145,1456,1133,1159,3395,26431,7705,18227,12665,37149,15390,4064,2164,274482,8556,15,178,138,554,618,430,795,1943,533,1886,2881,2118,2176,6668,45113,5954,15866,38916,24491,73496,27610,8820,4727,122690,5814,7725,2717,5915,10611,12079,1518,11616,25557,9118,4908,5593,5781,6491,7247,52021,59529,44640,"North Coast CCD, Orange County, California",1529,3222,828,430,3111,599,2583,3266,2739,1669,1529,2674,3253,791,270,3140,571,610,1594,783,1396,2492,1758,220,364,233,189,2522,2654,2562,649,2330,2324,2492,1582,200,1751,1736,1707,1103,181,1751,1747,1809,898,89,2330,2189,2188,1216,1021,396,408,215,115,289,278,23,46,23,32,61,175,315,374,391,1764,2186,437,911,1078,1226,1135,795,1408,564,747,948,908,499,2162,1827,455,240,278,388,446,209,340,512,1233,702,1272,1006,1451,682,612,375,1634,459,318,321,230,344,315,267,364,1223,600,1088,1040,1369,902,455,423,2162,732,17,112,96,248,203,148,249,420,164,493,680,386,389,685,1646,683,1024,1772,1654,2288,1199,789,589,2787,652,721,323,582,833,852,413,871,1401,816,506,644,565,712,713,1471,1952,1613
"G060059093015","2019-2023","CA",,,"California","06","Orange County","059","Silverado CCD","93015",,,,,,,,,,,,,,".",".",,,,,,,,,,,,"0600000US0605993015",,,"0605993015","Silverado CCD, Orange County, California",2650,2211,14,28,119,2,107,169,103,66,2650,2385,2150,14,25,119,2,0,75,9,66,265,61,0,3,0,0,107,94,94,0,1318,1306,1252,54,12,593,587,560,27,6,725,719,692,27,6,1318,912,866,46,34,6,0,0,6,28,26,2,0,0,0,0,13,9,6,35,315,1003,16,12,36,72,92,112,210,74,75,201,58,45,1962,961,19,0,0,0,0,4,3,47,193,43,143,93,263,67,65,21,1001,13,0,0,0,16,0,8,7,121,33,139,103,395,105,46,15,1962,32,0,0,0,0,0,0,0,0,0,0,16,4,11,54,281,33,76,282,196,658,172,111,36,1025,41,41,9,32,110,136,5,40,250,47,95,26,86,31,76,58382,74145,49743,"Silverado CCD, Orange County, California",361,344,27,35,73,6,50,66,52,39,361,327,330,27,33,73,6,14,44,17,39,130,84,14,10,14,14,50,55,55,14,201,198,200,32,18,111,109,106,26,10,142,140,139,22,9,201,138,130,29,27,9,14,14,10,32,31,7,14,14,14,14,14,10,9,28,114,147,13,16,27,38,48,55,73,44,43,79,37,33,216,133,18,14,14,14,14,8,10,43,62,22,56,53,84,39,76,23,147,17,14,14,14,23,14,11,8,51,20,64,44,103,43,31,17,216,34,14,14,14,14,14,14,14,14,14,14,23,8,14,45,84,21,29,84,63,140,56,87,30,159,38,25,10,28,65,83,8,26,87,27,40,18,61,25,47,3078,18435,8480
"G060059093110","2019-2023","CA",,,"California","06","Orange County","059","South Coast CCD","93110",,,,,,,,,,,,,,".",".",,,,,,,,,,,,"0600000US0605993110",,,"0605993110","South Coast CCD, Orange County, California",318249,215576,4107,814,38073,418,19798,39463,23595,15868,318249,260970,200538,3988,138,37705,318,1450,16833,4355,12478,57279,15038,119,676,368,100,18348,22630,19240,3390,158813,157594,144822,12772,1219,86663,85863,77708,8155,800,72150,71731,67114,4617,419,158813,114698,104812,9886,7324,1281,529,579,173,750,563,0,160,27,0,73,173,568,2915,2236,37400,121413,3165,10581,15013,19876,18678,8591,18083,4358,3884,8412,7075,3697,239894,115455,1623,427,623,650,519,337,344,1918,13161,5794,15112,8059,38940,17727,6536,3685,124439,1503,452,1028,553,322,323,281,1087,16572,7643,15181,11419,41311,19181,4946,2637,239894,3126,52,78,73,134,284,258,318,1333,235,968,841,660,625,3005,26454,3279,13437,30293,19478,80251,36908,11482,6322,144583,6786,9055,3874,7533,15653,14594,1213,11102,30829,8896,6697,6664,6718,8539,6430,69028,84170,53682,"South Coast CCD, Orange County, California",2424,3280,803,226,2814,172,2169,2188,2162,1377,2424,3137,3408,806,76,2830,146,388,1338,990,1161,2701,1871,92,217,177,90,2202,1877,1845,709,2285,2347,2479,1023,380,1783,1825,1871,756,252,1677,1685,1685,608,200,2285,2137,1979,1021,897,450,214,308,119,245,234,32,98,23,32,46,95,249,678,411,1581,2237,655,879,911,1277,1375,739,1076,571,510,788,852,521,2520,1842,386,210,256,231,185,163,173,473,1005,711,958,691,1511,1246,671,453,1517,425,165,298,215,158,149,149,267,1161,775,906,986,1615,1313,467,428,2520,634,50,101,80,110,198,160,198,460,146,305,258,223,228,610,1576,536,1098,1304,1154,2464,1963,944,587,2896,835,1019,577,755,1098,1018,299,903,1451,800,711,725,608,822,632,2834,3339,2265
"G060061090160","2019-2023","CA",,,"California","06","Placer County","061","Auburn CCD","90160",,,,,,,,,,,,,,".",".",,,,,,,,,,,,"0600000US0606190160",,,"0606190160","Auburn CCD, Placer County, California",46725,38347,278,322,1042,110,2187,4439,2598,1841,46725,39403,34786,278,244,992,110,254,2739,1076,1663,7322,3561,0,78,50,0,1933,1700,1522,178,20532,20456,16009,4447,76,10694,10637,7795,2842,57,9838,9819,8214,1605,19,20532,16402,15069,1333,1065,110,0,135,23,85,42,0,0,43,0,20,38,21,741,148,3077,17455,809,2719,2654,2330,1454,1057,2080,729,1050,1149,842,582,36067,17924,254,18,225,112,53,162,332,538,3667,1248,3246,1997,4042,1052,820,158,18143,194,55,45,146,53,207,126,259,3922,1331,3098,2698,3517,2003,375,114,36067,448,0,0,0,10,63,0,64,206,42,216,106,369,458,797,6478,1111,2579,6344,4695,7559,3055,1195,272,12985,497,729,393,788,1354,685,82,1126,2626,989,638,1040,544,455,1039,47878,56647,41232,"Auburn CCD, Placer County, California",1351,1491,145,133,352,88,562,735,648,442,1351,1375,1422,145,99,349,88,165,639,525,428,1137,1099,29,75,39,29,489,424,413,103,1129,1124,1015,565,48,689,690,624,418,48,704,704,695,240,19,1129,1148,1131,329,270,67,29,155,30,74,42,29,29,63,29,37,36,34,259,75,432,1174,250,608,533,387,322,282,401,189,438,228,217,197,1034,816,184,21,125,100,48,121,270,189,490,251,413,334,382,219,169,71,644,118,81,43,91,105,218,119,104,500,217,479,312,352,244,122,66,1034,266,29,29,29,16,82,29,81,117,53,149,113,236,312,224,747,302,327,685,433,523,341,194,118,743,118,174,138,206,246,130,56,226,398,219,177,233,155,128,198,3095,7239,3601
"G060061090548","2019-2023","CA",,,"California","06","Placer County","061","Colfax-Monumental Ridge CCD","90548",,,,,,,,,,,,,,".",".",,,,,,,,,,,,"0600000US0606190548",,,"0606190548","Colfax-Monumental Ridge CCD, Placer County, California",21785,18337,153,26,312,94,549,2314,1294,1020,21785,19476,17484,153,26,298,94,261,1160,412,748,2309,853,0,0,14,0,288,1154,882,272,10067,9870,7045,2825,197,5590,5461,3831,1630,129,4477,4409,3214,1195,68,10067,7850,7163,687,574,1,17,45,50,62,28,7,20,0,7,0,0,19,207,38,1891,8176,341,717,807,1072,969,416,1349,256,588,657,590,414,16544,8181,85,11,5,15,5,15,134,211,1696,514,1589,787,1874,806,349,85,8363,71,29,40,14,0,12,81,105,1794,504,1309,1172,2153,833,152,94,16544,156,0,8,0,0,3,29,5,40,0,29,5,27,215,316,3101,389,1018,2898,1959,4027,1639,501,179,6777,278,598,324,435,625,454,46,635,1166,439,372,278,211,182,734,53314,66755,42942,"Colfax-Monumental Ridge CCD, Placer County, California",1091,1112,161,29,150,74,302,502,325,314,1091,1031,1064,161,29,156,74,194,276,158,234,574,349,25,25,26,25,183,372,283,185,635,627,540,339,63,389,384,344,253,56,377,376,336,179,32,635,563,559,204,199,4,17,49,49,44,29,11,25,25,11,25,25,28,111,31,335,576,147,234,226,247,245,151,292,102,196,136,153,134,730,427,73,14,22,16,12,18,82,93,275,136,271,198,268,191,142,48,463,64,45,56,22,25,17,59,74,291,177,196,202,257,189,78,42,730,129,25,13,25,25,6,45,22,56,25,27,12,25,126,136,380,168,218,342,284,426,320,180,65,572,116,140,109,131,141,142,39,195,273,197,125,121,72,88,151,5482,7155,4387
"G060061091020","2019-2023","CA",,,"California","06","Placer County","061","Foresthill-Back Country CCD","91020",,,,,,,,,,,,,,".",".",,,,,,,,,,,,"0600000US0606191020",,,"0606191020","Foresthill-Back Country CCD, Placer County, California",6972,5513,0,231,31,0,196,1001,939,62,6972,5812,5414,0,73,31,0,0,294,270,24,1160,99,0,158,0,0,196,707,669,38,2753,2753,2174,579,0,1426,1426,1026,400,0,1327,1327,1148,179,0,2753,2367,2205,162,162,0,0,0,0,0,0,0,0,0,0,0,0,0,0,138,248,2505,110,130,44,136,70,301,668,114,194,354,207,177,4855,2226,76,0,0,0,0,0,35,0,695,103,706,236,210,72,93,0,2629,0,0,0,35,0,0,86,111,514,186,725,335,346,276,15,0,4855,76,0,0,0,0,0,0,0,0,0,35,0,0,121,111,1068,141,289,1431,571,556,348,108,0,1023,17,87,103,43,131,48,29,54,199,0,30,14,27,0,241,62425,75370,46071,"Foresthill-Back Country CCD, Placer County, California",970,909,19,242,37,19,162,551,542,67,970,869,899,19,93,37,19,19,263,261,39,648,80,19,161,19,19,162,461,454,56,473,473,356,232,19,289,289,242,205,19,235,235,235,122,19,473,434,429,123,123,19,19,19,19,19,19,19,19,19,19,19,19,19,19,136,161,458,129,107,53,95,95,131,235,96,163,190,119,98,566,296,76,19,19,19,19,19,40,19,242,64,278,119,75,57,79,19,384,19,19,19,57,19,19,95,92,215,94,280,179,151,184,23,19,566,76,19,19,19,19,19,19,19,19,19,57,19,19,105,92,322,90,110,371,242,181,202,84,19,259,27,67,153,49,110,47,46,54,116,19,60,25,41,19,127,16804,18522,20352
"G060061091550","2019-2023","CA",,,"California","06","Placer County","061","Lake Tahoe CCD","91550",,,,,,,,,,,,,,".",".",,,,,,,,,,,,"0600000US0606191550",,,"0606191550","Lake Tahoe CCD, Placer County, California",8427,6868,78,0,215,35,576,655,468,187,8427,6780,6308,64,0,215,35,0,158,30,128,1647,560,14,0,0,0,576,497,438,59,4885,4346,3733,613,539,2647,2399,2053,346,248,2238,1947,1680,267,291,4885,3556,3152,404,209,195,0,0,0,74,74,0,0,0,0,0,0,84,131,89,951,3934,354,548,516,710,685,121,470,145,46,100,78,161,6603,3376,0,39,73,39,32,4,80,77,449,131,523,170,1140,404,91,124,3227,51,19,87,0,17,33,0,51,412,69,576,257,1231,347,60,17,6603,51,0,0,0,39,19,0,0,160,0,39,49,37,80,128,774,87,200,1099,427,2371,751,151,141,3661,86,313,210,189,415,365,25,312,528,318,144,238,117,218,183,50044,61111,36441,"Lake Tahoe CCD, Placer County, California",939,852,119,19,129,55,334,292,224,167,939,783,741,97,19,129,55,19,126,45,119,515,377,24,19,19,19,334,255,219,107,589,597,519,216,178,332,350,328,150,125,353,345,311,114,124,589,461,461,198,119,159,19,19,19,73,73,19,19,19,19,19,19,75,107,94,289,482,175,195,187,185,198,87,153,45,51,79,59,100,709,377,19,63,84,61,49,8,84,76,178,84,158,109,240,127,76,97,425,76,32,76,19,24,54,19,49,205,57,170,114,255,119,53,9,709,76,19,19,19,63,32,19,19,122,19,61,55,55,84,106,229,71,101,243,179,442,177,117,98,566,44,119,78,113,188,189,28,110,163,113,76,105,70,79,109,5337,14549,6080
"G060061091605","2019-2023","CA",,,"California","06","Placer County","061","Lincoln CCD","91605",,,,,,,,,,,,,,".",".",,,,,,,,,,,,"0600000US0606191605",,,"0606191605","Lincoln CCD, Placer County, California",107536,72208,2338,503,14697,116,4447,13227,6069,7158,107536,90874,66418,2195,71,14529,116,431,7114,1693,5421,16662,5790,143,432,168,0,4016,6113,4376,1737,46147,45892,31050,14842,255,24297,24179,15380,8799,118,21850,21713,15670,6043,137,46147,34910,31905,3005,2034,468,295,126,82,201,106,15,28,0,52,17,89,125,319,466,10020,36127,493,2598,4181,5625,4615,2262,4330,1530,2093,4385,2337,1678,71505,33607,415,0,92,112,23,134,319,388,5578,2390,5444,3684,9656,3808,1068,496,37898,724,100,164,147,37,119,163,379,5094,3375,6156,4714,11100,4058,1179,389,71505,1139,32,0,0,0,22,46,101,155,63,196,60,253,482,767,9249,1423,5765,11600,8398,20756,7866,2247,885,33560,1532,2377,881,1569,2955,2876,377,3698,6940,2325,1156,1923,1213,1259,2479,71066,86372,50870,"Lincoln CCD, Placer County, California",2012,1883,551,266,1267,51,818,1310,787,830,2012,1997,1844,526,60,1266,51,215,810,420,675,1237,975,101,257,115,32,800,838,677,390,1390,1401,1298,888,196,886,890,845,687,82,918,920,867,514,175,1390,1296,1331,437,382,184,144,87,61,100,67,27,30,32,71,25,44,82,139,142,904,1286,168,407,520,629,568,362,676,283,358,507,390,364,1387,837,145,32,75,73,29,94,164,140,538,417,532,436,724,455,287,148,858,232,117,118,92,36,73,90,136,514,498,564,573,647,484,280,137,1387,310,40,32,32,32,101,43,101,95,58,119,48,133,185,229,756,277,792,797,752,947,749,449,220,1362,297,428,226,273,474,423,128,539,588,466,210,329,282,246,402,2382,4346,3185
"G060061092645","2019-2023","CA",,,"California","06","Placer County","061","Rocklin CCD","92645",,,,,,,,,,,,,,".",".",,,,,,,,,,,,"0600000US0606192645",,,"0606192645","Rocklin CCD, Placer County, California",93939,69567,1407,393,7838,107,3496,11131,5712,5419,93939,82064,65722,1387,189,7735,89,893,6049,1471,4578,11875,3845,20,204,103,18,2603,5082,4241,841,42909,42611,29662,12949,298,23439,23253,15766,7487,186,19470,19358,13896,5462,112,42909,32073,29704,2369,1865,301,134,0,69,202,189,8,5,0,0,8,192,128,481,307,9518,33391,1152,2618,6091,5282,4318,1941,4473,1142,1578,2604,971,1221,65170,31637,139,36,27,38,55,62,223,492,5135,1893,3918,3182,9502,4486,1713,736,33533,262,10,61,35,11,186,220,440,5120,2494,4713,4072,10123,3969,1245,572,65170,401,0,12,0,0,0,34,44,44,27,46,66,248,443,932,8944,1311,4387,8631,7254,19625,8455,2958,1308,34260,1905,2253,1137,1753,3430,3407,218,2785,6777,2223,1483,1678,1508,1114,2589,68447,85207,54094,"Rocklin CCD, Placer County, California",1592,1968,468,179,969,68,598,1148,951,800,1592,1487,1894,466,116,969,63,419,902,492,710,1096,682,31,132,63,31,575,759,728,306,1486,1481,1325,879,139,914,900,870,572,109,917,909,806,670,86,1486,1358,1344,419,372,149,89,32,41,111,112,11,8,32,32,14,117,75,218,130,794,1404,236,414,650,591,569,360,576,213,360,467,253,247,1255,870,80,34,26,30,63,41,126,148,653,363,410,363,727,527,319,184,800,120,20,47,26,17,133,114,173,565,396,480,454,740,498,210,171,1255,159,32,18,32,32,32,44,37,44,35,35,64,139,174,242,830,269,556,638,657,1240,783,418,254,1469,294,361,317,340,450,464,91,363,663,326,263,273,319,213,336,3966,4807,3960
"G060061092660","2019-2023","CA",,,"California","06","Placer County","061","Roseville CCD","92660",,,,,,,,,,,,,,".",".",,,,,,,,,,,,"0600000US0606192660",,,"0606192660","Roseville CCD, Placer County, California",127051,88165,2562,558,12989,288,4911,17578,9410,8168,127051,104614,81321,2483,160,12844,244,518,7044,1748,5296,22437,6844,79,398,145,44,4393,10534,7662,2872,63196,62955,41674,21281,241,33248,33082,21477,11605,166,29948,29873,20197,9676,75,63196,48176,43997,4179,2988,514,319,265,93,539,442,0,75,22,0,131,194,159,679,618,12700,50496,1277,5354,7463,8687,6219,3673,7097,1531,2008,3433,1960,1794,91357,43912,422,158,99,181,139,223,221,631,8022,3756,6921,4415,12534,4242,1428,520,47445,512,208,212,235,232,228,310,644,7999,3713,7767,5778,13390,4610,1216,391,91357,934,94,0,11,7,124,130,84,227,112,304,371,451,531,1275,14277,1744,7469,14688,10193,25924,8852,2644,911,40874,1988,2422,856,2085,3627,3894,343,4096,7674,2788,1970,1928,1532,2244,3427,59838,71647,49769,"Roseville CCD, Placer County, California",2065,2146,497,253,1055,130,911,1378,1063,946,2065,2123,1997,483,102,1050,103,297,816,501,627,1359,1100,57,226,96,68,796,1252,1013,726,1633,1657,1621,1158,120,1104,1116,1141,807,96,945,955,896,728,78,1633,1549,1499,516,414,176,162,129,99,192,174,32,78,35,32,129,137,89,199,184,1021,1615,319,519,686,824,630,590,600,333,389,400,416,347,1612,1059,191,87,90,103,104,113,108,183,899,470,708,474,819,517,309,143,1000,209,110,125,137,125,91,142,163,803,415,632,640,834,489,243,121,1612,266,66,32,17,12,118,91,87,129,82,159,168,126,182,271,1078,317,649,1000,757,1254,779,423,198,1389,385,285,215,317,516,544,116,448,661,347,408,250,381,371,442,2392,4831,3036
"G060063090460","2019-2023","CA",,,"California","06","Plumas County","063","Chester CCD","90460",,,,,,,,,,,,,,".",".",,,,,,,,,,,,"0600000US0606390460",,,"0606390460","Chester CCD, Plumas County, California",3985,3713,13,6,2,0,10,241,99,142,3985,3478,3317,0,6,2,0,9,144,23,121,507,396,13,0,0,0,1,97,76,21,1539,1539,1391,148,0,803,803,727,76,0,736,736,664,72,0,1539,1351,1196,155,144,11,0,0,0,0,0,0,0,0,0,0,0,0,4,14,170,1369,348,234,144,115,108,1,66,11,46,59,209,28,3280,1665,108,0,0,0,0,12,0,35,291,100,485,121,335,141,20,17,1615,3,0,0,0,0,0,0,46,414,128,481,110,295,60,43,35,3280,111,0,0,0,0,0,0,0,0,0,0,0,12,0,81,633,72,228,966,231,630,201,63,52,994,5,242,13,26,58,45,0,61,215,126,72,18,46,16,51,37866,59509,31367,"Chester CCD, Plumas County, California",589,562,22,10,7,14,14,122,62,93,589,548,532,14,10,7,14,14,99,33,84,238,216,22,14,14,14,2,56,50,32,381,381,370,69,14,217,217,216,42,14,217,217,205,53,14,381,355,318,91,86,22,14,14,14,14,14,14,14,14,14,14,14,14,9,21,92,352,160,142,79,63,75,2,74,17,43,42,150,27,451,279,119,14,14,14,14,22,14,41,122,59,124,57,132,99,25,20,271,4,14,14,14,14,14,14,49,173,75,151,62,96,41,52,37,451,119,14,14,14,14,14,14,14,14,14,14,14,22,14,61,234,62,94,196,88,151,106,61,48,253,10,147,13,27,40,30,14,41,86,71,90,19,43,13,61,17368,22946,10559
"G060063090975","2019-2023","CA",,,"California","06","Plumas County","063","Feather River Canyon CCD","90975",,,,,,,,,,,,,,".",".",,,,,,,,,,,,"0600000US0606390975",,,"0606390975","Feather River Canyon CCD, Plumas County, California",414,189,0,0,0,0,0,225,0,225,414,414,189,0,0,0,0,0,225,0,225,0,0,0,0,0,0,0,0,0,0,105,105,105,0,0,0,0,0,0,0,105,105,105,0,0,105,105,105,0,0,0,0,0,0,0,0,0,0,0,0,0,0,0,0,0,0,105,0,24,0,0,0,0,49,0,32,0,0,0,349,164,0,0,0,0,0,0,0,0,122,0,12,30,0,0,0,0,185,0,0,0,0,0,0,0,0,81,0,0,55,0,49,0,0,349,0,0,0,0,0,0,0,0,0,0,0,0,0,0,0,203,0,0,12,85,0,49,0,0,49,0,0,0,0,0,0,0,0,49,0,0,0,0,0,0,-666666666,-666666666,-666666666,"Feather River Canyon CCD, Plumas County, California",358,217,14,14,14,14,14,278,14,278,358,358,217,14,14,14,14,14,278,14,278,14,14,14,14,14,14,14,14,14,14,103,103,103,14,14,14,14,14,14,14,103,103,103,14,14,103,103,103,14,14,14,14,14,14,14,14,14,14,14,14,14,14,14,14,14,14,103,14,30,14,14,14,14,58,14,50,14,14,14,295,171,14,14,14,14,14,14,14,14,165,14,19,40,14,14,14,14,168,14,14,14,14,14,14,14,14,100,14,14,61,14,58,14,14,295,14,14,14,14,14,14,14,14,14,14,14,14,14,14,14,197,14,14,19,73,14,58,14,14,58,14,14,14,14,14,14,14,14,58,14,14,14,14,14,14,-222222222,-222222222,-222222222
"G060063091135","2019-2023","CA",,,"California","06","Plumas County","063","Graeagle CCD","91135",,,,,,,,,,,,,,".",".",,,,,,,,,,,,"0600000US0606391135",,,"0606391135","Graeagle CCD, Plumas County, California",1398,1353,0,0,0,0,36,9,0,9,1398,1371,1349,0,0,0,0,22,0,0,0,27,4,0,0,0,0,14,9,0,9,291,249,244,5,42,146,104,104,0,42,145,145,140,5,0,291,223,218,5,5,0,0,0,0,0,0,0,0,0,0,0,0,0,0,5,63,228,5,29,19,92,14,6,11,0,12,10,30,0,1123,584,0,0,0,0,0,0,0,5,166,63,90,97,153,0,0,10,539,0,0,0,14,0,0,0,0,134,58,115,28,138,49,0,3,1123,0,0,0,0,0,0,0,0,0,14,0,0,0,0,5,296,4,121,205,125,291,49,0,13,353,4,88,14,0,34,16,32,41,31,8,27,16,0,11,31,46023,33125,49722,"Graeagle CCD, Plumas County, California",354,352,14,14,14,14,35,16,14,16,354,349,351,14,14,14,14,32,14,14,14,23,8,14,14,14,14,17,16,14,16,121,115,115,8,41,68,57,57,14,41,80,80,79,8,14,121,101,101,10,10,14,14,14,14,14,14,14,14,14,14,14,14,14,14,9,45,102,10,32,18,76,16,8,17,14,21,16,37,14,257,156,14,14,14,14,14,14,14,9,79,57,72,59,69,14,14,15,131,14,14,14,21,14,14,14,14,59,46,50,22,74,49,14,4,257,14,14,14,14,14,14,14,14,14,21,14,14,14,14,9,111,7,73,90,59,118,49,14,16,140,10,57,16,14,32,19,47,43,28,8,36,19,14,12,29,21710,20602,37267
"G060063091170","2019-2023","CA",,,"California","06","Plumas County","063","Greenville CCD","91170",,,,,,,,,,,,,,".",".",,,,,,,,,,,,"0600000US0606391170",,,"0606391170","Greenville CCD, Plumas County, California",1525,1314,2,3,0,0,49,157,141,16,1525,1326,1305,2,3,0,0,0,16,0,16,199,9,0,0,0,0,49,141,141,0,672,651,640,11,21,468,447,446,1,21,204,204,194,10,0,672,640,617,23,23,0,0,0,0,0,0,0,0,0,0,0,0,0,21,0,11,661,16,143,37,0,0,115,73,146,0,7,124,0,1182,676,0,0,0,0,0,6,8,20,125,35,324,60,41,57,0,0,506,0,9,0,0,0,31,0,5,71,33,220,28,47,25,1,36,1182,0,0,0,0,0,0,9,0,0,0,0,0,37,8,25,175,21,68,544,88,88,82,1,36,218,24,43,0,12,25,0,0,0,24,49,0,16,0,1,24,39193,41143,37674,"Greenville CCD, Plumas County, California",330,315,5,6,14,14,80,117,118,23,330,315,314,5,6,14,14,14,23,14,23,136,15,14,14,14,14,80,118,118,14,251,249,247,17,34,218,216,216,2,34,99,99,99,17,14,251,248,252,36,36,14,14,14,14,14,14,14,14,14,14,14,14,14,26,14,26,251,17,70,44,14,14,43,54,90,14,13,134,14,237,157,14,14,14,14,14,11,12,31,61,33,142,48,41,54,14,14,133,14,15,14,14,14,39,14,9,47,35,101,34,33,24,3,54,237,14,14,14,14,14,14,15,14,14,14,14,14,41,12,36,80,34,57,185,53,61,64,3,54,110,35,57,14,17,30,14,14,14,30,45,14,19,14,6,25,6830,14638,19822
"G060063092530","2019-2023","CA",,,"California","06","Plumas County","063","Portola CCD","92530",,,,,,,,,,,,,,".",".",,,,,,,,,,,,"0600000US0606392530",,,"0606392530","Portola CCD, Plumas County, California",5394,4591,0,221,115,52,66,349,188,161,5394,4679,4247,0,118,55,52,0,207,55,152,715,344,0,103,60,0,66,142,133,9,1600,1375,1309,66,225,839,624,605,19,215,761,751,704,47,10,1600,1404,1179,225,114,101,0,10,0,0,0,0,0,0,0,0,0,18,163,15,0,1600,320,305,123,276,102,9,71,9,23,65,274,23,4036,2075,0,0,19,5,0,35,41,56,619,202,504,279,220,75,7,13,1961,8,0,0,0,0,0,64,19,673,133,648,193,187,36,0,0,4036,8,0,0,0,0,0,0,0,19,0,5,0,35,105,75,1148,144,335,1152,472,407,111,7,13,607,43,98,54,12,55,0,0,63,156,98,7,0,5,0,16,36624,38619,33656,"Portola CCD, Plumas County, California",742,760,19,169,119,77,86,164,106,119,742,738,745,19,111,77,77,19,136,62,118,237,226,19,132,96,19,86,86,84,14,332,298,300,69,138,228,204,201,28,137,200,200,199,45,15,332,320,295,134,86,102,19,18,19,19,19,19,19,19,19,19,19,29,98,24,19,332,174,168,76,162,114,11,84,14,34,61,154,29,518,305,19,19,23,13,19,37,64,59,205,100,201,150,182,73,11,23,322,11,19,19,19,19,19,89,22,251,103,231,95,109,37,19,19,518,11,19,19,19,19,19,19,19,23,19,13,19,37,114,78,364,102,141,302,191,206,76,11,23,306,55,96,84,12,40,19,19,48,135,118,11,19,11,19,21,3179,4798,10161
"G060063092540","2019-2023","CA",,,"California","06","Plumas County","063","Quincy CCD","92540",,,,,,,,,,,,,,".",".",,,,,,,,,,,,"0600000US0606392540",,,"0606392540","Quincy CCD, Plumas County, California",6891,5911,251,111,53,4,47,514,100,414,6891,6374,5632,130,101,33,4,0,474,60,414,517,279,121,10,20,0,47,40,40,0,2732,2732,2639,93,0,1207,1207,1172,35,0,1525,1525,1467,58,0,2732,2325,2116,209,181,28,0,0,0,12,12,0,0,0,0,0,0,14,67,0,314,2418,304,687,889,124,90,0,113,0,12,187,0,12,5238,2444,22,0,0,6,0,9,12,71,938,253,355,364,305,85,24,0,2794,16,74,0,49,25,32,10,40,679,295,575,394,310,201,79,15,5238,38,0,53,0,21,0,0,0,0,4,51,25,41,22,111,1585,32,548,930,758,615,286,103,15,1091,112,133,27,67,102,79,0,106,175,155,41,11,32,0,51,50352,52379,46789,"Quincy CCD, Plumas County, California",844,817,170,91,46,8,36,217,64,207,844,796,786,111,89,39,8,19,211,59,207,240,172,136,18,30,19,36,29,29,19,575,575,564,114,19,355,355,348,38,19,352,352,352,86,19,575,550,531,166,152,47,19,19,19,22,22,19,19,19,19,19,19,25,62,19,162,563,201,268,294,77,88,19,126,19,23,195,19,22,614,356,35,19,19,8,19,25,17,72,277,104,171,205,153,63,36,19,398,21,86,19,62,40,42,25,34,279,164,219,141,123,123,78,23,614,43,19,78,19,35,19,19,19,19,8,62,40,49,28,79,434,35,214,309,283,183,147,83,23,271,109,72,40,61,92,76,19,85,117,98,46,20,34,19,49,5994,19416,10224
"G060065090253","2019-2023","CA",,,"California","06","Riverside County","065","Blythe CCD","90253",,,,,,,,,,,,,,".",".",,,,,,,,,,,,"0600000US0606590253",,,"0606590253","Blythe CCD, Riverside County, California",14017,5221,1306,197,348,31,4969,1945,1682,263,14017,6047,4114,1208,40,348,26,49,262,53,209,7970,1107,98,157,0,5,4920,1683,1629,54,5257,4795,4567,228,462,2761,2439,2324,115,322,2496,2356,2243,113,140,5257,4745,4056,689,447,27,20,40,155,112,112,0,0,0,0,0,13,0,161,39,187,5070,595,1437,1178,557,258,324,278,62,38,104,64,175,8814,4414,170,51,206,84,112,30,139,254,1390,321,754,334,389,109,38,33,4400,138,78,204,146,111,49,135,229,1118,341,887,450,270,200,5,39,8814,308,0,0,17,10,35,67,111,299,50,180,223,79,274,483,2023,485,662,1641,784,659,309,43,72,1157,80,172,57,71,48,43,56,120,109,257,18,33,0,16,77,33742,37751,30868,"Blythe CCD, Riverside County, California",523,671,434,146,272,34,652,615,587,153,523,631,552,425,35,272,30,47,148,55,129,749,352,65,142,21,12,661,593,587,56,465,405,401,102,228,309,294,291,53,193,278,269,264,78,92,465,459,466,185,151,19,26,39,118,74,74,21,21,21,21,21,23,21,100,35,83,461,152,252,292,162,92,166,95,37,29,60,48,73,496,328,95,44,210,72,66,35,77,93,264,99,168,118,118,70,42,29,348,102,48,82,113,76,44,76,180,307,115,182,117,85,95,9,45,496,178,21,21,24,18,37,47,78,205,45,169,115,52,122,197,402,205,164,257,151,139,119,42,51,247,58,83,52,59,31,48,53,65,73,107,16,30,21,19,57,1855,3631,2951
"G060065090410","2019-2023","CA",,,"California","06","Riverside County","065","Cathedral City-Palm Desert CCD","90410",,,,,,,,,,,,,,".",".",,,,,,,,,,,,"0600000US0606590410",,,"0606590410","Cathedral City-Palm Desert CCD, Riverside County, California",149330,89002,3037,1977,6802,333,18906,29273,23677,5596,149330,92615,78413,2822,312,6686,202,181,3999,627,3372,56715,10589,215,1665,116,131,18725,25274,23050,2224,61232,60658,56471,4187,574,34204,33788,31347,2441,416,27028,26870,25124,1746,158,61232,50379,43576,6803,4484,1027,1090,104,98,457,446,11,0,0,0,59,194,194,843,718,8388,52844,1243,5465,9862,12127,10201,3428,4763,890,574,1065,1388,1838,116691,58769,942,766,850,400,464,572,615,2220,12299,3816,8858,4225,12718,5521,3291,1212,57922,1143,443,1086,496,477,438,460,1505,12763,4740,9279,5545,12080,5046,1559,862,116691,2085,60,114,97,235,465,238,318,1618,303,593,941,1010,1075,3725,22494,2568,8556,18137,9770,24798,10567,4850,2074,45187,1210,2646,950,2865,4693,1717,200,4080,9620,4733,3047,2847,2360,1971,2248,41439,47609,35810,"Cathedral City-Palm Desert CCD, Riverside County, California",1127,2069,621,550,957,146,1844,2368,2465,916,1127,2093,2062,597,126,951,116,79,662,213,649,2286,1370,98,554,72,120,1837,2549,2482,635,1738,1707,1628,598,179,1196,1176,1183,397,129,1219,1210,1122,356,102,1738,1662,1667,1381,625,349,1156,69,72,195,192,18,32,32,32,48,91,106,317,186,800,1760,335,645,736,1045,957,566,689,254,154,271,347,342,1650,1279,201,248,238,130,182,195,283,364,878,542,799,512,698,446,391,229,1242,250,139,286,207,145,181,132,328,782,621,790,632,751,492,201,194,1650,365,45,96,77,107,193,106,140,393,159,193,232,272,309,532,1158,384,839,1136,824,1164,763,472,314,1289,244,327,188,402,475,262,73,405,714,409,342,420,334,313,392,1510,1618,1795
"G060065090492","2019-2023","CA",,,"California","06","Riverside County","065","Chuckwalla Valley CCD","90492",,,,,,,,,,,,,,".",".",,,,,,,,,,,,"0600000US0606590492",,,"0606590492","Chuckwalla Valley CCD, Riverside County, California",7783,2442,1079,136,163,22,3004,937,635,302,7783,3083,1596,1018,87,123,22,41,196,38,158,4700,846,61,49,40,0,2963,741,597,144,831,743,716,27,88,409,360,352,8,49,422,383,364,19,39,831,705,580,125,50,75,0,0,0,0,0,0,0,0,0,0,0,0,21,0,105,726,9,41,153,127,112,0,183,0,47,38,8,8,6643,5955,97,167,326,170,224,472,489,276,1559,346,1280,314,161,49,15,10,688,12,0,16,42,25,16,6,24,270,32,115,58,34,16,0,22,6643,109,0,0,31,69,67,0,28,314,31,181,249,488,495,300,1235,594,378,1395,372,195,65,15,32,339,22,18,13,28,15,10,0,7,109,5,14,37,21,8,32,26679,25521,27326,"Chuckwalla Valley CCD, Riverside County, California",465,384,171,60,58,18,490,234,223,136,465,316,302,166,45,47,18,44,74,28,70,409,249,32,30,26,19,482,237,221,133,235,217,213,26,66,158,131,130,12,56,119,113,107,23,40,235,208,186,116,49,80,19,19,19,19,19,19,19,19,19,19,19,19,17,19,108,209,14,31,93,54,57,19,148,19,39,33,11,11,316,229,44,65,133,68,83,103,121,92,231,84,202,86,50,31,25,14,156,14,19,24,65,25,24,8,24,125,20,53,39,24,17,19,30,316,45,19,19,25,35,38,19,22,140,24,125,88,110,121,93,280,108,85,207,89,63,35,25,35,99,24,18,14,31,16,13,19,10,45,7,16,28,20,11,35,4489,6446,7755
"G060065090520","2019-2023","CA",,,"California","06","Riverside County","065","Coachella Valley CCD","90520",,,,,,,,,,,,,,".",".",,,,,,,,,,,,"0600000US0606590520",,,"0606590520","Coachella Valley CCD, Riverside County, California",189037,61959,3673,2022,4078,192,47168,69945,65353,4592,189037,53940,43410,2793,268,3969,174,541,2785,581,2204,135097,18549,880,1754,109,18,46627,67160,64772,2388,83051,82725,79738,2987,326,45207,44963,43079,1884,244,37844,37762,36659,1103,82,83051,75780,63754,12026,8483,2133,799,297,314,378,354,24,0,0,0,121,96,173,1083,692,4728,78323,1863,6135,11917,14298,13031,7328,13249,1351,2574,2566,2198,1813,128237,62821,2245,1506,5950,1711,2944,443,1101,2820,17033,3735,6968,3352,8163,3386,862,602,65416,1987,2105,6701,1008,2898,720,1026,2335,16957,4449,7478,4550,8293,3850,816,243,128237,4232,127,242,309,692,1508,733,5549,7102,445,2274,5842,1163,2127,5155,30377,3613,8184,14446,7902,16456,7236,1678,845,27656,683,1206,609,1794,2771,1522,275,2320,6029,4004,1035,1655,1015,1132,1606,35508,40578,30657,"Coachella Valley CCD, Riverside County, California",2379,2901,1103,619,693,118,3241,4155,4065,960,2379,2461,2406,889,103,674,118,531,605,296,543,2698,1722,513,610,87,26,3215,4097,4054,807,1938,1941,1884,445,104,1558,1559,1575,338,101,1469,1476,1442,234,48,1938,1931,2122,1226,1068,535,276,163,177,116,113,29,32,32,32,117,71,85,331,269,753,1950,412,713,1001,965,1242,969,1146,300,562,494,487,378,2324,1726,454,400,847,361,526,154,218,493,1164,653,679,497,648,479,220,174,1490,391,407,909,270,526,272,219,474,1120,513,700,547,794,508,200,110,2324,721,97,238,163,214,365,258,806,1010,175,466,867,296,331,758,1683,589,816,1049,774,1095,688,293,214,1329,170,289,228,320,376,314,157,350,673,485,275,334,216,607,286,1005,1409,914
"G060065090590","2019-2023","CA",,,"California","06","Riverside County","065","Corona CCD","90590",,,,,,,,,,,,,,".",".",,,,,,,,,,,,"0600000US0606590590",,,"0606590590","Corona CCD, Riverside County, California",177472,73823,7908,1969,20517,468,44842,27945,20830,7115,177472,89560,55208,7407,252,19934,398,633,5728,842,4886,87912,18615,501,1717,583,70,44209,22217,19988,2229,85957,85616,52067,33549,341,47423,47123,26766,20357,300,38534,38493,25301,13192,41,85957,72721,65603,7118,5472,982,363,102,199,756,195,39,423,99,0,27,241,187,549,1494,9982,75975,438,4096,9330,8333,7348,3800,10293,2001,4418,9797,11828,4293,119086,58818,1749,724,1314,877,818,332,661,2149,15764,3535,8822,4959,12066,3284,980,784,60268,1978,886,1430,909,798,614,632,1921,14509,3746,8914,5742,11893,4853,724,719,119086,3727,96,113,130,234,793,244,340,2404,461,1325,1616,946,1293,4070,27515,2758,7281,17736,10701,23959,8137,1704,1503,37008,2306,2222,1313,2147,2978,3307,386,4191,7254,2475,1267,1926,985,745,3506,47388,54066,40893,"Corona CCD, Riverside County, California",2219,2823,1345,770,1570,272,2910,2198,2036,998,2219,2635,2647,1269,136,1566,275,372,835,285,817,2807,1892,266,767,350,54,2904,2028,1993,409,1708,1734,1750,1507,185,1394,1424,1326,1098,178,1219,1224,1093,1006,35,1708,1775,1755,751,655,320,176,68,122,210,95,46,119,100,32,38,124,94,191,429,785,1692,140,571,841,839,722,545,869,266,605,916,885,592,2019,1435,299,247,326,294,209,129,178,351,1183,436,799,574,1050,362,247,287,1296,307,237,282,277,276,210,171,317,914,485,779,586,861,521,194,246,2019,517,62,67,138,98,289,89,134,492,189,470,384,255,261,561,1555,424,697,1239,883,1503,682,335,406,1755,493,358,303,466,508,501,148,590,607,397,260,400,227,211,525,1049,2347,1434
"G060065090670","2019-2023","CA",,,"California","06","Riverside County","065","Desert Hot Springs CCD","90670",,,,,,,,,,,,,,".",".",,,,,,,,,,,,"0600000US0606590670",,,"0606590670","Desert Hot Springs CCD, Riverside County, California",58298,23408,3415,1451,1084,209,12350,16381,13516,2865,58298,22539,16709,3050,264,954,209,127,1226,76,1150,35759,6699,365,1187,130,0,12223,15155,13440,1715,24375,24313,21737,2576,62,12984,12928,11341,1587,56,11391,11385,10396,989,6,24375,22006,18468,3538,2824,573,141,0,0,282,282,0,0,0,0,0,12,0,231,91,1753,22622,317,837,2642,3999,4378,2210,3279,1147,1357,759,893,804,38857,19541,865,493,704,371,241,346,416,854,5901,1464,2731,1502,2430,596,434,193,19316,663,387,486,438,153,133,582,625,6635,1425,3586,1419,1649,884,178,73,38857,1528,0,61,128,308,125,258,115,1075,297,512,394,479,998,1479,10856,1680,2889,6317,2921,4079,1480,612,266,6915,208,245,380,423,479,460,12,615,1354,639,366,636,382,308,408,32244,35596,28635,"Desert Hot Springs CCD, Riverside County, California",2452,1757,865,746,386,197,2078,2364,2368,1089,2452,1443,1109,931,188,373,197,106,556,60,558,2144,1672,305,727,115,32,2062,2356,2367,897,1526,1526,1480,583,43,929,926,861,445,41,1003,1002,1012,412,9,1526,1505,1384,905,749,252,271,32,32,151,151,32,32,32,32,32,19,32,119,60,413,1480,158,253,644,898,747,523,513,335,434,264,402,301,1867,1154,358,193,329,204,191,189,199,278,688,321,476,335,574,181,263,85,1037,251,178,210,192,121,88,221,277,810,309,523,301,382,351,89,65,1867,557,32,57,84,162,108,146,115,396,146,234,276,212,296,435,1180,351,468,692,479,791,426,260,104,1164,112,90,195,169,151,176,19,176,471,211,246,284,175,129,311,1303,1553,2134
"G060065090880","2019-2023","CA",,,"California","06","Riverside County","065","Elsinore Valley CCD","90880",,,,,,,,,,,,,,".",".",,,,,,,,,,,,"0600000US0606590880",,,"0606590880","Elsinore Valley CCD, Riverside County, California",132775,56922,7878,1258,10642,158,29292,26625,19366,7259,132775,67860,43581,7441,244,10386,158,1310,4740,506,4234,64915,13341,437,1014,256,0,27982,21885,18860,3025,59880,59584,41132,18452,296,33028,32834,20717,12117,194,26852,26750,20415,6335,102,59880,50823,44322,6501,4382,1419,290,101,309,184,69,0,115,0,0,0,91,102,478,1064,7138,52742,705,3219,2928,5067,4507,2802,7764,2021,2664,6431,9419,5215,85579,41739,1625,319,1121,328,580,521,449,1588,12238,3240,7051,3564,5848,2511,548,208,43840,1784,429,767,513,643,718,570,1206,11490,3648,7092,3785,7495,3013,331,356,85579,3409,34,35,17,104,373,185,201,1687,201,640,1223,1239,1019,2794,20674,3054,6888,14143,7349,13343,5524,879,564,21787,1102,1333,728,1191,1903,1178,255,2577,4802,1245,577,1125,1100,1095,1576,45186,55529,35961,"Elsinore Valley CCD, Riverside County, California",3649,2947,1087,482,1216,121,2749,2506,2372,1269,3649,3067,2697,1049,173,1201,121,639,908,375,886,3392,1834,236,447,212,32,2713,2346,2363,748,1948,1941,1865,1087,166,1532,1498,1416,903,125,1323,1335,1146,707,81,1948,1988,1808,789,668,416,156,66,167,95,54,32,88,32,32,32,54,90,201,334,725,2008,229,733,512,728,665,523,943,488,572,663,828,689,2395,1618,312,123,320,149,250,231,145,335,1016,484,812,559,673,406,182,119,1324,366,246,206,300,236,259,228,273,864,517,695,552,847,557,136,129,2395,529,54,45,22,68,235,109,114,401,119,320,400,357,268,448,1556,587,793,1233,794,1072,732,227,179,1546,276,325,275,256,286,290,118,450,643,299,193,386,341,283,328,2024,2938,1793
"G060065091280","2019-2023","CA",,,"California","06","Riverside County","065","Hemet-San Jacinto CCD","91280",,,,,,,,,,,,,,".",".",,,,,,,,,,,,"0600000US0606591280",,,"0606591280","Hemet-San Jacinto CCD, Riverside County, California",183872,83160,13127,3215,6003,470,42590,35307,25732,9575,183872,84207,57621,12303,1238,5622,447,730,6246,810,5436,99665,25539,824,1977,381,23,41860,29061,24922,4139,68042,67741,55140,12601,301,38611,38319,29004,9315,292,29431,29422,26136,3286,9,68042,59056,50239,8817,6981,1325,346,98,67,400,266,1,53,0,80,39,196,93,848,811,6599,61443,1603,4948,8693,5848,3219,2131,7395,2247,3428,8255,7812,5864,120690,58672,2708,470,1723,652,1474,1081,1820,2940,18979,5575,9923,3746,5327,1553,530,171,62018,1997,576,1599,1013,1407,1387,1778,2195,17920,6675,10321,5436,5851,3217,433,213,120690,4705,96,0,103,310,386,151,452,2870,399,1266,2881,2468,3598,5135,31817,5082,12250,20244,9182,11178,4770,963,384,18089,883,693,418,1309,1536,980,229,1443,3484,1760,626,1473,925,421,1909,38387,44022,31737,"Hemet-San Jacinto CCD, Riverside County, California",2764,4388,1938,1067,984,369,2841,3224,3170,1185,2764,3536,3383,1932,475,940,365,465,907,260,879,4167,3468,311,828,254,29,2897,3159,3130,1040,2167,2184,2131,1286,192,1574,1579,1577,1068,192,1430,1430,1430,497,14,2167,2266,2377,925,960,360,244,88,60,134,121,3,39,32,52,61,146,70,359,333,1162,2175,369,659,1011,724,499,531,982,444,532,929,889,817,2307,1606,575,184,362,211,360,371,446,495,898,747,1008,544,619,272,199,96,1347,407,211,368,332,298,298,392,373,866,693,1011,637,637,672,183,107,2307,785,77,32,83,170,148,87,201,522,212,377,521,523,549,664,1248,643,1087,1617,823,881,713,272,132,1166,245,216,187,457,326,398,156,311,603,346,154,327,257,192,359,1334,1851,1229
"G060065091370","2019-2023","CA",,,"California","06","Riverside County","065","Idyllwild CCD","91370",,,,,,,,,,,,,,".",".",,,,,,,,,,,,"0600000US0606591370",,,"0606591370","Idyllwild CCD, Riverside County, California",12779,7976,83,324,908,0,1584,1904,1348,556,12779,9074,7271,80,111,705,0,251,656,125,531,3705,705,3,213,203,0,1333,1248,1223,25,5587,5569,4770,799,18,2877,2859,2382,477,18,2710,2710,2388,322,0,5587,4385,3281,1104,997,40,67,0,0,0,0,0,0,0,0,0,6,0,166,52,978,4609,295,506,498,401,407,287,220,49,78,916,589,363,9744,4893,100,44,71,0,0,86,140,307,1128,387,904,409,655,428,143,91,4851,88,98,107,55,9,18,36,175,1102,343,977,419,787,549,13,75,9744,188,0,24,3,0,0,115,93,85,0,55,9,104,176,482,1748,482,730,1881,828,1442,977,156,166,2892,67,137,41,211,279,204,2,249,497,127,261,194,214,259,150,38208,38492,37991,"Idyllwild CCD, Riverside County, California",1422,695,51,238,351,21,772,756,649,302,1422,797,703,50,79,267,21,346,317,97,302,1089,258,5,228,243,21,630,634,636,27,806,805,799,254,28,526,525,519,200,28,389,389,379,175,21,806,706,692,371,348,59,62,21,21,21,21,21,21,21,21,21,13,21,135,57,200,756,131,201,156,190,196,194,106,57,50,354,225,184,892,588,82,60,70,21,21,94,100,192,319,138,221,179,172,211,109,79,438,66,86,122,84,14,25,38,118,235,111,230,166,211,204,20,61,892,134,21,39,6,21,21,128,119,79,21,84,14,97,105,216,328,339,185,316,231,309,301,112,118,487,53,102,47,147,131,107,5,116,211,69,143,102,112,91,114,2813,6339,7867
"G060065091450","2019-2023","CA",,,"California","06","Riverside County","065","Jurupa CCD","91450",,,,,,,,,,,,,,".",".",,,,,,,,,,,,"0600000US0606591450",,,"0606591450","Jurupa CCD, Riverside County, California",176423,52612,10205,2084,26159,314,57384,27665,21229,6436,176423,72811,32290,10060,152,25675,258,927,3449,336,3113,103612,20322,145,1932,484,56,56457,24216,20893,3323,81617,81279,40074,41205,338,47157,46869,21553,25316,288,34460,34410,18521,15889,50,81617,71531,62142,9389,6850,1760,512,165,102,455,160,0,257,38,0,44,263,34,362,634,8294,73323,1560,2996,4880,9800,9781,5167,12947,2335,2872,8465,7551,4969,112424,56709,2450,837,2204,899,1225,586,934,3114,15896,3315,7747,3479,9999,3222,410,392,55715,2755,947,1850,539,1102,464,978,2098,13656,3748,7137,5036,10333,4046,694,332,112424,5205,41,46,115,272,705,605,975,3079,596,842,2327,1050,1912,5212,26843,2709,7063,14884,8515,20332,7268,1104,724,30753,1939,1433,457,1596,3208,2608,262,3131,6589,2160,1065,1698,612,1105,2890,47053,53934,38321,"Jurupa CCD, Riverside County, California",39,2851,1160,704,2106,238,3452,3018,2423,1882,39,2961,2361,1148,74,2060,220,450,664,208,671,2959,2227,102,695,344,54,3354,2933,2412,1633,1671,1657,1801,1747,146,1384,1363,1299,1292,128,1196,1198,1123,1087,65,1671,1815,1933,1024,951,433,203,90,97,146,79,32,123,38,32,52,129,42,169,208,995,1760,358,473,609,1093,880,650,977,457,547,817,837,852,1608,1392,543,223,422,270,305,226,210,507,970,463,829,420,811,607,184,141,1284,465,258,266,142,370,193,230,429,878,451,692,652,935,511,254,131,1608,821,35,39,94,139,206,285,305,472,242,207,518,260,352,693,1291,377,705,1173,788,1424,885,361,208,1886,649,295,202,372,598,470,142,577,636,521,302,370,212,216,737,1923,1901,2483
"G060065091530","2019-2023","CA",,,"California","06","Riverside County","065","Lake Mathews CCD","91530",,,,,,,,,,,,,,".",".",,,,,,,,,,,,"0600000US0606591530",,,"0606591530","Lake Mathews CCD, Riverside County, California",28277,11474,1297,198,1242,56,9692,4318,2705,1613,28277,13298,9440,1251,28,1222,0,278,1079,79,1000,14979,2034,46,170,20,56,9414,3239,2626,613,12273,12176,9112,3064,97,7152,7099,4940,2159,53,5121,5077,4172,905,44,12273,9835,8787,1048,575,250,205,18,0,85,0,0,63,22,0,0,61,12,96,244,1940,10333,147,423,545,1229,1567,597,1882,387,574,1204,1026,752,19331,10117,468,309,225,206,61,194,188,316,2813,718,1580,774,1414,551,168,132,9214,484,250,397,169,82,86,99,246,2275,518,1296,717,1662,710,169,54,19331,952,0,0,0,115,247,197,76,546,48,327,143,280,287,562,4417,671,1236,2876,1491,3076,1261,337,186,5149,203,370,160,428,579,318,49,410,1109,251,230,272,190,211,369,46423,54852,32551,"Lake Mathews CCD, Riverside County, California",1633,1360,600,149,419,88,1553,1118,833,587,1633,1254,1183,573,30,431,25,327,337,67,331,1838,634,62,145,32,88,1580,1056,828,456,926,952,911,464,107,612,628,577,365,89,566,564,571,251,57,926,893,917,331,247,134,203,22,25,85,25,25,80,36,25,25,72,19,81,134,458,880,104,220,194,315,343,186,446,175,215,276,253,302,1003,658,160,127,134,138,49,120,121,157,534,196,327,216,262,176,136,78,633,191,117,211,127,67,82,56,117,431,204,263,231,290,198,102,53,1003,277,25,25,25,74,132,97,52,301,75,165,82,186,146,187,719,234,289,438,318,396,292,173,95,474,97,159,95,183,270,130,56,167,300,114,105,142,107,107,159,4582,6481,5381
"G060065092060","2019-2023","CA",,,"California","06","Riverside County","065","Murrieta CCD","92060",,,,,,,,,,,,,,".",".",,,,,,,,,,,,"0600000US0606592060",,,"0606592060","Murrieta CCD, Riverside County, California",331963,184789,17435,2601,33717,1687,36057,55677,31223,24454,331963,232102,157549,16295,1456,32692,1598,2490,20022,2330,17692,99861,27240,1140,1145,1025,89,33567,35655,28893,6762,145986,145230,104616,40614,756,81997,81387,53971,27416,610,63989,63843,50645,13198,146,145986,118371,105100,13271,9899,1530,802,691,349,410,298,1,111,0,0,0,287,189,1685,1311,23733,122253,1725,9013,13910,17552,14085,4355,9857,2077,3752,11879,21298,12750,214838,104583,1449,545,570,436,464,740,875,2128,20222,8667,20857,10760,24275,9027,2423,1145,110255,2050,495,843,500,676,695,743,1537,23095,9883,19956,11755,24392,10477,2292,866,214838,3499,24,39,32,419,330,196,354,1059,246,690,1140,1435,1618,3665,38332,4985,18550,40813,22515,48667,19504,4715,2011,79528,3385,3902,1562,4350,7148,6079,848,8641,17681,5899,3135,4578,3004,2806,6510,54632,70326,38257,"Murrieta CCD, Riverside County, California",3880,4323,2071,649,2198,670,3384,3457,2893,1936,3880,4594,4081,2008,430,2140,660,897,1885,730,1635,4489,2272,424,463,381,65,3182,3392,2965,1254,3121,3126,2866,1603,237,2079,2095,1947,1444,213,1941,1939,1657,1105,69,3121,3212,2882,1078,1050,326,264,175,163,166,144,6,86,32,32,32,132,121,341,312,1368,3370,391,887,1137,1252,1210,534,908,406,527,1049,1414,954,2993,1967,321,262,236,175,255,241,230,435,1275,754,1257,889,1363,797,407,309,1862,565,194,228,190,236,206,231,309,1390,810,1354,1024,1242,776,539,196,2993,699,29,49,38,265,168,105,152,330,116,233,372,318,316,598,1949,683,1226,2086,1520,2059,1201,739,386,2574,447,560,281,579,750,720,229,785,1344,726,452,510,520,554,728,1845,1336,2268
"G060065092130","2019-2023","CA",,,"California","06","Riverside County","065","Norco CCD","92130",,,,,,,,,,,,,,".",".",,,,,,,,,,,,"0600000US0606592130",,,"0606592130","Norco CCD, Riverside County, California",24146,13751,659,108,979,15,5249,3385,2472,913,24146,14408,11859,654,35,959,15,60,826,129,697,9738,1892,5,73,20,0,5189,2559,2343,216,9963,9941,6427,3514,22,5390,5368,3162,2206,22,4573,4573,3265,1308,0,9963,8376,7405,971,729,116,43,46,37,31,0,0,20,11,0,0,55,18,172,114,1197,8766,304,573,1044,1168,675,391,1128,283,618,843,1146,593,17430,9730,218,99,220,146,239,204,325,276,3080,845,1680,784,1142,340,77,55,7700,81,133,94,82,30,26,141,229,2227,677,1126,799,1447,521,66,21,17430,299,34,18,25,35,106,14,105,209,26,202,269,230,466,505,4584,723,1522,2806,1583,2589,861,143,76,3855,199,223,128,132,417,359,41,309,702,414,123,216,161,143,288,49479,66429,37898,"Norco CCD, Riverside County, California",309,913,171,46,263,21,739,717,682,229,309,857,806,169,34,259,21,65,238,97,218,848,499,9,46,23,25,761,683,668,123,502,502,454,425,25,312,315,309,279,25,343,343,296,240,25,502,517,532,236,212,65,56,40,41,32,25,25,25,18,25,25,49,16,115,94,202,548,131,168,184,254,143,138,204,101,221,210,218,150,466,347,105,57,91,59,120,83,93,112,325,138,244,177,202,90,45,62,390,45,95,82,62,27,32,124,121,276,157,223,179,276,126,41,19,466,117,47,20,26,31,109,17,88,88,29,78,131,90,147,169,469,126,241,379,258,341,165,64,65,434,99,87,81,64,150,126,25,110,161,176,57,87,77,94,88,3426,6490,5349
"G060065092340","2019-2023","CA",,,"California","06","Riverside County","065","Palm Springs CCD","92340",,,,,,,,,,,,,,".",".",,,,,,,,,,,,"0600000US0606592340",,,"0606592340","Palm Springs CCD, Riverside County, California",44572,30595,2883,401,1988,94,2947,5664,4619,1045,44572,33431,27422,2607,246,1959,77,86,1034,218,816,11141,3173,276,155,29,17,2861,4630,4401,229,19205,18982,17703,1279,223,12279,12130,11284,846,149,6926,6852,6419,433,74,19205,13391,11619,1772,1506,159,57,47,3,270,202,45,5,16,2,6,60,95,473,249,4661,14544,407,2419,3136,2000,2003,851,1687,239,260,468,443,631,37817,23349,238,121,227,31,160,98,117,421,3637,1661,3750,1680,6364,3000,1364,480,14468,185,80,210,94,54,170,56,232,3108,1170,2469,1133,3167,1649,416,275,37817,423,0,36,61,14,8,82,10,427,27,98,214,268,173,653,5718,1027,2831,6219,2813,9531,4649,1780,755,18283,621,1015,352,1106,1856,906,106,1636,3569,1454,1167,1161,1580,1052,702,43779,48533,36663,"Palm Springs CCD, Riverside County, California",530,777,658,125,416,52,610,778,812,169,530,900,905,570,101,417,44,49,164,75,152,757,576,316,75,22,26,603,808,821,81,728,721,746,206,63,600,587,602,151,47,491,497,510,119,44,728,681,649,317,306,81,37,43,4,88,73,27,5,25,4,6,69,51,120,94,507,685,141,400,387,331,298,243,391,87,97,104,123,146,725,574,98,97,141,24,100,55,75,123,400,246,416,366,422,284,174,101,578,78,84,147,57,59,71,27,71,377,189,334,181,354,198,106,80,725,117,29,47,85,13,14,81,7,215,38,55,114,98,80,141,536,251,348,495,411,545,322,198,151,746,158,179,86,159,241,202,41,364,335,240,198,184,191,183,156,4398,4446,2648
"G060065092450","2019-2023","CA",,,"California","06","Riverside County","065","Perris Valley CCD","92450",,,,,,,,,,,,,,".",".",,,,,,,,,,,,"0600000US0606592450",,,"0606592450","Perris Valley CCD, Riverside County, California",327696,116282,33001,3834,15663,1550,100482,56884,44004,12880,327696,144302,82531,31443,425,15059,1507,2151,11186,2379,8807,183394,33751,1558,3409,604,43,98331,45698,41625,4073,138701,138448,105224,33224,253,76432,76259,54214,22045,173,62269,62189,51010,11179,80,138701,121355,105116,16239,11614,2324,1215,762,324,861,610,30,214,7,0,91,161,110,862,1087,14174,124527,1200,4584,8744,16315,14749,5817,21435,2868,6412,13655,15051,13697,210620,101897,4011,1909,3234,1361,1978,1549,2090,4540,31553,8061,16512,8459,11212,3821,792,815,108723,5357,1845,3456,1437,1569,1167,1629,3317,29623,9377,17327,10728,14650,5356,933,952,210620,9368,111,42,252,782,1600,967,1124,5566,1036,1762,3547,2716,3719,7857,53993,7183,17438,33839,19187,25862,9177,1725,1767,40733,1563,1685,782,2784,3329,1846,450,5217,8550,3451,1458,2437,1470,1629,4082,41562,48500,34912,"Perris Valley CCD, Riverside County, California",4773,4537,2471,820,1741,642,5087,3441,3167,1668,4773,4159,3242,2440,176,1659,640,676,1610,617,1477,4862,3116,529,851,322,52,5117,3266,3298,892,2850,2846,2949,1713,128,1996,1997,1951,1237,112,1705,1706,1833,944,64,2850,2942,2916,1359,1224,445,450,269,195,338,304,43,110,12,32,65,111,77,254,278,1148,2876,338,661,966,1313,1110,651,1424,515,781,1290,1107,1055,3370,1931,588,464,482,348,530,331,521,627,1473,817,1175,873,840,594,297,175,2008,820,521,551,311,362,300,332,567,1559,887,1158,933,1201,579,306,302,3370,1092,80,31,145,330,552,403,312,758,309,356,608,440,594,932,2438,778,1076,1745,1362,1531,914,363,394,2101,360,356,213,437,484,395,157,672,723,553,352,561,453,404,597,715,1278,1052
"G060065092640","2019-2023","CA",,,"California","06","Riverside County","065","Riverside CCD","92640",,,,,,,,,,,,,,".",".",,,,,,,,,,,,"0600000US0606592640",,,"0606592640","Riverside CCD, Riverside County, California",481757,164756,43923,5457,35757,2451,158340,71073,50255,20818,481757,210088,113253,42113,867,34813,2073,1977,14992,2379,12613,271669,51503,1810,4590,944,378,156363,56081,47876,8205,219214,218537,154870,63667,677,121546,121075,80483,40592,471,97668,97462,74387,23075,206,219214,190321,166136,24185,17633,3707,1648,740,457,2696,1871,8,760,57,0,286,430,1225,4162,1482,18612,200602,2828,12498,22416,26955,28682,10738,33252,5690,8499,16506,21530,11008,302150,148150,4991,1976,5568,2197,3144,1845,2648,5217,46088,8951,22819,10861,20061,7611,1894,2279,154000,4369,2383,4784,2103,3375,2158,2874,4416,41655,9872,24992,13259,22814,11243,1767,1936,302150,9360,162,206,513,1174,1744,560,1376,8976,1207,3093,6519,4003,5522,9633,79537,8206,18823,47811,24120,42875,18854,3661,4215,73833,3238,5314,2659,4445,6993,5027,677,7088,13721,5565,3276,5087,3389,2259,5095,40060,44890,34301,"Riverside CCD, Riverside County, California",3278,4763,3263,809,2023,582,4360,4036,3224,1866,3278,4354,3442,3224,269,1994,509,697,1760,947,1299,3889,3271,439,803,337,234,4316,3506,3095,1285,2944,2928,2758,2448,237,2414,2397,1901,1776,209,1772,1768,2039,1256,119,2944,3004,3085,1453,1252,618,359,231,172,446,333,13,244,45,32,184,136,268,510,361,1062,3078,449,955,1251,1538,1301,893,1687,540,744,1107,1215,923,3311,2473,564,373,648,380,492,322,433,490,1550,750,1457,925,1243,615,314,338,1923,445,443,492,361,381,345,496,499,1556,794,1328,968,1199,867,315,342,3311,809,158,107,170,475,323,168,303,819,337,462,724,505,713,745,2459,652,1225,2244,1454,1784,1162,472,544,2368,472,563,414,478,720,711,201,643,985,557,465,609,509,371,503,609,1059,806
"G060065092810","2019-2023","CA",,,"California","06","Riverside County","065","San Gorgonio Pass CCD","92810",,,,,,,,,,,,,,".",".",,,,,,,,,,,,"0600000US0606592810",,,"0606592810","San Gorgonio Pass CCD, Riverside County, California",109712,54960,7758,2239,6506,114,19515,18620,13444,5176,109712,60842,42305,7291,784,6335,47,401,3679,592,3087,48870,12655,467,1455,171,67,19114,14941,12852,2089,43100,42967,27397,15570,133,22793,22688,13665,9023,105,20307,20279,13732,6547,28,43100,37780,33333,4447,3634,403,159,192,59,439,260,18,110,51,0,33,38,59,352,369,4030,39070,1094,3169,4783,3746,2697,2303,5499,2157,2219,4860,3833,2710,73624,35605,949,288,666,248,421,351,750,1544,9974,2853,6246,3409,5209,1989,379,329,38019,859,414,572,503,300,527,897,901,9357,3456,6964,3853,5740,3028,442,206,73624,1808,45,18,70,153,293,123,311,927,165,586,721,878,1647,2445,16873,2458,6309,13210,7262,10949,5017,821,535,18314,691,937,423,936,1651,1020,222,2564,3716,1962,714,1136,768,290,1284,46155,54292,38158,"San Gorgonio Pass CCD, Riverside County, California",1392,2569,1203,450,960,86,2056,2005,1855,920,1392,1921,2002,1230,223,978,47,212,721,368,637,1994,1498,245,374,145,74,2027,1972,1815,725,1445,1429,1204,996,106,992,984,853,664,94,925,927,812,688,42,1445,1557,1466,643,578,157,80,117,54,170,136,20,114,55,32,53,38,67,136,146,595,1588,286,565,629,611,486,462,574,421,441,535,598,461,1345,1159,198,161,235,130,166,131,234,349,853,451,572,470,492,368,149,171,914,193,221,203,203,135,201,258,236,759,423,663,588,595,408,157,98,1345,275,51,29,101,155,202,81,209,243,99,253,236,252,359,456,1057,438,594,917,792,879,604,221,196,1138,205,265,185,267,384,328,185,530,541,406,253,264,207,128,275,2692,3016,2897
"G060067090870","2019-2023","CA",,,"California","06","Sacramento County","067","Elk Grove CCD","90870",,,,,,,,,,,,,,".",".",,,,,,,,,,,,"0600000US0606790870",,,"0606790870","Elk Grove CCD, Sacramento County, California",122471,40894,11315,441,41506,2469,8894,16952,7843,9109,122471,99192,36576,10765,139,40871,2413,765,7663,688,6975,23279,4318,550,302,635,56,8129,9289,7155,2134,55917,55564,47261,8303,353,28487,28198,23112,5086,289,27430,27366,24149,3217,64,55917,45462,38532,6930,4676,1342,562,180,170,666,439,13,43,171,0,65,205,246,344,621,8308,47609,625,2370,4789,6611,6317,3459,9204,1499,2847,5661,2791,1436,82149,39529,1932,173,377,322,209,258,263,1414,9164,3043,6834,3749,7962,2740,623,466,42620,2834,329,585,446,179,344,173,1306,8799,3832,6456,4222,8978,2939,855,343,82149,4766,15,22,74,133,186,72,206,756,185,583,388,602,436,2720,15355,2608,6875,13290,7971,16940,5679,1478,809,26341,1100,1786,908,1200,2949,2129,181,3014,5640,1329,688,1347,788,941,2341,48251,50089,46545,"Elk Grove CCD, Sacramento County, California",3478,2388,1559,200,1728,733,1339,1912,1638,1160,3478,3093,2079,1631,92,1710,728,503,1032,262,995,2118,874,308,163,320,58,1273,1658,1601,553,1905,1897,1745,781,251,1128,1124,1036,516,245,1267,1263,1289,464,44,1905,1815,1732,656,561,341,244,102,87,205,138,21,60,119,32,66,115,150,160,203,736,1869,166,393,684,603,758,495,733,353,431,720,501,320,1962,1123,319,98,165,119,98,116,105,299,946,419,709,450,634,478,146,160,1321,379,150,172,145,100,198,87,322,890,571,696,466,757,461,218,112,1962,571,17,36,74,97,106,53,128,212,89,167,148,227,155,459,1431,389,784,1105,708,1084,684,273,207,1546,201,275,276,267,449,349,111,442,743,255,148,190,231,222,387,2319,3045,2490
"G060067091010","2019-2023","CA",,,"California","06","Sacramento County","067","Folsom CCD","91010",,,,,,,,,,,,,,".",".",,,,,,,,,,,,"0600000US0606791010",,,"0606791010","Folsom CCD, Sacramento County, California",82140,49493,4207,324,16015,192,3013,8896,4378,4518,82140,70557,45502,4110,146,15940,192,375,4292,496,3796,11583,3991,97,178,75,0,2638,4604,3882,722,38853,38726,32722,6004,127,20560,20475,17126,3349,85,18293,18251,15596,2655,42,38853,26249,24036,2213,1564,244,173,232,0,610,243,13,24,330,0,0,0,154,451,290,11099,27754,618,3204,4062,3573,4088,1949,3858,1280,1118,2174,969,861,57576,28745,262,32,63,267,126,514,472,469,3973,1560,3480,2158,8474,5082,1109,704,28831,242,32,14,108,119,19,199,190,3665,1706,3315,3096,9610,4987,986,543,57576,504,0,0,0,34,8,22,5,72,133,242,245,533,671,659,6550,1088,3266,6795,5254,18084,10069,2095,1247,33522,2408,2444,884,1234,2779,5551,264,3112,5945,1558,1138,1371,1243,1615,1976,74448,93967,59809,"Folsom CCD, Sacramento County, California",69,1478,1072,141,1334,121,649,1129,867,772,69,1226,1497,1073,81,1342,121,188,705,214,711,1221,750,74,118,59,32,638,800,827,289,1131,1121,1054,731,78,892,892,805,510,66,932,935,816,466,42,1131,1162,1182,401,323,123,94,164,32,248,192,20,35,171,32,32,32,77,307,156,974,1152,335,433,579,472,549,279,489,331,338,373,273,213,903,763,144,32,59,118,59,125,122,187,545,322,457,427,739,496,301,184,837,121,29,22,67,90,19,118,87,441,331,479,468,645,564,210,199,903,214,32,32,32,34,13,25,9,58,81,112,111,127,192,204,689,312,514,691,675,1068,839,377,294,1343,439,413,282,272,516,524,135,437,524,286,257,236,387,286,317,3738,5399,4462
"G060067091090","2019-2023","CA",,,"California","06","Sacramento County","067","Galt CCD","91090",,,,,,,,,,,,,,".",".",,,,,,,,,,,,"0600000US0606791090",,,"0606791090","Galt CCD, Sacramento County, California",40619,23907,919,639,2315,48,7003,5788,3618,2170,40619,24949,20021,843,178,2144,48,112,1603,125,1478,15670,3886,76,461,171,0,6891,4185,3493,692,17847,17784,13136,4648,63,9780,9723,7031,2692,57,8067,8061,6105,1956,6,17847,14877,12839,2038,1149,649,77,40,123,150,150,0,0,0,0,0,99,117,186,247,2171,15676,608,1278,1088,1226,2340,1107,2675,703,1058,1599,1072,922,28152,14099,583,78,231,231,115,220,369,507,4108,966,2377,1253,2207,374,296,184,14053,377,129,151,44,42,246,95,439,4010,1517,1974,1267,2667,691,291,113,28152,960,0,0,5,52,49,101,84,298,162,113,157,466,464,946,7013,1105,2483,4351,2520,4874,1065,587,297,7265,338,765,182,423,736,384,144,955,906,716,216,222,145,321,812,45014,50910,36813,"Galt CCD, Sacramento County, California",1302,1447,403,248,529,73,1099,1204,960,814,1302,1428,1269,383,130,505,73,110,437,68,436,1294,821,69,224,203,29,1111,1097,968,511,947,948,950,530,64,725,733,696,442,63,551,550,523,323,11,947,898,812,383,299,232,61,50,151,120,120,29,29,29,29,29,64,132,97,201,554,880,162,356,304,270,395,221,443,211,282,333,247,334,1120,740,247,65,105,164,89,144,212,194,482,177,408,302,475,132,144,86,607,138,74,69,41,60,134,67,185,525,346,341,325,423,193,161,81,1120,310,29,29,7,30,55,81,61,106,150,74,103,203,220,284,695,316,390,624,506,701,241,271,120,786,229,232,106,153,252,176,101,243,202,209,103,84,89,149,193,4371,1852,5838
"G060067091416","2019-2023","CA",,,"California","06","Sacramento County","067","Isleton CCD","91416",,,,,,,,,,,,,,".",".",,,,,,,,,,,,"0600000US0606791416",,,"0606791416","Isleton CCD, Sacramento County, California",4926,2389,40,53,139,0,1687,618,532,86,4926,2604,2220,40,0,131,0,106,107,31,76,2322,169,0,53,8,0,1581,511,501,10,2332,2319,1436,883,13,1199,1199,709,490,0,1133,1120,727,393,13,2332,1814,1561,253,253,0,0,0,0,156,156,0,0,0,0,0,0,0,122,0,240,2092,122,84,95,235,328,83,218,228,68,451,93,87,3550,1656,5,42,28,9,131,0,0,34,643,122,147,104,266,97,28,0,1894,66,38,50,25,75,0,0,0,218,219,383,213,489,66,52,0,3550,71,0,0,5,0,75,0,0,78,9,25,206,0,0,34,676,185,341,530,317,755,163,80,0,1097,13,85,16,63,144,5,0,81,348,42,29,80,15,53,123,39276,43849,36944,"Isleton CCD, Sacramento County, California",664,461,62,66,114,14,625,366,364,83,664,452,428,62,14,91,14,130,85,41,81,667,117,14,66,53,14,614,361,361,12,454,451,380,180,22,297,297,212,157,14,329,326,296,112,22,454,312,301,118,118,14,14,14,14,227,227,14,14,14,14,14,14,14,119,14,146,441,121,67,68,133,168,61,130,236,49,160,67,58,515,284,10,59,42,14,87,14,14,33,236,88,94,80,119,88,27,14,305,59,58,48,41,71,14,14,14,84,106,115,131,246,52,41,14,515,60,14,14,9,14,116,14,14,85,14,41,91,14,14,33,230,91,163,151,127,307,106,49,14,360,17,84,23,62,91,27,14,50,243,30,24,65,23,65,62,8561,9299,12884
"G060067092555","2019-2023","CA",,,"California","06","Sacramento County","067","Rancho Cordova CCD","92555",,,,,,,,,,,,,,".",".",,,,,,,,,,,,"0600000US0606792555",,,"0606792555","Rancho Cordova CCD, Sacramento County, California",128340,68423,13056,1381,17751,823,10229,16677,7133,9544,128340,102214,62490,12565,339,17294,823,530,8173,780,7393,26126,5933,491,1042,457,0,9699,8504,6353,2151,59771,59431,51542,7889,340,30882,30697,25927,4770,185,28889,28734,25615,3119,155,59771,45161,39376,5785,4582,636,256,275,36,941,254,47,35,605,0,102,243,443,641,797,11443,48328,707,3519,5935,7103,8853,3900,8522,1438,1556,3386,1568,1841,87429,42344,917,188,273,283,265,263,494,1196,9335,3408,6837,4280,9736,3410,1013,446,45085,885,216,587,171,238,285,369,1119,9089,3065,8029,5725,10266,3719,876,446,87429,1802,10,47,0,17,199,131,233,627,128,326,503,548,863,2315,15309,3115,6473,14866,10005,20002,7129,1889,892,32450,1901,2151,760,1547,3161,3169,304,3162,6091,1547,1358,1763,1461,1475,2600,48970,53975,44747,"Rancho Cordova CCD, Sacramento County, California",1954,2543,1541,597,1323,280,1230,1363,883,1080,1954,2165,2496,1553,164,1322,280,233,1003,303,961,1826,998,287,560,191,32,1207,1009,856,505,1627,1636,1632,770,172,855,845,902,521,101,1183,1218,1141,459,118,1627,1622,1614,720,662,244,136,135,47,251,172,44,37,202,32,113,140,162,178,232,1052,1592,199,476,605,723,645,499,685,284,380,435,278,377,1480,916,252,123,113,182,135,126,161,279,740,403,569,453,745,354,257,148,1129,235,114,211,101,93,113,145,270,668,341,813,474,729,431,269,151,1480,418,16,55,32,26,107,124,145,213,105,173,190,150,231,428,951,417,575,1030,698,1053,578,443,228,1541,308,500,199,311,435,424,110,455,624,297,245,354,387,374,386,1483,2218,1856
"G060067092690","2019-2023","CA",,,"California","06","Sacramento County","067","Sacramento CCD","92690",,,,,,,,,,,,,,".",".",,,,,,,,,,,,"0600000US0606792690",,,"0606792690","Sacramento CCD, Sacramento County, California",1198507,556752,121144,11034,198758,14509,132657,163653,76457,87196,1198507,899100,486414,115978,3384,195687,13810,6778,77049,10136,66913,299407,70338,5166,7650,3071,699,125879,86604,66321,20283,551697,549666,450499,99167,2031,288620,287239,227483,59756,1381,263077,262427,223016,39411,650,551697,426175,374388,51787,38023,8071,3316,1757,620,8290,4595,507,532,2568,88,986,1456,4471,10643,7058,92618,459079,9023,28899,54701,76744,80557,36460,78328,14376,16900,27873,18505,16713,822718,396784,14250,1861,5201,3517,3155,4450,5490,12325,96188,29002,63563,33656,80965,26507,11602,5052,425934,15789,2218,5305,4234,3433,3617,4559,10430,88556,33367,69573,44149,89228,34761,11430,5285,822718,30039,379,192,328,648,1776,756,2119,8387,1922,5829,6588,8067,10049,22755,159298,25446,62369,133136,77805,170193,61268,23032,10337,285540,10867,22949,6949,18044,33843,20525,3948,23696,46825,16330,13767,17652,11929,15221,22995,46009,49917,41570,"Sacramento CCD, Sacramento County, California",4082,5150,3289,1288,2726,1095,4967,5612,3740,4020,4082,4225,3678,3294,419,2773,1014,1004,3666,1206,3331,3230,3353,1287,1330,506,524,4708,3744,3592,2026,4449,4453,4504,2698,430,2804,2842,2780,1838,314,2761,2749,3024,1838,211,4449,4785,4729,2237,1817,863,586,362,252,798,609,181,177,366,54,402,278,602,1025,783,2880,4796,977,1574,1898,2386,2489,1573,2592,1099,998,1493,1099,1297,2820,1596,1041,310,686,537,507,549,780,939,2530,1402,2131,1410,1837,1011,917,525,1941,958,367,718,505,535,486,677,858,2148,1482,2402,1616,2207,1432,865,627,2820,1693,133,105,169,253,322,213,478,979,485,736,841,765,1219,1265,3548,1417,2293,3340,2430,3208,1835,1279,842,4366,884,1123,629,1035,1677,1284,508,1252,1990,1150,979,1101,854,1004,1265,526,762,654
"G060067093030","2019-2023","CA",,,"California","06","Sacramento County","067","Sloughhouse CCD","93030",,,,,,,,,,,,,,".",".",,,,,,,,,,,,"0600000US0606793030",,,"0606793030","Sloughhouse CCD, Sacramento County, California",7044,5164,262,4,533,0,289,792,683,109,7044,5697,4642,262,0,516,0,27,250,141,109,1347,522,0,4,17,0,262,542,542,0,3218,3218,2586,632,0,1824,1824,1293,531,0,1394,1394,1293,101,0,3218,2549,2459,90,56,34,0,0,0,38,22,0,0,16,0,0,0,0,82,65,484,2734,116,148,123,206,143,139,690,118,8,509,89,445,5520,2737,0,0,0,0,37,127,19,0,248,362,272,332,882,362,77,19,2783,0,0,0,36,15,0,7,0,399,200,299,305,1088,261,173,0,5520,0,0,0,0,0,0,0,0,0,36,0,52,127,26,0,586,61,562,571,637,1970,623,250,19,3082,65,261,0,196,367,184,0,263,468,337,12,356,66,163,344,69516,90379,60598,"Sloughhouse CCD, Sacramento County, California",959,981,264,7,204,19,160,282,279,82,959,647,676,264,19,206,19,43,174,157,82,709,662,19,7,29,19,155,243,243,19,469,469,403,266,19,336,336,261,271,19,302,302,313,72,19,469,490,494,68,53,44,19,19,19,48,40,19,19,25,19,19,19,19,60,65,160,501,78,91,85,180,86,124,224,65,11,144,63,318,574,378,19,19,19,19,59,205,35,19,128,223,141,156,175,125,78,27,289,19,19,19,56,42,19,19,19,148,83,105,143,263,119,108,19,574,19,19,19,19,19,19,19,19,19,56,19,73,205,41,19,240,50,239,177,250,323,189,156,27,377,53,116,19,97,178,105,19,143,159,127,19,217,74,111,132,15107,28485,17821
"G060069091300","2019-2023","CA",,,"California","06","San Benito County","069","Hollister CCD","91300",,,,,,,,,,,,,,".",".",,,,,,,,,,,,"0600000US0606991300",,,"0606991300","Hollister CCD, San Benito County, California",58403,24738,622,969,2174,152,9452,20296,16705,3591,58403,20539,15716,527,110,1997,142,39,2008,267,1741,37864,9022,95,859,177,10,9413,18288,16438,1850,27398,27398,13908,13490,0,15267,15267,6988,8279,0,12131,12131,6920,5211,0,27398,23800,20310,3490,2678,730,61,21,0,275,158,42,29,0,46,0,97,112,161,190,2763,24635,764,3026,2983,2186,1587,886,2361,378,1286,2911,4166,2101,37682,18870,708,260,570,332,333,77,298,622,5939,1183,2983,1889,2631,685,228,132,18812,496,483,625,386,492,182,367,359,4390,1341,3401,2149,3143,879,77,42,37682,1204,7,38,0,123,457,118,240,955,206,512,825,259,665,981,8809,1520,2524,6384,4038,5774,1564,305,174,8321,456,859,150,584,873,767,81,717,1319,418,352,639,295,261,550,47365,59466,36360,"Hollister CCD, San Benito County, California",714,1593,118,416,364,64,1116,1806,1727,717,714,538,610,107,55,341,65,39,472,259,364,673,1410,67,414,164,16,1109,1680,1686,582,935,935,910,786,32,588,588,608,561,32,635,635,602,467,32,935,1004,1032,567,503,247,41,42,32,137,93,57,40,32,40,32,74,84,71,109,448,1008,179,510,465,424,341,265,427,130,365,447,523,358,486,321,216,116,169,161,154,52,146,168,503,239,397,294,392,161,106,83,306,169,180,208,145,177,102,155,122,498,235,430,317,422,191,36,23,486,287,14,48,32,83,191,100,154,283,121,206,272,125,265,228,676,356,348,565,455,588,283,107,91,890,187,221,71,191,240,180,53,185,265,98,144,178,112,101,162,2415,4591,2484
"G060069092760","2019-2023","CA",,,"California","06","San Benito County","069","San Benito-Bitterwater CCD","92760",,,,,,,,,,,,,,".",".",,,,,,,,,,,,"0600000US0606992760",,,"0606992760","San Benito-Bitterwater CCD, San Benito County, California",838,718,4,1,0,0,33,82,50,32,838,733,692,4,1,0,0,2,34,2,32,105,26,0,0,0,0,31,48,48,0,360,360,258,102,0,212,212,139,73,0,148,148,119,29,0,360,287,282,5,5,0,0,0,0,2,2,0,0,0,0,0,0,0,29,1,41,319,15,53,43,23,0,35,13,9,40,21,55,12,581,298,2,0,0,3,2,6,0,0,97,25,67,8,35,42,6,5,283,2,0,7,3,0,0,1,0,61,12,31,21,96,29,15,5,581,4,0,0,0,0,0,0,0,7,0,6,2,6,1,0,143,15,37,98,29,131,71,21,10,256,1,71,6,17,21,2,0,8,24,27,39,2,1,31,6,65707,95341,45938,"San Benito-Bitterwater CCD, San Benito County, California",197,180,10,2,14,14,20,58,44,40,197,184,175,10,2,14,14,4,40,4,40,51,19,14,14,14,14,19,43,43,14,109,109,83,46,14,63,63,50,42,14,57,57,52,17,14,109,100,99,10,10,14,14,14,14,5,5,14,14,14,14,14,14,14,20,3,22,100,11,43,26,22,14,39,12,9,26,16,45,7,127,72,3,14,14,5,5,10,14,14,32,17,35,7,24,42,8,4,66,3,14,7,6,14,14,2,14,29,9,16,18,49,17,21,4,127,7,14,14,14,14,14,14,14,7,14,10,5,10,2,14,46,11,20,43,20,55,44,22,6,105,2,68,9,16,11,3,14,10,13,18,28,3,2,28,9,13496,24180,15821
"G060069092840","2019-2023","CA",,,"California","06","San Benito County","069","San Juan Bautista CCD","92840",,,,,,,,,,,,,,".",".",,,,,,,,,,,,"0600000US0606992840",,,"0606992840","San Juan Bautista CCD, San Benito County, California",6815,4368,57,259,114,0,828,1189,891,298,6815,4001,3578,38,57,105,0,0,223,0,223,2814,790,19,202,9,0,828,966,891,75,3246,3246,1336,1910,0,1822,1822,694,1128,0,1424,1424,642,782,0,3246,2707,2501,206,142,64,0,0,0,0,0,0,0,0,0,0,0,0,32,115,392,2854,78,288,237,323,459,274,329,17,167,176,401,105,5187,2753,39,0,158,29,15,77,7,53,401,206,752,260,468,254,12,22,2434,19,12,0,11,153,10,12,72,541,191,232,260,636,180,77,28,5187,58,0,0,0,0,12,0,18,140,20,20,168,87,19,125,778,164,397,984,520,1104,434,89,50,1733,45,264,37,113,165,92,0,88,303,150,71,102,100,134,69,49328,57625,40593,"San Juan Bautista CCD, San Benito County, California",752,665,41,266,73,19,462,382,372,130,752,567,550,36,54,74,19,19,104,19,104,676,420,22,260,15,19,462,381,372,69,525,525,322,377,19,334,334,207,235,19,291,291,186,243,19,525,456,469,75,67,60,19,19,19,19,19,19,19,19,19,19,19,19,36,89,143,490,56,182,154,149,185,122,153,27,121,127,218,57,510,322,42,19,92,29,19,73,11,52,166,143,234,109,145,101,19,31,317,32,20,19,17,101,15,16,65,227,106,86,112,190,88,73,31,510,57,19,19,19,19,20,19,30,85,24,33,104,71,25,105,266,105,187,243,178,255,134,76,59,312,41,127,37,75,99,61,19,65,112,91,59,69,73,130,63,5797,9321,6274
"G060071090188","2019-2023","CA",,,"California","06","San Bernardino County","071","Barstow CCD","90188",,,,,,,,,,,,,,".",".",,,,,,,,,,,,"0600000US0607190188",,,"0607190188","Barstow CCD, San Bernardino County, California",42823,20586,5572,988,1125,665,4741,9146,5318,3828,42823,25428,14834,5391,336,1055,645,136,3031,184,2847,17395,5752,181,652,70,20,4605,6115,5134,981,15686,15669,14700,969,17,8532,8515,7868,647,17,7154,7154,6832,322,0,15686,14085,11854,2231,1215,365,156,290,205,75,75,0,0,0,0,0,14,36,615,151,710,14976,649,2388,2170,1826,664,459,1391,273,707,2043,1522,884,27866,13505,148,73,151,76,229,357,355,513,4898,1215,2837,1186,909,444,94,20,14361,279,105,35,166,233,392,414,505,3860,1604,3206,1526,1287,612,43,94,27866,427,0,23,13,40,55,47,40,146,24,218,462,749,769,1018,7825,933,2819,6043,2712,2196,1056,137,114,3693,149,246,111,347,284,217,15,222,794,388,33,114,231,38,504,39972,48729,32856,"Barstow CCD, San Bernardino County, California",1691,2120,1054,423,426,382,1290,1364,1012,1036,1691,1790,1522,1067,147,427,378,123,946,132,955,1700,1103,132,384,65,22,1254,1098,1021,420,1160,1156,1002,344,28,855,850,729,312,28,714,714,708,152,29,1160,1104,957,585,327,184,113,278,137,63,63,29,29,29,29,29,19,54,210,131,233,1110,298,418,421,424,276,232,401,129,246,483,496,247,1510,1018,108,48,119,64,129,203,182,175,677,281,544,314,228,203,117,27,869,129,89,31,138,128,155,133,209,431,477,527,426,271,224,46,83,1510,197,29,36,20,54,72,40,52,117,42,150,172,265,257,294,777,244,512,814,518,396,356,129,87,562,88,156,91,187,164,160,27,133,314,163,36,78,224,48,173,4086,3125,4955
"G060071090220","2019-2023","CA",,,"California","06","San Bernardino County","071","Big Bear CCD","90220",,,,,,,,,,,,,,".",".",,,,,,,,,,,,"0600000US0607190220",,,"0607190220","Big Bear CCD, San Bernardino County, California",25718,19954,193,330,486,63,924,3768,2712,1056,25718,19916,17802,180,131,486,63,54,1200,241,959,5802,2152,13,199,0,0,870,2568,2471,97,11049,10976,9751,1225,73,6150,6104,5358,746,46,4899,4872,4393,479,27,11049,8675,7712,963,712,250,0,0,1,59,26,0,33,0,0,0,0,0,290,105,1920,9129,349,1616,1462,1606,645,242,715,130,288,368,791,917,18322,9427,221,20,113,39,75,121,196,84,2290,592,1729,882,2065,685,183,132,8895,33,8,57,4,157,183,68,88,1915,533,2058,974,1852,810,107,48,18322,254,0,0,0,2,8,18,17,153,11,32,232,304,264,172,3967,238,1125,3787,1856,3917,1495,290,180,6179,192,365,163,524,491,361,59,1018,983,648,241,252,319,201,362,45762,51256,35780,"Big Bear CCD, San Bernardino County, California",1345,1339,162,159,241,73,365,734,620,391,1345,1324,1364,162,117,241,73,44,409,108,380,1010,690,17,118,25,25,370,616,597,93,813,820,836,243,81,639,631,625,166,71,392,401,422,166,45,813,775,679,259,246,113,25,25,2,39,40,25,10,25,25,25,25,25,230,75,312,770,134,343,371,345,250,122,287,100,137,148,190,247,925,639,139,29,88,35,58,87,144,69,344,169,268,198,385,147,82,70,517,30,8,58,8,93,106,51,68,289,148,361,257,330,205,63,40,925,145,25,25,25,6,8,29,20,129,17,34,119,134,148,104,466,121,236,489,349,518,288,108,80,630,96,140,76,142,243,147,52,291,184,217,132,101,128,78,123,3997,5126,6527
"G060071091513","2019-2023","CA",,,"California","06","San Bernardino County","071","Lake Arrowhead CCD","91513",,,,,,,,,,,,,,".",".",,,,,,,,,,,,"0600000US0607191513",,,"0607191513","Lake Arrowhead CCD, San Bernardino County, California",22621,15883,647,171,476,76,1152,4216,3213,1003,22621,16803,14433,561,152,476,76,129,976,169,807,5818,1450,86,19,0,0,1023,3240,3044,196,9529,9507,8125,1382,22,5627,5627,4851,776,0,3902,3880,3274,606,22,9529,7000,6532,468,423,44,0,1,0,0,0,0,0,0,0,0,0,0,258,83,2188,7341,167,743,1150,885,297,146,598,254,363,673,1073,992,16103,8021,44,50,98,25,22,17,149,155,1870,462,1843,661,1627,710,188,100,8082,0,10,136,49,22,48,137,253,1585,514,1761,1004,1626,662,65,210,16103,44,12,0,0,38,10,0,64,170,43,31,44,65,286,408,3181,274,976,3604,1665,3253,1372,253,310,5297,290,279,163,287,301,359,215,617,809,456,273,322,416,195,315,45989,52783,37517,"Lake Arrowhead CCD, San Bernardino County, California",1997,1470,347,90,279,94,559,952,859,355,1997,1727,1436,303,90,279,94,178,364,145,329,1153,430,123,17,25,25,537,821,822,114,983,979,1004,271,39,697,697,713,204,25,515,514,487,162,39,983,762,758,221,217,46,25,2,25,25,25,25,25,25,25,25,25,25,214,60,474,827,114,233,458,237,155,88,284,132,170,233,238,286,1188,662,67,62,60,33,28,18,88,176,375,215,344,162,309,237,151,64,702,25,12,72,46,27,32,94,210,345,168,376,253,294,164,55,187,1188,67,18,25,25,60,12,25,57,78,45,35,55,36,134,372,549,124,286,495,289,455,283,163,189,638,128,156,111,162,127,134,304,186,212,168,172,125,193,113,168,7974,9180,6081
"G060071092040","2019-2023","CA",,,"California","06","San Bernardino County","071","Mount Baldy-Wrightwood CCD","92040",,,,,,,,,,,,,,".",".",,,,,,,,,,,,"0600000US0607192040",,,"0607192040","Mount Baldy-Wrightwood CCD, San Bernardino County, California",6621,5085,17,153,382,67,434,483,321,162,6621,5561,4799,17,0,382,67,48,248,86,162,1060,286,0,153,0,0,386,235,235,0,2837,2813,2240,573,24,1573,1549,1122,427,24,1264,1264,1118,146,0,2837,2296,2205,91,47,44,0,0,0,0,0,0,0,0,0,0,0,0,48,51,442,2395,38,299,216,177,197,29,278,100,234,388,232,207,5201,2730,54,0,0,81,37,10,16,14,429,180,573,336,533,172,148,147,2471,24,0,10,31,0,0,17,5,672,162,315,312,475,391,0,57,5201,78,0,0,0,0,0,0,0,10,0,112,37,10,33,19,1061,40,342,888,648,1008,563,148,204,1938,11,78,102,51,221,159,25,171,295,252,168,241,44,52,68,54583,71291,43145,"Mount Baldy-Wrightwood CCD, San Bernardino County, California",779,808,17,155,240,84,322,235,184,138,779,801,796,17,19,240,84,55,189,109,138,376,159,19,155,19,19,310,152,152,19,393,393,401,212,35,240,239,226,155,35,307,307,301,93,19,393,330,334,60,41,46,19,19,19,19,19,19,19,19,19,19,19,19,68,58,259,335,45,169,151,105,116,24,130,120,135,189,118,106,603,307,61,19,19,114,53,11,25,16,141,79,163,169,216,110,114,122,391,37,19,13,49,19,19,24,9,316,79,129,143,157,191,19,48,603,89,19,19,19,19,19,19,19,13,19,162,53,11,34,23,339,50,114,238,238,284,197,114,133,423,12,66,86,53,143,116,40,115,154,156,110,161,30,41,59,14649,33346,8701
"G060071092080","2019-2023","CA",,,"California","06","San Bernardino County","071","Needles CCD","92080",,,,,,,,,,,,,,".",".",,,,,,,,,,,,"0600000US0607192080",,,"0607192080","Needles CCD, San Bernardino County, California",6595,4661,159,636,39,3,154,943,654,289,6595,4907,3902,159,544,39,3,0,260,35,225,1688,759,0,92,0,0,154,683,619,64,1932,1460,1358,102,472,1080,869,788,81,211,852,591,570,21,261,1932,1781,1627,154,110,21,0,23,0,5,0,0,0,0,5,0,0,0,30,5,111,1821,247,520,276,254,74,38,200,17,22,50,38,85,5141,2666,43,0,16,10,123,92,303,143,926,225,470,95,163,38,19,0,2475,20,0,52,7,17,12,83,94,760,193,686,292,200,59,0,0,5141,63,0,0,0,0,0,0,0,68,11,6,140,104,386,237,1476,210,418,1156,387,363,97,19,0,526,39,25,0,0,17,31,4,55,148,43,32,50,39,27,16,37139,43968,32558,"Needles CCD, San Bernardino County, California",257,420,154,190,48,5,109,339,373,144,257,381,398,154,178,48,5,19,140,50,138,331,235,19,51,19,19,109,351,364,51,254,212,197,69,121,160,145,159,62,80,168,153,150,16,73,254,237,231,86,77,33,19,32,19,7,19,19,19,19,7,19,19,19,36,9,56,247,98,143,86,109,67,36,105,20,24,40,29,59,306,226,35,19,23,11,160,72,208,71,160,123,147,50,93,64,18,19,214,23,19,64,10,12,15,69,50,139,74,222,124,69,34,19,19,306,42,19,19,19,19,19,19,19,74,11,10,161,75,217,88,213,80,140,279,138,114,74,18,19,199,60,22,19,19,26,23,6,68,81,32,35,28,39,45,17,6087,6169,7557
"G060071092102","2019-2023","CA",,,"California","06","San Bernardino County","071","Newberry Springs-Baker CCD","92102",,,,,,,,,,,,,,".",".",,,,,,,,,,,,"0600000US0607192102",,,"0607192102","Newberry Springs-Baker CCD, San Bernardino County, California",12298,7893,1255,42,412,153,390,2153,1479,674,12298,8626,6464,931,34,412,153,0,632,68,564,3672,1429,324,8,0,0,390,1521,1411,110,6469,6464,6340,124,5,4569,4564,4483,81,5,1900,1900,1857,43,0,6469,5138,4201,937,716,128,31,56,6,0,0,0,0,0,0,0,12,113,759,19,428,6041,1084,3205,627,222,135,65,172,114,57,123,74,163,6204,3489,79,4,17,19,11,0,49,11,911,420,823,417,584,124,0,20,2715,26,0,0,25,0,0,79,89,598,322,687,269,444,154,18,4,6204,105,0,0,0,0,0,4,0,17,0,44,11,0,128,100,1307,202,742,1510,686,1028,278,18,24,1467,38,74,11,244,214,11,13,188,248,41,42,70,10,123,140,33080,37056,23626,"Newberry Springs-Baker CCD, San Bernardino County, California",1217,1055,476,51,188,200,221,606,524,308,1217,1120,1039,370,50,188,200,21,284,106,268,642,397,241,8,21,21,221,533,536,94,731,731,710,110,8,514,515,514,95,8,453,453,442,51,21,731,678,536,396,377,98,38,65,13,21,21,21,21,21,21,21,24,88,206,18,204,681,320,469,245,121,124,90,108,97,45,68,54,121,756,437,93,7,21,30,18,21,47,18,263,244,260,214,191,84,21,37,430,39,21,21,29,21,21,52,66,212,169,233,144,189,97,20,9,756,131,21,21,21,21,21,7,21,21,21,41,18,21,70,72,353,121,363,386,286,291,131,20,38,383,44,59,16,118,123,23,19,110,152,48,48,59,16,97,93,3643,4797,4668
"G060071092260","2019-2023","CA",,,"California","06","San Bernardino County","071","Ontario CCD","92260",,,,,,,,,,,,,,".",".",,,,,,,,,,,,"0600000US0607192260",,,"0607192260","Ontario CCD, San Bernardino County, California",663594,236995,44825,8196,106772,1157,137170,128479,100398,28081,663594,329223,156329,42228,1110,104187,797,3190,21382,3419,17963,334371,80666,2597,7086,2585,360,133980,107097,96979,10118,317694,316732,200205,116527,962,171829,171227,103733,67494,602,145865,145505,96472,49033,360,317694,271302,238263,33039,22128,7157,2123,1117,514,3311,1831,266,1062,152,0,185,563,981,2675,3271,35406,282288,3719,17110,30134,37027,39998,18468,40705,9404,13256,27319,30456,14692,448032,218620,6683,1530,4659,1856,2674,2461,3444,8215,49458,16345,34727,19361,44906,15472,3825,3004,229412,7258,2002,4998,1956,2613,2107,3203,6464,51412,16354,32194,22608,48681,21687,3359,2516,448032,13941,241,126,185,681,1176,1123,1181,8476,991,2821,5287,4568,6647,14679,89012,11858,32699,66921,41969,93587,37159,7184,5520,151248,7946,9492,3596,9278,12954,12281,1564,14515,34472,9868,5351,8122,5280,5453,11076,46629,53461,40247,"Ontario CCD, San Bernardino County, California",2284,4871,2625,1308,2678,373,5067,5019,5001,2203,2284,5138,3801,2600,291,2713,290,1005,1842,752,1653,5082,4069,702,1268,620,245,5022,4881,4790,1430,3630,3645,3354,3064,240,2666,2686,2244,1896,179,2574,2574,2306,2024,147,3630,3854,3798,1554,1269,990,430,284,214,403,341,136,253,68,32,82,174,287,598,560,1824,3630,512,1268,1472,1796,1978,1442,1910,802,1055,1410,1356,961,3052,2047,644,284,571,280,447,394,464,795,1667,1143,1369,1244,1777,906,535,392,2403,640,409,577,295,420,371,423,661,1908,989,1509,1187,1778,1225,408,382,3052,1075,114,84,99,234,260,324,308,753,230,347,692,564,651,1233,2896,943,1591,2191,1814,3011,1732,675,571,3906,784,805,540,731,1048,1084,308,1080,1711,835,630,798,619,571,899,829,1213,800
"G060071092770","2019-2023","CA",,,"California","06","San Bernardino County","071","San Bernardino CCD","92770",,,,,,,,,,,,,,".",".",,,,,,,,,,,,"0600000US0607192770",,,"0607192770","San Bernardino CCD, San Bernardino County, California",860494,260589,75795,10703,50521,3119,315468,144299,114079,30220,860494,294345,142682,72606,1668,48494,2822,4221,21852,2712,19140,566149,117907,3189,9035,2027,297,311247,122447,111367,11080,379210,378149,293282,84867,1061,210291,209463,154195,55268,828,168919,168686,139087,29599,233,379210,330294,287668,42626,31604,6522,2077,1709,714,4182,2678,251,988,131,134,586,926,542,5193,3240,34247,344963,5176,22066,44134,56521,56518,20650,51730,8102,11286,20912,28860,19008,542328,266922,10765,4469,10526,4391,8756,5264,7974,11174,86110,15550,37952,16270,30876,11069,3397,2379,275406,10592,5121,9722,4393,7808,5927,7400,8803,80417,16634,39996,21406,35831,15549,3505,2302,542328,21357,409,270,1020,1749,3886,2256,3140,17108,2654,6130,16564,11191,15374,19977,148741,17786,32184,77948,37676,66707,26618,6902,4681,110580,5309,7634,2703,6621,9116,6167,888,13686,20692,9420,5045,6763,3781,3273,9482,38445,43165,33837,"San Bernardino CCD, San Bernardino County, California",4013,6845,3215,1482,2373,749,7296,5995,6180,2217,4013,4702,3786,3352,437,2234,679,792,2140,1039,1814,5644,5687,852,1339,509,229,7262,5909,6085,1340,4121,4119,4277,2718,330,2459,2485,2577,2059,321,2836,2846,3027,1455,94,4121,4615,4394,2320,1842,902,447,501,303,555,459,147,262,109,92,341,310,176,825,615,2228,4470,685,1567,2006,2088,2101,1192,2338,759,942,1373,1552,1728,3115,2349,899,535,852,580,781,663,821,973,2568,1096,1510,1117,1693,833,458,375,2460,808,597,822,548,672,746,838,985,2410,1114,1559,1104,1397,1189,435,396,3115,1348,182,136,239,427,452,413,450,1241,396,746,1118,963,1225,1466,3771,1394,1673,2235,1686,2352,1567,687,595,3136,667,645,403,755,869,614,226,914,1135,953,646,740,567,488,684,632,835,614
"G060071092955","2019-2023","CA",,,"California","06","San Bernardino County","071","Searles Valley CCD","92955",,,,,,,,,,,,,,".",".",,,,,,,,,,,,"0600000US0607192955",,,"0607192955","Searles Valley CCD, San Bernardino County, California",2063,1568,38,40,21,0,132,264,122,142,2063,1652,1412,38,8,21,0,30,143,4,139,411,156,0,32,0,0,102,121,118,3,666,658,393,265,8,376,372,204,168,4,290,286,189,97,4,666,573,499,74,60,5,9,0,0,0,0,0,0,0,0,0,0,4,24,0,65,601,131,137,102,32,0,36,94,4,25,5,19,16,1325,680,5,0,0,0,0,0,40,29,281,72,107,65,51,22,0,8,645,7,0,0,21,0,7,15,43,195,78,122,88,54,15,0,0,1325,12,0,0,0,0,0,0,0,0,11,10,0,7,55,72,401,75,150,229,153,105,37,0,8,170,21,0,9,9,24,6,5,3,17,25,19,4,4,6,18,43030,57500,23973,"Searles Valley CCD, San Bernardino County, California",361,344,37,32,19,14,93,148,75,108,361,295,308,37,12,19,14,54,107,7,107,178,113,14,29,14,14,75,75,75,5,159,160,152,101,8,107,107,99,70,6,75,76,75,47,5,159,160,121,69,69,8,11,14,14,14,14,14,14,14,14,14,14,5,21,14,41,164,119,54,50,31,14,44,54,5,25,7,22,13,190,103,7,14,14,14,14,14,39,18,78,42,41,41,31,17,14,10,119,9,14,14,24,14,10,14,29,60,37,58,79,31,14,14,14,190,12,14,14,14,14,14,14,14,14,18,16,14,10,38,35,97,45,64,79,82,37,22,14,10,51,24,14,10,8,17,7,8,5,15,26,15,6,7,9,17,11206,18966,7531
"G060071093482","2019-2023","CA",,,"California","06","San Bernardino County","071","Twentynine Palms-Yucca Valley CCD","93482",,,,,,,,,,,,,,".",".",,,,,,,,,,,,"0600000US0607193482",,,"0607193482","Twentynine Palms-Yucca Valley CCD, San Bernardino County, California",73014,46784,4156,1340,2126,813,3190,14605,8415,6190,73014,55055,41666,3930,906,2048,754,236,5515,667,4848,17959,5118,226,434,78,59,2954,9090,7748,1342,32892,32834,27545,5289,58,20252,20236,17025,3211,16,12640,12598,10520,2078,42,32892,25627,22780,2847,2081,426,234,26,80,165,145,0,0,20,0,12,159,25,2807,274,3823,29069,2468,6691,4993,3391,2029,659,2370,868,712,2005,1700,1183,45766,23157,261,149,91,189,410,304,583,431,6809,2152,5413,1628,3387,1084,126,140,22609,255,84,96,214,165,283,552,305,5271,2602,5152,2286,3418,1384,302,240,45766,516,0,0,30,102,77,24,9,178,81,322,575,587,1135,736,10211,1869,4754,10565,3914,6805,2468,428,380,10797,297,567,209,764,1085,331,140,1089,2200,659,689,771,895,257,844,34592,36885,32650,"Twentynine Palms-Yucca Valley CCD, San Bernardino County, California",1885,1867,788,386,406,340,626,1628,1301,1441,1885,2361,1763,743,329,395,342,162,1360,404,1328,1654,946,227,176,93,57,600,1458,1271,629,1351,1349,1232,683,50,964,964,901,530,20,802,799,770,363,45,1351,1467,1452,448,385,194,124,30,58,100,96,32,32,43,32,20,98,35,454,123,670,1411,453,595,685,546,518,249,437,257,270,464,362,271,1291,886,117,96,65,160,218,150,277,129,640,370,608,268,584,265,70,69,905,137,76,53,131,89,138,205,122,530,500,554,339,528,246,137,119,1291,162,32,32,51,87,56,36,15,89,78,188,237,198,339,190,829,376,710,897,438,835,372,152,147,1112,139,194,107,401,270,171,51,213,413,178,183,249,269,117,215,1380,2792,2100
"G060071093555","2019-2023","CA",,,"California","06","San Bernardino County","071","Victorville-Hesperia CCD","93555",,,,,,,,,,,,,,".",".",,,,,,,,,,,,"0600000US0607193555",,,"0607193555","Victorville-Hesperia CCD, San Bernardino County, California",417543,199673,41660,5301,13481,1215,64928,91285,71114,20171,417543,197748,126556,39949,1100,12614,994,2116,14419,1665,12754,219795,73117,1711,4201,867,221,62812,76866,69449,7417,150776,149922,127079,22843,854,84152,83444,68051,15393,708,66624,66478,59028,7450,146,150776,133756,115163,18593,12240,3494,1070,1238,551,789,522,42,213,12,0,78,53,9,944,2062,13085,137691,2652,8774,16364,16080,12912,5811,12256,2685,3772,16795,21095,18495,255378,126145,3920,767,2906,2668,2057,2588,4942,7142,43024,11548,19100,10060,9694,4339,701,689,129233,3877,835,2742,2087,2352,2084,3813,5198,38346,13106,20899,13357,13111,5963,905,558,255378,7797,23,70,247,268,680,314,832,4816,1730,3025,4409,4672,8755,12340,70546,10824,24654,39999,23417,22805,10302,1606,1247,38131,1730,1583,664,3387,2454,1941,392,4189,7008,4480,1314,3230,1079,1008,3672,37347,45178,30499,"Victorville-Hesperia CCD, San Bernardino County, California",3303,5464,2889,937,1805,555,4489,5667,5085,2368,3303,5176,4118,2890,365,1732,467,676,1898,484,1838,5291,4470,540,914,350,213,4575,5442,5054,1316,3400,3417,3238,1527,232,2506,2516,2293,1287,236,2200,2206,2087,870,97,3400,3120,2961,1636,1097,818,448,462,234,426,294,50,306,38,32,61,49,14,335,522,1082,3255,541,1010,1291,1232,1112,816,1358,604,536,1433,1284,1210,3171,2216,458,214,514,508,404,516,670,894,1929,1127,1129,942,842,544,228,233,1925,491,238,464,404,529,421,708,642,1842,1031,1014,1035,1053,659,235,230,3171,732,41,80,104,115,181,163,271,747,385,518,732,657,1052,1147,2809,790,1828,1445,1548,1353,853,325,337,1828,364,317,215,534,437,348,181,670,686,589,304,586,252,268,629,1020,1776,1511
"G060071093850","2019-2023","CA",,,"California","06","San Bernardino County","071","Yucaipa CCD","93850",,,,,,,,,,,,,,".",".",,,,,,,,,,,,"0600000US0607193850",,,"0607193850","Yucaipa CCD, San Bernardino County, California",54432,35984,933,415,1936,135,6834,8195,5742,2453,54432,34861,29770,823,115,1877,135,342,1799,342,1457,19571,6214,110,300,59,0,6492,6396,5400,996,23044,23044,17166,5878,0,12572,12572,8755,3817,0,10472,10472,8411,2061,0,23044,20255,17540,2715,1826,456,163,249,21,0,0,0,0,0,0,0,0,16,183,302,2288,20756,250,1292,1782,2316,3355,1470,3766,500,1428,2010,1513,1074,35573,17268,388,86,317,88,154,210,304,424,4957,1152,2943,1460,2732,1434,439,180,18305,292,133,437,57,201,91,181,452,4639,1716,3596,1889,2605,1715,79,222,35573,680,17,0,0,37,153,12,111,643,106,39,355,301,485,876,8570,1026,2868,6539,3349,5337,3149,518,402,10195,450,513,199,654,1452,625,42,1365,1394,858,333,861,382,192,875,45912,53298,36839,"Yucaipa CCD, San Bernardino County, California",280,1690,473,216,740,110,1294,1472,1158,692,280,1698,1384,441,79,746,110,337,542,164,521,1713,1270,138,199,73,32,1307,1467,1149,577,972,972,1009,682,32,760,760,852,676,32,767,767,757,334,32,972,1089,1126,601,488,237,87,272,36,32,32,32,32,32,32,32,32,24,94,152,624,1117,123,267,372,509,572,384,713,207,358,496,310,431,932,674,237,87,183,74,113,117,172,178,678,326,418,322,566,441,221,98,768,126,115,277,74,94,67,94,285,642,349,494,394,441,349,46,167,932,291,21,32,32,47,138,18,108,351,94,38,166,115,209,326,1088,245,509,735,522,678,629,238,197,1322,180,153,96,230,480,320,42,324,473,221,133,247,237,126,298,3002,5025,4722
"G060073090030","2019-2023","CA",,,"California","06","San Diego County","073","Alpine CCD","90030",,,,,,,,,,,,,,".",".",,,,,,,,,,,,"0600000US0607390030",,,"0607390030","Alpine CCD, San Diego County, California",16467,12903,310,27,470,59,1004,1694,1028,666,16467,13127,11747,275,13,458,57,67,510,18,492,3340,1156,35,14,12,2,937,1184,1010,174,7250,7209,7198,11,41,3776,3770,3759,11,6,3474,3439,3439,0,35,7250,6363,5924,439,274,85,71,9,0,50,50,0,0,0,0,0,62,0,56,10,709,6541,195,568,613,257,887,639,1129,492,409,704,599,49,11597,5665,112,25,0,0,28,62,39,158,1310,749,1033,500,1192,316,82,59,5932,31,0,0,0,7,25,30,51,1145,532,1424,631,1309,503,121,123,11597,143,0,0,0,0,25,0,0,0,0,0,35,87,69,209,2103,352,1281,2457,1131,2501,819,203,182,3962,218,140,99,188,256,276,65,233,676,271,252,358,177,178,575,53225,56081,50216,"Alpine CCD, San Diego County, California",1281,1381,270,43,280,55,473,410,342,274,1281,1106,1252,266,18,278,55,62,172,34,173,733,634,44,38,19,3,478,397,345,188,722,717,717,18,53,492,492,494,18,10,454,451,451,21,53,722,654,684,194,169,67,65,14,21,76,76,21,21,21,21,21,49,21,60,16,340,637,130,211,285,172,272,185,304,191,225,193,242,47,848,538,100,64,21,21,28,76,42,85,305,273,263,146,348,105,40,60,485,51,21,21,21,12,40,29,50,268,227,345,199,414,179,70,99,848,145,21,21,21,21,64,21,21,21,21,21,35,104,54,99,419,194,390,464,265,586,202,87,131,655,181,69,60,73,111,111,57,109,259,141,126,215,103,133,250,5091,10759,9558
"G060073090258","2019-2023","CA",,,"California","06","San Diego County","073","Borrego Springs CCD","90258",,,,,,,,,,,,,,".",".",,,,,,,,,,,,"0600000US0607390258",,,"0607390258","Borrego Springs CCD, San Diego County, California",3521,2370,1,0,1,15,350,784,778,6,3521,2413,2364,1,0,1,15,0,32,26,6,1108,6,0,0,0,0,350,752,752,0,1522,1522,1482,40,0,789,789,749,40,0,733,733,733,0,0,1522,1104,1071,33,33,0,0,0,0,0,0,0,0,0,0,0,0,0,1,0,417,1105,0,120,223,117,191,16,236,0,29,14,56,103,3117,1533,98,60,49,0,0,23,8,1,599,0,192,190,214,99,0,0,1584,53,18,0,0,12,0,40,6,441,53,419,63,408,44,27,0,3117,151,0,0,0,37,0,41,22,27,0,0,12,23,48,7,1002,38,53,611,253,622,143,27,0,819,28,51,0,23,95,34,27,31,79,144,44,110,153,0,0,41599,36250,51740,"Borrego Springs CCD, San Diego County, California",683,605,3,14,3,22,299,491,491,12,683,600,605,3,14,3,22,14,40,39,12,557,10,14,14,14,14,299,481,481,14,435,435,428,50,14,217,217,212,50,14,414,414,414,14,14,435,298,291,37,37,14,14,14,14,14,14,14,14,14,14,14,14,14,3,14,385,298,14,86,132,138,143,25,139,14,48,22,83,86,595,262,79,74,57,14,14,39,14,2,197,14,109,116,115,80,14,14,486,59,29,14,14,19,14,56,10,215,52,243,71,240,48,43,14,595,134,14,14,14,58,14,69,36,44,14,14,19,39,57,11,320,53,52,265,135,264,86,43,14,277,45,62,14,40,87,55,44,38,67,111,54,102,191,14,14,19146,12789,32890
"G060073090355","2019-2023","CA",,,"California","06","San Diego County","073","Camp Pendleton CCD","90355",,,,,,,,,,,,,,".",".",,,,,,,,,,,,"0600000US0607390355",,,"0607390355","Camp Pendleton CCD, San Diego County, California",40481,22239,3760,990,1828,218,4016,7430,4480,2950,40481,26594,18624,3347,478,1698,157,137,2153,127,2026,13887,3615,413,512,130,61,3879,5277,4353,924,27162,27084,26399,685,78,22505,22428,22214,214,77,4657,4656,4185,471,1,27162,14295,9312,4983,3302,1258,264,99,60,128,128,0,0,0,0,0,152,47,11242,192,1106,26056,784,9154,7250,2520,1920,595,1777,218,603,586,457,192,11278,6636,12,0,2,1,0,0,0,0,2473,918,1168,559,1059,338,106,0,4642,0,0,0,0,33,0,1,55,649,594,1001,771,1148,243,126,21,11278,12,0,0,0,0,0,0,0,2,0,1,33,0,1,55,2970,152,1512,2169,1330,2207,581,232,21,3330,38,194,278,193,176,193,0,236,640,112,113,569,0,261,327,26880,26973,26176,"Camp Pendleton CCD, San Diego County, California",2191,2227,1003,479,587,115,587,1501,1202,978,2191,2329,1972,899,233,567,63,136,804,80,789,1636,1139,371,432,118,97,561,1362,1201,577,1306,1306,1159,403,83,994,992,974,162,83,711,711,630,295,3,1306,1547,1272,911,609,395,167,96,48,87,87,29,29,29,29,29,126,40,1025,125,481,1242,264,1126,1051,564,430,306,621,153,321,281,247,115,1377,821,20,29,6,5,29,29,29,29,467,489,547,255,445,202,126,29,697,29,29,29,29,55,29,5,87,320,328,486,385,325,131,158,35,1377,20,29,29,29,29,29,29,29,6,29,5,55,29,5,87,599,144,700,711,505,588,278,269,35,781,32,162,246,129,146,152,29,155,248,74,119,434,29,225,240,346,315,1370
"G060073090960","2019-2023","CA",,,"California","06","San Diego County","073","Fallbrook CCD","90960",,,,,,,,,,,,,,".",".",,,,,,,,,,,,"0600000US0607390960",,,"0607390960","Fallbrook CCD, San Diego County, California",52183,30185,924,516,2003,41,7625,10889,8628,2261,52183,30165,25047,803,173,1823,35,328,1956,400,1556,22018,5138,121,343,180,6,7297,8933,8228,705,21972,21927,20088,1839,45,12504,12459,11422,1037,45,9468,9468,8666,802,0,21972,17891,16429,1462,1015,290,81,76,0,244,169,0,16,59,0,0,117,40,588,267,2825,19147,411,1460,1882,1801,1923,857,3169,677,1287,2988,2194,498,35593,17505,512,334,498,356,65,216,137,397,3854,1031,2964,1229,3701,1370,570,271,18088,387,185,592,186,169,155,120,238,3779,1265,2919,1473,4012,1993,414,201,35593,899,34,3,38,99,162,183,356,734,166,376,234,371,257,635,6607,1026,2296,5883,2702,7713,3363,984,472,13405,938,980,575,520,1148,717,120,1256,2493,1034,601,1126,711,383,803,46738,51618,39902,"Fallbrook CCD, San Diego County, California",2540,2281,472,222,529,44,1473,1759,1694,506,2540,2160,2004,433,115,491,42,181,381,182,359,1823,1194,168,197,185,10,1478,1681,1695,340,1250,1246,1232,268,35,728,723,736,257,35,753,753,741,163,32,1250,1234,1197,354,286,201,91,58,32,151,126,32,25,81,32,32,83,69,251,172,486,1162,164,385,444,361,541,230,522,211,348,396,344,130,1704,914,195,183,176,170,51,105,60,148,609,288,386,232,462,218,165,118,1040,159,96,229,101,95,83,98,109,668,254,450,252,461,337,166,85,1704,307,33,6,32,81,138,114,178,229,122,144,104,157,130,195,853,625,381,686,311,776,392,266,156,1041,229,255,253,169,256,180,77,303,403,211,153,298,198,135,221,2157,4688,3623
"G060073091440","2019-2023","CA",,,"California","06","San Diego County","073","Jamul CCD","91440",,,,,,,,,,,,,,".",".",,,,,,,,,,,,"0600000US0607391440",,,"0607391440","Jamul CCD, San Diego County, California",18955,12562,631,123,1016,19,1195,3409,2243,1166,18955,12935,10147,624,12,993,19,113,1027,284,743,6020,2415,7,111,23,0,1082,2382,1959,423,7159,7051,7035,16,108,3744,3655,3644,11,89,3415,3396,3391,5,19,7159,6242,5902,340,261,33,26,20,0,14,1,0,13,0,0,0,0,0,14,5,884,6275,40,125,271,587,662,273,1296,328,571,1540,515,67,13348,7490,127,13,81,164,28,109,249,153,2040,472,1340,513,1190,679,201,131,5858,79,84,19,3,0,134,60,34,1343,393,863,607,1434,689,68,48,13348,206,0,0,0,21,24,52,5,95,0,167,28,243,309,187,2914,469,865,2203,1120,2624,1368,269,179,4735,216,212,218,326,522,469,33,322,911,388,243,234,72,120,449,56844,65084,44631,"Jamul CCD, San Diego County, California",1638,1848,238,86,370,28,356,732,637,359,1638,1573,1582,237,14,367,28,119,370,282,248,763,686,11,86,32,21,348,589,530,244,816,817,814,20,99,474,473,469,18,92,489,486,486,8,31,816,766,740,143,128,50,26,36,21,34,35,21,19,21,21,21,21,21,19,8,266,769,30,73,122,255,261,131,387,122,210,262,153,96,1191,752,85,15,66,202,38,51,196,117,411,128,253,141,314,169,102,86,540,51,85,23,6,21,99,50,42,435,151,286,182,235,186,41,40,1191,97,21,21,21,19,38,77,7,69,21,202,38,110,199,111,722,138,188,383,231,432,280,111,107,559,90,97,99,138,166,197,37,120,303,141,101,103,65,73,206,5009,9329,8538
"G060073091510","2019-2023","CA",,,"California","06","San Diego County","073","Laguna-Pine Valley CCD","91510",,,,,,,,,,,,,,".",".",,,,,,,,,,,,"0600000US0607391510",,,"0607391510","Laguna-Pine Valley CCD, San Diego County, California",5596,4373,110,110,4,16,503,480,309,171,5596,4633,4119,99,88,4,16,42,265,94,171,963,254,11,22,0,0,461,215,215,0,2088,2088,2088,0,0,1175,1175,1175,0,0,913,913,913,0,0,2088,1766,1478,288,261,27,0,0,0,0,0,0,0,0,0,0,22,0,34,12,254,1834,46,178,151,174,195,2,305,117,165,179,268,54,3995,2109,58,0,0,0,10,6,42,30,743,105,529,95,276,98,78,39,1886,81,0,0,44,5,43,10,2,419,261,453,160,248,129,0,31,3995,139,0,0,0,0,0,0,0,0,0,44,15,49,52,32,917,245,366,982,255,524,227,78,70,984,49,11,156,44,19,42,0,51,244,99,66,73,69,26,35,50417,61414,36481,"Laguna-Pine Valley CCD, San Diego County, California",703,563,53,65,7,31,375,323,318,86,703,529,510,53,55,7,31,45,144,122,86,477,158,22,29,19,19,373,295,295,19,352,352,352,19,19,257,257,257,19,19,188,188,188,19,19,352,296,277,183,185,34,19,19,19,19,19,19,19,19,19,19,34,19,54,19,116,300,57,146,90,90,122,3,139,91,107,104,181,48,436,281,83,19,19,19,15,11,42,29,208,72,166,73,118,67,73,48,268,84,19,19,70,7,44,16,3,133,112,194,80,107,82,19,36,436,159,19,19,19,19,19,19,19,19,19,70,19,46,42,29,223,161,127,283,97,185,121,73,59,277,67,16,101,34,22,39,19,43,119,91,73,58,56,37,43,13081,12512,12934
"G060073092030","2019-2023","CA",,,"California","06","San Diego County","073","Mountain Empire CCD","92030",,,,,,,,,,,,,,".",".",,,,,,,,,,,,"0600000US0607392030",,,"0607392030","Mountain Empire CCD, San Diego County, California",7618,4691,213,409,27,4,1130,1144,623,521,7618,5029,3977,109,367,27,4,3,542,55,487,2589,714,104,42,0,0,1127,602,568,34,3252,3252,3240,12,0,1683,1683,1671,12,0,1569,1569,1569,0,0,3252,2618,2180,438,225,212,0,0,1,0,0,0,0,0,0,0,0,0,32,101,501,2751,307,260,239,170,221,87,147,135,38,194,684,269,5665,3063,23,48,0,0,16,34,167,110,1031,378,383,343,486,21,23,0,2602,67,0,72,2,102,82,19,105,638,392,242,263,479,70,59,10,5665,90,0,0,0,48,0,0,0,72,2,0,118,116,186,215,1239,430,770,625,606,965,91,82,10,1174,0,247,3,17,10,348,0,71,132,85,93,23,0,17,128,41083,41553,39643,"Mountain Empire CCD, San Diego County, California",1099,1018,204,159,19,6,378,419,252,368,1099,1003,1000,86,149,19,6,6,366,57,363,581,441,141,50,19,19,378,247,249,54,885,885,882,19,19,473,473,468,19,19,468,468,468,19,19,885,574,478,237,176,157,19,19,7,19,19,19,19,19,19,19,19,19,36,86,361,605,364,149,133,123,93,67,137,133,55,110,225,157,1009,592,34,64,19,19,22,32,82,78,357,208,164,182,362,18,36,19,497,65,19,68,3,110,101,24,81,208,122,129,152,399,47,58,17,1009,90,19,19,19,64,19,19,19,68,3,19,114,112,82,105,367,298,241,210,245,734,51,69,17,762,19,368,6,28,17,334,19,64,119,63,89,29,19,25,99,15124,16099,19970
"G060073092240","2019-2023","CA",,,"California","06","San Diego County","073","Oceanside-Escondido CCD","92240",,,,,,,,,,,,,,".",".",,,,,,,,,,,,"0600000US0607392240",,,"0607392240","Oceanside-Escondido CCD, San Diego County, California",663680,366675,16679,7902,51312,2960,76270,141882,103219,38663,663680,404640,298474,15444,1122,49756,2646,3489,33709,5265,28444,259040,68201,1235,6780,1556,314,72781,108173,97954,10219,321393,320121,309662,10459,1272,178430,177710,170525,7185,720,142963,142411,139137,3274,552,321393,251878,226600,25278,18113,3965,1516,1354,330,4184,3119,60,672,235,98,372,1100,982,4142,4009,54726,266667,3754,14047,28774,45071,41521,17004,46906,9026,14825,23497,15572,6670,455994,224519,7354,2551,6678,2610,2189,1423,1963,5891,42736,16589,33471,17660,53368,20075,5292,4669,231475,7749,3371,6149,3170,1980,1583,1818,5708,41223,17596,32617,20928,56054,23271,4974,3284,455994,15103,184,224,319,673,2365,2157,2752,10075,1675,4105,4169,3006,3781,11599,74518,9441,34185,66088,38588,109422,43346,10266,7953,182723,8976,12751,5897,10062,17268,17520,1697,14248,35525,12399,7940,9181,9032,8672,11555,46453,54144,38579,"Oceanside-Escondido CCD, San Diego County, California",2735,5697,1666,1365,2975,762,4927,4853,4807,2559,2735,4434,4696,1497,372,2917,731,914,2300,771,2183,4549,3824,422,1255,550,174,4800,4749,4803,1221,3566,3534,3491,953,263,2808,2810,2801,758,224,2631,2639,2619,461,197,3566,2839,3191,1551,1249,632,419,510,140,552,490,61,210,102,103,169,229,264,545,552,1969,3220,461,770,1476,1598,1581,1298,2087,841,1133,1578,1079,617,3193,2431,742,430,867,439,518,332,327,650,1536,1053,1616,1097,1763,1215,497,504,2497,787,596,584,549,438,355,295,624,1437,1115,1318,1136,1782,1192,610,469,3193,1316,120,159,167,212,515,391,563,1050,363,729,820,497,494,948,2008,929,1520,1996,1712,2760,1868,815,734,3525,563,905,488,724,1126,1066,251,956,1631,901,669,836,804,846,1082,708,1393,1331
"G060073092350","2019-2023","CA",,,"California","06","San Diego County","073","Palomar-Julian CCD","92350",,,,,,,,,,,,,,".",".",,,,,,,,,,,,"0600000US0607392350",,,"0607392350","Palomar-Julian CCD, San Diego County, California",5628,4273,18,229,145,0,145,818,663,155,5628,4634,4190,18,229,75,0,0,122,5,117,994,83,0,0,70,0,145,696,658,38,2287,2287,2202,85,0,1351,1351,1284,67,0,936,936,918,18,0,2287,1612,1588,24,24,0,0,0,0,0,0,0,0,0,0,0,0,0,29,63,583,1704,68,54,148,107,231,16,279,78,19,174,351,179,4794,2440,15,8,8,18,13,16,24,40,612,84,357,383,623,157,28,54,2354,10,0,6,9,67,9,17,74,472,93,535,148,364,285,248,17,4794,25,0,0,0,3,0,5,14,0,9,18,80,25,41,114,924,160,177,892,531,987,442,276,71,1850,62,141,125,16,95,92,0,244,369,224,76,158,74,24,150,45775,47763,36535,"Palomar-Julian CCD, San Diego County, California",687,520,21,98,113,19,89,356,347,91,687,601,528,21,98,78,19,19,90,8,90,405,85,19,19,80,19,89,346,346,26,405,405,411,48,19,267,267,268,43,19,254,254,256,18,19,405,339,335,25,25,19,19,19,19,19,19,19,19,19,19,19,19,19,20,75,233,334,47,41,91,95,134,19,200,107,18,108,115,100,629,328,18,9,12,20,20,15,32,21,198,46,117,185,266,70,31,50,470,8,19,12,10,89,10,30,67,147,60,156,80,120,115,277,26,629,22,19,19,19,5,19,7,24,19,10,20,89,19,45,74,260,80,71,201,201,303,137,279,66,481,45,107,96,19,65,59,19,265,124,122,59,107,58,24,111,9978,6122,16954
"G060073092430","2019-2023","CA",,,"California","06","San Diego County","073","Pauma Valley CCD","92430",,,,,,,,,,,,,,".",".",,,,,,,,,,,,"0600000US0607392430",,,"0607392430","Pauma Valley CCD, San Diego County, California",6644,3488,74,740,306,42,374,1620,1354,266,6644,4431,3256,59,648,306,42,48,72,0,72,2213,232,15,92,0,0,326,1548,1354,194,3061,3061,2861,200,0,1928,1928,1816,112,0,1133,1133,1045,88,0,3061,2582,2420,162,120,37,5,0,0,0,0,0,0,0,0,0,2,0,27,0,450,2611,30,140,169,107,180,109,646,57,213,485,404,71,4629,2577,48,20,29,29,12,64,7,29,365,166,975,207,381,224,21,0,2052,40,14,11,25,11,13,19,42,282,176,296,376,411,260,40,36,4629,88,0,0,3,0,7,24,17,23,47,7,23,77,26,71,605,42,342,1271,583,792,484,61,36,1463,72,74,67,129,215,141,19,111,155,129,63,94,62,22,110,53162,53600,45781,"Pauma Valley CCD, San Diego County, California",1034,581,59,180,176,49,234,928,908,205,1034,509,550,62,151,176,49,59,70,19,70,1022,118,26,80,19,19,232,920,908,190,959,959,963,108,19,909,909,906,81,19,186,186,195,58,19,959,950,942,83,65,60,7,19,19,19,19,19,19,19,19,19,4,19,40,19,131,949,38,68,78,58,79,56,451,50,86,441,211,64,943,894,52,13,21,38,9,56,10,18,108,76,909,107,119,125,31,19,184,38,13,9,21,10,8,13,31,85,78,94,161,140,101,41,38,943,68,19,19,6,19,8,16,17,16,43,8,15,57,18,36,138,29,132,914,171,166,164,34,38,278,57,46,54,72,131,99,25,71,70,96,50,63,50,22,89,3817,16101,12278
"G060073092550","2019-2023","CA",,,"California","06","San Diego County","073","Ramona CCD","92550",,,,,,,,,,,,,,".",".",,,,,,,,,,,,"0600000US0607392550",,,"0607392550","Ramona CCD, San Diego County, California",36776,26434,376,360,619,75,2353,6559,4832,1727,36776,25421,22558,350,168,571,75,175,1524,278,1246,11355,3876,26,192,48,0,2178,5035,4554,481,17921,17791,17744,47,130,10265,10158,10137,21,107,7656,7633,7607,26,23,17921,14841,13181,1660,1343,183,130,0,4,0,0,0,0,0,0,0,297,0,340,70,2373,15548,384,704,1424,1418,1246,381,3105,715,1018,2807,1879,467,25398,12849,370,106,188,151,27,231,255,560,3567,839,2042,1210,2351,747,108,97,12549,316,105,246,24,55,96,371,186,2675,876,2271,1250,3158,724,112,84,25398,686,0,0,0,51,103,57,22,412,1,174,82,327,626,746,5799,443,1715,4313,2460,5509,1471,220,181,7738,307,576,239,428,515,644,12,767,1550,863,256,397,219,437,528,51627,60962,40175,"Ramona CCD, San Diego County, California",2344,1778,233,213,220,92,663,1979,1903,537,2344,1574,1428,242,132,216,92,124,367,161,341,2280,1342,40,167,39,29,635,1939,1890,324,1485,1481,1480,45,94,862,853,854,34,88,877,879,875,28,31,1485,1355,1296,421,360,138,81,29,11,29,29,29,29,29,29,29,112,29,133,53,516,1369,157,197,457,488,383,125,606,209,306,516,361,213,1270,761,151,90,167,205,32,144,134,371,494,186,315,270,416,191,59,57,837,190,99,175,30,50,76,200,85,400,179,507,277,416,141,70,71,1270,286,29,29,29,64,92,73,28,327,3,208,58,169,242,366,611,152,280,618,440,618,258,109,97,751,100,161,110,189,150,170,18,243,300,304,127,125,112,302,147,6080,8471,5893
"G060073092780","2019-2023","CA",,,"California","06","San Diego County","073","San Diego CCD","92780",,,,,,,,,,,,,,".",".",,,,,,,,,,,,"0600000US0607392780",,,"0607392780","San Diego CCD, San Diego County, California",2400097,1233794,130870,18590,342344,10315,251493,412691,272373,140318,2400097,1604771,999473,124023,4200,334273,9118,13137,120547,14997,105550,795326,234321,6847,14390,8071,1197,238356,292144,257376,34768,1201739,1194950,1181963,12987,6789,657959,653197,644673,8524,4762,543780,541753,537290,4463,2027,1201739,902641,805381,97260,71254,14424,5588,4205,1789,30694,22595,1284,819,5646,350,1890,4975,6939,33579,12497,208524,993215,16741,64507,122557,179279,185885,83337,153960,33911,35319,60981,37466,19272,1675904,834999,18123,4758,9703,5448,8270,5915,8913,19736,149019,50926,119950,66390,219365,92466,27998,28019,840905,23812,6433,13025,7092,9053,5904,9257,17867,142536,49941,111348,71973,222672,104002,25578,20412,1675904,41935,347,503,916,2683,4286,2456,4133,18595,4163,8377,17323,11819,18170,37603,249772,41783,100867,231298,138363,442037,196468,53576,48431,797902,47499,62937,28429,46230,81038,86475,10119,68972,138100,43620,37900,35682,30945,34103,45853,51473,59248,43534,"San Diego CCD, San Diego County, California",4342,8836,3067,1824,3915,992,7328,8697,7435,5205,4342,5928,4837,2942,517,3781,995,1731,4281,1523,3984,5732,8137,893,1744,1097,320,7172,7904,7527,3013,5578,5487,5580,1051,658,4132,4163,4225,855,576,4213,4193,4259,678,349,5578,6980,7225,2974,2605,1233,817,680,370,1305,1205,324,219,604,195,320,639,720,2009,1016,4287,6778,1198,2060,2978,4067,3543,2316,3279,1732,1490,2376,1631,1177,3919,2901,1182,632,940,687,864,603,756,1199,3549,1923,2886,2581,3184,2556,1450,1184,2694,1459,536,1032,802,740,623,918,1251,3051,2222,2662,2131,3711,2514,1325,1086,3919,2279,123,169,203,571,524,377,554,1347,600,768,1123,854,1206,1819,4870,2037,2962,4429,3517,5018,3546,2286,1849,7046,1746,2087,1321,1954,2470,2213,882,2155,2897,1847,1845,1430,1363,1692,1546,475,688,956
"G060073093540","2019-2023","CA",,,"California","06","San Diego County","073","Valley Center CCD","93540",,,,,,,,,,,,,,".",".",,,,,,,,,,,,"0600000US0607393540",,,"0607393540","Valley Center CCD, San Diego County, California",25136,16233,630,1005,982,32,1621,4633,3660,973,25136,16768,13370,552,897,858,32,205,854,61,793,8368,2863,78,108,124,0,1416,3779,3599,180,11071,10999,10683,316,72,6558,6488,6288,200,70,4513,4511,4395,116,2,11071,9173,8467,706,486,98,34,88,0,3,3,0,0,0,0,0,7,10,123,40,1715,9356,192,420,816,637,752,488,2056,388,557,1898,941,211,17823,9097,138,12,61,103,56,9,55,205,1774,1194,1581,537,2136,811,192,233,8726,233,73,238,52,4,33,114,185,1507,796,1502,871,2113,800,110,95,17823,371,0,0,0,6,49,30,171,128,17,138,60,42,169,390,2832,449,1990,3083,1408,4249,1611,302,328,6919,385,422,196,278,356,555,61,787,1822,509,144,433,273,209,489,50110,62157,40527,"Valley Center CCD, San Diego County, California",1808,1578,428,185,286,34,663,1094,1029,426,1808,1148,1071,416,180,261,34,207,382,71,374,1337,1045,113,52,133,25,560,1040,1025,132,953,954,948,129,69,628,625,633,103,69,514,514,517,87,4,953,941,957,244,187,87,55,79,25,7,7,25,25,25,25,25,10,21,102,38,335,947,139,140,268,215,223,186,430,143,177,431,259,100,1151,793,104,11,37,90,66,8,42,143,320,491,294,168,308,257,92,113,617,156,51,129,64,5,35,136,127,252,186,288,200,357,199,60,98,1151,192,25,25,25,7,48,24,97,71,28,110,66,36,143,244,387,145,489,466,295,518,388,95,150,731,136,154,89,113,134,153,50,276,396,162,116,178,122,93,199,6976,12096,6498
"G060075090195","2019-2023","CA",,,"California","06","San Francisco County","075","Bayview CCD","90195",,,,,,,,,,,,,,".",".",,,,,,,,,,,,"0600000US0607590195",,,"0607590195","Bayview CCD, San Francisco County, California",39816,4482,9650,216,15562,609,6036,3261,1558,1703,39816,30083,3055,9295,6,15422,483,25,1797,339,1458,9733,1427,355,210,140,126,6011,1464,1219,245,17867,17850,14084,3766,17,9229,9224,7034,2190,5,8638,8626,7050,1576,12,17867,10784,8591,2193,1639,354,192,0,8,3707,3093,343,37,234,0,118,192,210,391,173,2292,15575,215,527,1086,2564,2447,1201,3345,336,864,1153,1538,299,28289,13451,873,147,294,527,190,227,328,854,2988,655,1654,601,2927,767,198,221,14838,1231,357,458,213,124,105,466,337,3536,787,2281,1231,2527,816,167,202,28289,2104,13,54,0,92,258,87,315,437,82,658,314,332,794,1191,5482,1042,1442,3935,1832,5454,1583,365,423,8483,546,786,92,320,1108,915,40,501,1610,394,481,351,601,384,354,45245,48147,41390,"Bayview CCD, San Francisco County, California",1838,666,1067,214,1422,218,957,694,474,503,1838,1725,496,912,9,1413,204,34,576,216,503,1170,519,420,215,165,98,951,465,436,158,994,995,994,494,19,697,696,667,394,8,617,619,609,269,18,994,787,720,399,362,124,114,29,9,516,446,140,32,162,29,64,107,87,138,95,420,945,113,154,280,394,468,338,453,132,248,220,281,114,1304,916,225,77,100,302,94,119,193,239,467,220,335,190,369,195,110,127,717,263,151,157,127,86,93,175,128,416,214,364,313,367,197,84,103,1304,404,26,46,29,79,138,83,137,172,49,374,130,134,288,269,697,239,350,484,350,528,278,135,182,862,178,178,48,118,279,251,37,189,250,160,197,122,157,144,128,3271,3530,4687
"G060075090734","2019-2023","CA",,,"California","06","San Francisco County","075","Downtown-Northeast Neighborhoods-Treasure Island CCD","90734",,,,,,,,,,,,,,".",".",,,,,,,,,,,,"0600000US0607590734",,,"0607590734","Downtown-Northeast Neighborhoods-Treasure Island CCD, San Francisco County, California",117813,45504,7356,1654,42562,347,9053,11337,5339,5998,117813,99608,42347,7171,590,42436,274,1003,5787,924,4863,18205,3157,185,1064,126,73,8050,5550,4415,1135,66481,66337,57936,8401,144,36804,36745,32194,4551,59,29677,29592,25742,3850,85,66481,11492,9872,1620,1163,305,118,25,9,15474,11846,2225,949,390,64,671,295,1944,18136,1392,17077,49404,914,2764,5880,7249,7627,3761,9036,1007,1974,4317,3103,1772,100855,55563,2269,440,1184,885,1201,480,571,1409,8405,2230,6070,2654,16494,7449,2414,1408,45292,2882,636,1409,620,1195,378,547,862,5602,1432,3138,2547,14660,6751,1759,874,100855,5151,43,249,80,251,295,158,764,1829,251,1254,2396,858,1118,2271,11458,2549,3662,9208,5201,31154,14200,4173,2282,56996,5010,2846,1215,2538,8617,5323,873,2578,11310,1212,4334,2736,3489,3296,1619,69744,70460,67282,"Downtown-Northeast Neighborhoods-Treasure Island CCD, San Francisco County, California",2962,2169,947,570,2361,190,1394,1248,867,849,2962,2988,2010,923,282,2344,180,388,723,273,699,1601,595,168,550,116,80,1347,1070,862,529,2149,2151,2049,846,78,1457,1460,1361,541,53,1368,1366,1413,604,57,2149,958,872,352,322,141,59,32,19,999,915,396,243,123,54,207,175,441,1176,334,1211,1888,256,463,648,674,725,560,920,265,415,647,490,440,2429,1609,416,252,345,442,247,202,231,359,863,396,686,644,1161,710,445,294,1782,492,194,302,189,275,149,212,224,841,300,473,451,888,687,349,267,2429,770,68,311,54,143,143,94,227,458,131,444,408,267,309,446,1201,522,465,820,749,1493,1062,586,401,1923,652,472,287,422,815,561,281,453,944,242,550,417,469,458,362,5117,5208,7641
"G060075091964","2019-2023","CA",,,"California","06","San Francisco County","075","Merced-McLaren CCD","91964",,,,,,,,,,,,,,".",".",,,,,,,,,,,,"0600000US0607591964",,,"0607591964","Merced-McLaren CCD, San Francisco County, California",156705,34782,6446,1063,81213,744,18809,13648,6713,6935,156705,123441,29145,5436,311,80514,680,1417,5938,683,5255,33264,5637,1010,752,699,64,17392,7710,6030,1680,78795,78613,60853,17760,182,41678,41572,31162,10410,106,37117,37041,29691,7350,76,78795,42426,33657,8769,6589,1312,587,250,31,17505,10736,5911,275,574,9,234,295,765,1954,1321,14295,64500,389,1549,4293,8187,10070,3925,14601,2530,3591,7975,6262,1128,118055,58911,3288,436,1088,633,755,479,519,2059,11003,2584,7466,4516,15802,5480,1300,1503,59144,4352,656,1668,902,1015,423,434,2061,9176,2557,6461,5101,16421,5376,1542,999,118055,7640,89,137,78,239,471,78,918,1838,329,1206,1770,902,953,4120,18155,2024,5141,13927,9617,32223,10856,2842,2502,52333,4537,4348,1291,2816,5495,4653,291,4516,9828,1863,2967,2741,2796,1913,2278,56962,62281,49930,"Merced-McLaren CCD, San Francisco County, California",3810,1806,975,388,2592,285,1799,1305,995,873,3810,3310,1686,724,145,2611,271,668,694,235,642,1985,981,559,336,238,80,1585,1013,942,570,2502,2508,2312,1009,90,1790,1798,1702,775,72,1332,1329,1282,616,60,2502,1624,1371,754,599,429,216,120,24,1129,906,628,102,157,14,94,131,156,341,464,1014,2080,179,294,508,708,852,478,1018,326,561,638,564,241,2979,2007,345,147,323,177,209,157,132,390,801,365,880,602,1027,651,245,286,1607,438,167,337,200,324,171,165,350,767,370,677,593,995,662,284,236,2979,631,78,91,51,119,189,51,209,445,110,273,408,240,222,587,1276,353,545,1106,847,1462,1022,409,351,2059,600,594,265,481,543,587,106,604,743,306,353,405,370,350,396,2224,3874,3503
"G060075091976","2019-2023","CA",,,"California","06","San Francisco County","075","Mission-Bernal CCD","91976",,,,,,,,,,,,,,".",".",,,,,,,,,,,,"0600000US0607591976",,,"0607591976","Mission-Bernal CCD, San Francisco County, California",79156,34832,3520,1263,12597,77,14053,12814,7441,5373,79156,53000,31407,3452,223,12286,24,622,4986,487,4499,26156,3425,68,1040,311,53,13431,7828,6954,874,47261,47069,38560,8509,192,26997,26933,21533,5400,64,20264,20136,17027,3109,128,47261,15441,13039,2402,1565,508,36,178,115,10881,5719,4242,583,306,31,375,257,3443,3220,638,13006,34255,205,1298,2918,5225,5222,2959,6645,1545,1655,3063,2348,1172,63636,34437,1130,227,557,455,329,207,272,729,4619,1101,2459,1582,12086,5697,1516,1471,29199,1543,657,589,319,338,126,373,464,2906,1004,2461,1200,10157,4801,1240,1021,63636,2673,106,0,67,141,357,213,579,567,128,646,667,333,645,1193,6309,1216,2105,4920,2782,22243,10498,2756,2492,43003,3516,2396,1077,2147,5981,4090,891,2435,5394,1308,3619,2967,4033,2188,961,76020,85502,66382,"Mission-Bernal CCD, San Francisco County, California",2799,1616,902,560,992,49,1624,1556,1256,925,2799,2090,1377,892,132,993,35,245,904,185,891,1850,630,68,545,187,37,1660,1187,1218,270,1699,1732,1634,732,129,1197,1227,1089,580,83,1046,1044,1055,405,96,1699,1063,1021,431,411,222,47,95,102,883,696,561,196,129,48,180,158,436,545,192,1020,1534,105,279,465,735,575,375,836,323,439,416,410,221,2068,1468,487,166,200,259,167,101,141,235,863,245,457,308,907,544,296,289,1192,442,249,183,140,250,85,223,180,543,237,454,300,866,533,217,244,2068,668,57,32,61,90,212,124,186,190,67,324,305,125,262,294,925,439,317,686,479,1284,866,393,421,2104,469,341,250,388,562,528,246,396,633,415,485,525,419,365,273,5179,8283,8273
"G060075092605","2019-2023","CA",,,"California","06","San Francisco County","075","Richmond-Presidio-Marina CCD","92605",,,,,,,,,,,,,,".",".",,,,,,,,,,,,"0600000US0607592605",,,"0607592605","Richmond-Presidio-Marina CCD, San Francisco County, California",124050,69281,1902,343,35655,179,3163,13527,5749,7778,124050,112417,66248,1830,230,35302,179,548,8080,1254,6826,11633,3033,72,113,353,0,2615,5447,4495,952,73570,73371,63389,9982,199,36803,36751,31195,5556,52,36767,36620,32194,4426,147,73570,26241,21593,4648,3440,661,277,142,128,14041,13336,405,260,40,0,761,466,2071,4074,1597,24319,49251,709,1913,3584,6186,6388,3755,8726,2533,3188,5908,4775,1586,98855,46445,650,107,161,177,136,144,135,352,2534,1072,3998,2045,21054,9415,2961,1504,52410,1377,112,276,277,383,104,157,665,3068,930,3749,2557,23247,11030,3203,1275,98855,2027,6,85,9,19,67,33,206,231,133,321,519,248,292,1017,4694,908,2002,7747,4602,44301,20445,6164,2779,82016,4659,5051,1824,4391,12426,6419,993,4318,15428,2414,5769,5285,5584,4810,2645,102813,121658,88770,"Richmond-Presidio-Marina CCD, San Francisco County, California",2695,1940,484,168,1888,120,747,1332,1171,882,2695,2397,1948,482,114,1861,120,303,879,314,805,1259,470,71,100,195,32,602,1081,1116,306,1843,1823,1676,918,123,1207,1190,1284,578,74,1362,1358,1222,586,93,1843,1337,1152,651,603,219,100,98,76,885,866,154,121,40,32,287,177,426,520,457,1347,1651,211,339,573,627,675,541,775,380,439,609,744,378,2085,1326,185,68,106,138,86,83,87,121,440,255,483,447,973,662,404,258,1460,329,60,122,170,140,80,92,220,432,169,603,369,1076,869,490,340,2085,433,11,55,16,20,48,39,157,93,125,237,173,100,128,257,557,228,327,848,543,1606,1102,716,426,2283,512,533,324,577,939,632,257,399,965,425,604,606,668,563,412,3360,6446,3999
"G060075093067","2019-2023","CA",,,"California","06","San Francisco County","075","SoMa-Potrero-Mission Bay CCD","93067",,,,,,,,,,,,,,".",".",,,,,,,,,,,,"0600000US0607593067",,,"0607593067","SoMa-Potrero-Mission Bay CCD, San Francisco County, California",62961,24613,3332,128,25481,258,3195,5954,2822,3132,62961,55441,22359,3310,87,25469,258,600,3358,547,2811,7520,2254,22,41,12,0,2595,2596,2275,321,42397,42197,34196,8001,200,24085,23911,18678,5233,174,18312,18286,15518,2768,26,42397,8012,6965,1047,518,219,142,45,123,7167,3832,895,1769,671,0,411,284,1656,9473,900,14494,27903,667,2045,2950,4992,3540,1563,3806,634,1394,2471,2452,1389,51792,28371,500,264,392,126,167,110,32,366,1629,634,1848,588,10383,7585,1804,1943,23421,581,284,429,79,100,153,29,211,1397,511,1398,714,8267,6683,1187,1398,51792,1081,0,20,150,95,230,53,122,699,115,90,267,263,61,577,2697,329,1145,3246,1302,18650,14268,2991,3341,44668,6207,4180,937,2005,5932,6208,674,2693,6903,661,1884,1373,2661,1681,669,128633,156675,105382,"SoMa-Potrero-Mission Bay CCD, San Francisco County, California",2375,1879,912,92,1718,167,793,1010,743,668,2375,2376,1916,916,79,1716,167,277,778,290,656,1100,554,29,51,20,32,730,708,673,158,2020,2025,2053,968,108,1563,1571,1520,687,105,1055,1057,1097,552,25,2020,813,773,288,187,121,117,66,123,929,774,255,408,335,32,204,212,400,977,243,1643,1648,241,461,486,774,575,363,574,215,429,363,511,421,2009,1439,210,218,172,151,101,74,28,147,460,211,392,169,1095,955,512,395,1194,202,161,178,66,80,127,30,122,369,214,386,193,794,765,322,297,2009,317,32,33,158,111,171,89,103,296,125,99,121,149,53,201,590,141,312,620,249,1425,1374,631,603,2510,930,649,270,488,842,698,244,508,1081,220,392,313,489,431,236,13019,11198,8708
"G060075093267","2019-2023","CA",,,"California","06","San Francisco County","075","Sunset CCD","93267",,,,,,,,,,,,,,".",".",,,,,,,,,,,,"0600000US0607593267",,,"0607593267","Sunset CCD, San Francisco County, California",116146,43938,2131,126,53311,488,3882,12270,5158,7112,116146,104767,41287,1982,82,52856,488,639,7433,1049,6384,11379,2651,149,44,455,0,3243,4837,4109,728,60656,60447,49088,11359,209,29962,29853,23574,6279,109,30694,30594,25514,5080,100,60656,26987,22480,4507,3400,784,182,138,3,11736,6149,3025,295,2267,0,313,305,1551,3545,1296,14923,45733,544,1400,2955,4288,6109,2783,10138,2252,3409,5954,4956,945,92572,45054,1294,111,300,326,242,144,290,922,5341,1654,4104,3001,16634,6268,2754,1669,47518,1286,286,787,454,458,148,157,1123,4962,1379,3364,2826,18169,7236,3345,1538,92572,2580,29,0,11,25,186,146,328,759,181,599,700,292,447,2045,8708,1595,3033,7468,5827,34803,13504,6099,3207,63464,4438,6748,2029,3255,7624,5500,973,4614,9188,2116,4049,3759,4776,2397,1998,83041,91974,78057,"Sunset CCD, San Francisco County, California",3532,2041,536,83,2378,310,852,1709,1090,1470,3532,3474,1987,513,67,2366,310,222,1432,312,1410,1498,474,88,49,218,32,823,1108,1043,250,2241,2243,2038,912,94,1249,1269,1203,600,74,1612,1612,1448,607,53,2241,1629,1461,547,476,269,107,87,6,868,626,551,123,372,32,133,151,317,684,320,1299,2016,188,334,415,741,767,462,818,404,461,611,531,246,2677,1649,333,79,150,121,132,97,133,196,666,366,490,457,1237,644,404,370,1724,315,116,190,156,205,72,102,423,622,250,415,376,1074,615,612,293,2677,518,30,32,18,25,107,87,139,251,105,156,254,119,180,447,935,350,540,767,589,1773,893,752,480,2454,540,753,360,417,790,833,199,569,715,392,445,558,710,441,335,2738,5562,2628
"G060075093625","2019-2023","CA",,,"California","06","San Francisco County","075","Western Addition-Buena Vista-Eureka Valley CCD","93625",,,,,,,,,,,,,,".",".",,,,,,,,,,,,"0600000US0607593625",,,"0607593625","Western Addition-Buena Vista-Eureka Valley CCD, San Francisco County, California",139674,81208,8210,731,26096,439,6623,16367,6046,10321,139674,124298,77711,7767,162,25831,439,1607,10781,1593,9188,15376,3497,443,569,265,0,5016,5586,4453,1133,87632,87179,72590,14589,453,49279,48907,39691,9216,372,38353,38272,32899,5373,81,87632,22966,19713,3253,2584,391,135,133,10,21182,12416,5973,1281,1479,33,824,520,3967,6488,1764,29921,57711,1162,1951,3844,6660,9606,5083,10095,2550,3178,5798,5265,2519,115184,63412,738,137,331,261,79,174,201,616,4983,1749,5300,2407,25564,13458,3962,3452,51772,723,120,300,282,67,206,182,408,3627,1320,3245,1975,20312,12891,3741,2373,115184,1461,8,0,0,77,74,98,124,507,17,526,146,380,383,1024,7512,1098,3069,8545,4382,45876,26349,7703,5825,97303,9113,7393,2713,5079,13568,9672,1601,5206,13149,2610,6790,5906,7736,4232,2535,106812,119407,94703,"Western Addition-Buena Vista-Eureka Valley CCD, San Francisco County, California",2682,2386,1025,398,1463,284,1102,1207,714,970,2682,2696,2334,1013,91,1468,284,719,998,425,884,1452,524,194,384,128,32,968,742,644,331,2262,2312,2135,1013,181,1682,1728,1569,807,172,1446,1449,1443,549,53,2262,1131,1158,478,427,171,87,101,16,1604,1288,659,280,315,32,217,176,632,722,344,1561,2062,271,404,466,661,793,666,814,387,564,655,588,449,2293,1770,242,86,158,171,106,149,124,257,646,334,723,446,1341,986,443,416,1481,196,71,158,142,44,114,99,151,581,306,571,398,977,1042,565,404,2293,352,13,32,32,66,59,77,103,217,27,224,112,199,171,301,747,276,459,955,598,1832,1577,751,577,2805,812,676,412,576,964,908,484,607,994,439,540,535,799,524,395,3189,3776,3223
"G060077090900","2019-2023","CA",,,"California","06","San Joaquin County","077","Escalon CCD","90900",,,,,,,,,,,,,,".",".",,,,,,,,,,,,"0600000US0607790900",,,"0607790900","Escalon CCD, San Joaquin County, California",13739,10051,38,34,99,26,1517,1974,1129,845,13739,10360,9524,29,3,87,26,0,691,91,600,3379,527,9,31,12,0,1517,1283,1038,245,5208,5198,3245,1953,10,2944,2934,1916,1018,10,2264,2264,1329,935,0,5208,4418,3957,461,251,206,0,4,0,0,0,0,0,0,0,0,0,0,196,88,506,4702,315,578,139,513,1225,175,861,127,82,277,216,194,8999,4144,138,12,127,46,27,71,25,111,1214,510,835,364,524,140,0,0,4855,129,2,22,93,68,0,199,159,917,435,950,734,877,225,39,6,8999,267,0,0,0,6,2,6,0,149,76,63,95,71,224,270,1695,436,945,1785,1098,1401,365,39,6,1960,21,55,8,171,294,32,13,140,304,253,239,121,15,16,278,50285,64375,37103,"Escalon CCD, San Joaquin County, California",1215,1336,49,43,87,40,623,578,424,428,1215,1284,1307,48,5,86,40,21,377,85,363,793,187,14,42,19,21,623,474,416,188,494,495,457,409,18,327,327,288,237,18,325,325,320,238,21,494,517,477,172,119,158,21,8,21,21,21,21,21,21,21,21,21,21,148,77,216,524,175,195,82,194,392,102,220,68,60,129,92,105,578,340,79,21,95,43,46,59,29,70,267,211,266,132,186,72,21,21,420,72,11,18,84,77,21,130,90,241,193,332,285,240,118,39,9,578,133,21,21,21,15,11,11,21,98,80,56,91,59,137,123,356,238,329,464,324,338,137,39,9,423,23,53,14,113,166,30,22,95,175,103,150,65,19,25,126,6690,11276,6529
"G060077091630","2019-2023","CA",,,"California","06","San Joaquin County","077","Linden-Farmington CCD","91630",,,,,,,,,,,,,,".",".",,,,,,,,,,,,"0600000US0607791630",,,"0607791630","Linden-Farmington CCD, San Joaquin County, California",5486,3226,95,6,125,0,886,1148,549,599,5486,3452,3121,95,0,125,0,0,111,7,104,2034,105,0,6,0,0,886,1037,542,495,2319,2319,2107,212,0,1262,1262,1152,110,0,1057,1057,955,102,0,2319,1963,1853,110,87,0,0,0,23,65,65,0,0,0,0,0,25,0,8,26,232,2087,140,163,257,172,200,286,423,230,55,0,161,0,3793,1790,61,14,91,12,17,49,0,38,596,103,289,209,237,33,0,41,2003,26,23,99,49,0,0,15,16,457,100,373,166,431,221,7,20,3793,87,0,0,0,0,26,11,28,162,49,12,17,49,15,54,923,130,203,662,375,668,254,7,61,1086,35,174,0,0,61,23,0,179,225,108,65,102,6,67,41,52111,70244,50457,"Linden-Farmington CCD, San Joaquin County, California",789,613,159,14,116,19,446,634,473,392,789,602,619,159,19,116,19,19,88,13,88,537,88,19,14,19,19,446,605,474,391,423,423,381,100,19,305,305,267,75,19,204,204,199,69,19,423,416,409,115,107,19,19,19,37,88,88,19,19,19,19,19,30,19,17,33,159,401,94,135,143,127,121,106,186,209,43,19,107,19,514,309,91,30,77,21,39,64,19,32,203,85,174,88,84,30,19,61,258,40,39,76,76,19,19,18,13,190,73,205,102,177,114,14,27,514,88,19,19,19,19,57,21,46,129,76,21,39,64,18,37,337,133,114,277,137,226,117,14,65,262,40,102,19,19,48,29,19,119,130,91,50,70,12,112,33,11964,22710,9941
"G060077091690","2019-2023","CA",,,"California","06","San Joaquin County","077","Lockeford CCD","91690",,,,,,,,,,,,,,".",".",,,,,,,,,,,,"0600000US0607791690",,,"0607791690","Lockeford CCD, San Joaquin County, California",12383,7872,61,319,507,29,1423,2172,798,1374,12383,8182,7007,61,0,507,29,43,535,99,436,4201,865,0,319,0,0,1380,1637,699,938,5711,5705,4284,1421,6,3364,3364,2327,1037,0,2347,2341,1957,384,6,5711,4926,4288,638,548,36,52,2,0,0,0,0,0,0,0,0,0,0,95,12,678,5033,133,342,328,724,670,375,782,87,98,522,537,435,8909,4591,169,39,76,170,0,12,140,171,1206,334,768,496,689,157,155,9,4318,111,16,62,128,52,56,17,91,1210,324,881,282,588,431,51,18,8909,280,0,0,0,0,43,12,0,138,27,271,52,68,157,262,2145,271,658,1649,778,1277,588,206,27,2214,0,139,29,72,116,270,13,425,443,235,96,120,23,126,107,49295,58847,37902,"Lockeford CCD, San Joaquin County, California",1062,857,53,287,409,23,474,624,242,576,1062,832,742,53,21,409,23,63,168,86,163,821,437,21,287,21,21,461,594,229,554,645,646,542,366,9,429,429,305,342,21,365,366,352,120,9,645,623,586,239,199,40,63,6,21,21,21,21,21,21,21,21,21,21,88,18,164,622,74,197,115,226,214,149,275,56,79,160,159,223,799,468,130,75,66,105,21,16,103,106,229,131,251,140,246,85,198,13,435,90,20,59,93,61,38,20,63,240,114,227,111,134,214,44,21,799,141,21,21,21,21,77,16,21,111,23,129,61,42,104,125,330,128,170,353,180,313,234,202,26,544,21,90,32,42,53,216,21,267,154,80,70,76,33,93,55,3318,5438,3033
"G060077091700","2019-2023","CA",,,"California","06","San Joaquin County","077","Lodi CCD","91700",,,,,,,,,,,,,,".",".",,,,,,,,,,,,"0600000US0607791700",,,"0607791700","Lodi CCD, San Joaquin County, California",90915,44980,1349,916,11758,173,11725,20014,7705,12309,90915,56094,39587,1242,112,11524,173,309,3147,289,2858,34821,5393,107,804,234,0,11416,16867,7416,9451,39859,39728,33371,6357,131,21725,21642,17121,4521,83,18134,18086,16250,1836,48,39859,34106,29744,4362,3222,705,237,148,50,152,80,40,23,0,9,0,26,215,677,211,4472,35387,1953,5003,5981,5184,4433,2137,4024,643,688,2268,1794,1279,59498,29129,1235,445,965,781,285,296,461,832,8277,2250,4337,2352,4680,1164,447,322,30369,1196,325,933,793,238,226,395,666,7430,1980,4349,3455,5270,2258,609,246,59498,2431,79,0,0,155,374,162,207,1691,193,1381,523,522,856,1498,14250,1457,4230,8686,5807,9950,3422,1056,568,15904,514,1210,638,851,1912,752,232,1733,2670,1290,712,1498,476,309,1107,43588,50168,35322,"Lodi CCD, San Joaquin County, California",1827,2201,496,419,1265,115,1566,1942,1270,1569,1827,2351,1864,467,70,1249,115,147,561,142,539,2034,1107,135,408,160,32,1561,1857,1276,1436,1245,1237,1107,622,75,1058,1065,908,552,60,916,911,879,314,57,1245,1283,1287,596,493,213,158,116,44,108,67,61,37,32,19,32,27,110,210,110,674,1251,396,617,661,677,580,406,603,175,172,374,341,279,1295,1026,264,173,212,324,134,170,203,184,697,399,471,377,683,244,169,160,947,257,125,213,221,123,89,146,189,609,304,598,506,568,448,217,108,1295,444,65,32,32,107,137,98,118,282,127,407,169,204,299,263,955,286,545,752,707,911,565,274,193,1207,196,270,348,172,451,280,136,395,407,279,230,328,134,125,269,3122,3048,2912
"G060077091870","2019-2023","CA",,,"California","06","San Joaquin County","077","Manteca CCD","91870",,,,,,,,,,,,,,".",".",,,,,,,,,,,,"0600000US0607791870",,,"0607791870","Manteca CCD, San Joaquin County, California",124193,53710,6012,1135,19861,1688,15700,26087,16998,9089,124193,74999,41080,5942,448,19612,1650,286,5981,1022,4959,49194,12630,70,687,249,38,15414,20106,15976,4130,51885,51877,34288,17589,8,29527,29519,18034,11485,8,22358,22358,16254,6104,0,51885,45384,38850,6534,5198,656,372,210,98,762,266,51,434,11,0,128,86,65,352,653,4455,47430,1601,2998,5062,6909,5842,2265,6084,763,1009,2476,5980,6441,82149,42114,1103,645,970,690,617,720,901,2284,13302,3525,6511,3445,5430,1414,387,170,40035,1407,479,705,577,300,202,358,1186,11135,3922,6492,3849,6623,2100,577,123,82149,2510,40,99,15,94,595,281,173,1502,302,965,917,922,1259,3470,21280,3157,7447,13003,7294,12053,3514,964,293,17770,1416,648,449,956,1587,1300,122,2358,3277,1608,430,1410,729,315,1165,49876,54975,41320,"Manteca CCD, San Joaquin County, California",1866,2666,1126,440,1652,733,2125,2758,2846,1507,1866,2477,2065,1139,246,1635,734,178,1044,420,942,2302,1799,78,333,157,54,2104,2780,2815,1037,1473,1470,1413,1090,14,983,983,879,856,14,964,964,912,624,32,1473,1624,1524,701,690,210,177,169,66,241,131,57,186,18,32,125,59,67,165,237,543,1619,371,516,719,831,634,428,728,273,346,383,670,770,1777,1173,276,285,263,229,254,203,272,434,1007,524,811,475,595,310,151,112,1087,301,215,218,158,140,87,120,272,832,429,769,495,655,383,201,92,1777,447,50,92,22,89,392,151,93,394,158,267,316,208,290,539,1355,465,628,1253,686,842,535,257,147,1240,345,197,177,292,317,299,70,406,442,439,171,233,308,126,236,1905,2873,2473
"G060077092620","2019-2023","CA",,,"California","06","San Joaquin County","077","Ripon CCD","92620",,,,,,,,,,,,,,".",".",,,,,,,,,,,,"0600000US0607792620",,,"0607792620","Ripon CCD, San Joaquin County, California",18544,13780,205,173,838,105,1065,2378,1508,870,18544,13637,11774,188,0,838,105,71,661,32,629,4907,2006,17,173,0,0,994,1717,1476,241,8404,8389,5601,2788,15,4195,4180,2496,1684,15,4209,4209,3105,1104,0,8404,7438,6941,497,289,131,10,67,0,65,0,0,65,0,0,0,48,32,23,62,736,7668,319,1241,821,973,1246,917,638,221,125,196,546,425,12450,5841,144,11,67,63,0,58,100,97,1785,484,1064,654,815,364,96,39,6609,54,19,49,12,0,0,25,210,1593,504,1451,774,1413,388,60,57,12450,198,0,0,0,0,19,11,0,116,12,63,0,58,125,307,2876,502,988,2515,1428,2228,752,156,96,3365,83,317,56,261,335,111,39,307,576,408,49,310,51,154,308,54122,72132,42181,"Ripon CCD, San Joaquin County, California",956,997,169,206,280,129,450,766,741,291,956,723,837,166,21,280,129,75,258,38,252,929,546,36,206,21,21,441,759,742,133,533,535,502,459,24,385,384,373,386,24,392,392,408,295,21,533,580,609,266,193,89,16,86,21,76,21,21,76,21,21,21,54,37,33,70,188,563,141,367,279,314,349,312,243,165,85,108,161,134,713,465,111,19,59,89,21,92,114,65,444,177,220,179,256,142,63,45,457,52,26,57,24,21,21,39,141,296,189,421,241,309,128,58,51,713,126,21,21,21,21,32,22,21,100,24,89,21,92,117,165,559,227,249,437,267,422,201,82,85,509,96,334,48,130,149,106,49,118,178,213,46,122,57,106,161,5628,10591,8854
"G060077093240","2019-2023","CA",,,"California","06","San Joaquin County","077","Stockton CCD","93240",,,,,,,,,,,,,,".",".",,,,,,,,,,,,"0600000US0607793240",,,"0607793240","Stockton CCD, San Joaquin County, California",368846,108125,37963,5628,64125,1954,76038,75013,44115,30898,368846,187249,69267,35947,1390,62191,1660,1535,15259,2723,12536,181597,38858,2016,4238,1934,294,74503,59754,41392,18362,148507,148074,123744,24330,433,81995,81665,65686,15979,330,66512,66409,58058,8351,103,148507,134003,114232,19771,13065,3520,1633,1234,319,1463,1018,154,281,7,3,149,82,332,1742,828,9908,138599,2228,9847,20072,27204,20808,6041,13980,2296,2829,7756,11460,14078,231842,113625,7269,2380,6151,2439,1877,2391,2637,5040,34355,8148,14436,8935,11935,3297,1572,763,118217,7361,2258,4281,2494,2101,1954,2711,4051,32953,8117,17011,10914,14654,5561,1146,650,231842,14630,21,107,536,758,1899,1317,1187,9245,1164,3769,3978,4345,5348,9091,57784,9524,16265,31447,19849,26589,8858,2718,1413,42339,1841,2699,1151,2354,3645,2883,422,4171,8123,3986,1574,2850,1402,1672,3566,37749,42271,33618,"Stockton CCD, San Joaquin County, California",3240,3307,2042,1117,2415,629,3503,3649,3346,2705,3240,3496,2643,1918,326,2333,541,542,1988,1019,1642,2986,2770,726,1056,438,234,3395,3299,3072,1879,2824,2821,2653,1313,185,2201,2198,1983,1041,148,1645,1642,1591,722,82,2824,2751,2441,1252,1079,593,409,344,194,372,299,107,115,10,8,90,49,140,425,226,976,2786,444,864,1254,1343,1157,641,1059,439,486,686,944,1311,2538,1801,642,451,811,445,376,365,436,614,1502,739,968,760,921,435,265,204,1521,683,460,540,439,403,331,361,514,1407,708,1158,801,981,618,245,163,2538,1036,26,71,197,237,508,338,299,1089,313,643,552,504,620,941,2235,850,1121,1611,1156,1455,793,370,268,1718,400,352,281,449,458,525,142,492,852,606,369,417,457,286,550,828,1047,1091
"G060077093340","2019-2023","CA",,,"California","06","San Joaquin County","077","Thornton CCD","93340",,,,,,,,,,,,,,".",".",,,,,,,,,,,,"0600000US0607793340",,,"0607793340","Thornton CCD, San Joaquin County, California",14262,4400,1091,34,3329,0,2707,2701,1234,1467,14262,9286,3853,1073,22,3190,0,182,966,217,749,4976,547,18,12,139,0,2525,1735,1017,718,6971,6971,6018,953,0,3875,3875,3166,709,0,3096,3096,2852,244,0,6971,5863,5143,720,477,196,13,34,0,123,0,57,66,0,0,0,0,0,54,17,914,6057,125,531,738,842,1332,593,471,112,123,109,440,641,9713,4828,83,24,185,85,68,41,87,184,1116,480,501,492,905,254,312,11,4885,108,24,149,66,75,57,26,152,883,521,613,723,1003,298,134,53,9713,191,0,0,0,0,32,16,45,289,113,38,143,98,113,336,1843,156,1001,1114,1215,1908,552,446,64,3328,123,400,226,293,218,154,23,391,696,269,58,199,55,50,173,53000,61154,43246,"Thornton CCD, San Joaquin County, California",1371,617,358,33,833,21,1037,597,517,496,1371,1035,571,357,27,812,21,236,366,162,360,934,285,30,17,110,21,1003,530,505,335,692,692,636,240,21,486,486,470,218,21,407,407,378,110,21,692,713,655,220,160,160,26,42,21,80,21,57,56,21,21,21,21,21,110,27,281,684,85,269,257,221,317,302,247,79,71,61,137,244,779,495,52,30,101,79,65,47,77,121,265,181,132,190,215,138,155,17,545,72,30,100,84,83,70,31,100,292,241,184,299,255,131,105,51,779,89,21,21,21,21,33,26,52,170,157,31,110,84,80,142,430,86,333,261,333,346,176,207,56,546,77,172,105,108,135,77,37,140,249,175,57,114,39,48,96,8898,11750,6795
"G060077093400","2019-2023","CA",,,"California","06","San Joaquin County","077","Tracy CCD","93400",,,,,,,,,,,,,,".",".",,,,,,,,,,,,"0600000US0607793400",,,"0607793400","Tracy CCD, San Joaquin County, California",139048,45918,8234,1340,40005,770,18585,24196,14414,9782,139048,91614,34798,8033,111,39644,745,742,7541,821,6720,47434,11120,201,1229,361,25,17843,16655,13593,3062,62719,62568,33865,28703,151,34820,34681,16428,18253,139,27899,27887,17437,10450,12,62719,50922,42985,7937,5501,1532,601,133,170,1108,283,234,582,9,0,17,305,373,569,622,8803,53916,964,4337,5991,4834,2567,1752,5068,1353,1536,6785,10766,7963,87492,42939,1481,385,565,560,368,690,682,1419,11650,3553,6177,3427,7619,3234,527,602,44553,1777,420,719,870,175,621,413,1667,10038,3197,5669,4558,9996,3330,820,283,87492,3258,19,19,52,97,362,256,260,1024,273,1157,543,1311,1095,3086,18693,2995,6750,11846,7985,17615,6564,1347,885,27882,2807,1468,966,1048,1632,3835,218,2873,6384,1350,598,1234,1009,1095,1365,56369,72065,41735,"Tracy CCD, San Joaquin County, California",2706,3323,1232,418,2278,319,2104,2647,2040,1626,2706,3100,3141,1233,76,2212,310,395,1391,367,1257,2326,1606,100,400,231,42,2176,2098,2029,733,1835,1810,1362,1368,89,1395,1373,1117,1066,85,1194,1192,1008,775,16,1835,1907,1701,1040,725,518,375,80,132,296,195,109,204,16,32,27,168,276,269,184,901,1861,334,508,731,644,433,402,758,409,447,783,869,859,2148,1429,345,174,189,189,215,258,203,292,989,654,606,449,818,509,259,232,1124,323,150,301,237,78,294,168,346,720,520,694,440,980,568,288,125,2148,553,25,29,55,79,140,147,142,360,132,256,232,444,260,468,1503,455,944,960,647,1255,764,402,280,1594,490,446,231,297,339,609,130,438,758,434,202,274,302,286,334,2980,2239,1953
"G060079090120","2019-2023","CA",,,"California","06","San Luis Obispo County","079","Arroyo Grande CCD","90120",,,,,,,,,,,,,,".",".",,,,,,,,,,,,"0600000US0607990120",,,"0607990120","Arroyo Grande CCD, San Luis Obispo County, California",81403,56192,785,766,2359,306,5364,15631,11661,3970,81403,57621,50124,756,110,2307,293,291,3740,941,2799,23782,6068,29,656,52,13,5073,11891,10720,1171,37068,37042,29940,7102,26,21032,21015,16892,4123,17,16036,16027,13048,2979,9,37068,30419,27031,3388,2789,464,99,36,0,270,270,0,0,0,0,0,132,317,874,254,4802,32266,1055,4323,3607,5839,6216,3132,4020,843,754,1215,282,980,59636,29261,690,223,450,168,380,328,146,616,6434,1904,5195,2443,6495,2313,984,492,30375,662,118,316,228,255,356,298,630,5170,2487,4438,3448,7243,3480,925,321,59636,1352,21,0,0,242,56,22,102,664,145,251,635,684,444,1246,9944,1660,4391,9633,5891,13738,5793,1909,813,23861,1001,2590,816,1566,2228,1505,239,2045,3391,1720,1073,1760,1453,1261,1213,46394,53941,39513,"Arroyo Grande CCD, San Luis Obispo County, California",1866,1909,309,409,535,149,941,1717,1724,733,1866,1731,1721,313,68,523,149,165,641,361,589,1724,1015,40,385,65,20,922,1632,1677,387,1353,1346,1203,855,27,1047,1044,897,604,21,740,738,726,436,16,1353,1385,1396,716,669,211,73,40,32,153,153,32,32,32,32,32,103,259,258,116,729,1369,289,635,587,753,678,615,683,254,338,286,114,351,1461,943,206,130,164,168,157,294,96,186,664,293,782,489,615,340,213,171,971,205,88,120,147,135,157,224,215,671,383,587,522,619,453,324,144,1461,326,32,32,32,151,47,32,97,206,129,172,223,337,231,279,897,419,537,1001,700,863,609,409,227,1190,254,428,211,314,386,273,118,389,459,310,235,282,298,379,284,2684,5619,2902
"G060079090140","2019-2023","CA",,,"California","06","San Luis Obispo County","079","Atascadero CCD","90140",,,,,,,,,,,,,,".",".",,,,,,,,,,,,"0600000US0607990140",,,"0607990140","Atascadero CCD, San Luis Obispo County, California",45726,36065,213,263,1323,10,2148,5704,3076,2628,45726,36498,32835,213,90,719,10,266,2365,606,1759,9228,3230,0,173,604,0,1882,3339,2470,869,21773,21747,20965,782,26,11733,11707,11085,622,26,10040,10040,9880,160,0,21773,18447,16815,1632,1296,291,17,0,28,133,133,0,0,0,0,0,0,37,532,63,2561,19212,898,3431,2592,2257,3288,1904,2258,484,483,707,460,450,33020,16262,148,87,61,122,110,55,263,361,2937,1700,3050,1613,4154,1084,270,247,16758,140,10,39,193,11,69,118,135,3543,1476,3204,2229,3529,1516,432,114,33020,288,8,0,0,46,2,41,9,91,157,158,121,124,381,496,5781,699,3176,6254,3842,7683,2600,702,361,12034,420,1903,221,545,883,757,92,1179,1547,853,521,947,526,474,1166,47153,60518,38014,"Atascadero CCD, San Luis Obispo County, California",1359,1785,164,167,633,18,515,906,706,653,1359,1544,1619,164,79,215,18,170,613,311,498,964,780,29,145,606,29,494,644,587,309,990,992,1005,244,32,703,700,730,222,32,731,731,729,80,29,990,1019,1010,399,336,184,29,29,46,99,99,29,29,29,29,29,29,44,150,61,500,1015,233,575,357,396,444,577,451,168,179,213,199,186,1236,746,96,95,49,83,85,48,145,190,402,337,431,362,497,326,118,116,780,96,21,36,118,18,52,101,86,633,282,516,356,414,315,136,67,1236,146,15,29,29,69,15,61,12,73,154,117,91,74,196,193,805,192,495,776,534,671,434,185,129,869,162,417,109,144,259,248,53,288,348,337,163,301,218,158,274,2968,7943,4048
"G060079092160","2019-2023","CA",,,"California","06","San Luis Obispo County","079","North Coast CCD","92160",,,,,,,,,,,,,,".",".",,,,,,,,,,,,"0600000US0607992160",,,"0607992160","North Coast CCD, San Luis Obispo County, California",36941,28810,135,324,1275,33,2268,4096,3175,921,36941,29910,26797,131,78,1263,18,507,1116,499,617,7031,2013,4,246,12,15,1761,2980,2676,304,16472,16445,15708,737,27,8966,8939,8518,421,27,7506,7506,7190,316,0,16472,12765,11413,1352,1093,190,8,44,17,53,53,0,0,0,0,0,60,134,528,166,2766,13706,769,2551,1470,2122,2052,1458,1462,272,298,756,160,336,29090,14359,212,95,86,0,47,198,136,365,2191,843,2358,1382,3815,1547,665,419,14731,75,0,91,118,36,14,140,262,1824,1041,2481,1621,4251,2043,479,255,29090,287,0,0,0,29,62,4,22,155,87,31,83,212,276,627,3568,447,1884,4839,3003,8066,3590,1144,674,14475,367,1559,425,1076,1303,901,94,1276,1825,1230,843,1108,743,921,804,44392,58767,33834,"North Coast CCD, San Luis Obispo County, California",1430,1357,90,173,402,40,669,827,739,224,1430,1096,1101,89,66,408,31,335,330,272,162,999,568,10,162,19,23,571,717,681,143,1032,1030,986,187,26,681,680,656,156,26,635,635,617,99,29,1032,979,964,363,306,124,10,62,22,42,42,29,29,29,29,29,50,109,162,109,374,1024,215,447,288,526,344,329,313,126,113,171,81,170,1052,694,92,99,69,29,55,112,92,132,396,149,355,270,547,351,202,108,594,43,29,61,100,33,26,65,98,358,213,441,282,457,324,156,92,1052,106,29,29,29,46,85,14,32,100,98,29,76,114,116,169,586,147,244,567,404,825,617,274,148,1019,108,303,129,375,237,186,74,303,354,221,172,230,185,337,194,2824,5973,2638
"G060079092410","2019-2023","CA",,,"California","06","San Luis Obispo County","079","Paso Robles CCD","92410",,,,,,,,,,,,,,".",".",,,,,,,,,,,,"0600000US0607992410",,,"0607992410","Paso Robles CCD, San Luis Obispo County, California",52708,35710,321,926,1392,50,6218,8091,6115,1976,52708,35467,30851,303,111,1318,50,384,2450,862,1588,17241,4859,18,815,74,0,5834,5641,5253,388,23950,23913,22925,988,37,13186,13151,12462,689,35,10764,10762,10463,299,2,23950,19179,16922,2257,1536,476,143,100,2,197,197,0,0,0,0,0,86,22,1028,398,3040,20910,1029,3069,2794,3182,2390,1351,2481,650,795,1621,961,587,35944,17549,284,137,431,136,265,235,181,283,4341,1237,3034,1625,3784,967,427,182,18395,305,138,289,126,207,157,98,417,3881,1521,3022,2897,3239,1486,444,168,35944,589,0,13,37,32,170,23,40,680,149,113,472,392,279,700,7063,1159,2758,6056,4522,7023,2453,871,350,11738,447,1233,356,789,854,932,203,836,1805,962,484,1117,630,449,641,43353,48766,38781,"Paso Robles CCD, San Luis Obispo County, California",1222,1463,157,477,414,49,1121,1347,1300,434,1222,1405,1336,154,64,419,49,202,673,530,368,1265,1093,23,476,73,32,1090,1276,1300,191,1092,1096,1107,222,35,776,779,796,192,35,671,672,671,110,4,1092,969,961,533,447,239,126,143,4,132,132,32,32,32,32,32,86,20,214,274,469,994,330,557,458,654,375,390,595,189,230,296,257,172,1013,679,126,92,256,82,196,174,87,123,458,236,367,376,425,234,160,76,609,131,96,149,92,123,96,59,228,458,261,336,471,366,310,225,90,1013,182,32,20,42,50,104,23,40,348,131,84,230,203,114,229,613,273,403,502,661,628,394,263,133,1017,198,260,161,212,217,217,157,229,328,233,159,309,216,152,160,2529,5758,4206
"G060079092860","2019-2023","CA",,,"California","06","San Luis Obispo County","079","San Luis Obispo CCD","92860",,,,,,,,,,,,,,".",".",,,,,,,,,,,,"0600000US0607992860",,,"0607992860","San Luis Obispo CCD, San Luis Obispo County, California",64708,46961,1735,339,4106,100,2865,8602,5129,3473,64708,53010,43583,1683,116,3943,91,287,3307,516,2791,11698,3378,52,223,163,9,2578,5295,4613,682,29235,29087,27447,1640,148,14698,14594,13644,950,104,14537,14493,13803,690,44,29235,19898,17967,1931,1344,480,34,14,59,417,396,0,6,2,13,0,44,1229,2677,90,4880,24355,1808,6092,6054,4504,2161,789,1026,543,422,452,106,398,32543,17107,128,148,64,113,124,260,567,222,2537,1317,2706,1135,4468,1730,727,861,15436,149,31,63,50,76,17,86,208,1724,829,1941,1244,5188,2516,854,460,32543,277,0,10,0,35,124,10,46,81,78,85,200,277,653,430,3379,882,2146,4647,2379,9656,4246,1581,1321,17780,537,2402,390,881,1788,2038,233,1584,1889,1817,789,1063,695,696,978,19389,21580,16276,"San Luis Obispo CCD, San Luis Obispo County, California",762,1026,278,144,420,71,620,717,623,458,762,1065,1031,277,54,406,72,129,401,177,414,853,518,41,146,95,12,607,595,570,174,1089,1087,1058,314,100,783,797,786,232,94,707,703,725,206,33,1089,981,909,346,280,228,37,21,99,183,178,32,13,10,21,32,45,249,370,51,605,1109,373,736,589,736,337,246,210,158,183,171,63,180,955,660,77,85,51,53,54,79,122,84,389,257,349,255,446,270,226,208,594,74,48,58,54,53,29,57,92,348,241,315,241,521,291,210,175,955,101,32,13,32,31,84,12,49,61,55,49,75,88,134,129,505,193,306,529,365,669,429,340,247,886,157,397,115,157,297,391,115,321,292,417,195,235,163,172,224,2006,2082,2041
"G060081091215","2019-2023","CA",,,"California","06","San Mateo County","081","Half Moon Bay CCD","91215",,,,,,,,,,,,,,".",".",,,,,,,,,,,,"0600000US0608191215",,,"0608191215","Half Moon Bay CCD, San Mateo County, California",28420,19937,133,21,1061,1,3216,4051,2902,1149,28420,21354,18817,84,9,1061,1,105,1277,239,1038,7066,1120,49,12,0,0,3111,2774,2663,111,14267,14207,10959,3248,60,7450,7390,5683,1707,60,6817,6817,5276,1541,0,14267,9694,8653,1041,791,134,48,20,48,208,157,51,0,0,0,0,0,138,438,313,3476,10791,559,996,873,1110,391,569,1437,620,572,2417,1062,185,20742,10195,173,92,184,157,128,112,24,144,1353,552,1114,715,2814,1535,500,598,10547,276,80,309,0,16,32,35,361,1148,487,1043,995,2666,2026,705,368,20742,449,0,0,28,38,0,106,35,458,22,135,144,144,59,505,2232,269,1039,2157,1710,5480,3561,1205,966,12320,777,1297,577,674,1458,1545,188,505,1467,460,858,935,616,397,566,73270,96562,55672,"Half Moon Bay CCD, San Mateo County, California",1538,1316,90,23,371,21,790,927,840,421,1538,1339,1316,51,16,371,21,129,427,151,392,1026,452,76,18,25,25,798,882,857,100,836,826,816,546,58,645,633,599,357,58,648,648,607,344,25,836,870,852,313,275,126,43,28,26,132,113,61,25,25,25,25,25,120,220,206,567,857,251,336,232,367,167,221,375,236,189,509,321,101,984,794,81,78,117,105,167,111,31,80,373,204,329,274,460,316,192,187,568,134,80,196,25,21,24,46,232,305,151,249,270,404,429,236,122,984,191,25,25,45,56,25,90,35,244,27,103,170,114,57,256,453,122,292,423,438,663,528,344,244,908,279,312,188,216,339,305,113,188,299,177,278,242,193,214,169,7418,6312,12507
"G060081092870","2019-2023","CA",,,"California","06","San Mateo County","081","San Mateo CCD","92870",,,,,,,,,,,,,,".",".",,,,,,,,,,,,"0600000US0608192870",,,"0608192870","San Mateo CCD, San Mateo County, California",401895,184296,10094,5243,92915,4607,51934,52806,30905,21901,401895,295905,164651,9565,507,92099,4438,3461,21184,4148,17036,105990,19645,529,4736,816,169,48473,31622,26757,4865,205747,204961,145415,59546,786,111888,111386,76436,34950,502,93859,93575,68979,24596,284,205747,132600,117265,15335,11105,2508,1012,542,168,8292,2827,1212,4056,183,14,281,323,3449,4703,3175,52924,152823,2268,11191,20433,25251,24294,10845,22161,5690,7543,11786,8889,2472,286738,139946,3905,1073,2560,1034,803,812,994,2717,16921,5607,12083,7016,38719,27129,6957,11616,146792,3576,1329,2358,1048,1099,805,626,2293,16385,6226,12681,9600,45093,28525,7352,7796,286738,7481,79,131,248,460,904,580,1045,3873,717,1365,1902,1617,1620,5010,29045,4261,11833,24764,16616,83812,55654,14309,19412,187987,18922,17660,9028,8961,21991,28076,1831,11360,27705,6049,9548,7313,7204,7124,5215,84019,99873,72553,"San Mateo CCD, San Mateo County, California",1577,2734,820,1218,2335,756,3303,3194,2910,1541,1577,2683,2218,765,151,2331,749,813,1374,804,1228,2686,1797,230,1188,292,179,3060,2926,2830,872,2496,2500,2815,2129,240,1680,1666,1967,1410,152,1824,1830,1705,1105,177,2496,2701,2765,999,818,380,360,223,121,839,553,259,571,148,23,98,122,449,618,667,2053,2673,420,894,1144,1305,1354,718,1277,595,740,789,744,428,1682,1453,601,333,527,253,243,295,293,554,1079,576,855,577,1210,1046,574,746,1229,544,408,422,289,256,224,336,554,895,643,936,704,1414,1205,511,775,1682,939,58,95,142,209,297,289,321,626,236,319,402,386,499,927,1320,654,750,1323,932,2072,1777,863,1238,3069,1107,1006,792,723,1097,1220,296,769,1349,597,706,681,563,657,537,1933,5697,2527
"G060081093170","2019-2023","CA",,,"California","06","San Mateo County","081","South San Francisco CCD","93170",,,,,,,,,,,,,,".",".",,,,,,,,,,,,"0600000US0608193170",,,"0608193170","South San Francisco CCD, San Mateo County, California",314785,98951,6307,2724,135442,3902,31124,36335,21677,14658,314785,242463,82978,5672,382,133807,3671,2698,13255,2570,10685,72322,15973,635,2342,1635,231,28426,23080,19107,3973,166591,165943,102843,63100,648,88081,87730,53795,33935,351,78510,78213,49048,29165,297,166591,114162,96695,17467,13104,2710,1012,469,172,16130,6052,7659,1807,612,0,803,496,916,3906,1837,28341,138250,1618,8485,15418,21274,21929,8089,22915,4609,7593,13158,10269,2893,235673,117158,3484,799,1750,984,922,936,972,2691,23791,7245,16796,9025,31565,9896,3334,2968,118515,3511,1060,1596,669,734,511,448,2437,20870,6784,13293,10506,37566,12178,3889,2463,235673,6995,260,218,9,213,496,663,777,2569,386,1267,1656,1447,1420,5128,38979,5682,14029,30089,19531,69131,22074,7223,5431,110439,7386,9104,3419,4653,11304,11001,1156,11827,23797,4555,4629,4433,4847,3553,4775,62123,65383,59154,"South San Francisco CCD, San Mateo County, California",1158,2641,914,638,2607,701,2636,2168,2056,1295,1158,2551,2220,852,175,2604,714,713,1308,735,1091,2686,1714,384,627,402,165,2355,2027,1952,681,2261,2222,2467,2316,309,1718,1703,2013,1499,161,1517,1509,1501,1333,189,2261,2193,1967,1179,1018,526,301,212,107,1169,721,672,349,353,32,263,182,397,745,433,1397,2392,330,973,1148,1098,1380,836,1310,630,852,935,877,506,1589,1362,513,230,510,337,324,259,303,406,1398,650,1025,689,1011,665,468,380,1143,528,377,372,248,224,158,151,467,1052,680,1027,806,1279,739,483,317,1589,848,112,182,15,141,207,290,391,486,173,362,425,336,360,673,1696,807,943,1465,1149,1833,1137,693,559,2491,702,707,547,466,880,699,222,1075,1170,492,506,506,467,491,519,1378,2289,1770
"G060083090378","2019-2023","CA",,,"California","06","Santa Barbara County","083","Carpinteria CCD","90378",,,,,,,,,,,,,,".",".",,,,,,,,,,,,"0600000US0608390378",,,"0608390378","Carpinteria CCD, Santa Barbara County, California",18133,10650,148,261,685,0,3254,3135,2379,756,18133,10992,9317,144,0,658,0,264,609,141,468,7141,1333,4,261,27,0,2990,2526,2238,288,8741,8732,8049,683,9,4977,4968,4451,517,9,3764,3764,3598,166,0,8741,6278,5407,871,703,75,59,34,0,186,186,0,0,0,0,0,33,151,537,69,1487,7254,364,1333,579,1017,1152,721,870,186,108,410,382,132,13439,6802,82,287,99,159,147,38,36,72,1022,326,1204,324,1723,755,215,313,6637,112,70,150,78,130,6,51,144,723,369,1056,310,1981,1053,153,251,13439,194,0,0,24,60,199,74,44,205,0,237,277,44,87,216,1609,136,695,2260,634,3704,1808,368,564,6877,327,442,287,448,1396,350,52,350,857,399,443,473,594,242,217,49425,59683,39895,"Carpinteria CCD, Santa Barbara County, California",982,951,144,239,306,21,998,942,920,282,982,847,767,145,21,303,21,174,259,73,233,1071,478,8,239,42,21,962,928,919,184,640,641,567,279,14,584,584,512,241,14,291,291,285,82,21,640,569,541,251,251,45,41,39,21,160,160,21,21,21,21,21,32,133,157,57,322,561,134,266,199,333,310,255,243,101,70,177,201,75,700,551,64,189,77,150,134,42,38,50,246,144,350,137,299,172,83,143,391,67,78,102,71,97,10,61,65,197,132,259,101,286,213,75,110,700,119,21,21,30,63,186,115,58,150,21,160,201,43,78,96,334,74,192,488,180,474,289,114,177,644,166,139,147,122,288,115,43,130,217,157,140,168,220,131,92,10614,10225,9735
"G060083090630","2019-2023","CA",,,"California","06","Santa Barbara County","083","Cuyama CCD","90630",,,,,,,,,,,,,,".",".",,,,,,,,,,,,"0600000US0608390630",,,"0608390630","Cuyama CCD, Santa Barbara County, California",1066,737,0,5,8,24,136,156,131,25,1066,637,572,0,0,8,24,8,25,0,25,429,165,0,5,0,0,128,131,131,0,320,320,286,34,0,196,196,177,19,0,124,124,109,15,0,320,233,217,16,14,2,0,0,0,0,0,0,0,0,0,0,0,0,0,8,79,241,21,27,76,2,33,0,18,0,3,21,37,3,813,393,9,33,5,0,3,0,7,0,112,2,91,19,85,14,13,0,420,6,14,17,4,0,0,0,8,84,14,103,18,117,24,11,0,813,15,30,4,0,0,13,0,5,17,4,0,3,0,7,8,160,36,16,194,37,202,38,24,0,280,14,46,15,4,62,6,0,0,48,24,13,7,14,17,10,49135,53500,43583,"Cuyama CCD, Santa Barbara County, California",213,176,14,7,11,32,94,102,97,37,213,165,147,14,14,11,32,14,37,14,37,178,135,14,7,14,14,93,97,97,14,79,79,82,27,14,62,62,61,16,14,29,29,33,14,14,79,51,55,17,16,5,14,14,14,14,14,14,14,14,14,14,14,14,14,8,46,52,27,22,39,4,24,14,11,14,5,26,22,4,162,79,9,30,7,14,5,14,7,14,42,3,51,16,37,20,12,14,108,8,19,21,11,14,14,14,11,37,15,53,23,78,16,9,14,162,12,39,7,14,14,21,14,7,21,11,14,5,14,7,11,50,31,15,98,29,93,29,18,14,92,18,21,14,11,68,6,14,14,32,20,12,9,17,19,12,16302,17604,22499
"G060083091200","2019-2023","CA",,,"California","06","Santa Barbara County","083","Guadalupe CCD","91200",,,,,,,,,,,,,,".",".",,,,,,,,,,,,"0600000US0608391200",,,"0608391200","Guadalupe CCD, Santa Barbara County, California",8727,2309,2,319,230,0,2391,3476,3247,229,8727,1010,682,0,0,230,0,0,98,0,98,7717,1627,2,319,0,0,2391,3378,3247,131,3123,3123,2652,471,0,1976,1976,1655,321,0,1147,1147,997,150,0,3123,2874,2366,508,303,119,23,23,40,65,65,0,0,0,0,0,0,0,48,9,127,2996,108,208,276,640,518,540,243,36,47,195,97,88,4754,2475,285,229,231,54,50,67,78,136,558,153,232,162,142,44,45,9,2279,188,152,162,87,54,15,85,90,494,198,258,205,199,81,11,0,4754,473,0,0,157,46,149,29,0,393,47,94,104,82,163,226,958,94,351,490,367,341,125,56,9,577,8,73,12,41,123,48,6,37,60,68,12,51,11,11,16,34762,34891,33750,"Guadalupe CCD, Santa Barbara County, California",180,529,15,246,136,19,680,764,766,211,180,338,253,19,19,136,19,19,96,19,96,356,479,15,246,19,19,680,769,766,195,371,371,347,147,19,279,279,270,122,19,183,183,173,85,19,371,360,312,196,114,100,27,34,58,52,52,19,19,19,19,19,19,19,49,22,95,361,84,111,131,189,155,157,115,36,42,79,85,77,308,225,111,107,92,49,51,61,67,88,229,74,146,74,78,52,55,14,170,95,74,87,68,50,23,76,61,168,80,154,81,90,56,16,19,308,165,19,19,151,45,98,33,19,165,54,77,71,62,112,114,324,79,115,228,107,123,63,57,14,187,12,51,19,38,75,50,10,35,49,48,19,56,17,21,24,3687,5718,7388
"G060083091708","2019-2023","CA",,,"California","06","Santa Barbara County","083","Lompoc CCD","91708",,,,,,,,,,,,,,".",".",,,,,,,,,,,,"0600000US0608391708",,,"0608391708","Lompoc CCD, Santa Barbara County, California",59743,29184,2397,1357,1853,119,10020,14813,11511,3302,59743,27766,21182,2092,263,1683,93,189,2264,154,2110,31977,8002,305,1094,170,26,9831,12549,11357,1192,25218,25130,24448,682,88,14201,14128,13557,571,73,11017,11002,10891,111,15,25218,21072,17405,3667,2257,719,500,137,54,976,976,0,0,0,0,0,131,241,1036,153,1609,23609,1293,3732,3895,2312,1999,1331,2572,670,814,2386,2156,449,38193,20361,648,336,1255,367,455,413,897,484,4724,1635,3541,2212,2208,892,209,85,17832,642,479,624,180,700,238,417,421,4546,1154,2924,1743,2612,936,132,84,38193,1290,111,0,117,141,223,223,219,1660,300,247,1155,651,1314,905,7691,1579,2789,6465,3955,4820,1828,341,169,7715,377,409,227,348,1153,773,59,498,1156,467,451,718,275,280,524,36841,41695,31403,"Lompoc CCD, Santa Barbara County, California",1232,1631,436,619,429,100,1357,1990,1987,717,1232,1196,1192,400,96,399,67,112,530,122,517,1245,1570,204,607,117,41,1345,1959,1979,367,1077,1077,1014,198,54,757,767,710,170,50,794,796,779,96,31,1077,1071,991,511,418,243,192,114,63,327,327,32,32,32,32,32,75,96,271,76,361,1067,332,542,533,370,410,452,369,266,291,442,394,165,1091,770,147,141,312,156,160,136,217,162,499,295,512,327,299,229,86,64,711,173,173,171,89,258,138,159,141,548,262,386,301,369,184,68,53,1091,237,123,32,104,134,113,148,111,416,153,105,327,186,288,219,663,282,430,617,464,498,340,110,104,674,132,114,102,138,276,196,35,149,208,141,127,189,139,166,168,1823,2627,2972
"G060083092890","2019-2023","CA",,,"California","06","Santa Barbara County","083","Santa Barbara CCD","92890",,,,,,,,,,,,,,".",".",,,,,,,,,,,,"0600000US0608392890",,,"0608392890","Santa Barbara CCD, Santa Barbara County, California",189170,117717,3143,1985,14445,251,22799,28830,20246,8584,189170,129726,103173,3019,253,14092,174,1130,7885,1278,6607,59444,14544,124,1732,353,77,21669,20945,18968,1977,91439,90938,88256,2682,501,47797,47517,45842,1675,280,43642,43421,42414,1007,221,91439,61412,53630,7782,5850,1246,449,95,142,2211,2129,35,47,0,0,253,782,4298,5126,957,16400,75039,3076,11384,21820,17396,9580,3611,2663,557,696,1786,1458,1012,119480,59040,1194,693,1092,314,581,201,711,1043,7327,2631,8035,4276,16778,7620,3141,3403,60440,1309,472,1142,395,449,269,266,976,7173,3398,8380,4929,18762,7787,2467,2266,119480,2503,0,58,37,212,657,201,127,2107,282,427,1030,470,977,2019,12602,1898,6029,16415,9205,35540,15407,5608,5669,68608,3119,5438,3614,4056,9586,5417,788,4318,8526,3503,5034,5028,4792,3045,2344,41204,49024,33396,"Santa Barbara CCD, Santa Barbara County, California",1796,2312,497,502,846,126,1603,2081,1978,953,1796,2095,1859,434,161,793,94,338,772,350,736,2001,1350,212,477,181,59,1574,2089,2029,534,1941,1964,2009,440,205,1263,1250,1227,308,143,1415,1443,1504,290,175,1941,1788,1665,904,666,426,199,66,105,400,386,49,41,32,32,127,240,459,616,232,1002,1983,586,824,1217,1161,803,763,400,225,186,332,348,246,1221,1116,352,291,322,214,290,103,272,205,690,403,778,545,844,614,396,366,868,337,206,266,160,197,133,131,206,594,401,712,490,796,579,332,332,1221,522,32,78,54,114,356,110,74,487,173,236,438,166,305,307,899,355,573,1015,776,1266,868,568,546,1715,392,545,482,456,754,495,177,550,664,513,495,542,491,459,405,1523,2940,2279
"G060083092908","2019-2023","CA",,,"California","06","Santa Barbara County","083","Santa Maria CCD","92908",,,,,,,,,,,,,,".",".",,,,,,,,,,,,"0600000US0608392908",,,"0608392908","Santa Maria CCD, Santa Barbara County, California",144557,62294,1611,3852,6048,67,20559,50126,44107,6019,144557,44546,33193,1410,382,5810,61,106,3584,611,2973,100011,29101,201,3470,238,6,20453,46542,43496,3046,62712,62555,54027,8528,157,35456,35328,29994,5334,128,27256,27227,24033,3194,29,62712,56268,46016,10252,6951,1876,825,321,279,1060,1060,0,0,0,0,80,64,295,720,451,3774,58938,1195,7743,12140,9438,6507,5722,7707,1050,1930,2723,2014,769,84770,41623,2276,1724,3922,1092,1370,448,522,1634,9200,2566,5809,3368,5408,1550,459,275,43147,2442,1410,3870,807,1115,553,987,979,8460,3302,6438,4078,5938,2094,478,196,84770,4718,29,73,248,778,1253,753,357,7435,697,1202,2485,1001,1509,2613,15610,2050,5868,12247,7446,11346,3644,937,471,17400,662,1331,557,938,1649,1401,48,1698,2656,1658,776,1481,718,591,1236,35171,40636,29262,"Santa Maria CCD, Santa Barbara County, California",2015,2843,445,876,683,53,2146,2925,3068,848,2015,1737,1595,419,171,690,51,73,504,222,512,1918,2521,141,849,141,9,2151,3033,3043,754,1726,1729,1696,704,86,1243,1238,1309,499,85,1142,1138,1165,398,27,1726,1611,1477,1033,829,381,269,209,269,296,296,32,32,32,32,107,56,145,233,184,559,1732,283,898,1083,804,705,901,894,276,477,515,454,198,1445,1097,405,354,630,311,403,135,154,395,737,373,631,476,564,234,158,83,815,351,262,525,198,358,186,350,206,696,443,587,432,504,325,145,136,1445,607,45,84,126,220,389,210,150,921,234,338,630,213,401,456,993,324,602,923,683,803,439,212,173,981,209,283,237,194,306,249,38,340,333,321,194,258,215,157,247,1010,1619,1511
"G060083093065","2019-2023","CA",,,"California","06","Santa Barbara County","083","Solvang-Santa Ynez CCD","93065",,,,,,,,,,,,,,".",".",,,,,,,,,,,,"0600000US0608393065",,,"0608393065","Solvang-Santa Ynez CCD, Santa Barbara County, California",22579,18024,167,162,390,30,1264,2542,1614,928,22579,17886,16217,167,122,365,30,17,968,142,826,4693,1807,0,40,25,0,1247,1574,1472,102,11291,11278,10664,614,13,5992,5979,5500,479,13,5299,5299,5164,135,0,11291,8574,7482,1092,866,142,14,33,37,106,106,0,0,0,0,12,5,64,489,71,1970,9321,544,1409,1296,1177,601,198,685,341,718,1716,277,359,17007,8071,135,15,79,166,130,4,76,80,1229,472,1510,874,2147,877,155,122,8936,114,91,56,10,37,60,75,71,1422,699,1565,1174,2131,922,284,225,17007,249,0,0,0,6,100,0,47,88,0,176,167,64,151,151,2469,182,1171,3075,2048,4278,1799,439,347,7362,306,579,268,534,863,426,39,511,1206,352,472,653,385,391,377,53351,59460,46487,"Solvang-Santa Ynez CCD, Santa Barbara County, California",1040,1152,122,82,157,33,371,698,620,271,1040,988,1030,122,68,152,33,28,277,94,262,989,683,25,32,29,25,367,608,595,87,758,755,719,239,20,503,499,450,219,20,483,483,469,62,25,758,705,694,381,331,106,34,30,84,77,77,25,25,25,25,18,9,75,179,60,508,727,183,334,284,263,279,89,217,159,216,592,131,177,798,479,94,21,72,114,97,5,52,57,227,161,339,277,349,242,71,54,474,76,68,67,17,35,70,81,60,261,191,338,270,298,199,107,115,798,123,25,25,25,15,68,25,45,96,25,113,115,70,95,72,415,110,277,495,405,494,313,139,131,719,141,177,122,139,210,125,49,219,297,120,124,259,154,162,165,4698,6863,10745
"G060085090680","2019-2023","CA",,,"California","06","Santa Clara County","085","Diablo Range CCD","90680",,,,,,,,,,,,,,".",".",,,,,,,,,,,,"0600000US0608590680",,,"0608590680","Diablo Range CCD, Santa Clara County, California",1476,890,11,22,225,0,148,180,172,8,1476,1087,840,11,0,220,0,12,4,4,0,389,50,0,22,5,0,136,176,168,8,734,734,623,111,0,412,412,347,65,0,322,322,276,46,0,734,448,413,35,9,26,0,0,0,0,0,0,0,0,0,0,0,23,3,7,253,481,0,10,78,68,143,41,51,18,9,41,10,12,1068,550,23,0,0,0,0,0,8,30,89,78,116,20,101,75,10,0,518,0,0,0,0,20,0,5,12,157,0,77,42,142,57,6,0,1068,23,0,0,0,0,0,0,0,0,0,0,20,0,13,42,239,7,78,193,62,243,132,16,0,397,42,72,6,0,29,44,0,27,19,44,16,8,9,27,54,45521,54816,34609,"Diablo Range CCD, Santa Clara County, California",347,285,14,26,118,14,97,147,148,14,347,294,281,14,14,117,14,13,7,7,14,166,34,14,26,8,14,96,146,147,14,199,199,173,67,14,135,135,118,41,14,97,97,93,51,14,199,164,164,35,11,33,14,14,14,14,14,14,14,14,14,14,14,32,6,10,88,164,14,16,48,55,95,34,35,10,11,24,15,13,210,151,20,14,14,14,14,14,11,44,56,73,62,21,58,41,16,14,124,14,14,14,14,25,14,9,20,73,14,39,87,58,33,9,14,210,20,14,14,14,14,14,14,14,14,14,14,25,14,15,54,84,23,73,69,95,97,54,21,14,126,37,38,9,14,22,34,14,30,20,42,16,14,13,45,38,19256,16187,11320
"G060085091602","2019-2023","CA",,,"California","06","Santa Clara County","085","Lexington Hills CCD","91602",,,,,,,,,,,,,,".",".",,,,,,,,,,,,"0600000US0608591602",,,"0608591602","Lexington Hills CCD, Santa Clara County, California",4650,3759,0,0,203,0,204,484,91,393,4650,4259,3584,0,0,203,0,86,386,52,334,391,175,0,0,0,0,118,98,39,59,2415,2415,2038,377,0,1330,1330,1181,149,0,1085,1085,857,228,0,2415,1830,1574,256,197,41,0,0,18,54,54,0,0,0,0,0,19,0,29,3,480,1935,12,9,134,241,146,161,364,227,133,314,85,109,3382,1654,0,0,0,0,12,0,14,10,175,33,124,205,507,472,14,88,1728,2,0,0,0,0,14,3,0,197,63,159,91,584,420,113,82,3382,2,0,0,0,0,0,0,0,0,0,0,12,14,17,10,328,44,96,283,296,1091,892,127,170,2449,201,177,72,91,124,464,73,114,283,123,236,169,99,84,139,91019,115938,76098,"Lexington Hills CCD, Santa Clara County, California",545,482,14,14,101,14,158,194,56,197,545,535,480,14,14,101,14,127,176,49,184,146,108,14,14,14,14,101,74,30,59,324,324,367,133,14,227,227,236,79,14,228,228,244,84,14,324,255,245,103,101,36,14,14,28,79,79,14,14,14,14,14,29,14,43,5,136,297,16,14,78,106,99,75,198,122,71,135,55,101,384,211,14,14,14,14,19,14,23,16,91,26,68,123,130,115,14,82,240,4,14,14,14,14,23,5,14,112,45,78,64,142,214,61,87,384,4,14,14,14,14,14,14,14,14,14,14,19,23,24,16,151,44,59,117,137,228,240,63,164,346,107,73,42,56,60,134,55,62,113,64,216,82,59,51,90,20196,33338,30071
"G060085091680","2019-2023","CA",,,"California","06","Santa Clara County","085","Llagas-Uvas CCD","91680",,,,,,,,,,,,,,".",".",,,,,,,,,,,,"0600000US0608591680",,,"0608591680","Llagas-Uvas CCD, Santa Clara County, California",5191,2819,71,23,376,0,312,1590,1131,459,5191,3710,2567,71,0,376,0,163,533,149,384,1481,252,0,23,0,0,149,1057,982,75,2474,2474,2133,341,0,1359,1359,1141,218,0,1115,1115,992,123,0,2474,1678,1437,241,88,153,0,0,0,46,46,0,0,0,0,0,17,0,84,30,619,1855,9,94,137,139,109,111,292,41,115,327,224,257,3614,1743,43,0,0,0,0,0,0,27,116,184,274,107,625,246,74,47,1871,6,25,0,0,0,0,6,8,191,129,216,257,727,223,41,42,3614,49,0,0,0,0,0,25,0,0,0,0,0,0,6,35,272,35,313,490,364,1352,469,115,89,2104,135,144,106,123,150,359,0,137,492,100,44,148,9,86,71,82098,129831,61898,"Llagas-Uvas CCD, Santa Clara County, California",695,497,56,38,118,19,256,488,464,200,695,450,402,56,19,118,19,185,226,109,163,558,249,19,38,19,19,115,440,448,102,498,498,491,145,19,311,311,303,102,19,246,246,250,86,19,498,435,411,176,51,172,19,19,19,96,96,19,19,19,19,19,27,19,112,46,195,514,13,88,85,76,83,144,172,64,122,167,125,149,441,243,43,19,19,19,19,19,19,44,68,99,172,64,200,79,66,43,236,10,45,19,19,19,19,11,14,110,62,90,137,153,80,39,43,441,44,19,19,19,19,19,45,19,19,19,19,19,19,11,46,119,54,122,188,153,275,111,84,79,297,80,68,66,77,76,174,19,90,167,60,42,78,14,72,65,15876,26954,16044
"G060085092830","2019-2023","CA",,,"California","06","Santa Clara County","085","San Jose CCD","92830",,,,,,,,,,,,,,".",".",,,,,,,,,,,,"0600000US0608592830",,,"0608592830","San Jose CCD, Santa Clara County, California",1765222,568184,42085,13181,733222,7180,187761,213609,132188,81421,1765222,1347842,487890,39875,2747,729858,6694,8140,72638,9843,62795,417380,80294,2210,10434,3364,486,179621,140971,122345,18626,908451,906408,807302,99106,2043,512301,511000,448341,62659,1301,396150,395408,358961,36447,742,908451,637756,558057,79699,59658,11855,4724,2394,1068,25134,13942,1960,5885,3282,65,2256,1507,12691,19178,8812,201117,707334,9517,39654,81952,123426,128805,53779,117328,19878,29064,53668,34553,15710,1246285,633768,17375,4487,10215,5069,5335,3718,4688,12837,83099,22139,57087,35476,175695,136040,16705,43803,612517,19330,5322,10778,6710,5668,3841,4200,12507,80405,25242,57237,42373,179148,118985,19786,20985,1246285,36705,407,900,798,1547,3556,2601,4385,16608,2930,8849,11003,7559,8888,25344,144336,19168,47381,114324,77849,354843,255025,36491,64788,758109,100134,43519,35357,24702,55215,189115,6334,51111,106602,26826,29077,23374,23637,20847,22259,75086,93857,59693,"San Jose CCD, Santa Clara County, California",1612,3800,1473,1550,2719,655,5518,6015,5203,3460,1612,2363,2206,1431,398,2738,547,953,2477,1062,2480,2025,3183,515,1467,550,275,5355,5286,5013,1924,4057,4050,4195,2285,342,2386,2391,2825,1748,287,3153,3138,3059,1374,250,4057,4751,4799,2457,1976,1051,718,529,294,1265,881,369,566,632,59,400,261,831,1213,747,3886,4957,907,2020,2306,3256,3028,1713,2643,1141,1548,1660,1428,990,1690,1285,1257,605,1137,607,626,467,590,734,2399,1153,1732,1294,2741,2790,883,1803,943,991,590,916,649,596,536,589,779,2031,1227,1722,1557,3011,2364,1106,1012,1690,1876,170,292,236,307,509,357,558,1397,548,952,934,688,905,1243,3489,1079,1661,2611,2162,4809,4229,1610,2308,5421,2294,1520,1623,1055,1618,3100,637,1944,2384,1400,1331,1138,1317,1119,1103,1076,1665,1129
"G060085093175","2019-2023","CA",,,"California","06","Santa Clara County","085","South Santa Clara Valley CCD","93175",,,,,,,,,,,,,,".",".",,,,,,,,,,,,"0600000US0608593175",,,"0608593175","South Santa Clara Valley CCD, Santa Clara County, California",119164,52487,3093,1350,14380,326,12465,35063,27926,7137,119164,61434,38474,2927,49,14168,262,582,4972,866,4106,57730,14013,166,1301,212,64,11883,30091,27060,3031,54234,54202,48997,5205,32,30002,29989,26581,3408,13,24232,24213,22416,1797,19,54234,43278,36733,6545,4809,920,728,54,34,912,576,21,255,60,0,11,0,299,940,280,8514,45720,1004,4205,5765,5188,3122,1437,4622,1853,2833,6612,6504,2575,78021,38403,862,410,1410,349,723,540,439,743,8398,2468,5714,2870,8261,3599,1002,615,39618,1043,549,945,477,475,411,242,792,7733,2863,6742,3976,9047,3285,687,351,78021,1905,7,25,83,183,403,258,268,2087,347,479,1198,951,681,1535,13920,2211,5331,12456,6846,17308,6884,1689,966,28343,1976,1787,677,1377,2122,4107,231,2574,5484,1530,1122,1328,1064,1363,1601,56846,68699,45982,"South Santa Clara Valley CCD, Santa Clara County, California",1541,2566,994,404,1056,185,1536,2281,2322,969,1541,2078,1784,969,46,1046,174,252,902,351,816,1978,1978,117,401,85,55,1504,2401,2323,628,1322,1320,1246,513,32,989,987,976,433,23,858,859,860,287,22,1322,1338,1367,640,598,265,329,44,34,252,209,32,110,49,32,16,32,140,245,115,702,1315,231,558,634,704,414,264,576,308,433,600,712,317,1536,1151,265,204,313,148,225,237,180,210,891,522,644,400,679,509,226,169,874,285,178,224,166,194,169,93,287,686,375,660,497,572,367,191,107,1536,384,12,29,102,90,190,120,134,374,163,141,287,309,187,371,1186,392,623,952,680,962,703,320,191,1327,321,353,156,331,315,494,89,404,572,286,322,298,284,258,223,2375,4590,2160
"G060085093660","2019-2023","CA",,,"California","06","Santa Clara County","085","West Santa Clara CCD","93660",,,,,,,,,,,,,,".",".",,,,,,,,,,,,"0600000US0608593660",,,"0608593660","West Santa Clara CCD, Santa Clara County, California",7594,3826,65,3,3287,0,55,358,109,249,7594,7333,3744,65,3,3287,0,23,211,12,199,261,82,0,0,0,0,32,147,97,50,3086,3086,2875,211,0,1684,1684,1540,144,0,1402,1402,1335,67,0,3086,1708,1565,143,48,95,0,0,0,20,20,0,0,0,0,16,0,0,43,10,1289,1797,0,79,109,455,299,147,216,31,240,171,21,29,5816,2699,0,12,12,0,0,0,0,0,45,32,67,77,849,886,309,410,3117,11,0,0,0,0,36,10,0,163,46,273,136,1080,957,281,124,5816,11,0,0,0,0,0,12,12,0,0,0,0,36,10,0,202,6,78,340,213,1929,1843,590,534,5326,401,419,408,144,381,1354,33,346,805,118,328,167,219,62,141,119088,189583,105393,"West Santa Clara CCD, Santa Clara County, California",752,503,71,35,704,19,52,138,90,122,752,771,506,71,35,704,19,37,111,20,108,119,75,19,19,19,19,36,103,90,57,455,455,423,99,19,245,245,244,79,19,384,384,388,49,19,455,418,396,97,59,79,19,19,19,71,71,19,19,19,19,26,19,19,56,18,268,424,19,69,61,158,92,60,103,34,210,182,67,43,451,246,19,19,17,19,19,19,19,19,52,30,50,72,184,193,103,150,351,22,19,19,19,19,37,15,19,103,42,94,70,149,355,98,63,451,22,19,19,19,19,19,19,17,19,19,19,19,37,15,19,117,15,58,113,103,273,387,152,169,498,119,110,139,67,111,269,33,130,214,63,117,88,90,51,65,11474,63319,25502
"G060087092850","2019-2023","CA",,,"California","06","Santa Cruz County","087","San Lorenzo Valley CCD","92850",,,,,,,,,,,,,,".",".",,,,,,,,,,,,"0600000US0608792850",,,"0608792850","San Lorenzo Valley CCD, Santa Cruz County, California",23193,19268,68,66,539,30,740,2482,1419,1063,23193,20104,18001,68,13,539,30,133,1320,361,959,3089,1267,0,53,0,0,607,1162,1058,104,11853,11853,8111,3742,0,6586,6586,4318,2268,0,5267,5267,3793,1474,0,11853,8592,7947,645,500,145,0,0,0,134,73,29,32,0,0,0,22,100,90,152,2763,9090,417,523,418,629,975,416,1361,324,605,1635,1303,484,17538,9016,8,1,107,4,0,33,38,100,1375,648,1856,692,2522,1204,142,286,8522,61,128,0,11,50,0,13,81,964,667,1467,829,2992,949,184,126,17538,69,0,0,129,0,0,0,27,80,4,11,50,33,51,181,2024,315,1315,3323,1521,5514,2153,326,412,9177,537,676,343,616,795,932,118,746,1203,517,701,377,630,380,606,62649,81341,45634,"San Lorenzo Valley CCD, Santa Cruz County, California",1652,1590,70,64,162,49,332,639,677,283,1652,1617,1522,70,19,162,49,106,338,177,274,788,407,25,62,25,25,304,668,668,71,992,992,932,460,25,677,677,672,354,25,528,528,471,269,25,992,784,753,225,220,85,25,25,25,75,41,41,39,25,25,25,25,86,69,118,511,791,309,261,135,244,276,126,319,147,205,304,273,196,1072,630,11,8,139,8,25,47,41,66,307,255,372,176,433,231,61,85,599,82,186,25,15,60,25,21,59,257,204,344,205,452,188,83,71,1072,82,25,25,185,25,25,25,42,112,8,15,60,47,46,88,365,159,319,546,289,670,355,101,121,932,170,268,206,193,185,240,63,317,261,169,193,121,223,153,289,11577,4790,9380
"G060087092900","2019-2023","CA",,,"California","06","Santa Cruz County","087","Santa Cruz CCD","92900",,,,,,,,,,,,,,".",".",,,,,,,,,,,,"0600000US0608792900",,,"0608792900","Santa Cruz CCD, Santa Cruz County, California",157760,113317,1745,1002,10004,338,13118,18236,9315,8921,157760,125725,104653,1530,124,9637,319,1240,8222,1367,6855,32035,8664,215,878,367,19,11878,10014,7948,2066,79388,79187,66455,12732,201,41464,41322,33160,8162,142,37924,37865,33295,4570,59,79388,52786,47700,5086,3910,914,173,42,47,1848,1815,16,12,5,0,84,457,2470,4596,874,16273,63115,2358,7921,11788,11919,7997,1843,4621,1264,1965,5671,4282,1486,107736,52567,720,54,271,203,237,418,454,920,7340,3024,7840,4495,15429,6760,2109,2293,55169,626,169,253,167,213,233,312,537,5752,2739,8086,5530,16686,9066,2607,2193,107736,1346,11,0,25,9,95,83,122,402,122,248,450,651,766,1457,11061,2031,5763,15926,10025,32115,15826,4716,4486,62052,3572,6467,2662,4234,8170,4247,710,3773,6637,2701,4568,3823,4974,2619,2895,49912,61742,39104,"Santa Cruz CCD, Santa Cruz County, California",1523,2243,316,396,703,117,1394,1518,1266,708,1523,1770,1900,280,76,690,113,378,613,289,541,1503,1115,163,391,122,30,1293,1373,1221,457,1556,1572,1479,827,109,1158,1169,1060,650,103,1016,1020,1073,459,39,1556,1489,1507,615,571,256,93,46,41,345,349,32,18,11,32,66,162,470,698,243,1088,1608,529,656,1097,1052,732,328,521,274,375,639,604,262,1289,913,261,74,157,134,127,183,211,232,631,454,807,521,855,613,289,332,805,193,101,113,101,114,152,161,154,554,356,745,531,915,637,355,310,1289,341,19,32,47,59,70,65,109,211,95,132,171,293,276,306,842,327,561,1251,788,1400,935,526,521,1825,525,627,430,455,683,476,218,391,763,380,530,364,713,337,354,1792,3263,2985
"G060087093265","2019-2023","CA",,,"California","06","Santa Cruz County","087","Summit Road CCD","93265",,,,,,,,,,,,,,".",".",,,,,,,,,,,,"0600000US0608793265",,,"0608793265","Summit Road CCD, Santa Cruz County, California",2930,2418,0,0,124,0,80,308,183,125,2930,2699,2391,0,0,124,0,26,158,64,94,231,27,0,0,0,0,54,150,119,31,1537,1527,822,705,10,863,863,436,427,0,674,664,386,278,10,1537,1053,894,159,141,18,0,0,0,0,0,0,0,0,0,0,0,0,22,19,443,1094,31,58,45,38,198,61,318,19,106,105,99,16,2235,1143,0,0,0,3,0,0,4,6,109,30,100,48,501,212,72,58,1092,6,0,0,0,0,0,0,21,73,44,197,61,355,276,28,31,2235,6,0,0,0,0,0,0,0,0,0,3,0,0,4,27,139,43,74,297,109,856,488,100,89,1682,164,94,72,73,185,381,20,75,115,116,72,122,138,28,27,66047,79250,50250,"Summit Road CCD, Santa Cruz County, California",378,336,14,14,76,14,56,126,112,58,378,361,334,14,14,76,14,41,99,86,50,113,25,14,14,14,14,37,96,90,34,255,252,142,236,14,184,184,93,163,14,157,158,107,116,14,255,258,264,84,80,20,14,14,14,14,14,14,14,14,14,14,14,14,23,20,109,262,27,55,45,29,101,43,233,19,54,55,58,20,261,187,14,14,14,5,14,14,6,9,65,25,51,34,149,66,52,38,131,9,14,14,14,14,14,14,24,46,25,78,35,100,84,26,30,261,9,14,14,14,14,14,14,14,14,14,5,14,14,6,26,60,57,33,102,50,207,119,58,56,274,69,44,52,36,68,196,20,49,49,63,40,59,91,35,24,20535,49654,27757
"G060087093590","2019-2023","CA",,,"California","06","Santa Cruz County","087","Watsonville CCD","93590",,,,,,,,,,,,,,".",".",,,,,,,,,,,,"0600000US0608793590",,,"0608793590","Watsonville CCD, Santa Cruz County, California",77692,28911,695,1561,1850,89,29617,14969,12831,2138,77692,20893,17122,356,85,1613,31,372,1314,131,1183,56799,11789,339,1476,237,58,29245,13655,12700,955,33341,33294,25879,7415,47,19103,19056,13840,5216,47,14238,14238,12039,2199,0,33341,28405,23659,4746,3245,904,339,231,27,424,369,50,5,0,0,0,75,73,510,1247,2607,30734,830,2417,4355,4267,5047,1773,4362,878,1213,2471,2150,971,48859,24720,1248,1281,1768,578,871,366,225,916,5742,1913,3629,1506,3116,1008,202,351,24139,926,910,2311,437,959,289,261,588,5364,1878,3219,1985,3050,1520,333,109,48859,2174,0,12,298,347,1086,448,691,3388,474,541,1830,655,486,1504,9603,1503,3791,6848,3491,6166,2528,535,460,10478,378,949,306,727,1199,582,96,894,1357,545,586,797,686,563,813,36162,41278,31269,"Watsonville CCD, Santa Cruz County, California",1430,1828,409,527,394,88,1845,1756,1741,516,1430,1267,1147,172,68,374,40,263,301,82,283,1474,1674,299,526,157,83,1845,1746,1740,453,1263,1269,1224,871,55,856,863,781,702,55,812,812,823,426,32,1263,1243,1260,795,676,313,196,126,22,151,147,65,8,32,32,32,54,70,178,329,436,1200,300,465,649,638,658,413,709,272,350,441,359,310,1139,785,276,275,409,197,248,160,118,251,610,361,624,330,509,216,90,168,724,209,241,420,176,232,133,152,165,699,397,439,386,445,254,128,62,1139,371,32,18,166,190,372,203,216,630,225,181,360,207,211,322,955,307,539,811,539,766,342,164,182,964,130,243,175,222,244,166,64,282,301,129,162,237,192,198,229,1578,1755,2864
"G060087093665","2019-2023","CA",,,"California","06","Santa Cruz County","087","West Santa Cruz CCD","93665",,,,,,,,,,,,,,".",".",,,,,,,,,,,,"0600000US0608793665",,,"0608793665","West Santa Cruz CCD, Santa Cruz County, California",4446,3218,37,12,91,0,533,555,428,127,4446,3484,3070,36,0,91,0,132,155,28,127,962,148,1,12,0,0,401,400,400,0,2219,2197,1787,410,22,1060,1055,910,145,5,1159,1142,877,265,17,2219,1383,1133,250,112,37,2,7,92,34,34,0,0,0,0,0,8,0,239,34,521,1698,73,206,51,171,373,137,175,34,28,176,108,166,3319,1680,0,22,0,140,0,5,33,19,326,78,345,104,284,147,83,94,1639,9,11,8,24,0,0,0,9,280,23,278,107,456,319,49,66,3319,9,0,0,24,9,0,0,0,8,2,162,0,5,33,28,537,69,101,623,211,740,466,132,160,1603,114,218,239,48,159,113,22,86,122,144,88,103,113,30,4,41741,54737,27964,"West Santa Cruz CCD, Santa Cruz County, California",584,534,25,84,53,14,335,284,280,70,584,516,497,25,14,53,14,86,79,26,70,374,137,2,84,14,14,327,279,279,14,392,393,328,195,24,186,185,174,65,7,301,301,205,186,22,392,365,242,191,63,53,3,13,174,40,40,14,14,14,14,14,13,14,165,32,158,348,44,125,33,68,197,58,83,28,20,74,55,185,450,361,14,25,14,291,14,5,36,22,97,31,119,50,77,59,69,75,229,14,18,10,35,14,14,14,13,235,22,159,48,108,113,26,37,450,14,14,14,38,15,14,14,14,10,10,318,14,5,36,26,268,48,35,198,75,133,139,74,85,267,84,65,145,30,62,48,22,31,61,68,39,46,48,25,6,9696,14704,6802
"G060089090450","2019-2023","CA",,,"California","06","Shasta County","089","Central Shasta CCD","90450",,,,,,,,,,,,,,".",".",,,,,,,,,,,,"0600000US0608990450",,,"0608990450","Central Shasta CCD, Shasta County, California",11746,9554,35,164,101,65,322,1505,629,876,11746,10490,9255,31,145,101,0,103,855,102,753,1256,299,4,19,0,65,219,650,527,123,4350,4326,3960,366,24,2532,2508,2222,286,24,1818,1818,1738,80,0,4350,3441,2932,509,361,101,40,7,0,36,36,0,0,0,0,0,57,0,132,52,632,3718,74,200,376,538,330,291,654,245,246,431,91,242,9274,4794,4,7,0,67,31,86,18,103,1551,756,929,364,547,210,117,4,4480,40,0,0,14,34,93,105,87,1119,528,978,534,609,245,87,7,9274,44,0,0,7,0,0,0,0,0,23,58,65,179,123,190,2341,329,1284,1907,898,1156,455,204,11,1946,31,184,48,87,166,144,7,225,303,202,223,91,89,15,131,43685,48063,41557,"Central Shasta CCD, Shasta County, California",850,729,11,78,66,64,129,470,378,245,850,726,727,12,75,66,21,72,224,64,220,398,118,6,21,21,64,110,385,366,93,453,452,428,112,26,336,331,319,101,26,265,265,264,47,21,453,419,400,152,146,61,30,14,21,44,44,21,21,21,21,21,80,21,70,35,170,407,46,70,207,161,135,155,184,85,119,125,58,111,631,385,6,11,21,63,35,85,22,62,249,231,184,83,154,84,56,5,374,36,21,21,19,45,70,83,36,187,139,195,114,195,114,40,9,631,37,21,21,11,21,21,21,21,21,22,62,56,109,85,73,288,128,313,270,150,221,159,78,11,347,20,60,34,59,77,72,11,97,97,73,192,31,46,11,74,3182,10695,3476
"G060089090820","2019-2023","CA",,,"California","06","Shasta County","089","East Shasta CCD","90820",,,,,,,,,,,,,,".",".",,,,,,,,,,,,"0600000US0608990820",,,"0608990820","East Shasta CCD, Shasta County, California",6833,5626,89,194,56,0,90,778,384,394,6833,6163,5500,89,138,56,0,0,380,76,304,670,126,0,56,0,0,90,398,308,90,2150,2150,1984,166,0,1057,1057,956,101,0,1093,1093,1028,65,0,2150,1764,1511,253,225,28,0,0,0,4,4,0,0,0,0,0,0,0,188,1,193,1957,298,478,231,96,212,133,198,67,7,48,99,90,5064,2378,9,0,0,12,33,91,14,62,923,218,483,222,206,102,3,0,2686,17,4,0,17,48,6,32,35,788,349,529,419,402,27,7,6,5064,26,0,0,0,0,4,0,0,0,0,29,81,97,46,97,1389,322,567,1012,641,608,129,10,6,810,17,72,30,80,59,50,0,132,66,110,85,47,29,12,21,35909,47131,19207,"East Shasta CCD, Shasta County, California",907,797,122,109,60,19,60,325,196,212,907,873,798,122,81,60,19,19,169,67,146,306,101,19,56,19,19,60,246,185,107,359,359,344,94,19,228,228,209,78,19,252,252,241,53,19,359,304,254,147,141,35,19,19,19,14,14,19,19,19,19,19,19,19,148,3,98,353,181,200,89,53,142,79,126,93,12,40,93,88,603,373,16,19,19,28,35,87,16,54,277,112,174,90,95,78,10,19,330,26,9,19,23,63,11,29,28,229,123,199,146,153,33,15,12,603,30,19,19,19,19,9,19,19,19,19,38,71,88,33,58,319,212,167,294,171,183,95,24,12,227,20,87,31,67,60,44,19,100,41,74,65,64,45,18,21,14217,9432,10159
"G060089092568","2019-2023","CA",,,"California","06","Shasta County","089","Redding CCD","92568",,,,,,,,,,,,,,".",".",,,,,,,,,,,,"0600000US0608992568",,,"0608992568","Redding CCD, Shasta County, California",158478,126343,1471,2719,5971,361,4340,17273,7990,9283,158478,140143,120189,1452,2280,5856,229,555,9582,2171,7411,18335,6154,19,439,115,132,3785,7691,5819,1872,66317,66054,62394,3660,263,34446,34204,31840,2364,242,31871,31850,30554,1296,21,66317,58374,52602,5772,4179,1064,364,131,34,318,240,22,31,0,25,96,190,608,1111,269,5351,60966,2448,9741,14991,13943,9066,2448,4024,275,468,1253,1154,1155,110986,53439,690,83,316,290,479,452,1069,1500,15252,4840,10261,5994,8245,2502,1037,429,57547,753,93,77,472,330,560,733,1017,13383,6095,12502,7352,9873,3206,721,380,110986,1443,0,0,0,13,97,66,62,331,226,536,809,1012,1802,2517,24148,4487,10935,22763,13346,18118,5708,1758,809,28197,668,2440,713,2030,2451,1336,209,3171,4385,2485,1425,2661,1244,1050,1929,41163,48692,35251,"Redding CCD, Shasta County, California",1301,1694,397,384,463,228,731,1409,1194,828,1301,1243,1308,401,327,481,128,246,980,676,696,541,808,21,194,94,172,630,868,871,494,1523,1535,1618,502,119,1071,1090,1171,362,113,982,982,992,303,22,1523,1531,1423,691,552,306,169,86,34,159,127,84,43,32,49,78,79,193,322,98,535,1554,538,876,1021,851,740,449,783,111,188,285,229,291,953,617,184,58,188,156,200,144,294,298,1072,492,702,582,710,399,192,156,544,180,59,100,221,162,148,275,252,722,530,878,579,613,380,166,161,953,292,32,32,32,28,56,61,46,223,162,199,251,200,400,403,1028,648,776,1184,889,1016,566,296,210,1250,179,361,164,346,404,248,80,351,407,321,319,406,298,250,337,1030,2141,1421
"G060089092700","2019-2023","CA",,,"California","06","Shasta County","089","Sacramento Canyon CCD","92700",,,,,,,,,,,,,,".",".",,,,,,,,,,,,"0600000US0608992700",,,"0608992700","Sacramento Canyon CCD, Shasta County, California",1222,1096,7,3,6,0,41,69,29,40,1222,1088,1040,7,3,6,0,3,29,4,25,134,56,0,0,0,0,38,40,25,15,341,341,257,84,0,175,175,146,29,0,166,166,111,55,0,341,270,245,25,23,2,0,0,0,13,13,0,0,0,0,0,0,0,0,0,58,283,19,62,31,15,36,26,26,15,0,13,15,25,1112,569,0,0,2,0,0,45,5,18,159,48,161,49,59,18,0,5,543,0,0,1,0,0,0,0,21,149,35,84,82,141,24,6,0,1112,0,0,0,0,0,0,0,0,3,0,0,0,45,5,39,237,71,83,245,131,200,42,6,5,340,0,20,61,36,25,11,0,75,12,8,28,40,2,20,2,31725,41359,23523,"Sacramento Canyon CCD, Shasta County, California",233,229,10,5,9,14,43,48,32,37,233,216,215,10,5,9,14,5,31,6,30,76,57,14,14,14,14,42,39,32,21,105,105,85,56,14,71,71,64,22,14,58,58,51,39,14,105,103,95,22,21,3,14,14,14,18,18,14,14,14,14,14,14,14,14,14,36,104,27,52,40,12,23,24,18,14,14,11,27,20,207,107,14,14,3,14,14,31,8,16,64,29,75,34,38,18,14,7,153,14,14,3,14,14,14,14,35,75,19,36,50,104,20,9,14,207,14,14,14,14,14,14,14,14,5,14,14,14,31,8,38,97,42,34,75,63,111,26,9,7,194,14,15,81,54,15,11,14,82,13,11,25,42,3,28,3,3373,10784,8819
"G060089093210","2019-2023","CA",,,"California","06","Shasta County","089","Southwest Shasta CCD","93210",,,,,,,,,,,,,,".",".",,,,,,,,,,,,"0600000US0608993210",,,"0608993210","Southwest Shasta CCD, Shasta County, California",3275,2947,12,53,54,10,27,172,59,113,3275,3066,2839,12,48,54,10,0,103,0,103,209,108,0,5,0,0,27,69,59,10,1276,1276,1207,69,0,631,631,578,53,0,645,645,629,16,0,1276,1031,974,57,47,8,2,0,0,14,14,0,0,0,0,0,0,5,42,13,171,1105,25,8,119,104,284,82,196,97,51,65,16,58,2551,1286,31,2,0,0,0,12,0,26,479,50,266,124,174,64,43,15,1265,23,0,0,11,0,19,20,10,209,79,256,148,272,130,68,20,2551,54,0,2,0,0,0,0,0,0,0,11,0,31,20,36,593,95,129,522,272,446,194,111,35,826,4,81,30,47,85,46,0,143,127,46,45,59,31,24,58,45114,50000,43542,"Southwest Shasta CCD, Shasta County, California",457,419,21,39,33,24,41,74,45,66,457,474,441,21,37,33,24,14,62,14,62,126,101,14,12,14,14,41,49,45,14,223,223,212,50,14,131,131,128,45,14,132,132,129,22,14,223,197,197,45,43,13,4,14,14,26,26,14,14,14,14,14,14,8,39,22,83,213,29,9,60,63,113,79,86,54,41,41,22,48,350,243,27,3,14,14,14,20,14,20,163,33,108,56,67,35,32,19,169,21,14,14,15,14,22,23,9,84,40,78,69,77,55,39,19,350,44,14,3,14,14,14,14,14,14,14,15,14,30,23,24,195,70,54,141,102,120,72,59,27,190,6,36,31,29,50,28,14,81,58,28,36,48,38,33,37,10312,16688,8558
"G060091090830","2019-2023","CA",,,"California","06","Sierra County","091","East Sierra CCD","90830",,,,,,,,,,,,,,".",".",,,,,,,,,,,,"0600000US0609190830",,,"0609190830","East Sierra CCD, Sierra County, California",2078,1880,0,37,0,0,120,41,31,10,2078,1856,1846,0,0,0,0,0,10,0,10,222,34,0,37,0,0,120,31,31,0,758,596,445,151,162,313,206,166,40,107,445,390,279,111,55,758,631,569,62,55,0,0,6,1,0,0,0,0,0,0,0,0,0,16,7,104,654,125,67,74,55,18,22,55,60,0,44,80,54,1539,707,37,0,0,0,0,0,0,0,279,47,165,27,97,55,0,0,832,0,0,17,0,0,40,0,12,231,12,227,45,163,20,65,0,1539,37,0,0,0,0,0,0,0,17,0,0,0,40,0,12,475,35,59,392,72,260,75,65,0,400,0,79,20,18,22,2,0,33,33,86,0,40,0,25,42,47174,56471,41786,"East Sierra CCD, Sierra County, California",256,250,14,51,14,14,116,44,42,13,256,251,253,14,14,14,14,14,13,14,13,116,38,14,51,14,14,116,42,42,14,182,186,156,98,92,126,118,110,37,60,114,120,106,79,47,182,161,165,55,51,14,14,10,2,14,14,14,14,14,14,14,14,14,20,11,63,160,104,70,78,51,30,26,57,52,14,41,55,48,202,153,51,14,14,14,14,14,14,14,116,55,103,29,50,57,14,14,104,14,14,27,14,14,58,14,23,111,19,109,35,109,29,75,14,202,51,14,14,14,14,14,14,14,27,14,14,14,58,14,23,166,37,53,179,47,130,75,75,14,138,14,78,28,29,34,11,14,47,41,75,14,37,14,36,52,12624,29148,21043
"G060091093680","2019-2023","CA",,,"California","06","Sierra County","091","West Sierra CCD","93680",,,,,,,,,,,,,,".",".",,,,,,,,,,,,"0600000US0609193680",,,"0609193680","West Sierra CCD, Sierra County, California",653,589,8,0,0,0,8,48,23,25,653,613,580,8,0,0,0,0,25,0,25,40,9,0,0,0,0,8,23,23,0,301,283,178,105,18,145,145,133,12,0,156,138,45,93,18,301,243,181,62,62,0,0,0,0,0,0,0,0,0,0,0,0,0,0,24,34,267,67,71,0,0,0,56,6,0,0,18,49,0,645,349,0,0,0,15,0,16,0,0,133,77,58,12,21,7,10,0,296,0,0,0,0,0,0,0,51,97,0,34,19,44,28,16,7,645,0,0,0,0,0,0,0,0,0,0,15,0,16,0,51,222,8,77,92,31,65,35,26,7,140,15,7,7,12,22,0,15,7,24,9,12,10,0,0,0,43542,50597,-666666666,"West Sierra CCD, Sierra County, California",216,214,14,14,14,14,14,26,14,22,216,216,213,14,14,14,14,14,22,14,22,14,14,14,14,14,14,14,14,14,14,147,148,113,106,27,107,107,108,21,14,108,109,37,104,27,147,143,112,85,85,14,14,14,14,14,14,14,14,14,14,14,14,14,14,38,33,143,90,57,14,14,14,95,12,14,14,27,52,14,216,137,14,14,14,4,14,2,14,14,78,91,53,22,24,12,14,14,128,14,14,14,14,14,14,14,85,66,14,31,21,46,25,18,10,216,14,14,14,14,14,14,14,14,14,14,4,14,2,14,85,115,16,91,71,33,52,31,29,10,69,23,12,12,15,21,14,18,11,38,16,18,14,14,14,14,17836,12435,-222222222
"G060093090290","2019-2023","CA",,,"California","06","Siskiyou County","093","Butte Valley CCD","90290",,,,,,,,,,,,,,".",".",,,,,,,,,,,,"0600000US0609390290",,,"0609390290","Butte Valley CCD, Siskiyou County, California",1768,1143,69,9,48,0,51,448,345,103,1768,1028,823,69,7,38,0,3,88,4,84,740,320,0,2,10,0,48,360,341,19,609,509,509,0,100,328,289,289,0,39,281,220,220,0,61,609,497,392,105,66,6,14,6,13,13,13,0,0,0,0,0,0,0,7,0,92,517,19,87,149,78,31,7,115,0,12,0,16,3,1213,620,28,78,30,34,19,21,0,36,173,46,35,35,60,13,8,4,593,15,16,44,0,13,0,28,34,187,92,67,51,32,9,5,0,1213,43,0,0,22,0,41,31,11,63,0,34,32,21,28,70,321,39,138,102,86,92,22,13,4,134,0,12,0,9,25,28,0,6,0,5,0,11,4,6,28,26458,35985,20425,"Butte Valley CCD, Siskiyou County, California",217,205,76,10,53,14,30,191,173,78,217,228,196,76,9,52,14,4,78,5,76,210,169,14,4,12,14,29,173,173,17,133,131,131,14,49,97,96,96,14,32,82,76,76,14,43,133,124,96,99,97,6,18,7,21,21,21,14,14,14,14,14,14,14,6,14,37,131,17,55,99,62,25,10,66,14,16,14,13,4,163,119,24,57,51,24,22,25,14,28,74,36,26,18,37,14,10,5,92,13,24,33,14,20,14,26,39,65,42,38,26,27,15,6,14,163,33,14,14,26,14,43,38,19,65,14,24,39,25,26,50,98,24,53,49,33,44,27,11,5,55,14,13,14,6,24,19,14,9,14,5,14,16,6,9,27,6130,6336,3016
"G060093090740","2019-2023","CA",,,"California","06","Siskiyou County","093","Dunsmuir CCD","90740",,,,,,,,,,,,,,".",".",,,,,,,,,,,,"0600000US0609390740",,,"0609390740","Dunsmuir CCD, Siskiyou County, California",2022,1587,44,25,43,0,41,282,73,209,2022,1777,1518,31,25,43,0,0,160,8,152,245,69,13,0,0,0,41,122,65,57,765,757,708,49,8,472,464,429,35,8,293,293,279,14,0,765,659,535,124,99,25,0,0,0,0,0,0,0,0,0,0,0,0,34,4,68,697,45,111,87,161,103,68,2,10,4,27,79,0,1545,753,0,0,0,0,3,0,7,27,259,71,120,103,116,33,7,7,792,42,0,0,0,0,0,41,26,189,40,122,136,151,30,8,7,1545,42,0,0,0,0,0,0,0,0,0,0,3,0,48,53,391,57,111,242,239,267,63,15,14,401,9,8,44,33,50,28,6,36,45,27,19,19,47,7,23,25739,27903,24031,"Dunsmuir CCD, Siskiyou County, California",264,257,53,18,32,14,39,99,59,90,264,260,251,46,18,32,14,14,75,10,74,97,43,21,14,14,14,39,66,58,42,118,119,110,35,13,97,98,93,26,13,68,68,66,13,14,118,113,102,61,55,27,14,14,14,14,14,14,14,14,14,14,14,14,28,6,41,120,30,54,35,60,56,52,3,11,6,17,51,14,182,125,14,14,14,14,4,14,9,29,76,40,51,54,55,21,8,9,109,38,14,14,14,14,14,34,26,57,21,44,40,66,21,9,10,182,38,14,14,14,14,14,14,14,14,14,14,4,14,37,39,105,33,43,71,71,95,31,13,12,116,10,12,39,22,29,26,8,38,45,16,17,21,38,13,18,5238,7271,4361
"G060093090920","2019-2023","CA",,,"California","06","Siskiyou County","093","Etna CCD","90920",,,,,,,,,,,,,,".",".",,,,,,,,,,,,"0600000US0609390920",,,"0609390920","Etna CCD, Siskiyou County, California",3358,2721,12,306,18,0,4,297,133,164,3358,3124,2558,12,301,18,0,0,235,89,146,234,163,0,5,0,0,4,62,44,18,1333,1310,1296,14,23,676,666,655,11,10,657,644,641,3,13,1333,1071,906,165,101,9,36,1,18,17,17,0,0,0,0,0,0,0,92,0,153,1180,135,66,146,181,90,128,188,105,21,98,4,18,2599,1325,3,0,0,2,18,42,41,5,456,103,181,121,205,57,18,73,1274,0,0,0,0,3,2,50,4,339,144,200,218,196,99,19,0,2599,3,0,0,0,0,0,0,0,0,0,2,21,44,91,9,741,54,247,381,339,401,156,37,73,683,8,153,23,78,64,56,0,34,77,36,58,79,2,10,5,36997,46271,29950,"Etna CCD, Siskiyou County, California",393,394,21,103,56,14,7,147,107,87,393,378,364,21,102,56,14,14,127,97,79,138,116,14,7,14,14,7,81,51,37,241,242,244,18,25,152,150,152,17,15,155,154,153,5,19,241,225,209,80,63,14,47,3,37,36,36,14,14,14,14,14,14,14,81,14,91,245,65,51,81,84,69,80,140,101,18,68,6,18,299,168,11,14,14,3,27,32,45,6,155,52,85,70,87,54,26,73,180,14,14,14,14,8,4,34,6,106,78,77,119,74,47,20,14,299,11,14,14,14,14,14,14,14,14,14,3,30,33,73,9,214,38,91,110,145,115,73,26,73,125,11,63,17,57,38,66,14,29,44,33,47,84,3,15,9,9626,5494,7204
"G060093091040","2019-2023","CA",,,"California","06","Siskiyou County","093","Fort Jones CCD","91040",,,,,,,,,,,,,,".",".",,,,,,,,,,,,"0600000US0609391040",,,"0609391040","Fort Jones CCD, Siskiyou County, California",1584,1355,0,74,8,6,23,118,48,70,1584,1412,1247,0,74,8,0,6,77,7,70,172,108,0,0,0,6,17,41,41,0,624,542,542,0,82,288,212,212,0,76,336,330,330,0,6,624,527,468,59,46,13,0,0,0,0,0,0,0,0,0,0,0,0,19,0,78,546,103,139,34,29,62,11,26,13,0,6,91,32,1219,572,0,0,0,0,0,13,0,19,173,66,165,64,39,20,0,13,647,0,0,0,0,0,5,19,11,155,27,200,68,138,19,5,0,1219,0,0,0,0,0,0,0,0,0,0,0,0,18,19,30,290,38,93,365,132,177,39,5,13,247,5,51,10,7,11,23,6,9,20,5,6,43,11,11,29,42557,65560,36875,"Fort Jones CCD, Siskiyou County, California",184,186,14,42,10,11,24,80,69,47,184,198,189,14,42,10,14,12,46,10,47,106,81,14,14,14,11,22,68,68,14,121,110,110,14,73,91,68,68,14,72,75,74,74,14,10,121,123,117,39,37,20,14,14,14,14,14,14,14,14,14,14,14,14,20,14,61,122,67,85,29,27,41,14,23,15,14,9,78,26,148,105,14,14,14,14,14,20,14,27,64,39,85,38,30,15,14,13,92,14,14,14,14,14,10,21,16,68,20,69,52,58,16,8,14,148,14,14,14,14,14,14,14,14,14,14,14,14,22,21,30,88,38,40,111,63,66,21,8,13,77,7,30,11,10,12,27,10,10,17,7,9,35,13,13,29,17342,18417,8679
"G060093091240","2019-2023","CA",,,"California","06","Siskiyou County","093","Happy Camp CCD","91240",,,,,,,,,,,,,,".",".",,,,,,,,,,,,"0600000US0609391240",,,"0609391240","Happy Camp CCD, Siskiyou County, California",1508,946,0,220,90,0,25,227,87,140,1508,1347,901,0,214,88,0,4,140,5,135,161,45,0,6,2,0,21,87,82,5,522,503,488,15,19,309,303,295,8,6,213,200,193,7,13,522,328,263,65,42,21,0,2,0,61,61,0,0,0,0,0,0,5,53,0,75,447,83,114,23,12,13,23,49,0,4,69,48,9,1285,729,0,0,5,7,6,12,13,19,193,113,147,61,111,38,4,0,556,0,0,13,0,0,0,26,7,186,52,106,36,74,49,5,2,1285,0,0,0,0,0,0,0,0,18,0,7,6,12,39,26,349,30,165,253,97,185,87,9,2,332,4,73,10,28,21,11,2,20,13,56,2,64,11,4,13,33698,35625,33207,"Happy Camp CCD, Siskiyou County, California",204,201,14,65,101,14,21,92,61,64,204,197,179,14,65,101,14,5,65,6,64,82,81,14,7,5,14,20,60,60,6,145,143,140,17,21,119,120,122,11,6,61,56,54,11,21,145,83,66,40,30,27,14,5,14,103,103,14,14,14,14,14,14,6,82,14,55,114,32,96,16,11,12,29,33,14,6,102,35,8,174,105,14,14,6,11,8,13,10,24,47,101,93,29,88,35,4,14,90,14,14,15,14,14,14,28,6,53,30,47,22,26,33,5,3,174,14,14,14,14,14,14,14,14,16,14,11,8,13,32,25,79,12,109,113,39,90,49,7,3,130,4,78,7,29,12,8,3,18,9,38,3,48,11,6,12,5894,19500,7782
"G060093091340","2019-2023","CA",,,"California","06","Siskiyou County","093","Hornbrook-Hilt CCD","91340",,,,,,,,,,,,,,".",".",,,,,,,,,,,,"0600000US0609391340",,,"0609391340","Hornbrook-Hilt CCD, Siskiyou County, California",849,519,0,24,28,0,6,272,22,250,849,732,483,0,24,28,0,6,191,4,187,117,36,0,0,0,0,0,81,18,63,275,234,227,7,41,140,121,121,0,19,135,113,106,7,22,275,252,212,40,2,38,0,0,0,0,0,0,0,0,0,0,0,0,2,3,18,257,26,57,0,70,27,3,34,14,15,8,3,0,572,269,2,0,14,0,0,0,4,6,73,30,74,25,35,4,2,0,303,0,0,0,0,0,29,2,7,61,69,71,30,20,0,5,9,572,2,0,0,0,0,0,0,0,14,0,0,0,29,6,13,95,39,99,145,55,55,4,7,9,75,0,21,2,3,11,15,0,3,5,3,8,0,3,1,0,32625,36471,26742,"Hornbrook-Hilt CCD, Siskiyou County, California",236,160,14,20,24,14,7,134,17,130,236,196,143,14,20,24,14,7,96,6,96,94,55,14,14,14,14,14,71,16,60,100,99,97,11,24,72,72,72,14,16,48,45,44,11,17,100,100,84,53,3,53,14,14,14,14,14,14,14,14,14,14,14,14,3,4,13,100,31,65,14,35,18,4,33,13,16,12,4,14,142,90,3,14,47,14,14,14,5,7,50,15,41,17,23,4,4,14,78,14,14,14,14,14,23,3,7,24,43,41,24,12,14,5,12,142,3,14,14,14,14,14,14,14,47,14,14,14,23,6,7,54,21,48,72,33,27,4,8,12,31,14,15,3,4,12,17,14,4,5,4,7,14,4,2,14,8095,7395,4906
"G060093091800","2019-2023","CA",,,"California","06","Siskiyou County","093","McCloud-Medicine Lake CCD","91800",,,,,,,,,,,,,,".",".",,,,,,,,,,,,"0600000US0609391800",,,"0609391800","McCloud-Medicine Lake CCD, Siskiyou County, California",1145,945,9,34,12,6,4,135,26,109,1145,1078,923,9,24,12,6,0,104,0,104,67,22,0,10,0,0,4,31,26,5,390,390,375,15,0,210,210,199,11,0,180,180,176,4,0,390,347,292,55,41,12,0,0,2,0,0,0,0,0,0,0,0,13,4,0,26,364,100,69,2,36,51,12,14,0,0,22,54,4,902,429,10,0,0,0,2,7,0,28,125,22,82,32,108,2,11,0,473,12,0,0,6,7,0,6,7,143,43,92,77,59,15,6,0,902,22,0,0,0,0,0,0,0,0,6,0,9,7,6,35,233,35,65,174,109,167,17,17,0,208,7,16,10,12,4,0,0,12,23,32,24,7,38,7,16,34297,40893,32813,"McCloud-Medicine Lake CCD, Siskiyou County, California",216,186,12,31,18,14,8,90,23,87,216,213,185,12,28,18,14,14,87,14,87,43,24,14,12,14,14,8,27,23,9,135,135,130,14,14,102,102,97,12,14,82,82,83,5,14,135,132,124,42,38,14,14,14,5,14,14,14,14,14,14,14,14,14,7,14,24,134,67,61,5,29,45,13,13,14,14,16,43,5,124,76,15,14,14,14,4,11,14,21,46,19,36,16,43,3,14,14,76,12,14,14,11,10,14,9,10,57,25,31,35,31,19,10,14,124,19,14,14,14,14,14,14,14,14,11,14,11,11,9,24,69,35,37,52,39,55,19,18,14,62,11,15,14,13,7,14,14,16,17,18,24,10,27,12,15,18115,30211,25042
"G060093092010","2019-2023","CA",,,"California","06","Siskiyou County","093","Montague CCD","92010",,,,,,,,,,,,,,".",".",,,,,,,,,,,,"0600000US0609392010",,,"0609392010","Montague CCD, Siskiyou County, California",4352,3564,66,175,27,9,63,448,111,337,4352,3899,3287,66,169,27,9,25,316,9,307,453,277,0,6,0,0,38,132,102,30,1492,1400,1355,45,92,724,672,641,31,52,768,728,714,14,40,1492,1371,1117,254,190,12,26,26,0,0,0,0,0,0,0,4,0,0,25,11,81,1411,59,80,229,347,238,60,128,31,48,56,71,64,3088,1452,6,19,3,5,2,15,45,32,520,111,384,139,117,43,7,4,1636,7,20,4,1,12,21,15,42,518,198,284,217,230,49,13,5,3088,13,0,5,17,4,13,0,0,7,0,6,14,36,60,74,938,100,309,668,356,347,92,20,9,520,2,89,22,27,47,14,3,73,73,48,25,20,15,11,51,33786,39005,30927,"Montague CCD, Siskiyou County, California",419,418,70,63,23,18,48,130,65,111,419,402,385,70,63,23,18,38,112,9,111,159,135,14,9,14,14,27,72,65,33,196,189,187,24,39,146,142,141,19,27,110,107,109,14,27,196,188,164,98,95,9,35,23,14,14,14,14,14,14,14,8,14,14,25,9,29,188,39,45,82,111,68,27,44,16,33,38,30,36,330,206,5,30,7,6,3,13,29,29,121,61,134,44,39,17,7,6,175,8,19,7,3,13,32,11,26,145,67,59,62,54,21,10,5,330,9,14,7,30,7,18,14,14,14,14,7,13,36,31,33,233,36,99,155,71,73,26,10,9,85,4,29,13,19,22,14,4,34,32,23,15,14,18,11,29,4663,9128,3781
"G060093092050","2019-2023","CA",,,"California","06","Siskiyou County","093","Mount Shasta CCD","92050",,,,,,,,,,,,,,".",".",,,,,,,,,,,,"0600000US0609392050",,,"0609392050","Mount Shasta CCD, Siskiyou County, California",7208,6102,63,61,120,149,84,629,282,347,7208,6711,5980,63,15,120,149,0,384,58,326,497,122,0,46,0,0,84,245,224,21,2639,2609,2429,180,30,1388,1358,1268,90,30,1251,1251,1161,90,0,2639,2040,1877,163,134,13,0,16,0,21,21,0,0,0,0,0,7,13,117,29,412,2227,358,695,239,265,158,23,104,67,81,48,189,0,5495,2840,0,0,7,0,0,0,0,40,506,138,716,394,723,194,99,23,2655,96,0,0,0,0,0,0,42,428,327,513,438,625,130,30,26,5495,96,0,0,0,0,0,0,7,0,0,0,0,0,0,82,785,149,465,1229,832,1348,324,129,49,2018,29,287,99,98,105,73,4,263,352,227,65,199,91,31,95,37612,53662,24938,"Mount Shasta CCD, Siskiyou County, California",512,511,66,63,77,74,62,217,164,170,512,520,517,66,18,77,74,19,181,68,166,201,73,19,59,19,19,62,155,158,21,400,400,387,121,47,242,242,244,64,47,256,256,224,113,19,400,381,364,103,102,19,19,25,19,49,49,19,19,19,19,19,12,20,94,47,226,347,232,199,108,165,118,35,76,59,65,56,137,19,414,303,19,19,11,19,19,19,19,48,174,72,237,152,190,111,67,31,243,88,19,19,19,19,19,19,61,154,127,171,166,178,70,31,31,414,88,19,19,19,19,19,19,11,19,19,19,19,19,19,78,236,109,152,314,238,259,143,80,61,322,47,152,89,61,57,75,6,98,162,96,35,103,75,44,62,9185,12630,9881
"G060093093450","2019-2023","CA",,,"California","06","Siskiyou County","093","Tulelake CCD","93450",,,,,,,,,,,,,,".",".",,,,,,,,,,,,"0600000US0609393450",,,"0609393450","Tulelake CCD, Siskiyou County, California",1101,717,7,4,0,0,83,290,281,9,1101,637,610,7,4,0,0,8,8,6,2,464,107,0,0,0,0,75,282,275,7,336,285,276,9,51,217,192,183,9,25,119,93,93,0,26,336,268,244,24,15,0,0,0,9,0,0,0,0,0,0,0,0,4,33,0,31,305,25,59,69,48,35,0,17,5,17,2,28,0,797,367,7,11,42,0,3,10,25,10,153,3,39,14,35,13,0,2,430,10,24,26,8,16,0,29,16,196,22,27,15,32,9,0,0,797,17,0,0,10,0,25,0,15,53,0,8,19,10,54,26,334,15,25,66,29,67,22,0,2,104,0,15,8,5,8,0,0,0,33,12,3,4,0,2,14,28750,30179,-666666666,"Tulelake CCD, Siskiyou County, California",250,228,23,6,14,14,55,129,131,21,250,228,228,23,6,14,14,10,9,9,3,162,86,14,14,14,14,52,128,131,21,77,72,72,9,37,61,61,61,9,18,40,39,39,14,27,77,73,71,30,19,14,14,14,19,14,14,14,14,14,14,14,14,9,30,14,26,74,18,35,44,36,34,14,23,7,27,5,27,14,204,77,9,13,29,14,6,13,29,13,69,5,30,21,24,13,14,4,152,11,24,30,13,21,14,28,24,128,21,30,17,30,9,14,14,204,15,14,14,16,14,31,14,16,45,14,13,20,13,41,27,162,17,22,52,27,39,16,14,4,50,14,18,10,7,8,14,14,14,25,22,4,7,14,4,14,5612,9410,-222222222
"G060093093600","2019-2023","CA",,,"California","06","Siskiyou County","093","Weed CCD","93600",,,,,,,,,,,,,,".",".",,,,,,,,,,,,"0600000US0609393600",,,"0609393600","Weed CCD, Siskiyou County, California",7607,5728,293,105,285,6,537,653,280,373,7607,6298,5246,293,96,285,6,15,357,17,340,1309,482,0,9,0,0,522,296,263,33,2851,2810,2659,151,41,1605,1605,1493,112,0,1246,1205,1166,39,41,2851,2348,2156,192,141,47,0,0,4,9,9,0,0,0,0,0,2,0,65,18,409,2442,173,229,319,555,294,298,311,31,12,45,103,72,5638,2833,36,0,56,15,82,6,39,18,682,277,551,365,396,252,42,16,2805,37,0,41,23,10,62,21,23,557,227,505,545,495,218,29,12,5638,73,0,0,0,0,0,0,18,79,9,29,92,68,60,41,1008,231,504,1056,910,891,470,71,28,1564,115,189,118,64,132,48,22,207,192,126,21,128,44,18,140,34688,42682,28603,"Weed CCD, Siskiyou County, California",489,457,133,51,121,12,268,242,141,162,489,398,410,133,49,121,12,24,154,19,154,344,204,19,13,19,19,266,142,141,28,289,305,286,79,58,237,237,223,76,19,185,193,188,30,58,289,270,275,70,61,33,19,19,8,17,17,19,19,19,19,19,4,19,40,23,145,281,75,78,106,206,89,101,102,16,14,34,64,41,420,267,29,19,56,19,112,8,26,18,143,105,144,134,111,96,30,14,245,26,19,34,52,10,47,25,17,132,80,148,175,124,106,26,18,420,48,19,19,19,19,19,19,20,77,16,51,112,49,36,22,214,88,138,229,254,182,151,39,23,295,48,79,81,34,52,33,18,97,94,58,16,57,35,25,87,4407,10739,11975
"G060093093810","2019-2023","CA",,,"California","06","Siskiyou County","093","Yreka CCD","93810",,,,,,,,,,,,,,".",".",,,,,,,,,,,,"0600000US0609393810",,,"0609393810","Yreka CCD, Siskiyou County, California",11332,9493,173,383,30,0,157,1096,410,686,11332,10034,8953,172,281,30,0,32,566,47,519,1298,540,1,102,0,0,125,530,363,167,4173,4088,4040,48,85,2030,1963,1939,24,67,2143,2125,2101,24,18,4173,3847,3496,351,211,92,13,35,0,1,1,0,0,0,0,0,0,26,88,27,184,3989,380,1416,752,492,189,30,328,76,71,102,41,112,7830,3653,43,5,44,61,62,115,32,36,1148,347,776,287,492,138,60,7,4177,26,0,3,37,47,27,120,39,953,424,886,702,581,240,77,15,7830,69,0,0,0,0,5,0,0,47,9,89,109,142,152,75,1801,300,771,1662,989,1073,378,137,22,1791,103,185,43,109,262,73,28,147,263,169,159,62,74,33,81,36115,44986,30972,"Yreka CCD, Siskiyou County, California",381,450,151,132,26,21,80,309,190,211,381,442,434,151,98,26,21,48,163,33,156,310,289,2,66,21,21,63,215,186,108,382,387,384,38,56,241,250,249,22,52,256,254,252,33,18,382,377,359,114,99,56,17,32,21,9,9,21,21,21,21,21,21,24,68,30,78,377,142,283,189,136,79,35,147,57,60,68,36,85,394,307,36,7,64,47,75,95,25,30,228,123,196,105,168,62,43,7,219,28,21,5,36,69,26,81,39,197,121,196,177,173,85,51,17,394,46,21,21,21,21,7,21,21,65,12,67,101,109,83,49,306,126,189,317,205,289,117,86,16,309,75,68,32,73,152,65,37,64,122,71,78,33,44,32,42,3109,5832,4230
"G060095090700","2019-2023","CA",,,"California","06","Solano County","095","Dixon CCD","90700",,,,,,,,,,,,,,".",".",,,,,,,,,,,,"0600000US0609590700",,,"0609590700","Dixon CCD, Solano County, California",23273,14920,301,39,904,15,4074,3020,1798,1222,23273,13680,11129,301,3,904,3,370,970,33,937,9593,3791,0,36,0,12,3704,2050,1765,285,11411,11332,7648,3684,79,6704,6636,4509,2127,68,4707,4696,3139,1557,11,11411,10271,9379,892,669,157,0,66,0,21,21,0,0,0,0,0,8,2,86,86,937,10474,427,1675,927,1107,2074,381,1029,543,398,1124,551,238,15058,7512,143,104,186,259,156,140,44,184,2137,674,1167,702,881,487,211,37,7546,505,31,93,151,39,73,86,65,1807,599,1438,526,1353,570,145,65,15058,648,0,27,19,0,24,65,46,233,14,396,195,213,130,249,3529,415,1273,2605,1228,2234,1057,356,102,3995,71,630,148,381,435,230,51,338,502,116,214,114,179,226,360,46688,56210,45080,"Dixon CCD, Solano County, California",646,1004,215,49,285,20,830,676,641,449,646,1006,939,215,6,285,7,408,442,31,439,973,859,25,48,25,19,753,654,644,177,618,628,612,478,95,519,523,474,358,93,503,503,489,281,18,618,615,628,232,216,115,25,87,25,32,32,25,25,25,25,25,15,6,76,99,334,608,251,433,260,256,413,145,334,216,198,304,159,117,613,490,81,92,101,210,116,115,45,112,358,258,342,302,250,198,117,26,516,186,36,89,128,39,48,105,37,396,213,373,202,288,159,76,45,613,221,25,41,31,25,38,80,50,122,22,251,124,125,122,130,511,176,347,597,367,413,270,159,49,604,63,258,91,171,144,111,47,127,211,69,106,98,95,126,156,2788,10156,7851
"G060095090950","2019-2023","CA",,,"California","06","Solano County","095","Fairfield-Suisun City CCD","90950",,,,,,,,,,,,,,".",".",,,,,,,,,,,,"0600000US0609590950",,,"0609590950","Fairfield-Suisun City CCD, Solano County, California",155644,54809,24707,1017,27104,2285,20345,25377,11936,13441,155644,107305,42356,24070,507,26707,1807,1018,10840,759,10081,48339,12453,637,510,397,478,19327,14537,11177,3360,72255,72027,46422,25605,228,39787,39607,23480,16127,180,32468,32420,22942,9478,48,72255,61895,53840,8055,5643,1296,245,667,204,1035,582,75,189,10,179,120,112,264,1040,569,7220,65035,1468,5726,9349,9161,6947,3227,7956,1241,2777,5335,7806,4042,103769,51142,1285,313,831,660,475,366,816,1656,13643,4039,8746,5463,8849,2785,810,405,52627,1883,585,622,741,556,255,451,999,13028,4722,8418,5867,9714,3700,681,405,103769,3168,40,41,48,115,455,199,184,1269,328,1073,1031,621,1267,2655,23814,2857,8761,17164,11330,18563,6485,1491,810,29194,1031,2310,585,1745,2144,1981,273,3875,5932,2013,1114,1674,1126,935,2456,47607,54930,40818,"Fairfield-Suisun City CCD, Solano County, California",1179,2531,1511,323,1364,622,2238,2111,1620,1549,1179,2009,1674,1520,282,1338,439,338,1319,393,1256,1902,1923,316,230,200,344,2163,1885,1686,791,1287,1273,1273,1259,121,1081,1070,979,1081,109,965,967,881,779,41,1287,1390,1336,747,628,273,120,247,126,251,194,66,67,16,101,72,67,118,263,203,785,1344,342,598,848,800,714,451,732,297,459,522,745,506,1274,1035,257,163,253,256,181,153,271,358,930,488,831,585,655,442,162,139,878,352,215,211,257,216,92,154,257,767,544,692,611,713,388,213,144,1274,481,48,54,54,92,235,114,130,353,214,310,294,209,344,492,1188,508,737,1106,896,1013,604,251,212,1121,259,388,170,439,328,299,103,469,585,311,253,304,261,243,447,1949,3454,1808
"G060095092610","2019-2023","CA",,,"California","06","Solano County","095","Rio Vista CCD","92610",,,,,,,,,,,,,,".",".",,,,,,,,,,,,"0600000US0609592610",,,"0609592610","Rio Vista CCD, Solano County, California",11119,7417,1074,6,675,0,1070,877,621,256,11119,8330,6290,1074,0,675,0,18,273,95,178,2789,1127,0,6,0,0,1052,604,526,78,3503,3503,2237,1266,0,1838,1838,1083,755,0,1665,1665,1154,511,0,3503,3034,2707,327,327,0,0,0,0,0,0,0,0,0,0,0,0,0,121,43,305,3198,60,250,549,157,51,142,410,104,173,819,342,141,9519,4371,38,2,158,37,13,223,27,243,661,226,874,579,750,228,63,249,5148,2,23,120,27,0,4,2,148,869,540,886,702,1243,331,160,91,9519,40,0,0,0,0,25,0,0,278,0,64,13,227,29,391,1270,260,766,1760,1281,1993,559,223,340,3242,35,112,28,287,369,118,37,577,397,158,140,448,53,39,444,47536,51063,34615,"Rio Vista CCD, Solano County, California",687,713,584,12,287,21,920,310,266,163,687,599,644,584,21,287,21,29,169,117,128,900,633,21,12,21,21,922,273,238,83,495,495,397,392,21,384,384,295,327,21,397,397,322,245,21,495,451,434,208,208,21,21,21,21,21,21,21,21,21,21,21,21,21,125,67,169,486,74,149,234,143,44,138,356,69,184,352,182,116,468,386,57,18,193,60,23,202,31,193,208,110,284,214,243,122,56,246,460,6,39,176,43,21,9,4,92,333,184,279,224,380,156,129,74,468,57,21,21,21,21,40,21,21,367,21,76,23,202,32,222,348,209,214,352,265,435,197,148,260,577,53,85,36,155,195,76,43,282,223,92,109,258,61,40,182,7969,37515,18206
"G060095093520","2019-2023","CA",,,"California","06","Solano County","095","Vacaville CCD","93520",,,,,,,,,,,,,,".",".",,,,,,,,,,,,"0600000US0609593520",,,"0609593520","Vacaville CCD, Solano County, California",109712,64329,9234,982,11469,571,8916,14211,5127,9084,109712,81399,52127,9052,342,11032,507,608,7731,577,7154,28313,12202,182,640,437,64,8308,6480,4550,1930,49398,49304,37223,12081,94,24854,24760,17202,7558,94,24544,24544,20021,4523,0,49398,42262,38620,3642,2642,616,165,100,119,261,148,10,61,0,42,30,85,165,573,203,5819,43579,1610,5205,7322,6328,4992,1628,4345,1247,1437,3604,3305,2556,77233,39610,508,215,212,240,389,511,1185,961,10180,3515,8261,4015,6483,2000,698,237,37623,451,304,278,223,94,153,212,641,8735,3057,6700,4573,8361,2811,728,302,77233,959,20,7,45,45,278,124,89,401,75,388,483,664,1397,1602,15894,3021,6572,14961,8588,14844,4811,1426,539,22951,714,1656,677,1465,2317,1308,238,3586,3741,1444,525,1135,911,1171,2063,54102,61840,46866,"Vacaville CCD, Solano County, California",860,1944,1073,358,1486,240,1169,1329,753,1044,860,1924,1672,1048,157,1493,210,236,941,257,891,1720,1621,118,326,184,79,1102,883,708,456,1444,1445,1295,903,55,1155,1160,1010,750,55,945,945,886,541,32,1444,1391,1453,580,506,184,107,59,74,108,78,18,51,32,40,38,75,86,178,86,654,1393,434,574,806,709,512,280,611,298,264,403,426,323,1061,920,203,107,79,85,151,121,441,161,715,486,851,424,684,315,184,84,854,188,167,138,109,40,98,104,232,714,440,493,435,768,449,239,138,1061,339,24,11,57,30,196,78,52,162,69,150,160,156,450,298,1030,478,724,1001,631,1168,614,378,179,1509,173,312,189,282,345,286,140,554,496,290,246,247,315,263,311,1648,5059,3659
"G060095093530","2019-2023","CA",,,"California","06","Solano County","095","Vallejo CCD","93530",,,,,,,,,,,,,,".",".",,,,,,,,,,,,"0600000US0609593530",,,"0609593530","Vallejo CCD, Solano County, California",151076,51230,22787,1421,31536,1503,20930,21669,9526,12143,151076,109482,42846,22292,400,30891,1356,1914,9783,905,8878,41594,8384,495,1021,645,147,19016,11886,8621,3265,70281,70215,35330,34885,66,36294,36245,17161,19084,49,33987,33970,18169,15801,17,70281,57427,48924,8503,6485,1288,422,252,56,2525,677,222,287,16,1323,24,244,123,852,912,8174,62107,1256,4673,7213,6467,6551,3041,9366,1750,2235,6898,8210,4447,108391,51480,1236,153,693,574,477,650,627,1635,13637,3955,9430,4437,9667,2635,977,697,56911,1685,230,679,612,330,632,538,1640,11664,4533,9134,5979,13496,4355,867,537,108391,2921,91,27,13,13,83,156,186,1186,315,871,807,1282,1165,3275,21967,3334,8488,18564,10416,23163,6990,1844,1234,35564,1072,2474,966,2090,4027,2188,397,4299,6775,1974,1525,1732,2136,1537,2372,49296,53720,44527,"Vallejo CCD, Solano County, California",1098,1963,1343,548,1673,534,2126,1719,1268,1229,1098,2039,1691,1316,173,1694,504,778,1193,338,1129,2024,1448,184,503,263,84,1969,1489,1214,772,1355,1357,1164,1358,42,1082,1081,885,905,35,1120,1119,1064,1091,24,1355,1367,1324,859,740,334,175,134,39,441,197,103,220,22,334,28,144,72,245,281,581,1459,281,575,700,521,682,428,990,326,438,643,775,661,1103,914,296,73,208,293,168,209,240,335,852,429,727,472,606,399,178,232,893,348,105,202,226,159,229,182,327,798,487,679,714,893,531,190,166,1103,499,67,28,15,21,54,94,129,271,143,371,242,338,337,558,1186,528,646,1040,837,1085,686,277,294,1398,269,410,236,389,465,323,143,470,612,311,240,273,322,283,361,1931,2631,2903
"G060097090510","2019-2023","CA",,,"California","06","Sonoma County","097","Cloverdale-Geyserville CCD","90510",,,,,,,,,,,,,,".",".",,,,,,,,,,,,"0600000US0609790510",,,"0609790510","Cloverdale-Geyserville CCD, Sonoma County, California",13772,9548,158,188,177,15,1533,2153,1703,450,13772,9506,8635,134,43,177,15,23,479,116,363,4266,913,24,145,0,0,1510,1674,1587,87,7093,7087,6313,774,6,3950,3950,3389,561,0,3143,3137,2924,213,6,7093,5662,5196,466,401,0,13,34,18,32,28,0,0,4,0,0,0,11,249,52,1087,6006,382,884,841,661,507,411,839,133,338,629,202,179,10635,5557,312,111,240,26,74,72,75,251,960,383,800,398,1220,410,178,47,5078,70,31,168,24,98,12,31,116,811,575,805,560,1132,501,114,30,10635,382,0,7,0,22,70,43,79,329,4,46,172,84,106,367,1552,219,958,1605,958,2352,911,292,77,3935,20,501,24,258,483,221,15,226,664,225,257,332,179,92,438,53170,55909,50363,"Cloverdale-Geyserville CCD, Sonoma County, California",568,797,130,142,101,22,521,567,496,192,568,774,773,114,50,101,22,38,180,71,167,550,402,45,134,21,21,517,509,484,111,557,556,530,208,6,407,407,363,186,21,351,350,349,107,6,557,578,569,150,147,21,19,51,20,32,32,21,21,6,21,21,21,20,107,55,293,610,112,252,327,185,192,156,238,74,158,295,104,92,512,408,160,74,125,34,85,59,108,153,267,165,210,150,290,129,84,30,307,67,34,113,27,88,21,34,85,228,292,213,165,205,199,78,18,512,197,21,11,21,31,59,54,64,138,27,44,127,62,115,171,286,131,330,287,227,361,229,124,37,514,15,183,22,114,154,125,16,89,168,132,96,170,96,47,210,4320,11350,9981
"G060097091270","2019-2023","CA",,,"California","06","Sonoma County","097","Healdsburg CCD","91270",,,,,,,,,,,,,,".",".",,,,,,,,,,,,"0600000US0609791270",,,"0609791270","Healdsburg CCD, Sonoma County, California",42830,29022,392,1220,697,122,5975,5402,3718,1684,42830,29632,26535,351,432,671,122,188,1333,280,1053,13198,2487,41,788,26,0,5787,4069,3438,631,21263,21172,19689,1483,91,11066,10993,10082,911,73,10197,10179,9607,572,18,21263,17328,15503,1825,1421,326,58,0,20,132,106,0,10,9,7,7,23,276,468,102,2927,18336,795,2841,3418,3007,2914,1213,1618,339,305,531,817,538,30685,14681,335,162,378,240,167,117,177,603,2938,874,2464,1147,2962,1268,615,234,16004,175,174,385,117,121,69,173,180,2541,1072,2521,1756,4629,1475,423,193,30685,510,12,60,103,54,58,49,110,653,145,212,288,186,350,783,4872,607,1946,4985,2903,7591,2743,1038,427,12717,242,1348,485,726,1462,745,59,1072,2031,898,827,785,771,548,718,51690,61258,41226,"Healdsburg CCD, Sonoma County, California",774,1111,219,535,191,122,1222,844,794,446,774,1196,1173,212,298,190,122,137,363,172,324,1296,542,60,467,31,29,1197,803,795,276,812,809,859,256,61,572,572,591,194,55,588,591,616,193,21,812,838,803,375,355,183,53,29,37,80,76,29,16,13,11,12,22,124,192,71,392,837,244,415,557,412,416,308,273,130,140,190,273,164,726,533,168,108,182,153,147,96,90,199,421,192,376,317,327,195,147,110,545,104,127,168,126,92,60,104,121,340,207,358,296,393,231,110,100,726,211,17,68,81,88,60,78,77,290,121,139,178,119,141,282,484,196,302,508,388,497,293,200,149,655,88,274,113,202,260,180,44,219,284,237,212,197,211,174,181,4393,6374,3800
"G060097092460","2019-2023","CA",,,"California","06","Sonoma County","097","Petaluma CCD","92460",,,,,,,,,,,,,,".",".",,,,,,,,,,,,"0600000US0609792460",,,"0609792460","Petaluma CCD, Sonoma County, California",129821,87807,2377,1481,6012,316,10850,20978,12960,8018,129821,96397,80002,2288,419,5773,291,506,7118,1215,5903,33424,7805,89,1062,239,25,10344,13860,11745,2115,66873,66695,51896,14799,178,35206,35088,26594,8494,118,31667,31607,25302,6305,60,66873,53048,47574,5474,4235,635,423,158,23,957,534,81,316,26,0,191,145,311,1521,638,10062,56811,1576,5348,7943,7409,7150,3786,7191,1755,2149,5417,5226,1861,91956,44709,847,367,903,160,258,278,394,1001,9566,3112,8413,4120,10036,3180,1450,624,47247,649,227,527,321,360,342,378,573,8347,3515,7572,4991,12636,4929,1259,621,91956,1496,60,41,50,254,90,99,179,1251,139,342,618,620,772,1574,16153,1760,6627,15985,9111,22672,8109,2709,1245,37653,1107,3086,968,2499,4713,1773,616,2826,6319,2222,2560,2474,2633,1448,2409,52469,60253,45617,"Petaluma CCD, Sonoma County, California",1365,2056,571,550,841,206,1359,1709,1455,922,1365,1834,1967,565,212,805,195,206,933,408,751,1973,994,49,477,134,38,1323,1557,1482,641,1528,1528,1612,919,98,1149,1153,1132,691,89,1081,1092,1097,661,56,1528,1562,1557,711,672,229,201,99,27,235,162,94,135,35,32,158,69,123,263,239,844,1496,309,638,747,620,663,514,712,330,356,563,574,350,1431,1074,243,188,260,82,137,196,158,238,759,453,637,501,814,391,285,138,1000,188,118,173,124,252,279,151,211,646,386,643,535,781,521,269,193,1431,350,71,63,49,184,69,84,119,305,95,135,299,345,193,330,969,329,547,889,853,1168,706,440,253,1664,262,427,217,401,573,297,214,358,654,331,339,353,419,286,373,2068,3217,2211
"G060097092682","2019-2023","CA",,,"California","06","Sonoma County","097","Russian River-Sonoma Coast CCD","92682",,,,,,,,,,,,,,".",".",,,,,,,,,,,,"0600000US0609792682",,,"0609792682","Russian River-Sonoma Coast CCD, Sonoma County, California",22115,16983,188,243,421,140,1507,2633,1355,1278,22115,19477,16272,187,175,421,140,300,1982,795,1187,2638,711,1,68,0,0,1207,651,560,91,10105,10090,9451,639,15,5368,5364,4945,419,4,4737,4726,4506,220,11,10105,7037,6351,686,489,23,24,64,86,100,60,13,0,22,5,0,50,92,235,78,2513,7592,563,448,425,974,786,629,1413,269,589,800,267,429,17905,9180,46,14,93,33,26,38,16,221,1938,710,1413,482,2429,943,386,392,8725,38,38,50,20,11,13,35,76,1266,564,1438,966,2404,1263,337,206,17905,84,9,0,13,0,14,16,27,116,6,47,37,51,51,297,2925,279,1274,2851,1448,4833,2206,723,598,9311,253,1032,419,677,1059,550,84,753,829,661,690,874,637,516,277,49379,63515,41043,"Russian River-Sonoma Coast CCD, Sonoma County, California",1481,1211,177,98,163,130,613,701,586,424,1481,1443,1214,177,83,163,130,103,708,595,418,621,307,3,56,25,25,611,213,205,99,768,765,752,140,22,481,480,481,110,8,375,372,371,67,20,768,699,610,238,197,27,33,76,61,74,66,16,25,26,8,25,40,50,133,49,446,684,253,131,122,234,197,169,325,114,183,147,109,122,1022,582,29,21,109,38,21,35,22,102,366,201,253,148,324,209,110,97,576,34,37,80,24,12,16,35,41,223,127,259,197,353,248,86,81,1022,47,14,25,21,25,21,26,39,180,19,44,27,37,39,104,466,78,224,394,254,487,406,141,113,815,171,190,114,144,174,208,48,163,210,131,150,250,139,188,96,4584,9713,5970
"G060097092940","2019-2023","CA",,,"California","06","Sonoma County","097","Santa Rosa CCD","92940",,,,,,,,,,,,,,".",".",,,,,,,,,,,,"0600000US0609792940",,,"0609792940","Santa Rosa CCD, Sonoma County, California",210646,120387,3604,2677,12654,1143,42443,27738,16256,11482,210646,135704,109138,3317,404,12326,886,886,8747,1508,7239,74942,11249,287,2273,328,257,41557,18991,14748,4243,103891,103650,95407,8243,241,54715,54639,49009,5630,76,49176,49011,46398,2613,165,103891,86906,75281,11625,8520,2252,609,87,157,1052,835,50,154,13,0,80,104,696,2376,1269,11408,92483,2020,9791,19228,19607,13235,4763,10762,1228,1594,4176,3269,2810,150296,72633,2795,969,2271,720,897,873,713,2380,15225,5038,10670,6098,14542,5905,2362,1175,77663,2343,634,1736,1038,862,453,784,2075,14205,5810,11852,8337,17483,7050,2390,611,150296,5138,40,33,69,357,731,373,608,3399,443,1315,1759,1326,1497,4455,24829,4601,10848,22522,14435,32025,12955,4752,1786,56066,1969,4840,1745,3979,6510,3917,917,5148,8442,3170,3160,3454,3167,2685,2963,48049,52420,43030,"Santa Rosa CCD, Sonoma County, California",2026,2638,609,779,1016,379,3099,2239,1846,1172,2026,2365,2235,576,158,991,301,445,964,428,827,2397,1594,133,739,177,264,3069,1888,1763,877,1992,1967,1895,806,132,1470,1455,1384,696,97,1334,1332,1277,413,81,1992,1885,1999,1042,986,449,283,68,121,288,259,67,105,21,32,79,72,213,456,362,919,1880,470,964,1342,1158,1205,584,1028,251,333,538,503,487,1600,1208,410,349,480,277,365,250,189,376,1015,603,803,650,828,533,378,216,1029,370,208,371,282,278,154,239,348,975,683,1013,786,983,685,360,145,1600,643,44,38,84,198,332,219,289,599,245,309,476,265,314,571,1441,620,945,1391,1080,1325,946,529,253,1825,459,538,296,446,653,508,267,576,665,525,394,494,522,415,407,1301,1945,1895
"G060097092980","2019-2023","CA",,,"California","06","Sonoma County","097","Sebastopol CCD","92980",,,,,,,,,,,,,,".",".",,,,,,,,,,,,"0600000US0609792980",,,"0609792980","Sebastopol CCD, Sonoma County, California",27322,21350,390,112,757,33,1980,2700,1432,1268,27322,23137,20465,348,9,689,33,252,1341,401,940,4185,885,42,103,68,0,1728,1359,1031,328,12928,12769,11405,1364,159,6698,6539,5700,839,159,6230,6230,5705,525,0,12928,9197,8351,846,657,151,31,0,7,108,24,0,42,0,42,0,17,89,435,215,2867,10061,571,836,1314,1332,1256,1007,1926,277,129,440,453,520,20986,9967,265,48,161,32,43,92,7,130,1675,555,1747,623,2695,917,719,258,11019,165,21,36,33,0,165,102,90,1451,735,1613,965,2921,1782,661,279,20986,430,0,0,10,0,15,44,17,180,0,65,43,257,109,220,2722,404,1290,3360,1588,5616,2699,1380,537,11064,289,1113,463,921,1573,494,118,695,907,688,912,1188,986,344,373,51097,59625,42289,"Sebastopol CCD, Sonoma County, California",1269,1284,162,90,204,29,873,459,377,322,1269,1213,1159,160,13,204,29,180,352,201,278,1015,355,72,88,61,25,873,359,326,173,924,885,832,268,166,582,577,552,196,166,542,542,506,185,25,924,733,659,233,222,127,51,25,11,75,30,25,38,25,68,25,19,60,151,146,357,777,192,238,336,258,182,207,407,113,81,160,149,160,1003,547,200,48,109,39,44,91,11,65,241,139,405,166,367,164,195,109,665,70,22,29,43,25,129,78,81,329,221,237,221,341,264,157,85,1003,219,25,25,16,25,19,46,29,100,25,57,44,151,79,93,445,171,271,486,267,590,359,244,160,870,100,220,160,256,257,198,80,145,179,151,277,276,232,130,137,3869,8903,5455
"G060097093070","2019-2023","CA",,,"California","06","Sonoma County","097","Sonoma CCD","93070",,,,,,,,,,,,,,".",".",,,,,,,,,,,,"0600000US0609793070",,,"0609793070","Sonoma CCD, Sonoma County, California",39136,28384,437,265,821,24,4277,4928,3768,1160,39136,28803,26163,437,0,800,24,156,1223,351,872,10333,2221,0,265,21,0,4121,3705,3417,288,17589,17334,14161,3173,255,9070,9056,7141,1915,14,8519,8278,7020,1258,241,17589,13113,11892,1221,883,222,40,27,49,39,39,0,0,0,0,0,41,155,405,230,3606,13983,497,2208,2261,1612,1365,565,1411,477,688,1005,1285,609,31238,14943,228,173,305,76,70,56,60,645,2816,1203,2610,710,3867,1315,550,259,16295,187,72,448,88,41,93,1,276,2221,818,2528,1924,4240,2342,687,329,31238,415,0,15,0,94,56,80,115,638,81,83,111,149,61,921,4261,776,2021,5138,2634,8107,3657,1237,588,15097,374,1077,185,1080,2016,723,131,1428,2355,881,971,1019,1134,974,749,53711,58630,45625,"Sonoma CCD, Sonoma County, California",1836,1536,237,207,272,39,953,1256,1216,322,1836,1557,1563,237,29,272,39,126,260,131,265,1397,547,29,207,24,29,944,1210,1204,161,1099,1049,997,456,338,743,743,711,319,23,736,644,613,283,337,1099,925,884,257,199,144,32,32,44,44,44,29,29,29,29,29,39,96,155,136,505,966,173,490,526,327,299,183,328,198,229,226,347,184,1490,802,122,114,150,51,72,36,49,190,464,287,512,184,550,307,183,111,905,99,63,207,59,45,102,3,103,392,207,439,420,469,507,176,159,1490,171,29,28,29,97,44,77,75,266,57,60,110,105,49,236,563,264,371,764,431,720,631,276,208,1279,174,218,83,239,357,227,100,306,761,221,234,276,310,291,213,3440,5789,7963
"G060099091350","2019-2023","CA",,,"California","06","Stanislaus County","099","Hughson CCD","91350",,,,,,,,,,,,,,".",".",,,,,,,,,,,,"0600000US0609991350",,,"0609991350","Hughson CCD, Stanislaus County, California",13754,9036,166,266,329,111,919,2927,2520,407,13754,9070,8026,166,75,284,10,4,505,200,305,4684,1010,0,191,45,101,915,2422,2320,102,5786,5786,4979,807,0,3356,3356,2760,596,0,2430,2430,2219,211,0,5786,5078,4709,369,174,125,66,4,0,10,10,0,0,0,0,0,5,2,73,70,548,5238,174,633,420,603,1154,573,708,101,205,286,193,188,9151,4686,43,75,97,135,77,101,102,119,1714,458,560,361,610,152,13,69,4465,63,82,129,38,89,72,36,13,1079,399,882,541,828,155,53,6,9151,106,0,0,0,0,157,0,0,226,0,173,166,173,138,132,2555,238,857,1442,902,1438,307,66,75,2002,55,226,28,102,175,83,37,190,391,403,39,113,52,0,108,52915,61888,40559,"Hughson CCD, Stanislaus County, California",789,975,145,253,219,110,451,596,560,212,789,928,979,145,46,222,17,8,244,124,201,679,394,21,257,41,110,449,542,538,90,570,570,522,203,21,477,477,446,192,21,272,272,259,95,21,570,569,543,157,92,81,58,5,21,11,11,21,21,21,21,21,6,3,52,85,200,591,81,319,145,198,245,203,176,65,104,132,87,97,595,478,31,89,78,106,57,103,67,85,446,159,178,159,174,74,16,49,344,39,96,103,43,69,87,32,10,256,120,245,148,184,76,29,6,595,50,21,21,21,21,177,21,21,148,21,129,83,183,77,85,568,100,212,337,234,301,119,39,50,338,40,92,43,62,88,49,37,81,168,145,33,68,67,21,58,5207,10660,6020
"G060099091980","2019-2023","CA",,,"California","06","Stanislaus County","099","Modesto CCD","91980",,,,,,,,,,,,,,".",".",,,,,,,,,,,,"0600000US0609991980",,,"0609991980","Modesto CCD, Stanislaus County, California",331864,155993,11545,4673,23156,2086,46710,87701,71010,16691,331864,161267,112356,10594,1298,22245,1806,877,12091,2180,9911,170597,43637,951,3375,911,280,45833,75610,68830,6780,136794,136500,101041,35459,294,76087,75932,50772,25160,155,60707,60568,50269,10299,139,136794,122877,106504,16373,11654,2816,1078,733,92,1265,1138,23,77,9,18,246,223,804,1386,811,9182,127612,3890,11854,19241,20966,18231,7391,13182,3013,4469,7861,6679,10835,212117,103897,4243,1223,4679,2024,1619,2116,2529,4037,33421,7333,16561,6760,11687,3476,1658,531,108220,4902,1480,3691,1884,1364,1960,2202,2832,31362,8904,17479,9800,14514,4394,1054,398,212117,9145,65,116,133,465,1088,836,968,7402,863,3045,2983,4076,4731,6869,56391,8392,16237,34040,16560,26201,7870,2712,929,40346,1565,2870,1135,2763,3695,1739,248,4310,6859,3851,1448,3591,1342,1190,3740,41051,47389,34414,"Modesto CCD, Stanislaus County, California",2547,3945,1056,799,1068,566,3049,3981,4101,1612,2547,2507,2584,994,334,1025,488,290,1145,461,1075,2630,3127,268,757,435,199,3029,4209,4102,1440,2482,2483,2500,1574,124,1698,1699,1609,1256,96,1805,1808,1837,777,88,2482,2357,2432,1214,977,561,278,337,60,345,327,34,71,15,29,154,119,402,341,215,946,2377,635,1068,1177,1399,1178,710,1068,634,613,944,732,882,2403,1423,620,258,694,319,359,436,479,474,1554,638,1024,727,980,549,315,146,1512,518,322,511,406,298,373,393,452,1456,742,953,825,1154,461,277,141,2403,954,56,68,93,183,307,242,330,929,239,502,479,614,647,705,2210,753,987,1503,1092,1750,747,430,219,2130,300,462,242,433,566,293,124,547,851,501,290,617,284,262,659,884,1570,1302
"G060099092120","2019-2023","CA",,,"California","06","Stanislaus County","099","Newman CCD","92120",,,,,,,,,,,,,,".",".",,,,,,,,,,,,"0600000US0609992120",,,"0609992120","Newman CCD, Stanislaus County, California",14303,6281,100,15,619,0,2621,4667,4574,93,14303,4466,3653,100,15,571,0,0,127,47,80,9837,2628,0,0,48,0,2621,4540,4527,13,6684,6646,4124,2522,38,4149,4111,2142,1969,38,2535,2535,1982,553,0,6684,5905,5203,702,426,94,0,150,32,0,0,0,0,0,0,0,0,0,209,6,564,6120,179,685,370,460,1057,185,651,35,334,1068,550,546,9349,4524,195,72,440,122,167,68,96,60,1833,209,776,202,207,41,17,19,4825,84,14,581,119,199,50,31,232,1514,219,823,324,420,185,30,0,9349,279,0,0,14,0,72,0,90,931,36,205,366,118,127,292,2851,496,428,1599,526,627,226,47,19,961,56,51,35,114,41,64,0,53,151,80,21,102,52,28,113,39403,46942,23636,"Newman CCD, Stanislaus County, California",520,1019,129,26,478,21,967,963,951,65,520,868,754,129,26,470,21,21,105,61,64,895,887,21,21,81,21,967,952,953,22,763,771,656,892,59,694,703,543,727,59,468,468,490,240,21,763,803,782,315,204,96,21,241,38,21,21,21,21,21,21,21,21,21,158,13,246,782,85,243,176,211,489,164,340,68,278,306,294,221,562,507,105,62,265,84,146,96,94,56,441,129,251,115,103,40,27,23,403,62,21,382,86,185,76,38,208,322,89,230,258,188,106,21,21,562,150,21,21,21,21,61,21,77,553,50,114,279,122,108,210,575,294,162,328,275,246,125,34,23,296,53,32,35,74,43,73,21,74,89,81,32,79,71,32,92,6782,5539,7902
"G060099092210","2019-2023","CA",,,"California","06","Stanislaus County","099","Oakdale CCD","92210",,,,,,,,,,,,,,".",".",,,,,,,,,,,,"0600000US0609992210",,,"0609992210","Oakdale CCD, Stanislaus County, California",32516,22476,241,231,682,0,3111,5775,3410,2365,32516,22681,19829,241,44,493,0,97,1977,399,1578,9835,2647,0,187,189,0,3014,3798,3011,787,14277,14210,10339,3871,67,7757,7720,5295,2425,37,6520,6490,5044,1446,30,14277,12975,11423,1552,1096,149,126,0,181,12,12,0,0,0,0,0,55,0,354,13,868,13409,928,1848,1269,825,1045,995,1859,351,553,1660,765,1311,21873,10720,198,28,272,182,93,85,361,396,2840,888,1824,980,1708,549,227,89,11153,135,18,177,225,163,137,122,520,2674,1206,2049,1125,1555,512,446,89,21873,333,10,0,6,15,8,7,52,397,61,346,256,222,483,916,4924,590,2094,3873,2105,3263,1061,673,178,5785,190,611,126,236,368,304,16,576,1120,496,304,538,207,284,409,45689,56824,35662,"Oakdale CCD, Stanislaus County, California",923,1362,208,187,310,29,716,961,709,643,923,1201,1315,208,47,201,29,97,483,176,450,1017,786,29,182,219,29,717,826,672,451,814,820,771,544,81,548,546,582,356,57,611,613,566,387,50,814,793,717,472,481,92,83,29,165,24,24,29,29,29,29,29,54,29,168,22,220,806,338,373,265,261,302,391,353,113,183,443,240,450,910,528,107,30,142,124,101,71,135,164,497,250,406,257,378,168,117,59,673,70,23,111,114,164,93,82,277,365,348,389,291,308,140,204,61,910,140,17,29,15,23,13,13,46,214,69,172,196,144,168,320,609,229,437,589,415,553,210,233,85,950,116,203,57,114,112,156,26,201,315,170,188,182,98,194,194,5810,5172,4791
"G060099092420","2019-2023","CA",,,"California","06","Stanislaus County","099","Patterson CCD","92420",,,,,,,,,,,,,,".",".",,,,,,,,,,,,"0600000US0609992420",,,"0609992420","Patterson CCD, Stanislaus County, California",31713,11240,1330,323,1485,640,5373,11322,10079,1243,31713,10929,5989,1330,1,1485,640,271,1213,148,1065,20784,5251,0,322,0,0,5102,10109,9931,178,13444,13264,7364,5900,180,7934,7787,3826,3961,147,5510,5477,3538,1939,33,13444,12079,10469,1610,1047,437,25,0,101,6,0,0,6,0,0,0,27,13,47,136,1136,12308,526,998,1503,673,834,386,1794,581,350,941,1390,2332,18485,9397,733,366,364,333,50,134,307,296,3063,564,1299,672,900,267,30,19,9088,300,239,414,250,54,323,255,159,2866,617,1394,659,1129,286,111,32,18485,1033,0,0,0,120,399,86,88,690,75,508,104,457,562,455,5325,604,1181,2693,1331,2029,553,141,51,2865,175,148,200,49,298,91,0,200,876,203,66,142,37,72,308,42942,51743,35188,"Patterson CCD, Stanislaus County, California",811,1276,667,208,569,296,1334,1538,1555,582,811,899,982,667,2,569,296,186,607,164,577,1217,1085,29,208,29,29,1285,1555,1538,114,906,872,702,626,211,636,617,487,423,218,591,589,395,474,41,906,858,805,401,370,206,26,29,107,12,29,29,12,29,29,29,28,23,45,140,435,881,173,232,450,272,298,145,391,216,125,279,420,439,825,537,253,257,163,185,43,97,181,105,364,187,332,250,232,215,36,46,481,155,138,160,130,110,187,123,96,396,191,343,220,241,136,73,49,825,353,29,29,29,110,270,74,80,231,81,227,118,221,268,145,599,193,285,459,355,345,256,87,90,441,148,77,145,40,147,66,29,89,304,87,44,84,33,61,148,4399,5809,3509
"G060099092720","2019-2023","CA",,,"California","06","Stanislaus County","099","Salida CCD","92720",,,,,,,,,,,,,,".",".",,,,,,,,,,,,"0600000US0609992720",,,"0609992720","Salida CCD, Stanislaus County, California",20334,10969,350,142,1575,29,2911,4358,3451,907,20334,11446,8855,307,12,1501,8,28,735,122,613,8888,2114,43,130,74,21,2883,3623,3329,294,9476,9476,6364,3112,0,5675,5675,3412,2263,0,3801,3801,2952,849,0,9476,8728,7882,846,500,315,20,0,11,56,56,0,0,0,0,35,0,0,63,2,592,8884,374,752,917,1688,1644,460,1267,61,245,339,569,568,13595,6961,230,142,99,131,39,43,57,393,2210,454,1182,382,1113,242,201,43,6634,199,148,57,21,49,136,99,371,1629,298,1321,523,1362,258,104,59,13595,429,7,0,90,32,60,101,11,145,55,97,88,179,156,764,3422,417,752,2503,905,2475,500,305,102,3540,189,322,115,203,180,300,0,165,776,483,102,205,108,176,216,46440,55690,32440,"Salida CCD, Stanislaus County, California",1443,1042,203,87,504,28,704,1212,1193,343,1443,974,911,170,19,512,13,53,319,165,275,1095,697,65,85,65,30,710,1190,1191,228,775,775,640,529,25,559,559,488,432,25,409,409,344,277,25,775,765,686,271,205,167,31,25,13,63,63,25,25,25,25,51,25,25,50,4,197,761,129,234,275,381,338,127,316,41,202,123,195,195,1177,654,100,155,48,86,60,41,49,189,438,204,328,158,260,115,126,71,653,111,119,40,25,48,83,70,256,344,114,408,159,469,104,83,63,1177,192,13,25,142,32,75,113,17,72,55,74,76,96,95,329,540,176,259,585,241,574,179,138,95,653,128,125,96,131,104,178,25,63,240,399,59,119,91,97,120,4095,5778,6033
"G060099093460","2019-2023","CA",,,"California","06","Stanislaus County","099","Turlock CCD","93460",,,,,,,,,,,,,,".",".",,,,,,,,,,,,"0600000US0609993460",,,"0609993460","Turlock CCD, Stanislaus County, California",88071,48726,1679,589,4463,373,18901,13340,9528,3812,88071,49959,39630,1636,67,4447,299,468,3412,546,2866,38112,9096,43,522,16,74,18433,9928,8982,946,38552,38499,31030,7469,53,21150,21109,15984,5125,41,17402,17390,15046,2344,12,38552,33864,30980,2884,2170,551,87,61,15,181,155,0,0,26,0,0,10,58,964,687,2788,35764,1970,4886,5478,4830,4521,2108,4962,663,835,1676,1587,2248,55610,26821,1103,262,1052,477,475,331,468,1048,6951,1711,4244,1837,4190,1939,444,289,28789,934,337,1255,466,531,406,398,1127,6208,2179,4567,3323,4910,1453,378,317,55610,2037,30,5,75,108,132,249,214,2093,255,688,1006,737,866,2175,11555,1604,3890,8811,5160,9100,3392,822,606,14562,597,1577,250,887,1370,265,133,1275,2456,1182,814,1235,473,545,1503,42355,52614,32711,"Turlock CCD, Stanislaus County, California",1423,1938,751,325,684,295,1883,1648,1556,757,1423,1987,1847,751,58,684,283,418,702,327,675,2207,1408,45,317,19,87,1849,1558,1518,281,1273,1273,1186,762,47,931,930,896,688,46,984,984,922,431,13,1273,1277,1323,577,482,270,69,59,14,127,122,32,32,39,32,32,14,44,289,233,492,1300,394,627,690,664,662,384,549,248,226,385,380,473,1281,768,221,162,316,185,188,130,156,249,678,341,494,386,540,368,173,126,875,240,123,321,188,221,159,137,244,538,341,622,540,522,284,153,143,1281,341,47,12,76,105,80,142,146,510,140,306,286,205,204,379,849,354,529,925,717,848,481,238,195,1036,209,293,129,269,367,145,173,337,454,252,206,283,207,221,400,1915,2841,2445
"G060099093580","2019-2023","CA",,,"California","06","Stanislaus County","099","Waterford CCD","93580",,,,,,,,,,,,,,".",".",,,,,,,,,,,,"0600000US0609993580",,,"0609993580","Waterford CCD, Stanislaus County, California",16127,10484,261,105,511,115,1503,3148,2373,775,16127,9071,7630,261,24,392,115,137,512,55,457,7056,2854,0,81,119,0,1366,2636,2318,318,6476,6476,5547,929,0,3753,3753,2956,797,0,2723,2723,2591,132,0,6476,6095,5179,916,663,195,6,0,52,0,0,0,0,0,0,0,0,0,56,41,284,6192,198,512,683,846,959,659,1026,44,65,416,271,513,10128,5038,181,92,359,142,112,65,174,178,1649,540,662,325,410,114,10,25,5090,241,114,275,104,98,40,29,78,1846,473,623,378,551,185,55,0,10128,422,0,0,9,85,55,57,48,586,0,246,210,105,203,256,3272,223,1013,1285,703,961,299,65,25,1385,0,149,40,152,45,82,13,83,427,133,12,91,26,28,104,36621,48897,28489,"Waterford CCD, Stanislaus County, California",1062,1242,215,87,287,154,657,820,791,346,1062,1117,1029,215,28,271,154,256,212,66,209,922,848,21,84,106,21,617,832,796,244,735,735,664,279,21,577,577,486,249,21,431,431,430,70,21,735,717,714,270,259,97,9,21,76,21,21,21,21,21,21,21,21,21,64,48,120,728,134,204,241,323,271,285,349,48,54,173,169,276,751,530,124,98,230,116,106,50,162,107,390,231,187,158,150,88,16,28,429,124,99,160,89,99,37,30,56,315,236,177,126,192,92,31,21,751,187,21,21,15,98,76,55,44,347,21,164,132,67,167,127,491,97,409,256,201,263,125,36,28,300,21,82,26,90,34,78,21,52,162,99,14,88,33,31,83,5708,11093,3536
"G060099093650","2019-2023","CA",,,"California","06","Stanislaus County","099","Westport CCD","93650",,,,,,,,,,,,,,".",".",,,,,,,,,,,,"0600000US0609993650",,,"0609993650","Westport CCD, Stanislaus County, California",3568,1409,2,92,212,0,498,1355,1177,178,3568,1574,1214,1,13,212,0,0,134,17,117,1994,195,1,79,0,0,498,1221,1160,61,1492,1492,1204,288,0,862,862,717,145,0,630,630,487,143,0,1492,1061,745,316,204,27,59,26,0,0,0,0,0,0,0,0,0,0,161,60,210,1282,123,66,60,93,161,41,395,0,25,57,180,81,2277,1224,83,44,133,38,0,40,76,1,366,126,125,55,25,88,0,24,1053,21,25,40,40,94,12,30,0,250,85,188,49,178,41,0,0,2277,104,0,0,0,9,8,52,18,155,19,59,94,52,106,1,518,98,211,313,104,203,129,0,24,380,0,32,0,12,34,0,0,58,53,0,19,52,81,0,39,26719,31923,23526,"Westport CCD, Stanislaus County, California",571,418,2,140,213,14,337,551,559,116,571,399,386,3,24,213,14,14,97,21,94,542,182,2,143,14,14,337,539,558,89,283,283,275,150,14,270,270,255,111,14,156,156,132,114,14,283,257,249,162,133,49,90,38,14,14,14,14,14,14,14,14,14,14,153,85,172,300,112,55,62,68,85,42,178,14,33,61,94,91,313,217,59,43,151,53,14,44,64,22,172,77,78,43,37,84,14,34,200,29,32,30,43,103,20,40,14,113,50,104,44,127,42,14,14,313,67,14,14,14,15,15,58,31,151,24,89,103,49,79,22,220,62,95,141,67,130,107,14,34,231,14,43,14,19,41,14,14,58,54,14,32,70,112,14,51,7881,9728,3451
"G060101091650","2019-2023","CA",,,"California","06","Sutter County","101","Live Oak CCD","91650",,,,,,,,,,,,,,".",".",,,,,,,,,,,,"0600000US0610191650",,,"0610191650","Live Oak CCD, Sutter County, California",10892,4976,33,267,1858,208,1749,1801,1065,736,10892,6446,3984,20,45,1733,208,32,424,10,414,4446,992,13,222,125,0,1717,1377,1055,322,4238,4224,2231,1993,14,2450,2436,1402,1034,14,1788,1788,829,959,0,4238,3631,3184,447,296,151,0,0,0,1,1,0,0,0,0,0,0,0,135,67,404,3834,159,260,446,777,488,255,608,7,77,322,296,139,7217,3506,153,118,252,99,52,154,93,148,911,326,587,191,312,68,36,6,3711,175,93,121,120,116,90,27,130,949,309,488,511,421,115,46,0,7217,328,0,0,0,0,148,63,96,277,0,219,168,244,120,278,1702,158,635,1075,702,733,183,82,6,1056,10,124,8,26,101,5,21,124,139,112,73,62,133,59,59,33266,42389,23761,"Live Oak CCD, Sutter County, California",397,825,35,214,645,132,562,477,396,346,397,779,760,28,48,612,132,36,200,16,201,750,422,21,207,105,21,561,475,400,310,394,398,313,332,22,297,298,315,232,22,312,312,233,195,21,394,411,393,190,144,119,21,21,21,3,3,21,21,21,21,21,21,21,94,65,217,416,84,111,131,188,167,140,190,13,68,130,137,82,417,322,102,71,170,81,60,96,69,186,271,139,165,90,121,49,43,8,300,97,86,100,63,114,78,34,101,262,112,168,192,153,88,39,21,417,162,21,21,21,21,100,62,81,233,21,103,135,124,73,271,420,79,203,228,232,228,107,78,8,291,14,98,13,30,61,16,33,112,79,54,59,58,89,58,38,4278,10003,8457
"G060101091970","2019-2023","CA",,,"California","06","Sutter County","101","Meridian-Robbins CCD","91970",,,,,,,,,,,,,,".",".",,,,,,,,,,,,"0600000US0610191970",,,"0610191970","Meridian-Robbins CCD, Sutter County, California",1236,934,7,2,0,5,161,127,96,31,1236,747,662,7,2,0,5,48,23,0,23,489,272,0,0,0,0,113,104,96,8,475,475,222,253,0,293,293,147,146,0,182,182,75,107,0,475,403,361,42,18,22,2,0,0,5,5,0,0,0,0,0,0,0,28,2,37,438,45,30,56,55,48,24,61,11,13,16,49,30,827,497,0,0,37,20,8,43,70,0,150,24,28,37,60,20,0,0,330,0,2,10,11,8,12,8,10,59,42,31,49,76,6,3,3,827,0,0,0,0,0,0,2,0,47,0,31,16,55,78,10,196,13,66,59,86,136,26,3,3,187,0,28,0,0,5,11,0,5,53,21,0,26,9,0,29,47750,47321,48250,"Meridian-Robbins CCD, Sutter County, California",220,207,11,3,14,8,102,94,93,25,220,190,185,11,3,14,8,66,19,14,19,162,135,14,14,14,14,79,94,93,14,103,103,63,79,14,77,77,50,54,14,61,61,30,53,14,103,100,98,25,13,21,4,14,14,8,8,14,14,14,14,14,14,14,20,3,21,101,25,19,47,35,33,36,37,19,18,21,34,24,140,97,14,14,31,25,14,27,72,14,52,20,14,29,30,19,14,14,76,14,4,14,13,11,15,11,17,42,26,18,25,42,8,5,4,140,14,14,14,14,14,14,4,14,39,14,28,17,32,72,17,72,13,40,25,39,57,21,5,4,84,14,20,14,14,6,9,14,5,45,18,14,30,7,14,31,10087,14311,27726
"G060101093180","2019-2023","CA",,,"California","06","Sutter County","101","South Sutter CCD","93180",,,,,,,,,,,,,,".",".",,,,,,,,,,,,"0600000US0610193180",,,"0610193180","South Sutter CCD, Sutter County, California",2372,1631,38,79,64,47,88,425,203,222,2372,1960,1582,37,17,64,47,0,213,34,179,412,49,1,62,0,0,88,212,169,43,972,972,493,479,0,566,566,311,255,0,406,406,182,224,0,972,730,658,72,61,11,0,0,0,1,0,1,0,0,0,0,0,0,44,5,192,780,123,63,43,68,51,57,159,26,63,77,31,19,1607,857,57,2,0,3,8,12,15,17,244,104,157,69,127,25,10,7,750,16,0,1,3,3,34,11,41,148,56,134,124,109,58,4,8,1607,73,0,0,0,0,0,2,0,1,0,6,11,46,26,58,346,46,160,291,193,236,83,14,15,368,12,62,4,34,46,8,0,59,38,29,11,10,11,2,42,55000,54511,58571,"South Sutter CCD, Sutter County, California",285,195,30,62,30,66,31,181,99,154,285,266,193,29,20,30,66,14,146,26,144,121,29,3,58,14,14,31,103,99,38,133,133,86,80,14,99,99,69,64,14,56,56,41,39,14,133,109,108,32,32,9,14,14,14,3,14,3,14,14,14,14,14,14,25,5,52,110,40,28,23,39,22,24,44,14,26,30,16,13,172,110,34,2,14,5,12,10,13,9,60,52,39,30,30,16,7,5,91,13,14,4,3,4,42,9,27,33,17,29,37,27,26,3,8,172,40,14,14,14,14,14,2,14,4,14,6,13,44,21,30,70,24,54,49,47,42,34,7,10,52,10,19,5,19,23,7,14,22,17,13,9,6,9,3,18,5266,5395,13846
"G060101093290","2019-2023","CA",,,"California","06","Sutter County","101","Sutter CCD","93290",,,,,,,,,,,,,,".",".",,,,,,,,,,,,"0600000US0610193290",,,"0610193290","Sutter CCD, Sutter County, California",3066,2406,1,93,127,17,16,406,277,129,3066,2545,2198,1,69,127,17,0,133,18,115,521,208,0,24,0,0,16,273,259,14,1375,1373,775,598,2,663,661,284,377,2,712,712,491,221,0,1375,1288,1219,69,55,14,0,0,0,0,0,0,0,0,0,0,0,0,2,0,85,1290,16,67,242,212,266,94,127,0,49,79,99,39,2272,1156,0,0,6,0,0,18,44,32,312,123,311,85,165,30,30,0,1116,0,0,0,0,8,4,17,0,454,108,142,87,198,80,18,0,2272,0,0,0,0,0,0,0,0,6,0,0,8,22,61,32,738,28,231,453,172,363,110,48,0,538,9,38,18,27,16,20,1,42,88,89,29,70,0,27,64,55726,70625,45699,"Sutter CCD, Sutter County, California",375,367,3,89,144,27,23,145,152,86,375,355,364,3,76,144,27,14,80,38,72,166,138,14,39,14,14,23,134,140,23,229,229,187,127,5,146,147,106,118,5,135,135,135,77,14,229,218,214,61,56,19,14,14,14,14,14,14,14,14,14,14,14,14,5,14,74,218,18,48,115,81,116,53,107,14,42,65,81,40,299,193,14,14,16,14,14,25,52,41,99,69,154,64,93,25,27,14,180,14,14,14,14,14,9,19,14,134,64,67,53,103,50,29,14,299,14,14,14,14,14,14,14,14,16,14,14,14,26,48,41,171,31,111,173,81,179,61,38,14,200,17,29,26,37,19,32,2,30,63,67,38,75,14,42,49,14219,11534,16466
"G060101093820","2019-2023","CA",,,"California","06","Sutter County","101","Yuba City CCD","93820",,,,,,,,,,,,,,".",".",,,,,,,,,,,,"0600000US0610193820",,,"0610193820","Yuba City CCD, Sutter County, California",78929,38036,1626,1100,15048,74,10395,12650,7524,5126,78929,53485,31717,1504,496,14749,62,995,3962,520,3442,25444,6319,122,604,299,12,9400,8688,7004,1684,33326,33181,20089,13092,145,18425,18387,10392,7995,38,14901,14794,9697,5097,107,33326,30131,25130,5001,2757,709,970,333,232,350,350,0,0,0,0,0,32,97,303,257,2156,31170,767,4929,6131,4511,2572,828,2322,721,951,3474,2943,1021,51549,25057,1330,419,382,621,498,739,299,1491,6570,1764,3690,2066,3481,1006,432,269,26492,1613,227,569,697,311,333,485,1029,5960,2500,4337,2817,3645,1515,290,164,51549,2943,0,0,18,221,219,188,383,568,311,1007,809,1072,784,2520,10520,2010,4264,8027,4883,7126,2521,722,433,11622,509,953,193,754,1081,573,108,1178,1739,1088,526,725,695,385,1115,37603,45160,31893,"Yuba City CCD, Sutter County, California",843,1462,306,339,791,70,1606,1313,1151,809,843,940,946,245,145,690,67,395,702,253,618,779,1093,164,303,373,19,1467,1148,1126,543,907,904,1056,961,120,721,713,736,700,40,573,568,667,537,110,907,933,1069,702,535,268,358,179,177,202,202,32,32,32,32,32,46,67,148,173,421,925,222,756,670,624,417,229,388,296,240,519,444,271,713,453,298,224,201,220,245,277,140,341,661,344,501,352,445,241,155,141,432,243,116,256,309,150,165,209,303,629,437,577,500,548,279,132,158,713,446,32,32,28,146,156,122,229,290,178,359,318,328,267,507,869,442,565,803,591,765,421,239,274,959,177,322,116,200,252,226,64,275,385,254,164,221,313,137,249,2621,4092,2123
"G060101093825","2019-2023","CA",,,"California","06","Sutter County","101","Yuba City Southwest CCD","93825",,,,,,,,,,,,,,".",".",,,,,,,,,,,,"0600000US0610193825",,,"0610193825","Yuba City Southwest CCD, Sutter County, California",2476,1829,9,60,204,8,117,249,198,51,2476,1727,1415,9,40,204,8,0,51,0,51,749,414,0,20,0,0,117,198,198,0,1107,1107,659,448,0,697,697,393,304,0,410,410,266,144,0,1107,962,793,169,59,93,0,17,0,9,9,0,0,0,0,0,0,0,26,32,78,1029,21,29,166,187,124,7,70,63,63,100,155,44,1796,993,32,0,9,25,28,0,5,26,284,175,126,137,122,24,0,0,803,0,0,6,0,37,6,0,65,61,60,253,115,161,39,0,0,1796,32,0,0,0,0,0,0,0,15,0,25,65,6,5,91,308,37,235,379,252,283,63,0,0,351,0,78,26,11,79,5,0,25,35,13,0,4,0,22,53,46951,54821,34250,"Yuba City Southwest CCD, Sutter County, California",399,405,13,65,136,17,132,218,217,50,399,299,309,13,58,136,17,14,50,14,50,268,291,14,30,14,14,132,217,217,14,228,228,180,168,14,128,128,118,110,14,134,134,112,79,14,228,225,219,99,54,76,14,25,14,15,15,14,14,14,14,14,14,14,32,39,47,230,31,31,101,87,80,14,71,62,62,73,108,40,296,171,34,14,24,27,25,14,8,22,85,115,72,61,61,22,14,14,159,14,14,20,14,23,9,14,39,36,38,116,54,75,32,14,14,296,34,14,14,14,14,14,14,14,42,14,27,35,9,8,48,89,30,121,169,90,101,36,14,14,104,14,55,35,18,69,8,14,23,28,16,14,8,14,28,37,3035,19094,14271
"G060103090580","2019-2023","CA",,,"California","06","Tehama County","103","Corning CCD","90580",,,,,,,,,,,,,,".",".",,,,,,,,,,,,"0600000US0610390580",,,"0610390580","Corning CCD, Tehama County, California",14320,7770,32,35,435,11,3011,3026,2839,187,14320,6872,6022,32,6,435,11,112,254,128,126,7448,1748,0,29,0,0,2899,2772,2711,61,5773,5761,4084,1677,12,3294,3282,2298,984,12,2479,2479,1786,693,0,5773,5125,4414,711,408,224,55,24,0,17,17,0,0,0,0,0,0,16,96,12,507,5266,468,1158,789,609,352,58,715,302,209,282,183,141,9236,4440,186,143,160,64,64,58,68,223,1197,402,777,420,452,215,7,4,4796,128,222,85,99,127,28,33,199,1633,472,549,474,443,263,33,8,9236,314,0,0,0,132,121,112,17,228,22,141,191,86,101,422,2643,187,874,1326,894,895,478,40,12,1472,68,127,47,45,215,65,8,126,116,348,66,68,38,12,123,36775,42670,28898,"Corning CCD, Tehama County, California",963,1040,40,50,219,18,907,875,852,111,963,864,877,40,11,219,18,141,158,138,77,879,558,21,49,21,21,915,881,867,75,507,508,470,375,21,366,368,351,261,21,341,341,324,203,21,507,514,547,344,248,251,51,38,21,36,36,21,21,21,21,21,21,24,75,17,261,519,287,330,379,235,152,40,204,194,104,145,133,120,688,444,95,101,118,51,83,54,60,119,323,152,243,140,163,201,11,6,420,85,123,88,82,89,30,35,117,349,166,179,191,154,157,34,11,688,122,21,21,21,187,95,113,30,127,38,104,121,60,75,170,566,113,232,299,250,264,236,39,12,403,75,65,52,59,196,53,14,119,79,179,66,51,36,12,75,4895,4414,6415
"G060103090840","2019-2023","CA",,,"California","06","Tehama County","103","East Tehama CCD","90840",,,,,,,,,,,,,,".",".",,,,,,,,,,,,"0600000US0610390840",,,"0610390840","East Tehama CCD, Tehama County, California",3451,2211,22,0,41,0,573,604,534,70,3451,2089,1939,16,0,41,0,11,82,12,70,1362,272,6,0,0,0,562,522,522,0,1187,1166,992,174,21,531,510,410,100,21,656,656,582,74,0,1187,923,837,86,60,5,21,0,0,0,0,0,0,0,0,0,0,0,34,41,189,998,31,112,179,33,97,75,226,0,0,53,66,126,2536,1268,26,65,0,10,0,12,17,33,438,59,266,199,56,74,13,0,1268,13,41,39,80,24,13,9,0,417,62,293,74,95,69,39,0,2536,39,0,0,11,0,95,0,39,0,39,51,24,25,26,33,829,26,121,559,273,151,143,52,0,367,0,10,47,10,42,11,0,0,12,149,12,16,26,0,32,28102,34130,25095,"East Tehama CCD, Tehama County, California",688,516,27,14,57,14,486,309,305,52,688,400,396,22,14,57,14,17,54,19,52,623,286,12,14,14,14,478,304,304,14,337,325,307,112,35,201,186,163,87,35,258,258,260,70,14,337,343,312,99,70,12,35,14,14,14,14,14,14,14,14,14,14,14,32,56,96,344,31,62,143,31,73,64,148,14,14,42,96,118,430,258,53,70,14,21,14,16,21,32,187,51,157,124,38,62,19,14,268,24,52,55,79,42,20,13,14,146,73,118,37,63,112,29,14,430,57,14,14,16,14,117,14,55,14,59,61,42,25,24,32,219,28,78,201,131,83,130,43,14,167,14,17,108,16,27,16,14,14,16,76,20,21,22,14,32,8550,12298,4694
"G060103092560","2019-2023","CA",,,"California","06","Tehama County","103","Red Bluff CCD","92560",,,,,,,,,,,,,,".",".",,,,,,,,,,,,"0600000US0610392560",,,"0610392560","Red Bluff CCD, Tehama County, California",43541,32027,482,1142,659,82,2861,6288,4217,2071,43541,34539,29915,475,718,642,52,320,2417,845,1572,9002,2112,7,424,17,30,2541,3871,3372,499,16255,16083,12373,3710,172,8540,8392,6091,2301,148,7715,7691,6282,1409,24,16255,14169,12580,1589,1128,246,116,72,27,18,0,10,0,0,8,0,32,0,247,115,1674,14581,740,2067,2646,2334,1833,622,2047,257,589,697,316,433,30151,14712,402,115,140,273,175,184,368,424,4786,1429,2121,1567,2236,182,243,67,15439,272,69,132,122,122,280,221,252,3608,1276,3890,1774,2228,846,267,80,30151,674,0,20,12,0,0,152,45,227,109,286,297,464,589,676,7440,954,2705,6011,3341,4464,1028,510,147,6472,153,670,99,461,333,364,0,490,955,639,623,489,191,199,806,41856,48925,37844,"Red Bluff CCD, Tehama County, California",1165,1102,198,305,211,70,825,962,912,474,1165,1048,1016,198,222,207,59,275,548,445,374,1008,505,10,252,31,35,720,838,837,256,878,871,852,610,107,643,630,617,453,96,592,589,536,276,40,878,802,781,330,302,209,95,67,30,26,29,15,29,29,12,29,57,29,103,84,502,799,267,388,425,440,391,229,475,156,200,222,146,173,792,556,208,120,105,148,113,97,193,158,549,296,359,394,400,96,125,62,428,107,76,87,90,71,171,123,123,454,300,501,381,445,229,159,59,792,250,29,32,20,29,29,180,47,152,99,146,128,203,237,219,745,242,463,646,632,709,253,233,86,798,90,238,66,266,122,205,29,157,312,272,243,181,116,108,196,2585,5766,2215
"G060103093690","2019-2023","CA",,,"California","06","Tehama County","103","West Tehama CCD","93690",,,,,,,,,,,,,,".",".",,,,,,,,,,,,"0600000US0610393690",,,"0610393690","West Tehama CCD, Tehama County, California",4208,3406,35,49,64,0,297,357,204,153,4208,3562,3352,18,19,53,0,25,95,11,84,646,54,17,30,11,0,272,262,193,69,1473,1473,1065,408,0,858,858,567,291,0,615,615,498,117,0,1473,1225,1140,85,77,0,0,0,8,0,0,0,0,0,0,0,5,0,30,53,160,1313,52,196,177,116,78,1,181,146,127,175,36,28,3011,1700,37,2,0,8,10,51,26,57,578,193,458,100,151,4,25,0,1311,21,15,45,3,1,14,0,55,272,127,239,152,291,51,25,0,3011,58,0,0,15,0,0,2,0,45,0,11,11,65,26,112,662,188,320,697,252,442,55,50,0,557,27,96,5,23,36,20,0,33,63,159,8,14,9,11,53,46857,47634,41179,"West Tehama CCD, Tehama County, California",813,727,33,45,57,14,213,185,143,100,813,748,723,25,20,51,14,30,61,17,59,289,63,25,41,19,14,212,167,139,71,397,397,336,183,14,286,286,218,166,14,185,185,166,60,14,397,366,357,58,58,14,14,14,13,14,14,14,14,14,14,14,9,14,26,60,70,387,75,124,110,74,66,5,83,145,105,108,29,37,481,294,25,5,14,14,13,46,18,37,184,99,182,57,79,6,19,14,274,29,23,65,5,2,16,14,39,90,87,97,81,117,69,22,14,481,39,14,14,23,14,14,5,14,65,14,15,13,46,18,54,191,106,164,218,97,169,69,34,14,177,23,76,7,26,37,26,14,26,42,97,10,15,9,21,38,3499,7382,11184
"G060105091250","2019-2023","CA",,,"California","06","Trinity County","105","Hayfork CCD","91250",,,,,,,,,,,,,,".",".",,,,,,,,,,,,"0600000US0610591250",,,"0610591250","Hayfork CCD, Trinity County, California",3849,2879,0,171,305,0,204,290,100,190,3849,3590,2879,0,171,305,0,0,235,45,190,259,0,0,0,0,0,204,55,55,0,771,771,771,0,0,224,224,224,0,0,547,547,547,0,0,771,477,353,124,124,0,0,0,0,0,0,0,0,0,0,0,0,12,0,0,282,489,0,188,41,9,59,0,0,0,93,37,0,62,3153,1178,0,0,0,146,64,0,0,65,644,29,100,0,31,44,0,55,1975,0,0,0,0,17,0,0,0,1253,95,178,71,269,92,0,0,3153,0,0,0,0,0,0,0,0,0,0,146,81,0,0,65,1897,0,124,278,71,300,136,0,55,491,0,176,55,31,13,0,0,64,0,54,0,48,0,0,50,47823,48488,46211,"Hayfork CCD, Trinity County, California",941,714,14,178,240,14,116,256,86,254,941,899,714,14,178,240,14,14,248,69,254,134,14,14,14,14,14,116,58,58,14,325,325,325,14,14,155,155,155,14,14,284,284,284,14,14,325,241,219,122,122,14,14,14,14,14,14,14,14,14,14,14,14,22,14,14,199,240,14,158,31,17,87,14,14,14,117,53,14,97,794,347,14,14,14,195,98,14,14,71,286,45,76,14,49,70,14,58,696,14,14,14,14,34,14,14,14,525,127,146,62,192,94,14,14,794,14,14,14,14,14,14,14,14,14,14,195,105,14,14,71,611,14,140,158,62,193,119,14,58,258,14,166,58,49,20,14,14,84,14,75,14,77,14,14,78,4054,3140,26138
"G060105091860","2019-2023","CA",,,"California","06","Trinity County","105","Mad River CCD","91860",,,,,,,,,,,,,,".",".",,,,,,,,,,,,"0600000US0610591860",,,"0610591860","Mad River CCD, Trinity County, California",1196,1095,8,25,0,0,12,56,0,56,1196,1132,1070,8,25,0,0,0,29,0,29,64,25,0,0,0,0,12,27,0,27,456,456,434,22,0,304,304,282,22,0,152,152,152,0,0,456,357,357,0,0,0,0,0,0,12,12,0,0,0,0,0,0,1,12,10,64,392,18,3,134,55,51,0,57,12,0,24,6,32,977,551,0,0,0,0,0,1,0,0,235,2,191,46,54,0,22,0,426,0,0,0,6,0,8,0,4,109,137,112,18,16,13,3,0,977,0,0,0,0,0,0,0,0,0,0,6,0,9,0,4,311,33,139,303,64,70,13,25,0,115,0,37,0,0,0,15,0,0,0,42,0,0,0,0,21,34070,39896,32431,"Mad River CCD, Trinity County, California",403,384,14,31,14,14,46,55,14,55,403,396,383,14,31,14,14,14,31,14,31,53,46,14,14,14,14,46,52,14,52,163,163,159,43,14,110,110,105,43,14,88,88,88,14,14,163,164,164,14,14,14,14,14,14,46,46,14,14,14,14,14,14,4,21,24,60,169,21,7,82,75,58,14,74,46,14,25,11,64,352,194,14,14,14,14,14,3,14,14,122,4,151,38,48,14,52,14,252,14,14,14,11,14,13,14,7,91,202,102,20,21,17,6,14,352,14,14,14,14,14,14,14,14,14,14,11,14,13,14,7,176,47,202,191,46,63,17,52,14,90,14,40,14,14,14,18,14,14,14,56,14,14,14,14,23,7299,21671,8933
"G060105092202","2019-2023","CA",,,"California","06","Trinity County","105","Northwest Trinity CCD","92202",,,,,,,,,,,,,,".",".",,,,,,,,,,,,"0600000US0610592202",,,"0610592202","Northwest Trinity CCD, Trinity County, California",2608,1949,114,94,18,1,43,389,158,231,2608,2537,1934,114,94,15,0,1,379,148,231,71,15,0,0,3,1,42,10,10,0,918,918,707,211,0,707,707,515,192,0,211,211,192,19,0,918,554,528,26,23,0,0,3,0,0,0,0,0,0,0,0,80,0,4,1,279,639,3,18,86,307,46,12,81,3,0,32,0,51,1806,1238,0,0,0,7,10,8,15,0,613,0,252,80,191,48,11,3,568,0,0,0,0,0,0,6,0,205,5,139,110,72,30,1,0,1806,0,0,0,0,0,0,0,0,0,0,7,10,8,21,0,697,121,5,391,190,263,78,12,3,365,6,37,9,3,15,17,0,7,122,30,2,41,0,3,73,33548,34083,28628,"Northwest Trinity CCD, Trinity County, California",659,510,119,140,20,3,74,278,197,209,659,634,510,119,140,19,14,2,269,184,209,81,21,14,14,7,3,74,15,15,14,344,344,303,146,14,288,288,253,138,14,110,110,107,22,14,344,210,210,23,23,14,14,4,14,14,14,14,14,14,14,14,119,14,5,3,220,263,6,22,120,174,43,12,68,4,14,27,14,48,422,338,14,14,14,12,16,11,21,14,280,14,112,62,108,50,11,5,179,14,14,14,14,14,14,10,14,111,6,79,75,44,35,4,14,422,14,14,14,14,14,14,14,14,14,14,12,16,11,24,14,269,125,6,138,101,118,53,12,5,132,10,40,11,4,8,19,14,12,101,33,4,38,14,4,45,6272,6697,15397
"G060105093595","2019-2023","CA",,,"California","06","Trinity County","105","Weaverville CCD","93595",,,,,,,,,,,,,,".",".",,,,,,,,,,,,"0600000US0610593595",,,"0610593595","Weaverville CCD, Trinity County, California",8233,6859,25,54,65,83,587,560,393,167,8233,7691,6712,24,41,65,83,518,248,89,159,542,147,1,13,0,0,69,312,304,8,2814,2810,2387,423,4,1535,1533,1233,300,2,1279,1277,1154,123,2,2814,1969,1855,114,86,28,0,0,0,62,62,0,0,0,0,0,7,0,27,88,661,2153,88,231,359,360,129,21,368,0,205,267,121,4,6360,3077,12,0,0,43,36,6,49,7,1114,152,494,488,269,217,126,64,3283,0,0,0,0,46,15,50,22,800,69,1482,211,262,177,24,125,6360,12,0,0,0,0,0,0,0,0,12,31,82,21,99,29,1750,164,221,1976,699,531,394,150,189,1383,15,346,59,275,102,6,9,75,46,255,79,22,23,0,71,40167,38542,40488,"Weaverville CCD, Trinity County, California",912,768,11,44,108,92,460,249,165,181,912,881,757,11,40,108,92,418,236,140,177,125,84,2,20,19,19,65,78,79,10,597,598,551,241,6,350,350,329,181,3,479,479,461,85,3,597,393,392,81,71,38,19,19,19,62,62,19,19,19,19,19,13,19,24,94,410,408,120,97,186,230,79,24,179,19,173,138,92,6,800,342,24,19,19,39,50,12,44,12,279,76,194,221,117,175,133,71,642,19,19,19,19,67,25,67,43,242,37,562,110,149,120,19,154,800,24,19,19,19,19,19,19,19,19,25,29,79,27,81,44,403,88,85,610,259,181,220,136,219,443,18,225,99,186,83,9,18,55,43,167,71,20,24,19,47,4949,12722,7289
"G060107090690","2019-2023","CA",,,"California","06","Tulare County","107","Dinuba CCD","90690",,,,,,,,,,,,,,".",".",,,,,,,,,,,,"0600000US0610790690",,,"0610790690","Dinuba CCD, Tulare County, California",35996,14822,174,363,468,0,12887,7282,6679,603,35996,6466,5258,162,50,428,0,234,334,75,259,29530,9564,12,313,40,0,12653,6948,6604,344,13480,13319,8357,4962,161,7356,7219,4254,2965,137,6124,6100,4103,1997,24,13480,12689,10836,1853,1301,178,131,233,10,16,6,10,0,0,0,10,7,0,158,62,538,12942,680,1681,1560,2118,1633,882,2038,195,627,1076,231,221,20258,9581,589,408,624,270,223,84,204,307,2614,1012,1232,662,854,363,73,62,10677,570,465,803,88,420,101,90,261,2615,862,1435,1236,1134,352,230,15,20258,1159,0,34,55,263,274,247,273,1154,94,264,643,185,294,568,4619,610,1874,2667,1898,1988,715,303,77,3369,49,351,48,63,312,222,86,185,498,641,94,278,128,48,366,33097,35904,30616,"Dinuba CCD, Tulare County, California",1202,1721,148,162,180,29,1472,1261,1230,299,1202,646,700,149,32,172,29,224,143,72,140,1211,1499,17,161,35,29,1429,1253,1242,282,769,751,737,624,122,556,549,473,489,115,525,516,450,415,36,769,770,862,495,475,90,80,171,14,23,9,23,29,29,29,17,12,29,85,50,171,754,220,357,343,385,415,275,445,89,241,272,121,136,889,529,157,133,168,113,112,53,99,120,394,351,288,217,243,203,58,58,617,176,148,206,51,195,64,44,109,469,320,281,341,283,158,197,20,889,266,29,44,46,125,118,104,176,286,56,111,228,76,101,200,604,182,452,429,417,416,250,207,60,582,37,182,36,51,205,120,82,82,195,289,61,116,93,53,180,2829,3668,2956
"G060107090760","2019-2023","CA",,,"California","06","Tulare County","107","Earlimart CCD","90760",,,,,,,,,,,,,,".",".",,,,,,,,,,,,"0600000US0610790760",,,"0610790760","Earlimart CCD, Tulare County, California",13125,2553,46,24,712,0,4750,5040,4923,117,13125,1083,301,29,21,712,0,0,20,0,20,12042,2252,17,3,0,0,4750,5020,4923,97,4454,4453,2485,1968,1,2533,2532,1415,1117,1,1921,1921,1070,851,0,4454,4270,2778,1492,673,636,172,11,0,0,0,0,0,0,0,0,0,6,79,0,99,4355,213,334,252,514,804,120,1258,98,236,167,310,49,6738,3281,327,144,811,113,61,125,75,55,999,71,254,114,85,47,0,0,3457,167,447,606,204,145,117,35,128,755,38,601,109,89,16,0,0,6738,494,0,8,151,113,166,153,72,1345,37,280,206,242,110,183,1641,113,109,855,223,174,63,0,0,247,0,11,0,0,9,46,0,3,58,63,14,15,0,0,28,23212,27750,20762,"Earlimart CCD, Tulare County, California",1157,860,51,26,354,21,755,1084,1051,140,1157,402,129,37,26,354,21,21,33,21,33,1223,841,27,4,21,21,755,1087,1051,136,618,617,359,512,3,368,368,264,296,3,390,390,228,320,21,618,634,439,530,187,484,122,17,21,21,21,21,21,21,21,21,21,8,48,21,86,633,103,109,138,187,291,76,487,48,134,84,128,39,607,374,115,69,215,59,48,86,69,44,228,52,137,96,64,54,21,21,349,77,196,217,101,77,70,31,62,184,25,194,56,42,16,21,21,607,167,21,14,148,73,87,107,60,368,54,128,82,137,89,77,327,61,58,264,111,78,56,21,21,102,21,12,21,21,13,57,21,10,52,36,17,17,21,21,39,2617,5083,3648
"G060107090940","2019-2023","CA",,,"California","06","Tulare County","107","Exeter CCD","90940",,,,,,,,,,,,,,".",".",,,,,,,,,,,,"0600000US0610790940",,,"0610790940","Exeter CCD, Tulare County, California",27028,12876,38,241,367,22,7930,5554,5080,474,27028,8726,7878,16,62,350,22,54,344,91,253,18302,4998,22,179,17,0,7876,5210,4989,221,10453,10422,9605,817,31,5996,5996,5517,479,0,4457,4426,4088,338,31,10453,9813,8545,1268,808,255,89,116,0,13,13,0,0,0,0,0,15,15,124,38,435,10018,511,1548,1187,1982,1910,885,990,56,246,349,231,123,16630,8261,663,162,516,165,87,82,147,379,2688,579,1142,611,739,240,50,11,8369,562,229,578,191,72,177,231,81,2320,840,1125,878,765,260,51,9,16630,1225,2,24,7,99,212,47,309,785,112,244,159,259,378,460,4373,635,1419,2267,1489,1504,500,101,20,2277,43,278,58,78,166,90,54,188,428,296,126,126,113,82,151,30951,34575,27994,"Exeter CCD, Tulare County, California",838,1377,61,140,250,30,1367,1281,1300,207,838,1031,904,44,59,247,30,59,162,61,150,1135,1227,46,113,23,25,1364,1294,1298,149,705,700,707,195,53,490,490,497,140,25,427,414,391,129,53,705,671,676,273,229,132,65,155,25,20,20,25,25,25,25,25,22,25,52,42,160,686,251,399,311,390,308,249,258,41,136,139,101,77,683,518,256,98,187,84,68,68,87,262,397,185,222,152,290,86,39,14,449,188,111,165,98,42,176,146,64,306,220,216,248,183,99,32,15,683,400,13,38,10,76,116,45,142,275,102,106,89,193,193,271,565,168,287,285,304,379,138,48,20,454,29,152,45,52,69,57,61,70,227,130,55,74,92,54,65,1614,3861,2751
"G060107091420","2019-2023","CA",,,"California","06","Tulare County","107","Ivanhoe CCD","91420",,,,,,,,,,,,,,".",".",,,,,,,,,,,,"0600000US0610791420",,,"0610791420","Ivanhoe CCD, Tulare County, California",7307,3125,0,142,29,19,2844,1148,914,234,7307,2167,1892,0,62,29,8,0,176,0,176,5140,1233,0,80,0,11,2844,972,914,58,2912,2889,2470,419,23,1828,1805,1463,342,23,1084,1084,1007,77,0,2912,2526,2175,351,280,52,19,0,0,92,92,0,0,0,0,0,1,7,3,17,266,2646,273,182,258,421,573,211,212,197,34,147,65,73,4234,2115,334,72,161,32,11,70,91,19,681,140,169,114,182,9,8,22,2119,129,138,258,105,4,45,0,29,462,17,396,226,226,77,3,4,4234,463,0,29,11,96,55,19,10,409,0,137,15,115,91,48,1034,109,157,565,340,408,86,11,26,535,0,59,7,30,41,12,0,24,132,79,17,12,0,55,67,35508,36130,29221,"Ivanhoe CCD, Tulare County, California",1223,880,19,111,29,29,1207,488,446,165,1223,669,648,19,72,29,12,19,154,19,154,1216,578,19,86,19,17,1207,450,446,71,482,486,394,310,25,460,460,270,312,25,308,308,305,48,19,482,462,410,186,169,71,41,19,19,87,87,19,19,19,19,19,2,12,4,19,171,466,252,115,141,163,218,146,136,143,33,98,70,86,506,352,185,67,119,23,20,90,57,22,187,157,105,76,122,10,12,24,251,84,93,204,72,7,46,19,28,172,21,170,115,109,82,6,6,506,225,19,48,19,76,48,19,10,263,19,72,21,102,57,36,275,89,161,199,131,167,83,13,25,220,19,34,9,41,41,13,19,21,78,82,18,18,19,77,58,5724,8333,11362
"G060107091640","2019-2023","CA",,,"California","06","Tulare County","107","Lindsay CCD","91640",,,,,,,,,,,,,,".",".",,,,,,,,,,,,"0600000US0610791640",,,"0610791640","Lindsay CCD, Tulare County, California",17324,4186,82,237,167,28,7900,4724,4570,154,17324,2556,2242,51,14,167,28,31,23,0,23,14768,1944,31,223,0,0,7869,4701,4570,131,6248,6199,5321,878,49,3747,3710,3044,666,37,2501,2489,2277,212,12,6248,5679,4585,1094,763,207,12,112,0,0,0,0,0,0,0,0,0,0,176,78,315,5933,220,644,494,629,698,299,1341,292,194,285,547,290,10574,5148,725,79,502,121,349,51,38,119,1788,278,472,282,250,57,19,18,5426,444,488,251,201,63,171,56,121,1463,642,614,442,254,142,60,14,10574,1169,0,74,105,144,169,75,99,654,154,168,412,222,94,240,2807,444,920,1086,724,504,199,79,32,861,46,123,23,7,148,16,0,48,96,142,23,137,7,0,45,30877,32804,25520,"Lindsay CCD, Tulare County, California",672,760,69,213,177,32,1281,1149,1141,154,672,453,441,45,27,177,32,49,29,21,29,706,710,52,212,21,21,1275,1151,1141,148,663,651,651,256,58,488,478,497,212,55,385,382,364,115,21,663,660,615,291,236,169,19,100,21,21,21,21,21,21,21,21,21,21,100,74,186,663,114,244,204,229,298,123,439,142,114,130,248,140,637,387,227,72,162,94,311,47,48,72,335,123,178,194,164,45,22,24,509,202,233,139,162,62,112,55,96,321,189,255,186,136,89,59,24,637,328,21,69,94,166,114,70,100,223,155,105,311,138,75,133,429,200,236,282,275,208,100,64,33,260,70,108,26,21,139,27,21,48,63,91,32,92,20,21,49,2714,3745,3703
"G060107092290","2019-2023","CA",,,"California","06","Tulare County","107","Orosi-Cutler CCD","92290",,,,,,,,,,,,,,".",".",,,,,,,,,,,,"0600000US0610792290",,,"0610792290","Orosi-Cutler CCD, Tulare County, California",17712,4179,344,258,823,0,10229,1879,1639,240,17712,1805,758,39,55,814,0,14,125,0,125,15907,3421,305,203,9,0,10215,1754,1639,115,5713,5479,4387,1092,234,3389,3283,2547,736,106,2324,2196,1840,356,128,5713,5364,4080,1284,618,456,171,39,0,23,23,0,0,0,0,0,14,0,22,56,234,5479,165,442,541,691,702,530,915,128,296,507,512,50,10056,4900,373,585,1069,105,133,113,107,143,1092,137,442,316,247,13,5,20,5156,304,774,617,189,218,39,183,153,931,128,700,556,278,75,5,6,10056,677,0,0,193,316,559,291,452,1234,138,156,351,152,290,296,1754,269,265,1142,872,525,88,10,26,676,167,68,12,30,69,4,0,73,71,54,17,37,24,45,5,22974,27292,18699,"Orosi-Cutler CCD, Tulare County, California",1846,1606,355,233,393,21,1713,743,729,181,1846,577,335,63,69,393,21,19,94,21,94,1820,1582,345,221,13,21,1709,743,729,132,715,614,532,308,369,479,450,405,262,168,482,443,407,144,203,715,758,651,428,292,260,147,46,21,40,40,21,21,21,21,21,24,21,31,53,191,748,121,203,283,342,240,244,286,118,191,234,356,44,1051,619,164,247,344,94,86,92,80,99,320,117,197,140,132,15,8,35,604,159,269,283,132,150,45,145,103,270,82,243,327,124,79,8,10,1051,277,21,21,154,191,303,162,198,402,125,112,169,102,169,152,437,157,129,335,364,181,80,16,38,233,123,70,20,39,60,7,21,67,76,41,20,17,30,67,7,3245,7627,5333
"G060107092480","2019-2023","CA",,,"California","06","Tulare County","107","Pixley CCD","92480",,,,,,,,,,,,,,".",".",,,,,,,,,,,,"0600000US0610792480",,,"0610792480","Pixley CCD, Tulare County, California",6961,1363,219,0,144,0,2726,2509,2224,285,6961,923,522,219,0,144,0,0,38,0,38,6038,841,0,0,0,0,2726,2471,2224,247,2552,2552,1796,756,0,1427,1427,1057,370,0,1125,1125,739,386,0,2552,2369,1749,620,260,286,74,0,0,0,0,0,0,0,0,0,0,0,69,0,114,2438,132,397,270,322,324,52,344,50,144,243,135,25,3537,1846,155,68,393,34,201,10,93,53,507,91,137,25,79,0,0,0,1691,65,79,330,33,103,19,67,13,559,25,309,21,41,27,0,0,3537,220,0,0,0,32,69,46,109,614,52,15,304,29,160,66,1018,48,116,446,46,120,27,0,0,147,0,23,0,0,6,0,23,24,43,3,0,7,0,18,0,30982,40758,22654,"Pixley CCD, Tulare County, California",927,496,231,19,122,19,837,995,990,232,927,410,227,231,19,122,19,19,66,19,66,1032,459,19,19,19,19,837,994,990,217,432,432,310,346,19,259,259,214,178,19,258,258,187,210,19,432,415,282,338,171,294,62,19,19,19,19,19,19,19,19,19,19,19,63,19,66,426,95,162,122,172,159,53,166,47,90,267,106,31,469,272,101,62,144,35,101,18,117,58,208,103,91,41,64,19,19,19,251,63,58,122,55,73,31,84,27,180,28,133,29,40,36,19,19,469,144,19,19,19,47,51,55,90,191,63,22,147,35,197,64,338,53,105,164,51,74,36,19,19,96,19,21,19,19,12,19,35,35,43,5,19,13,19,31,19,2653,8514,6503
"G060107092520","2019-2023","CA",,,"California","06","Tulare County","107","Porterville CCD","92520",,,,,,,,,,,,,,".",".",,,,,,,,,,,,"0600000US0610792520",,,"0610792520","Porterville CCD, Tulare County, California",77834,28180,579,1544,2250,413,27004,17864,15531,2333,77834,21373,16118,482,518,2087,303,150,1715,410,1305,56461,12062,97,1026,163,110,26854,16149,15121,1028,29456,29438,26199,3239,18,17128,17110,14844,2266,18,12328,12328,11355,973,0,29456,27980,22535,5445,3098,1161,694,436,56,76,76,0,0,0,0,0,14,16,450,135,785,28671,844,6075,5269,5025,1778,539,2007,839,723,2683,1938,951,45350,23036,1418,817,1706,793,848,421,901,1054,6273,1026,3131,1223,2155,939,157,174,22314,1095,595,1310,573,951,431,720,749,5642,1239,3675,2130,1978,959,219,48,45350,2513,2,121,101,211,750,227,265,2751,309,1057,1799,852,1621,1803,10342,1573,2265,6806,3353,4133,1898,376,222,6908,183,614,65,451,535,174,80,633,1088,1075,238,665,213,462,432,30382,33956,26840,"Porterville CCD, Tulare County, California",1499,2224,248,497,515,232,2630,2534,2417,543,1499,1312,1328,221,176,492,149,101,480,331,391,1815,1899,124,457,164,151,2649,2477,2401,366,1161,1160,1065,686,23,858,857,790,574,23,843,843,823,290,32,1161,1233,1274,869,650,377,329,307,53,67,67,32,32,32,32,32,24,25,230,101,214,1230,318,855,679,745,397,183,404,313,266,645,572,319,1334,890,309,190,445,237,313,187,331,304,844,331,631,253,559,332,101,113,841,279,190,310,245,314,193,327,265,670,282,554,442,396,309,109,33,1334,402,6,120,104,105,248,131,146,573,261,301,458,255,485,385,1229,293,464,921,552,673,520,152,122,804,127,158,51,208,180,84,71,215,335,278,144,277,108,449,178,1850,3276,2180
"G060107093220","2019-2023","CA",,,"California","06","Tulare County","107","Springville-Johnsondale CCD","93220",,,,,,,,,,,,,,".",".",,,,,,,,,,,,"0600000US0610793220",,,"0610793220","Springville-Johnsondale CCD, Tulare County, California",5597,3610,3,763,131,50,250,790,575,215,5597,3963,2877,3,671,131,50,4,227,39,188,1634,733,0,92,0,0,246,563,536,27,1974,1974,1812,162,0,1079,1079,970,109,0,895,895,842,53,0,1974,1699,1429,270,178,50,40,2,0,0,0,0,0,0,0,0,1,0,34,0,240,1734,163,203,75,271,260,169,229,66,35,124,44,95,3752,1780,9,3,3,98,12,35,43,14,353,138,222,309,316,128,68,29,1972,22,0,23,10,114,17,34,28,539,100,333,201,344,147,53,7,3752,31,0,0,0,0,3,0,3,23,79,29,126,52,77,42,689,203,238,555,510,660,275,121,36,1135,39,185,12,25,91,0,3,105,249,61,82,141,42,0,100,35265,35644,32969,"Springville-Johnsondale CCD, Tulare County, California",881,823,4,193,146,54,161,315,284,114,881,550,462,4,166,146,54,6,122,52,114,916,816,19,79,19,19,162,288,293,27,347,347,345,93,19,202,202,204,69,19,221,221,219,45,19,347,316,310,122,85,54,58,4,19,19,19,19,19,19,19,19,2,19,52,19,110,328,131,97,51,78,156,125,100,45,35,61,39,66,461,254,12,6,6,115,14,26,30,12,132,81,86,118,140,59,60,30,287,26,19,30,11,171,18,32,26,182,47,123,71,110,94,55,9,461,27,19,19,19,19,6,19,6,30,114,32,171,31,45,30,194,118,86,136,143,171,114,107,31,267,34,119,19,26,67,19,6,86,91,45,86,83,38,19,56,9632,12351,19348
"G060107093260","2019-2023","CA",,,"California","06","Tulare County","107","Strathmore CCD","93260",,,,,,,,,,,,,,".",".",,,,,,,,,,,,"0600000US0610793260",,,"0610793260","Strathmore CCD, Tulare County, California",7052,3094,23,21,106,0,2338,1470,1258,212,7052,1966,1698,23,21,106,0,2,116,50,66,5086,1396,0,0,0,0,2336,1354,1208,146,2172,2156,1915,241,16,1185,1169,962,207,16,987,987,953,34,0,2172,1957,1540,417,319,53,16,0,29,13,13,0,0,0,0,0,33,0,9,8,152,2020,24,64,401,250,154,180,289,81,181,186,63,147,4241,1958,73,93,183,106,19,95,52,173,395,44,405,87,158,44,31,0,2283,79,56,123,147,51,12,142,99,769,61,387,108,155,86,4,4,4241,152,0,8,5,33,17,86,86,220,214,39,70,107,194,272,1116,48,105,792,195,313,130,35,4,530,40,55,0,63,21,24,0,48,81,100,8,44,0,0,46,30206,37777,23741,"Strathmore CCD, Tulare County, California",1392,1226,30,24,126,19,742,574,572,141,1392,525,502,30,24,126,19,9,60,45,42,1367,1143,19,19,19,19,741,567,565,120,518,518,540,126,20,280,283,267,117,20,324,324,330,38,19,518,438,405,183,162,61,26,19,24,25,25,19,19,19,19,19,51,19,15,9,102,452,66,58,239,122,81,163,159,78,85,106,65,100,670,357,56,77,142,94,35,94,74,162,151,40,215,80,86,34,32,19,413,85,66,94,109,69,17,134,93,241,53,222,62,87,81,6,6,670,133,19,12,7,32,35,124,75,177,180,55,83,94,159,224,312,31,84,413,94,147,86,35,6,195,37,54,19,72,23,29,19,42,53,60,9,42,19,19,47,3818,8874,3021
"G060107093330","2019-2023","CA",,,"California","06","Tulare County","107","Terra Bella CCD","93330",,,,,,,,,,,,,,".",".",,,,,,,,,,,,"0600000US0610793330",,,"0610793330","Terra Bella CCD, Tulare County, California",6408,2859,18,36,32,0,2389,1074,1063,11,6408,2141,2055,18,36,32,0,0,0,0,0,4267,804,0,0,0,0,2389,1074,1063,11,2141,2141,1766,375,0,1251,1251,998,253,0,890,890,768,122,0,2141,1935,1369,566,481,85,0,0,0,3,3,0,0,0,0,0,0,0,0,0,203,1938,19,177,143,441,402,101,158,29,77,107,278,6,3983,2154,122,185,62,96,36,30,110,56,817,143,265,169,60,3,0,0,1829,187,33,35,117,44,89,7,23,515,86,345,157,173,18,0,0,3983,309,0,0,0,27,191,0,0,97,24,189,80,119,117,79,1132,200,229,610,326,233,21,0,0,254,0,18,0,3,20,0,0,39,44,62,13,52,0,0,3,27339,28480,27087,"Terra Bella CCD, Tulare County, California",942,1029,27,42,53,19,732,543,544,21,942,892,882,27,42,53,19,19,19,19,19,738,433,19,19,19,19,732,543,544,21,387,387,392,204,19,299,299,270,172,19,205,205,209,87,19,387,383,262,285,271,69,19,19,19,4,4,19,19,19,19,19,19,19,19,19,117,384,28,117,99,173,308,71,85,48,58,65,163,10,673,409,60,168,45,85,35,48,71,48,396,89,104,108,44,4,19,19,303,126,42,33,86,51,70,11,26,210,58,153,81,81,21,19,19,673,145,19,19,19,44,164,19,19,71,38,147,73,107,72,57,567,147,98,205,135,107,21,19,19,101,19,32,19,5,17,19,19,40,52,43,19,45,19,19,4,4584,9468,2387
"G060107093360","2019-2023","CA",,,"California","06","Tulare County","107","Tipton CCD","93360",,,,,,,,,,,,,,".",".",,,,,,,,,,,,"0600000US0610793360",,,"0610793360","Tipton CCD, Tulare County, California",6696,2842,11,32,0,0,2065,1746,1716,30,6696,907,889,11,7,0,0,0,0,0,0,5789,1953,0,25,0,0,2065,1746,1716,30,2573,2573,2367,206,0,1710,1710,1536,174,0,863,863,831,32,0,2573,2326,1991,335,216,53,6,48,12,3,3,0,0,0,0,0,0,0,132,33,79,2494,275,347,301,352,426,186,260,32,73,101,121,20,3556,1990,132,135,517,117,91,25,115,64,472,72,94,101,55,0,0,0,1566,105,88,151,85,125,16,99,18,374,63,216,131,81,11,3,0,3556,237,0,0,93,45,17,68,36,632,24,178,216,41,214,82,783,63,135,310,232,136,11,3,0,150,0,22,0,27,0,14,0,0,23,1,24,6,21,0,12,34054,36881,22479,"Tipton CCD, Tulare County, California",885,639,13,23,19,19,521,733,733,33,885,248,248,13,10,19,19,19,19,19,19,913,642,19,21,19,19,521,733,733,33,580,580,503,116,19,503,503,417,107,19,188,188,189,24,19,580,586,560,151,105,52,10,70,14,5,5,19,19,19,19,19,19,19,90,36,40,582,114,152,216,171,143,84,99,28,97,85,83,24,563,478,108,75,336,75,74,22,129,34,138,44,58,50,47,19,19,19,171,59,57,58,48,60,25,99,16,91,37,73,58,57,14,4,19,563,137,19,19,67,46,21,73,35,352,37,96,96,32,223,39,175,43,60,104,77,90,14,4,19,89,19,24,19,32,19,20,19,19,39,3,20,9,34,19,18,1878,5285,5042
"G060107093430","2019-2023","CA",,,"California","06","Tulare County","107","Tulare CCD","93430",,,,,,,,,,,,,,".",".",,,,,,,,,,,,"0600000US0610793430",,,"0610793430","Tulare CCD, Tulare County, California",77683,36596,1864,740,1992,116,17873,18502,16337,2165,77683,28744,22809,1680,207,1972,106,519,1451,228,1223,48939,13787,184,533,20,10,17354,17051,16109,942,30671,30630,25968,4662,41,16918,16877,13782,3095,41,13753,13753,12186,1567,0,30671,28340,25384,2956,2256,263,164,132,141,140,113,0,0,27,0,10,0,74,316,209,1582,29089,1345,3641,6057,3926,4209,1927,3901,447,530,1366,1097,643,44624,21461,992,386,1090,477,536,366,563,1209,6970,1442,3261,1909,1549,286,325,100,23163,902,452,975,519,377,419,764,758,6799,2261,3980,2206,1717,752,207,75,44624,1894,0,0,29,173,298,338,313,1752,284,712,913,785,1327,1967,12294,1475,3703,7241,4115,3266,1038,532,175,5219,136,719,124,267,300,195,45,511,731,607,252,408,190,211,523,37881,45207,31179,"Tulare CCD, Tulare County, California",1202,2307,629,345,540,97,2109,2145,2044,591,1202,1691,1720,610,153,542,95,417,391,148,370,1832,1931,114,294,24,16,2026,2065,2053,351,1278,1283,1298,604,55,862,873,899,412,55,927,927,884,381,32,1278,1332,1279,520,437,118,139,111,113,140,134,32,32,30,32,22,32,60,106,130,311,1346,310,502,690,477,620,391,594,141,194,333,318,211,1180,816,215,157,295,207,204,133,164,299,677,298,467,369,345,126,188,110,761,269,232,244,136,127,184,280,240,671,377,543,375,324,213,109,66,1180,343,32,32,26,103,164,186,126,401,172,206,270,224,344,334,914,337,526,744,554,530,263,252,124,734,89,178,91,111,146,106,60,175,201,213,117,153,107,109,232,2080,3431,2454
"G060107093560","2019-2023","CA",,,"California","06","Tulare County","107","Visalia CCD","93560",,,,,,,,,,,,,,".",".",,,,,,,,,,,,"0600000US0610793560",,,"0610793560","Visalia CCD, Tulare County, California",155654,76354,3566,2332,9361,68,33915,30058,23527,6531,155654,73828,55695,3267,440,9091,46,780,4509,629,3880,81826,20659,299,1892,270,22,33135,25549,22898,2651,66748,66491,56577,9914,257,37123,37006,30399,6607,117,29625,29485,26178,3307,140,66748,60311,52270,8041,6020,1177,487,295,62,175,153,0,0,22,0,6,95,139,727,411,4884,61864,2198,8539,14106,11168,6246,3728,4074,962,1706,5526,2727,884,98514,49158,1824,629,900,566,724,714,986,1246,13324,3684,9105,5096,6879,2379,774,328,49356,2420,192,913,917,588,497,501,1115,12228,3797,8346,6191,6868,3761,790,232,98514,4244,11,34,200,106,237,233,330,1483,340,1143,1312,1211,1487,2361,21471,4081,7481,17451,11287,13747,6140,1564,560,23574,853,2325,490,1362,1825,907,229,2550,3355,2729,934,2265,932,789,2029,42350,48809,35512,"Visalia CCD, Tulare County, California",1659,3130,681,662,986,48,2984,2970,2843,881,1659,2254,2069,669,154,1008,45,601,731,258,663,2428,2365,204,666,166,25,2826,2839,2860,647,1659,1641,1957,996,127,1140,1139,1379,731,74,1210,1209,1291,520,100,1659,1700,1664,1098,1028,356,268,182,59,102,94,32,32,36,32,9,95,92,377,167,767,1643,404,1005,1252,1060,755,626,599,310,348,882,575,296,1652,1001,437,226,339,183,416,244,274,280,1234,495,894,614,921,383,193,122,1110,538,98,282,338,243,216,183,322,814,549,766,722,637,561,236,114,1652,807,23,52,114,69,152,118,180,421,147,367,482,357,326,420,1481,648,714,1158,1012,1086,733,317,172,1588,482,404,207,366,361,264,127,456,534,532,311,432,328,258,495,2353,2480,1586
"G060107093780","2019-2023","CA",,,"California","06","Tulare County","107","Woodlake-Three Rivers CCD","93780",,,,,,,,,,,,,,".",".",,,,,,,,,,,,"0600000US0610793780",,,"0610793780","Woodlake-Three Rivers CCD, Tulare County, California",13397,6205,169,435,178,20,4483,1907,1337,570,13397,4876,4106,156,59,178,20,28,329,60,269,8521,2099,13,376,0,0,4455,1578,1277,301,4974,4958,4746,212,16,2645,2629,2522,107,16,2329,2329,2224,105,0,4974,4247,3517,730,601,101,18,0,10,57,57,0,0,0,0,0,0,0,56,24,590,4384,347,457,418,422,427,359,897,203,110,594,104,46,8697,4242,265,157,249,232,61,55,91,220,1063,147,800,219,468,136,60,19,4455,208,99,204,135,252,31,197,60,791,316,450,508,713,383,60,48,8697,473,0,0,71,61,57,67,37,416,73,294,313,86,288,280,1574,280,463,1250,727,1181,519,120,67,2064,56,442,48,170,177,27,38,158,151,150,78,112,204,83,170,32257,34947,28265,"Woodlake-Three Rivers CCD, Tulare County, California",853,1041,136,146,116,33,694,462,482,172,853,805,730,133,37,116,33,28,125,58,107,738,783,19,142,21,21,700,475,479,120,513,510,482,118,16,426,422,409,66,16,301,301,300,74,21,513,510,482,211,198,53,20,21,18,53,53,21,21,21,21,21,21,21,56,29,174,523,139,269,170,143,144,172,237,101,51,215,54,36,578,445,112,114,105,219,57,61,88,99,215,70,302,93,128,71,51,21,314,84,73,87,120,131,33,128,43,182,97,119,132,171,151,43,34,578,152,21,21,71,73,66,62,48,130,87,259,147,61,200,115,268,119,131,322,147,239,157,69,37,372,45,164,42,143,76,21,31,75,75,64,75,68,104,53,93,2311,6950,5583
"G060109090835","2019-2023","CA",,,"California","06","Tuolumne County","109","East Sonora-Phoenix Lake CCD","90835",,,,,,,,,,,,,,".",".",,,,,,,,,,,,"0600000US0610990835",,,"0610990835","East Sonora-Phoenix Lake CCD, Tuolumne County, California",14140,12336,75,83,127,124,261,1134,437,697,14140,12740,11875,21,83,127,21,0,613,78,535,1400,461,54,0,0,103,261,521,359,162,5308,5308,4600,708,0,2689,2689,2193,496,0,2619,2619,2407,212,0,5308,4482,3906,576,369,180,27,0,0,22,22,0,0,0,0,0,16,0,0,19,769,4539,106,370,833,714,730,336,352,14,159,297,273,355,11166,5304,70,0,0,0,7,79,153,61,1416,537,1135,447,1071,231,83,14,5862,18,0,2,27,18,61,71,33,1490,768,1292,437,1143,332,140,30,11166,88,0,0,0,0,0,0,2,0,0,27,25,140,224,94,2498,408,1305,2427,884,2214,563,223,44,3237,46,212,63,148,286,279,6,452,462,255,187,195,125,275,246,44016,52263,36813,"East Sonora-Phoenix Lake CCD, Tuolumne County, California",802,797,97,78,70,164,121,244,188,219,802,803,820,31,78,70,32,21,188,55,175,365,286,91,21,21,152,121,230,196,124,503,503,509,264,21,394,394,400,228,21,293,293,288,96,21,503,492,458,280,251,133,41,21,21,25,25,21,21,21,21,21,24,21,21,30,341,491,85,153,214,227,299,111,155,16,98,162,165,194,682,468,56,21,21,21,14,89,169,57,274,190,362,166,289,85,59,21,381,21,21,5,32,29,47,73,33,365,270,290,133,239,167,72,30,682,61,21,21,21,21,21,21,5,21,21,32,32,97,187,68,480,195,309,446,233,368,200,102,36,457,37,104,45,96,121,195,9,194,196,110,90,97,71,188,125,4709,16956,6644
"G060109091190","2019-2023","CA",,,"California","06","Tuolumne County","109","Groveland CCD","91190",,,,,,,,,,,,,,".",".",,,,,,,,,,,,"0600000US0610991190",,,"0610991190","Groveland CCD, Tuolumne County, California",5175,4108,45,44,122,2,317,537,234,303,5175,4607,3989,45,28,122,2,145,276,22,254,568,119,0,16,0,0,172,261,212,49,1767,1710,1141,569,57,1093,1036,644,392,57,674,674,497,177,0,1767,1596,1432,164,89,18,0,57,0,0,0,0,0,0,0,0,14,0,48,11,98,1669,60,183,288,96,40,49,140,31,48,242,233,259,4264,2340,53,0,0,8,14,34,75,25,505,302,497,271,329,179,35,13,1924,35,0,0,9,4,13,0,18,373,117,540,283,397,107,17,11,4264,88,0,0,0,0,0,0,0,0,17,0,18,47,75,43,679,199,419,1037,554,726,286,52,24,1154,18,58,50,17,199,65,0,67,275,185,43,42,45,0,90,42380,49541,36789,"Groveland CCD, Tuolumne County, California",616,550,42,35,142,8,193,209,126,183,616,562,523,42,27,142,8,159,161,22,160,230,87,19,26,19,19,97,143,122,73,288,335,253,164,133,221,237,193,117,133,171,171,129,90,19,288,278,306,147,59,26,19,133,19,19,19,19,19,19,19,19,16,19,42,22,46,285,61,124,123,57,19,47,82,41,42,121,134,155,474,319,58,19,19,13,20,34,61,23,167,130,194,107,132,72,27,15,259,39,19,19,14,6,22,19,17,106,42,168,112,112,71,23,13,474,90,19,19,19,19,19,19,19,19,19,19,21,43,61,26,174,108,146,266,148,200,90,39,20,273,19,54,37,17,106,53,19,39,102,88,33,35,38,19,47,12140,11371,5931
"G060109093080","2019-2023","CA",,,"California","06","Tuolumne County","109","Sonora CCD","93080",,,,,,,,,,,,,,".",".",,,,,,,,,,,,"0600000US0610993080",,,"0610993080","Sonora CCD, Tuolumne County, California",18944,14793,728,474,252,129,633,1935,1358,577,18944,15713,13877,721,195,246,129,91,454,25,429,3231,916,7,279,6,0,542,1481,1333,148,6517,6517,5541,976,0,3030,3030,2255,775,0,3487,3487,3286,201,0,6517,5609,5152,457,350,66,30,0,11,15,15,0,0,0,0,32,0,6,272,2,581,5936,377,1242,1122,1002,624,36,410,124,94,129,354,422,14278,7796,101,0,15,59,145,121,516,98,2361,1059,1591,521,811,317,61,20,6482,41,19,4,18,6,34,54,89,1583,808,1559,1025,778,312,101,51,14278,142,0,0,0,0,0,19,0,19,36,41,151,155,570,187,3213,731,1867,3150,1546,1589,629,162,71,2776,45,255,79,123,250,171,10,194,411,294,193,261,38,54,398,36902,45433,34555,"Sonora CCD, Tuolumne County, California",703,755,153,247,87,42,178,355,316,183,703,706,741,151,116,86,42,72,147,24,146,428,390,15,232,12,21,156,321,311,85,453,453,482,294,21,353,353,372,236,21,325,325,326,112,21,453,448,404,190,158,95,49,21,22,19,19,21,21,21,21,46,21,12,187,18,199,469,212,299,312,295,252,38,165,84,89,73,146,183,563,443,99,21,20,38,106,72,244,42,299,319,243,197,189,170,45,24,394,39,27,9,29,10,59,54,63,364,190,369,273,230,151,69,62,563,103,21,21,21,21,21,27,21,22,38,36,106,100,244,70,472,177,391,445,352,287,241,81,70,415,41,109,84,74,120,92,16,97,145,168,109,188,50,52,169,3542,12089,5507
"G060109093470","2019-2023","CA",,,"California","06","Tuolumne County","109","Twain Harte-Tuolumne City CCD","93470",,,,,,,,,,,,,,".",".",,,,,,,,,,,,"0600000US0610993470",,,"0610993470","Twain Harte-Tuolumne City CCD, Tuolumne County, California",16614,14072,102,367,210,10,664,1189,364,825,16614,14563,13379,94,233,191,10,86,570,66,504,2051,693,8,134,19,0,578,619,298,321,6660,6647,5762,885,13,3364,3351,2831,520,13,3296,3296,2931,365,0,6660,5246,4727,519,380,139,0,0,0,16,16,0,0,0,0,2,0,0,381,31,984,5676,431,490,875,1150,612,292,419,71,118,147,465,606,12214,6052,59,0,0,7,53,60,52,82,1549,441,1602,550,1177,345,62,13,6162,40,32,0,7,49,5,3,60,1255,746,1380,727,1000,672,125,61,12214,99,0,0,0,0,32,0,0,0,6,8,102,65,55,142,2208,596,1187,2982,1277,2177,1017,187,74,3908,117,398,124,91,285,199,0,445,630,393,73,165,390,213,385,38418,44019,32835,"Twain Harte-Tuolumne City CCD, Tuolumne County, California",822,938,80,166,98,20,253,334,134,330,822,829,874,80,128,95,20,77,225,61,214,325,266,17,83,26,21,230,213,121,208,671,673,644,287,26,485,487,492,242,26,395,395,392,182,21,671,593,523,199,186,105,21,21,21,25,25,21,21,21,21,6,21,21,246,31,316,639,243,271,251,332,150,130,189,68,104,73,167,246,630,423,74,21,21,11,85,75,60,68,304,146,325,178,272,156,59,17,417,42,49,21,11,63,9,7,37,242,257,330,254,299,189,94,75,630,82,21,21,21,21,49,21,21,21,10,11,85,76,61,82,416,186,315,456,316,452,244,95,78,670,93,160,87,64,101,118,21,191,245,178,43,105,257,124,185,4795,4617,7098
"G060111090350","2019-2023","CA",,,"California","06","Ventura County","111","Camarillo CCD","90350",,,,,,,,,,,,,,".",".",,,,,,,,,,,,"0600000US0611190350",,,"0611190350","Camarillo CCD, Ventura County, California",72293,46785,2339,602,6964,199,4226,11178,7226,3952,72293,49664,36842,2042,231,6887,187,351,3124,326,2798,22629,9943,297,371,77,12,3875,8054,6900,1154,34104,34049,30279,3770,55,18513,18489,16197,2292,24,15591,15560,14082,1478,31,34104,27381,25483,1898,1226,492,114,43,23,194,126,0,68,0,0,0,51,135,882,202,5259,28845,482,3807,4725,5458,4644,2056,3369,447,457,1328,1147,925,50250,24247,241,72,342,127,77,165,182,335,3776,1316,4171,2607,6435,2767,800,834,26003,309,310,183,58,142,113,60,318,4719,1562,4409,2725,6809,3032,511,743,50250,550,11,0,169,30,115,57,20,505,65,120,219,278,242,653,7575,920,2878,8580,5332,13244,5799,1311,1577,23622,1095,1661,1362,1329,2018,2465,396,1956,3676,1740,1020,1469,1247,763,1425,55434,68818,41900,"Camarillo CCD, Ventura County, California",1291,1725,566,256,774,121,805,1374,1203,714,1291,1550,1549,502,147,772,126,173,501,171,458,1359,1237,248,169,63,20,748,1234,1182,474,1060,1063,1121,499,43,745,746,740,370,26,809,812,796,317,34,1060,970,1014,334,273,143,79,35,25,99,89,32,54,32,32,32,34,65,185,94,569,947,138,462,655,559,601,386,431,168,179,320,254,249,1182,767,115,52,173,122,77,130,106,123,492,266,524,375,528,383,192,237,888,139,149,107,63,99,105,40,154,527,240,594,426,573,419,140,208,1182,218,16,32,153,35,85,53,27,250,65,104,164,143,121,211,666,248,408,902,573,842,666,280,323,1275,246,300,329,228,322,377,187,317,409,287,217,281,312,200,280,3668,4625,3950
"G060111090988","2019-2023","CA",,,"California","06","Ventura County","111","Fillmore CCD","90988",,,,,,,,,,,,,,".",".",,,,,,,,,,,,"0600000US0611190988",,,"0611190988","Fillmore CCD, Ventura County, California",20938,11824,88,60,332,0,3840,4794,3674,1120,20938,5609,4530,88,0,271,0,27,693,70,623,15329,7294,0,60,61,0,3813,4101,3604,497,10180,10106,8567,1539,74,5488,5434,4485,949,54,4692,4672,4082,590,20,10180,8785,7664,1121,899,158,32,32,0,93,72,10,11,0,0,0,31,22,242,60,947,9233,318,707,832,782,740,891,1949,274,535,1195,446,564,14041,6810,146,205,428,224,209,93,242,208,1811,470,898,895,687,235,57,2,7231,202,205,378,86,115,93,183,154,2101,362,1065,1046,944,220,61,16,14041,348,0,29,32,164,129,56,37,769,104,206,324,186,425,362,3521,391,832,1963,1941,1631,455,118,18,2358,52,156,41,208,380,65,0,306,428,176,141,148,98,70,89,40638,49453,36471,"Fillmore CCD, Ventura County, California",715,1423,81,73,174,25,1082,1173,1140,432,715,794,913,81,25,159,25,30,339,54,336,1027,1404,25,73,55,25,1077,1147,1135,276,635,657,667,322,91,538,567,531,285,79,480,469,464,189,39,635,631,686,394,369,94,42,58,25,114,109,17,19,25,25,25,51,34,144,55,257,589,185,251,283,206,213,364,387,132,176,330,177,327,728,620,70,103,210,137,112,63,147,104,597,176,340,271,218,117,48,3,507,105,120,148,75,105,81,118,97,457,158,266,347,282,98,44,31,728,146,25,43,31,138,106,51,39,273,81,135,203,126,193,145,756,148,245,470,445,354,160,75,31,390,43,74,52,115,154,45,25,205,167,115,80,102,77,68,54,2814,8722,6042
"G060111091560","2019-2023","CA",,,"California","06","Ventura County","111","Las Posas CCD","91560",,,,,,,,,,,,,,".",".",,,,,,,,,,,,"0600000US0611191560",,,"0611191560","Las Posas CCD, Ventura County, California",3813,2362,101,21,76,16,449,788,718,70,3813,1965,1658,101,0,76,16,32,82,31,51,1848,704,0,21,0,0,417,706,687,19,1929,1923,1735,188,6,1045,1045,927,118,0,884,878,808,70,6,1929,1402,1204,198,185,0,0,13,0,0,0,0,0,0,0,0,0,0,83,11,433,1496,132,134,190,124,227,164,242,15,7,157,67,37,2748,1482,49,40,82,4,0,13,12,6,303,64,315,218,227,93,42,14,1266,55,9,127,0,0,4,0,15,193,104,182,104,263,146,64,0,2748,104,0,0,0,0,16,33,6,203,4,0,0,17,12,21,445,51,168,497,322,490,239,106,14,885,45,79,12,113,57,95,0,45,207,29,27,80,14,25,57,51413,57703,37569,"Las Posas CCD, Ventura County, California",417,315,79,41,74,23,170,329,327,43,417,248,224,79,14,74,23,38,52,40,33,381,272,14,41,14,14,166,324,327,30,285,285,281,94,10,166,166,140,85,14,195,195,196,39,10,285,273,234,92,90,14,14,21,14,14,14,14,14,14,14,14,14,14,78,14,149,270,92,93,82,56,135,83,91,16,11,119,41,53,272,185,34,40,53,6,14,23,7,10,107,45,138,102,89,89,40,15,158,42,16,64,14,14,6,14,15,98,48,94,50,85,53,46,14,272,55,14,14,14,14,25,33,9,107,6,14,14,24,7,17,172,39,78,191,110,134,102,66,15,164,34,78,18,74,39,65,14,40,72,19,27,48,17,18,37,11244,11354,14592
"G060111091770","2019-2023","CA",,,"California","06","Ventura County","111","Los Padres CCD","91770",,,,,,,,,,,,,,".",".",,,,,,,,,,,,"0600000US0611191770",,,"0611191770","Los Padres CCD, Ventura County, California",484,388,0,0,14,0,33,49,5,44,484,423,375,0,0,14,0,0,34,4,30,61,13,0,0,0,0,33,15,1,14,209,208,149,59,1,144,143,87,56,1,65,65,62,3,0,209,173,159,14,14,0,0,0,0,0,0,0,0,0,0,0,0,0,0,0,36,173,0,8,10,32,23,18,7,12,14,20,29,0,427,239,0,0,0,11,0,0,7,0,115,55,19,10,4,8,9,1,188,0,19,0,0,0,18,0,0,30,9,39,37,20,8,8,0,427,0,19,0,0,0,0,0,0,0,5,6,0,18,7,0,84,61,64,58,47,24,16,17,1,58,3,4,14,4,18,0,0,6,0,0,4,1,4,0,0,41964,50417,26711,"Los Padres CCD, Ventura County, California",158,127,14,14,22,14,50,38,7,37,158,127,122,14,14,22,14,14,29,6,28,57,14,14,14,14,14,50,25,2,25,104,104,89,44,2,67,67,54,43,2,51,51,50,7,14,104,90,98,21,21,14,14,14,14,14,14,14,14,14,14,14,14,14,14,14,22,90,14,14,16,37,29,21,13,14,22,26,31,14,143,79,14,14,14,12,14,14,13,14,56,41,15,14,6,11,10,2,78,14,29,14,14,14,24,14,14,27,13,23,32,26,9,12,14,143,14,29,14,14,14,14,14,14,14,8,10,14,24,13,14,52,34,41,31,41,26,14,16,2,36,4,6,16,7,26,14,14,9,14,14,6,3,7,14,14,13726,11250,10591
"G060111092020","2019-2023","CA",,,"California","06","Ventura County","111","Moorpark CCD","92020",,,,,,,,,,,,,,".",".",,,,,,,,,,,,"0600000US0611192020",,,"0611192020","Moorpark CCD, Ventura County, California",37181,23353,1023,331,2500,25,2596,7353,4759,2594,37181,24886,19424,1023,19,2425,25,56,1914,193,1721,12295,3929,0,312,75,0,2540,5439,4566,873,18364,18338,13951,4387,26,9996,9970,7310,2660,26,8368,8368,6641,1727,0,18364,14821,13350,1471,1160,289,22,0,0,39,0,0,39,0,0,0,12,45,176,56,3215,15149,480,1019,1714,2184,2230,1338,2050,441,716,1327,1081,569,25299,12755,369,81,217,55,283,0,126,156,2117,704,1433,1430,3957,1229,327,271,12544,172,73,301,41,87,65,81,211,1854,1120,1727,1348,3522,1450,308,184,25299,541,20,11,0,30,38,55,44,474,43,53,370,65,207,367,3268,703,1824,3160,2778,7479,2679,635,455,12279,583,619,449,715,1084,1177,158,1053,2403,523,474,895,495,781,870,55324,61360,48579,"Moorpark CCD, Ventura County, California",446,1234,503,239,336,35,691,1088,887,693,446,995,1036,503,23,333,35,51,541,122,528,958,909,29,238,59,29,686,965,861,493,742,740,742,448,40,500,495,502,352,40,556,556,516,288,29,742,686,725,315,298,118,30,29,29,34,29,29,34,29,29,29,19,51,89,42,481,672,167,255,286,319,314,336,350,177,148,284,254,151,724,526,172,66,106,49,139,29,95,73,356,139,296,330,403,246,156,122,472,115,60,145,39,57,85,56,70,265,197,331,235,383,290,116,88,724,230,33,18,29,47,48,46,51,197,38,50,162,85,134,113,390,280,259,447,475,533,418,185,175,751,171,157,245,159,250,261,78,220,348,141,145,225,150,211,310,5378,8487,5024
"G060111092245","2019-2023","CA",,,"California","06","Ventura County","111","Ojai-Mira Monte CCD","92245",,,,,,,,,,,,,,".",".",,,,,,,,,,,,"0600000US0611192245",,,"0611192245","Ojai-Mira Monte CCD, Ventura County, California",28936,23380,91,233,827,63,1389,2953,1787,1166,28936,22864,20609,83,63,827,48,50,1184,234,950,6072,2771,8,170,0,15,1339,1769,1553,216,12102,12069,11004,1065,33,6628,6595,5924,671,33,5474,5474,5080,394,0,12102,8755,7567,1188,847,240,70,9,22,122,101,5,0,0,16,0,0,172,531,135,2387,9715,338,1373,1433,1102,919,1012,922,334,331,829,764,358,22205,10687,244,1,55,18,16,153,140,542,2523,683,1205,1077,2412,932,413,273,11518,124,141,159,34,139,73,154,215,2211,845,1578,1276,2467,1409,383,310,22205,368,0,0,0,19,123,0,61,153,3,49,155,226,294,757,3931,803,1528,2783,2353,4879,2341,796,583,9409,176,848,235,621,1168,510,132,622,1026,662,930,867,887,415,310,42039,51996,32634,"Ojai-Mira Monte CCD, Ventura County, California",1224,1326,49,128,394,63,459,632,534,407,1224,1412,1369,47,69,394,60,41,452,295,372,884,757,13,110,25,18,451,496,472,175,772,771,730,259,36,567,560,541,167,36,470,470,440,150,25,772,688,678,276,224,135,86,18,29,75,70,14,25,25,27,25,25,96,318,98,487,759,223,421,306,277,259,267,216,133,143,218,246,162,1141,662,226,6,40,33,24,91,73,194,481,185,233,325,347,203,129,106,739,83,192,126,42,125,54,128,105,407,216,388,313,340,288,135,151,1141,241,25,25,25,29,191,25,100,77,30,44,128,109,133,246,549,440,321,474,555,513,414,216,202,940,85,196,113,167,276,162,68,152,223,204,286,260,206,161,99,2799,7951,4163
"G060111092310","2019-2023","CA",,,"California","06","Ventura County","111","Oxnard CCD","92310",,,,,,,,,,,,,,".",".",,,,,,,,,,,,"0600000US0611192310",,,"0611192310","Oxnard CCD, Ventura County, California",236396,91847,4438,7473,14295,574,36363,81406,71956,9450,236396,59286,35083,3808,477,13939,401,590,4988,466,4522,177110,56764,630,6996,356,173,35773,76418,71490,4928,110935,110846,101488,9358,89,62594,62555,56140,6415,39,48341,48291,45348,2943,50,110935,100059,83641,16418,11883,2903,1028,432,172,528,474,2,52,0,0,185,108,441,1563,581,7470,103465,1367,5550,11136,12632,11582,38637,10537,1100,2266,3483,3215,1960,151812,75891,4351,2226,7889,1769,1692,1564,1281,2795,19868,3720,9975,5204,9189,3146,686,536,75921,4029,2125,7329,1310,1847,1370,1063,2175,17993,3997,9917,6077,11406,4046,750,487,151812,8380,47,211,227,801,1873,1192,1408,13810,1125,1954,3539,2934,2344,4970,34817,3044,7717,19892,11281,20595,7192,1436,1023,32050,1173,1792,1037,1959,3602,2873,320,3347,5509,2777,1152,2243,1419,1071,1776,36411,40102,32840,"Oxnard CCD, Ventura County, California",1311,3673,533,1491,1184,267,2725,3933,3911,1137,1311,2129,1541,459,150,1174,177,271,743,155,752,2022,3248,305,1451,140,204,2644,3856,3892,893,1751,1746,1817,793,44,1388,1390,1377,651,30,1365,1366,1339,425,38,1751,1740,1854,1292,1172,688,263,178,101,169,159,4,55,32,32,111,65,156,286,188,717,1805,315,689,1040,873,894,2002,847,418,365,449,393,351,1538,1246,584,384,741,420,495,280,334,510,1088,422,814,497,758,408,190,175,1208,539,413,736,273,423,299,261,343,1091,473,740,532,857,512,155,129,1538,892,28,163,133,303,338,344,349,1196,401,341,760,418,439,679,1741,407,548,1150,755,1214,777,257,236,1673,283,337,262,421,455,493,124,448,579,402,221,353,292,249,305,669,1441,1305
"G060111092930","2019-2023","CA",,,"California","06","Ventura County","111","Santa Paula CCD","92930",,,,,,,,,,,,,,".",".",,,,,,,,,,,,"0600000US0611192930",,,"0611192930","Santa Paula CCD, Ventura County, California",33721,20763,443,445,396,18,5474,6182,5327,855,33721,7269,5675,442,52,366,18,308,408,83,325,26452,15088,1,393,30,0,5166,5774,5244,530,15041,15038,13870,1168,3,8219,8216,7473,743,3,6822,6822,6397,425,0,15041,13568,11052,2516,1930,229,312,29,16,86,86,0,0,0,0,0,21,31,439,85,811,14230,202,1438,1250,1598,1700,1921,2858,488,863,1084,460,368,21264,10558,543,301,1078,184,296,565,311,502,2535,661,1684,669,863,229,55,82,10706,537,421,738,302,518,362,260,305,1946,668,1416,1253,1251,622,105,2,21264,1080,0,19,107,66,383,147,181,1635,217,269,814,927,571,807,4082,399,1329,3100,1922,2114,851,160,84,3489,44,240,120,215,281,154,112,492,577,224,174,365,241,142,108,36324,40537,31941,"Santa Paula CCD, Ventura County, California",423,1233,280,177,188,28,1020,1002,995,307,423,719,675,281,38,181,28,274,150,71,127,736,1311,3,162,33,29,981,979,978,232,739,739,786,242,6,630,629,609,181,6,512,512,543,138,29,739,696,628,507,428,106,223,45,20,75,75,29,29,29,29,29,26,31,162,65,218,685,83,268,325,338,346,436,364,171,257,423,141,140,662,547,165,145,307,111,135,212,162,142,407,186,324,174,191,94,33,48,406,171,152,222,117,197,192,146,136,238,211,312,235,264,207,67,4,662,263,29,27,88,50,157,105,175,342,90,146,244,291,219,210,505,148,345,464,300,350,229,75,48,499,36,93,67,107,102,79,103,212,178,102,97,146,88,94,56,1389,2588,1850
"G060111093020","2019-2023","CA",,,"California","06","Ventura County","111","Simi Valley CCD","93020",,,,,,,,,,,,,,".",".",,,,,,,,,,,,"0600000US0611193020",,,"0611193020","Simi Valley CCD, Ventura County, California",131247,83808,1802,1008,13843,328,11297,19161,12168,6993,131247,96719,73932,1732,231,13383,265,643,6533,979,5554,34528,9876,70,777,460,63,10654,12628,11189,1439,66729,66398,45140,21258,331,36472,36255,23262,12993,217,30257,30143,21878,8265,114,66729,53563,47895,5668,4102,746,376,307,137,496,211,133,152,0,0,29,267,160,398,309,11507,55222,1002,4785,7748,6179,5691,5255,8018,2187,3236,5684,3734,1703,93891,46349,806,310,455,193,605,431,469,1142,9548,3608,6942,4365,11718,3808,1226,723,47542,895,331,367,321,333,377,371,1073,8788,3789,7028,5844,11651,5128,846,400,93891,1701,7,19,32,79,379,125,77,745,254,260,938,808,840,2215,16057,2279,7397,13970,10209,23369,8936,2072,1123,37607,2357,2166,965,1799,3458,3521,203,3128,7405,2564,1511,1981,2346,2113,2090,57418,69278,46652,"Simi Valley CCD, Ventura County, California",643,1904,507,468,1132,173,1722,1647,1506,852,643,1889,1847,499,137,1115,160,222,862,294,811,1835,1211,43,450,346,58,1688,1498,1500,402,1293,1351,1482,1249,263,1020,1065,1078,925,186,1068,1072,1071,646,99,1293,1409,1565,769,581,210,157,305,115,164,123,96,85,32,32,46,123,114,110,111,875,1409,207,565,743,673,744,821,868,457,491,542,551,292,1370,1019,222,196,244,94,271,143,157,266,795,454,615,527,740,355,229,232,951,199,147,135,201,109,181,151,242,680,458,675,589,731,518,197,107,1370,306,13,33,33,71,296,78,73,266,194,124,272,229,229,337,1016,354,589,928,752,1145,655,318,285,1344,454,354,253,313,500,424,90,390,693,451,285,309,389,455,358,2117,3345,2356
"G060111093350","2019-2023","CA",,,"California","06","Ventura County","111","Thousand Oaks CCD","93350",,,,,,,,,,,,,,".",".",,,,,,,,,,,,"0600000US0611193350",,,"0611193350","Thousand Oaks CCD, Ventura County, California",156249,107401,3286,911,16287,159,7173,21032,13126,7906,156249,127592,99446,3179,133,16107,148,1558,7021,1118,5903,28657,7955,107,778,180,11,5615,14011,12008,2003,73988,73717,53664,20053,271,40037,39869,28270,11599,168,33951,33848,25394,8454,103,73988,54935,49674,5261,3359,1142,571,124,65,361,225,38,82,16,0,100,118,270,1160,850,16194,57794,1761,6307,10392,10734,6882,3766,4675,1456,1477,4243,4275,1826,111444,53484,377,256,316,99,147,232,461,533,7758,2676,7645,4837,15842,7269,2679,2357,57960,627,217,401,283,180,313,323,724,7779,3240,7395,6892,17502,8375,2237,1472,111444,1004,0,61,9,27,233,143,187,530,103,279,327,545,784,1257,14056,1481,5916,15040,11729,33344,15644,4916,3829,61329,3027,5016,2282,3042,5922,5608,572,4496,13096,3484,2581,3407,2987,3273,2536,62254,79849,47840,"Thousand Oaks CCD, Ventura County, California",1460,2388,675,402,1078,123,1368,1754,1541,824,1460,1968,2162,682,95,1079,122,626,851,392,714,1749,1111,66,379,123,16,1168,1514,1437,518,1768,1747,1603,1205,118,1205,1197,987,826,77,1252,1228,1140,836,76,1768,1818,1645,809,534,354,561,120,44,156,124,36,62,24,32,77,67,104,240,294,1153,1918,272,713,830,846,787,586,441,289,316,534,549,304,1269,997,125,152,183,74,94,106,207,154,672,428,700,719,836,415,426,352,1028,188,119,166,143,101,119,168,198,799,423,625,741,803,676,381,239,1269,217,32,55,17,25,161,83,136,244,79,146,172,171,273,274,1072,262,612,1007,1103,1281,846,675,458,1604,422,602,351,370,518,477,173,520,763,482,289,419,391,423,325,2814,5121,3025
"G060111093422","2019-2023","CA",,,"California","06","Ventura County","111","Triunfo Pass-Point Mugu CCD","93422",,,,,,,,,,,,,,".",".",,,,,,,,,,,,"0600000US0611193422",,,"0611193422","Triunfo Pass-Point Mugu CCD, Ventura County, California",2005,1513,44,0,242,0,0,206,108,98,2005,1848,1479,44,0,242,0,0,83,4,79,157,34,0,0,0,0,0,123,104,19,768,756,508,248,12,474,462,325,137,12,294,294,183,111,0,768,524,510,14,7,0,7,0,0,0,0,0,0,0,0,0,0,0,0,24,220,548,0,33,48,51,85,0,50,27,48,27,83,96,1565,781,0,0,0,0,0,17,10,0,48,61,50,26,224,188,142,15,784,0,0,0,0,0,0,0,15,89,50,95,37,202,174,95,27,1565,0,0,0,0,0,0,0,0,0,0,0,0,17,10,15,133,4,111,145,63,426,362,237,42,1159,31,76,35,118,151,43,0,129,165,54,23,42,191,70,31,68828,101310,46875,"Triunfo Pass-Point Mugu CCD, Ventura County, California",363,299,47,14,122,14,14,131,110,70,363,349,301,47,14,122,14,14,63,6,63,113,37,14,14,14,14,14,110,110,27,188,188,164,93,14,122,120,117,59,14,111,111,99,64,14,188,157,156,15,10,14,11,14,14,14,14,14,14,14,14,14,14,14,14,28,88,161,14,31,42,29,53,14,45,36,42,26,55,67,336,203,14,14,14,14,14,24,13,14,41,50,31,26,86,79,99,13,166,14,14,14,14,14,14,14,21,52,31,45,25,64,94,90,26,336,14,14,14,14,14,14,14,14,14,14,14,14,24,13,21,65,6,55,52,33,129,146,151,29,329,33,44,29,98,80,51,14,88,64,38,18,34,130,44,32,35693,21644,15767
"G060111093550","2019-2023","CA",,,"California","06","Ventura County","111","Ventura CCD","93550",,,,,,,,,,,,,,".",".",,,,,,,,,,,,"0600000US0611193550",,,"0611193550","Ventura CCD, Ventura County, California",114996,77750,1797,1190,4788,186,9546,19739,13136,6603,114996,72618,60289,1491,118,4697,150,490,5383,1226,4157,42378,17461,306,1072,91,36,9056,14356,11910,2446,56270,56108,48062,8046,162,30306,30218,25218,5000,88,25964,25890,22844,3046,74,56270,45117,41280,3837,2874,599,179,102,83,991,813,20,55,0,103,17,223,400,999,570,7953,48317,1344,5058,9064,8139,5561,3976,5076,1057,1850,3075,2883,1234,83250,41316,852,310,527,170,438,366,538,1294,7660,3065,6136,3594,10318,3650,1619,779,41934,713,170,586,189,419,288,370,581,6735,3010,6604,5079,10438,4916,1128,708,83250,1565,37,9,0,123,219,92,268,845,86,273,857,654,908,1875,12124,2271,6075,12740,8673,20756,8566,2747,1487,35967,1453,3654,1083,2446,4286,2987,365,2582,4759,2850,1836,2398,2008,1470,1790,49482,56599,44674,"Ventura CCD, Ventura County, California",772,1759,540,318,788,129,1260,1584,1478,784,772,1629,1667,445,68,771,105,216,798,465,608,1899,1985,194,320,79,74,1214,1342,1352,564,1253,1259,1327,734,85,1069,1073,982,572,56,1029,1018,989,419,69,1253,1242,1223,574,462,231,154,75,92,222,205,49,40,32,74,26,98,191,212,175,882,1177,398,603,761,662,622,792,577,270,336,501,442,253,1162,992,245,172,171,104,184,151,190,368,697,438,617,468,743,403,288,213,913,242,123,165,97,197,139,177,156,576,436,658,619,698,525,249,155,1162,371,52,15,32,122,102,62,135,194,88,112,290,229,254,419,979,427,683,977,798,1083,695,407,270,1511,336,481,305,386,486,380,117,424,595,400,288,347,386,336,355,2451,4145,3528
"G060113090500","2019-2023","CA",,,"California","06","Yolo County","113","Clarksburg CCD","90500",,,,,,,,,,,,,,".",".",,,,,,,,,,,,"0600000US0611390500",,,"0611390500","Clarksburg CCD, Yolo County, California",1506,1311,0,0,61,0,65,69,0,69,1506,877,773,0,0,61,0,0,43,0,43,629,538,0,0,0,0,65,26,0,26,687,687,234,453,0,463,463,171,292,0,224,224,63,161,0,687,600,491,109,19,55,0,0,35,0,0,0,0,0,0,0,0,54,0,0,33,654,31,64,80,65,47,29,156,9,88,9,0,76,984,509,45,0,34,0,29,0,0,26,79,21,107,55,79,9,18,7,475,12,33,0,0,57,0,0,22,34,23,69,41,82,30,29,43,984,57,0,0,0,0,0,33,0,34,0,0,86,0,0,48,107,6,44,176,96,161,39,47,50,333,0,8,28,6,23,22,0,29,67,76,24,5,0,0,45,-666666666,54333,24323,"Clarksburg CCD, Yolo County, California",476,483,14,14,84,14,67,67,14,67,476,343,324,14,14,84,14,14,51,14,51,398,414,14,14,14,14,67,40,14,40,266,266,97,250,14,198,198,92,173,14,98,98,50,95,14,266,261,251,73,22,62,14,14,50,14,14,14,14,14,14,14,14,62,14,14,31,266,51,60,72,55,53,47,115,16,66,15,14,120,304,186,47,14,56,14,42,14,14,37,62,25,123,54,65,13,22,12,140,20,52,14,14,83,14,14,24,35,36,62,37,66,42,47,51,304,51,14,14,14,14,14,52,14,56,14,14,124,14,14,45,84,11,44,136,63,118,45,51,53,185,14,13,42,12,27,28,14,47,61,68,41,8,14,14,56,-222222222,40502,5378
"G060113090640","2019-2023","CA",,,"California","06","Yolo County","113","Davis CCD","90640",,,,,,,,,,,,,,".",".",,,,,,,,,,,,"0600000US0611390640",,,"0611390640","Davis CCD, Yolo County, California",78326,43943,1872,702,19717,290,3015,8787,3655,5132,78326,65436,38809,1687,247,19224,268,434,4767,545,4222,12890,5134,185,455,493,22,2581,4020,3110,910,35735,35615,27247,8368,120,17283,17215,12328,4887,68,18452,18400,14919,3481,52,35735,19606,18185,1421,1224,172,0,11,14,1675,1434,48,190,3,0,0,62,4653,1534,353,7852,27883,486,3590,5845,5186,3827,1670,2926,796,786,854,964,953,39315,18540,119,28,75,101,44,0,128,215,1466,510,1552,605,5235,3733,1681,3048,20775,134,75,122,58,61,28,131,131,1406,444,1772,1045,7133,4411,1840,1984,39315,253,0,11,0,21,57,14,33,164,59,100,105,28,259,346,2373,499,954,3324,1650,12368,8144,3521,5032,32026,1365,7161,1975,1639,4115,2693,527,2019,2108,1097,1973,1742,1465,832,1315,32845,38177,25204,"Davis CCD, Yolo County, California",741,1341,429,298,891,171,466,974,636,686,741,831,935,399,119,864,169,231,621,197,579,900,890,175,256,289,28,435,721,600,291,1046,1036,954,636,66,634,628,586,585,48,881,868,791,411,48,1046,984,988,332,332,72,32,14,28,388,362,58,86,14,32,32,57,521,356,137,611,1144,157,484,719,570,522,275,394,218,215,178,332,262,719,531,62,38,57,66,70,32,102,106,286,153,294,165,484,405,202,296,533,73,90,93,48,48,44,88,75,270,179,258,216,491,379,301,233,719,105,32,17,32,37,89,23,32,107,47,68,81,44,139,119,329,226,234,382,263,727,613,389,351,947,283,482,338,269,408,340,145,262,288,205,285,309,253,211,240,1548,5598,2982
"G060113090850","2019-2023","CA",,,"California","06","Yolo County","113","East Yolo CCD","90850",,,,,,,,,,,,,,".",".",,,,,,,,,,,,"0600000US0611390850",,,"0611390850","East Yolo CCD, Yolo County, California",54605,27914,2101,525,7208,232,6905,9720,5259,4461,54605,36098,22505,2070,245,6867,202,506,3703,445,3258,18507,5409,31,280,341,30,6399,6017,4814,1203,26267,26054,13218,12836,213,13641,13437,6516,6921,204,12626,12617,6702,5915,9,26267,19696,17251,2445,1806,348,122,144,25,281,270,0,11,0,0,0,89,194,620,441,4946,21321,686,1673,3276,4319,3840,1423,2517,552,614,947,986,488,34949,16766,524,178,364,233,136,190,379,547,3450,1033,2994,1375,3297,1113,628,325,18183,625,252,327,233,268,98,83,407,3506,1255,3050,1642,4074,1342,658,363,34949,1149,8,33,88,57,220,24,46,645,34,432,404,288,462,954,5971,985,2288,6044,3017,7371,2455,1286,688,12865,584,1431,338,775,1798,970,69,1082,1800,595,525,718,526,807,847,49214,53956,45948,"East Yolo CCD, Yolo County, California",137,1465,449,179,906,168,1020,1158,937,953,137,1213,1348,457,126,871,164,270,690,226,681,1223,986,99,152,244,31,975,1037,882,641,837,821,763,806,164,683,666,568,561,159,697,697,537,596,18,837,865,753,440,365,159,127,95,97,183,183,32,24,32,32,32,92,111,232,176,503,900,201,374,476,623,563,320,384,241,186,182,284,236,812,643,169,100,201,127,87,107,161,161,518,270,435,275,415,214,213,176,555,170,131,133,139,154,51,67,126,402,261,432,346,431,305,188,127,812,230,14,29,86,71,109,35,54,275,38,242,181,111,176,236,587,252,425,633,408,614,370,354,244,894,165,284,175,202,411,262,50,292,341,159,148,216,141,212,226,3110,4787,4678
"G060113090910","2019-2023","CA",,,"California","06","Yolo County","113","Esparto CCD","90910",,,,,,,,,,,,,,".",".",,,,,,,,,,,,"0600000US0611390910",,,"0611390910","Esparto CCD, Yolo County, California",5965,4155,421,37,126,0,414,812,674,138,5965,3498,2689,421,22,126,0,61,179,41,138,2467,1466,0,15,0,0,353,633,633,0,2612,2599,1786,813,13,1457,1444,887,557,13,1155,1155,899,256,0,2612,2090,1878,212,170,40,0,0,2,72,11,0,61,0,0,0,0,0,241,14,195,2417,55,531,151,231,195,112,436,51,131,211,134,179,3953,2015,83,12,74,44,0,7,55,18,485,220,475,151,251,47,32,61,1938,92,0,41,0,0,19,11,110,578,110,394,126,279,157,12,9,3953,175,0,12,0,0,0,0,30,85,0,44,0,26,66,128,997,66,330,869,277,530,204,44,70,909,37,162,26,30,61,120,0,46,125,11,27,96,12,51,105,42033,51286,29776,"Esparto CCD, Yolo County, California",830,859,538,34,86,19,223,395,394,105,830,797,712,538,25,86,19,85,113,64,105,701,592,19,23,19,19,216,398,398,19,451,453,445,161,22,291,295,277,142,22,270,270,273,92,19,451,387,362,149,135,53,19,19,4,67,18,19,64,19,19,19,19,19,145,21,144,413,71,207,131,143,144,80,166,38,84,85,82,102,456,284,84,21,88,65,19,12,53,20,132,215,154,94,94,31,48,52,236,71,19,62,19,19,24,19,104,169,63,168,74,114,102,20,14,456,140,19,21,19,19,19,19,43,100,19,65,19,25,56,115,239,49,222,256,120,154,112,43,53,212,49,77,29,31,51,77,19,54,85,16,30,84,22,65,73,7214,10388,21097
"G060113091500","2019-2023","CA",,,"California","06","Yolo County","113","Knights Landing CCD","91500",,,,,,,,,,,,,,".",".",,,,,,,,,,,,"0600000US0611391500",,,"0611391500","Knights Landing CCD, Yolo County, California",4037,2357,27,89,82,0,819,663,209,454,4037,1827,1463,27,54,82,0,0,201,12,189,2210,894,0,35,0,0,819,462,197,265,1689,1689,1280,409,0,845,845,663,182,0,844,844,617,227,0,1689,1305,1210,95,64,24,7,0,0,0,0,0,0,0,0,0,0,0,190,0,194,1495,118,36,107,193,415,60,172,108,58,121,100,7,2732,1359,10,0,144,107,0,42,21,137,338,60,188,126,98,82,6,0,1373,11,29,30,29,23,0,58,23,338,57,237,93,368,61,16,0,2732,21,0,0,0,0,29,0,0,174,18,118,23,42,79,160,649,27,117,425,219,466,143,22,0,655,0,118,0,29,29,32,25,91,106,69,8,11,38,48,51,38060,53780,23827,"Knights Landing CCD, Yolo County, California",591,587,31,72,89,14,444,274,131,261,591,440,422,31,62,89,14,14,97,18,92,518,408,14,41,14,14,444,257,129,246,310,310,310,131,14,194,194,189,88,14,199,199,199,103,14,310,272,258,95,86,39,11,14,14,14,14,14,14,14,14,14,14,14,190,14,137,288,88,44,66,159,183,63,80,99,65,77,107,11,431,256,17,14,116,93,14,52,32,98,155,53,96,98,66,69,9,14,247,19,47,47,29,37,14,83,26,170,54,116,71,145,41,19,14,431,25,14,14,14,14,47,14,14,129,22,94,37,52,87,101,216,41,59,155,123,175,74,22,14,227,14,97,14,26,31,52,40,80,68,52,13,18,45,54,43,8912,5902,5451
"G060113093770","2019-2023","CA",,,"California","06","Yolo County","113","Winters CCD","93770",,,,,,,,,,,,,,".",".",,,,,,,,,,,,"0600000US0611393770",,,"0611393770","Winters CCD, Yolo County, California",9098,5558,102,0,134,11,1714,1579,1280,299,9098,5212,4701,92,0,134,11,9,265,17,248,3886,857,10,0,0,0,1705,1314,1263,51,4695,4695,3003,1692,0,2842,2842,1798,1044,0,1853,1853,1205,648,0,4695,3687,3473,214,150,8,13,43,0,0,0,0,0,0,0,0,0,22,0,278,708,3987,357,604,565,658,366,212,429,129,102,232,153,180,6125,3216,231,42,82,66,19,0,12,43,817,217,454,423,446,206,10,148,2909,72,0,101,0,21,8,31,47,515,232,465,272,657,369,41,78,6125,303,0,0,0,0,30,12,0,183,40,26,40,8,43,90,1098,234,449,919,695,1103,575,51,226,2079,37,488,60,63,331,84,22,168,267,68,133,201,5,17,135,48994,58846,44500,"Winters CCD, Yolo County, California",430,676,78,19,146,20,592,627,657,154,430,701,669,76,19,146,20,16,126,31,124,624,326,14,19,19,19,591,621,654,85,500,500,563,310,19,476,476,481,214,19,306,306,295,179,19,500,561,559,118,102,12,20,48,19,19,19,19,19,19,19,19,19,27,19,245,313,593,154,245,287,258,183,86,209,69,62,118,81,115,313,257,281,28,66,65,34,19,20,37,207,124,135,169,159,97,16,99,255,60,19,82,19,36,14,23,41,170,104,155,102,149,188,36,48,313,274,19,19,19,19,20,19,19,106,55,32,48,14,30,51,322,100,193,184,185,215,218,37,108,427,52,170,51,42,128,71,18,93,116,56,79,182,8,26,75,6232,27203,8068
"G060113093790","2019-2023","CA",,,"California","06","Yolo County","113","Woodland CCD","93790",,,,,,,,,,,,,,".",".",,,,,,,,,,,,"0600000US0611393790",,,"0611393790","Woodland CCD, Yolo County, California",64245,34111,1353,699,5117,402,9062,13501,10524,2977,64245,32487,22781,1067,324,5074,361,178,2702,698,2004,31758,11330,286,375,43,41,8884,10799,9826,973,29804,29783,22340,7443,21,16267,16256,11097,5159,11,13537,13527,11243,2284,10,29804,25004,22159,2845,2253,501,46,45,0,456,404,37,15,0,0,24,32,259,212,253,3564,26240,551,3879,4862,4061,2803,1579,3562,779,979,1416,1057,712,42221,21163,656,187,784,437,311,50,628,675,5503,1110,3501,1468,3563,1375,457,458,21058,695,352,454,221,212,140,194,544,4337,1975,2902,2049,4207,1738,439,599,42221,1351,0,15,42,70,254,158,63,1175,82,576,523,190,822,1219,8569,1271,3085,6403,3517,7770,3113,896,1057,13722,602,1918,430,544,1409,1058,158,994,1561,651,964,1210,636,577,1010,45892,52265,39131,"Woodland CCD, Yolo County, California",396,1699,488,257,770,236,1362,1626,1647,569,396,1238,1102,410,147,773,206,106,609,416,433,1227,1583,242,198,40,66,1346,1597,1645,400,885,885,913,680,28,634,635,765,524,17,668,668,654,359,23,885,1021,1081,488,390,241,75,47,32,174,172,51,17,32,32,37,35,136,160,168,772,936,163,492,690,544,470,263,699,222,279,278,264,192,729,619,231,110,329,216,244,41,276,224,545,235,500,270,539,259,134,155,519,209,152,180,112,126,74,106,156,474,394,430,331,464,268,144,298,729,342,32,19,49,69,166,123,73,398,58,255,288,85,317,299,763,348,518,642,470,749,352,222,334,968,196,282,145,163,269,293,94,207,311,177,240,321,169,233,263,2041,3870,2501
"G060115090855","2019-2023","CA",,,"California","06","Yuba County","115","East Yuba-Beale AFB CCD","90855",,,,,,,,,,,,,,".",".",,,,,,,,,,,,"0600000US0611590855",,,"0611590855","East Yuba-Beale AFB CCD, Yuba County, California",5741,3360,229,203,993,34,171,751,334,417,5741,4865,3219,175,103,969,34,0,365,32,333,876,141,54,100,24,0,171,386,302,84,2849,2836,2150,686,13,1651,1643,1318,325,8,1198,1193,832,361,5,2849,2459,2007,452,332,39,0,16,65,28,28,0,0,0,0,0,0,0,128,21,213,2636,34,434,825,388,319,23,241,57,53,54,131,77,3313,1687,124,0,0,0,0,0,52,50,510,58,357,235,140,117,15,29,1626,84,0,0,17,13,32,0,83,364,192,259,299,238,38,0,7,3313,208,0,0,0,0,0,0,0,0,0,17,13,32,52,133,822,52,250,616,534,378,155,15,36,610,15,33,0,26,48,29,0,53,92,59,7,8,106,57,77,32034,31317,35083,"East Yuba-Beale AFB CCD, Yuba County, California",638,527,174,129,528,37,143,327,207,214,638,670,481,134,99,529,37,19,204,50,197,242,143,57,99,40,19,143,243,200,59,327,328,286,181,14,241,241,200,109,11,219,220,184,131,9,327,324,271,206,180,31,19,23,47,34,34,19,19,19,19,19,19,19,103,30,122,307,37,103,228,153,115,19,103,45,56,45,68,60,395,256,89,19,19,19,19,19,50,33,148,37,112,94,85,44,18,31,216,66,19,19,30,14,25,19,52,113,100,99,99,85,34,19,11,395,140,19,19,19,19,19,19,19,19,19,30,14,25,50,68,207,43,99,155,145,116,44,18,33,141,18,32,19,30,33,23,19,32,45,47,10,12,77,65,49,4624,3943,6192
"G060115091610","2019-2023","CA",,,"California","06","Yuba County","115","Linda CCD","91610",,,,,,,,,,,,,,".",".",,,,,,,,,,,,"0600000US0611591610",,,"0611591610","Linda CCD, Yuba County, California",22979,11118,907,600,2477,7,2631,5239,2795,2444,22979,14042,8390,816,73,2387,7,248,2121,254,1867,8937,2728,91,527,90,0,2383,3118,2541,577,8271,8262,3498,4764,9,4595,4586,1860,2726,9,3676,3676,1638,2038,0,8271,7374,6443,931,623,200,77,0,31,95,95,0,0,0,0,0,0,8,60,87,647,7624,217,583,875,1445,916,241,750,409,545,885,527,231,13410,6798,242,23,170,67,78,143,285,127,1891,847,1190,610,775,282,5,63,6612,260,97,105,80,73,118,175,302,1635,759,1307,689,648,263,46,55,13410,502,0,11,0,22,23,64,0,275,50,97,151,261,460,429,2864,662,1606,2497,1299,1423,545,51,118,2258,164,52,92,96,135,257,0,208,452,96,142,93,120,31,320,40644,50539,33515,"Linda CCD, Yuba County, California",1248,1285,284,408,649,17,750,1106,950,535,1248,946,1002,262,48,640,17,238,417,169,394,1080,691,91,403,91,25,681,951,938,423,624,622,467,586,22,485,482,315,400,22,389,389,312,353,25,624,665,602,266,231,110,80,25,38,66,66,25,25,25,25,25,25,12,49,95,216,653,130,191,217,501,232,120,208,163,195,230,164,131,761,528,108,35,109,63,77,77,119,86,390,237,316,153,259,191,11,72,414,116,76,83,65,69,88,102,144,316,190,277,195,223,120,48,52,761,183,25,18,25,34,35,65,25,156,62,71,127,110,166,167,519,191,334,430,249,374,205,49,88,446,105,46,73,53,98,128,25,112,176,61,119,59,98,36,206,3505,4619,3761
"G060115091900","2019-2023","CA",,,"California","06","Yuba County","115","Marysville CCD","91900",,,,,,,,,,,,,,".",".",,,,,,,,,,,,"0600000US0611591900",,,"0611591900","Marysville CCD, Yuba County, California",13220,8887,404,92,834,56,973,1974,835,1139,13220,10168,8006,404,77,818,0,93,770,31,739,3052,881,0,15,16,56,880,1204,804,400,5216,5216,2432,2784,0,2448,2448,1232,1216,0,2768,2768,1200,1568,0,5216,4748,4307,441,326,73,0,42,0,30,30,0,0,0,0,0,0,0,39,63,336,4880,127,636,871,721,367,279,449,101,197,696,287,149,8401,3819,106,12,6,50,57,93,55,251,1210,216,684,526,272,170,104,7,4582,120,32,34,43,22,42,92,160,745,579,1345,585,485,143,65,90,8401,226,13,12,0,0,19,0,0,40,0,93,79,135,147,411,1676,279,795,2029,1111,757,313,169,97,1532,11,164,11,188,237,7,16,109,154,272,70,83,72,0,138,37632,50867,35247,"Marysville CCD, Yuba County, California",251,605,256,81,432,97,335,472,340,302,251,598,657,256,80,428,21,82,252,33,249,530,372,21,18,27,97,301,382,346,160,429,429,394,343,21,323,323,287,243,21,329,329,254,249,21,429,400,412,211,195,88,21,66,21,45,45,21,21,21,21,21,21,21,41,75,161,419,97,231,227,274,168,146,192,69,129,214,142,87,400,354,76,23,11,72,64,80,26,150,234,102,255,196,127,96,68,19,297,65,36,42,43,28,45,55,122,232,214,344,207,143,96,58,109,400,122,23,20,21,21,26,21,21,42,21,81,69,88,55,181,323,112,244,430,272,212,138,110,111,373,17,93,17,141,137,13,24,77,91,117,58,86,61,21,96,4747,9957,6866
"G060115091908","2019-2023","CA",,,"California","06","Yuba County","115","Marysville Northeast CCD","91908",,,,,,,,,,,,,,".",".",,,,,,,,,,,,"0600000US0611591908",,,"0611591908","Marysville Northeast CCD, Yuba County, California",6816,5342,76,60,65,11,282,980,658,322,6816,5782,5029,76,16,58,11,0,592,299,293,1034,313,0,44,7,0,282,388,359,29,2774,2774,1131,1643,0,1633,1633,589,1044,0,1141,1141,542,599,0,2774,2390,2195,195,179,16,0,0,0,0,0,0,0,0,0,0,20,0,18,68,278,2496,45,50,185,231,286,345,259,184,269,178,307,157,5643,3144,77,0,85,26,15,11,73,141,1080,304,458,187,374,254,41,18,2499,91,0,0,0,0,0,92,246,559,176,516,327,331,134,27,0,5643,168,0,0,0,0,0,0,0,85,0,26,15,11,165,387,1509,130,480,974,514,705,388,68,18,1271,47,94,53,35,70,250,0,173,104,121,54,65,0,53,152,41034,68486,35556,"Marysville Northeast CCD, Yuba County, California",736,710,71,96,63,24,289,327,307,145,736,748,695,71,18,61,24,19,242,220,138,392,242,19,93,10,19,289,190,191,50,542,542,299,369,19,317,317,185,250,19,296,296,182,191,19,542,529,443,150,147,20,19,19,19,19,19,19,19,19,19,19,32,19,34,82,102,549,39,53,108,107,295,215,111,139,165,130,155,96,622,349,101,19,115,46,25,19,112,80,236,189,184,92,140,181,42,34,351,86,19,19,19,19,19,84,206,208,81,183,152,115,74,26,19,622,182,19,19,19,19,19,19,19,115,19,46,25,19,146,219,373,77,213,271,185,203,186,59,34,320,37,57,51,36,54,190,19,89,69,91,43,65,19,52,112,9042,32439,2696
"G060115092250","2019-2023","CA",,,"California","06","Yuba County","115","Olivehurst CCD","92250",,,,,,,,,,,,,,".",".",,,,,,,,,,,,"0600000US0611592250",,,"0611592250","Olivehurst CCD, Yuba County, California",26812,15659,1419,342,1877,125,3082,4308,2087,2221,26812,17055,12023,1409,211,1847,125,42,1398,163,1235,9757,3636,10,131,30,0,3040,2910,1924,986,12160,12055,5409,6646,105,6466,6382,2761,3621,84,5694,5673,2648,3025,21,12160,10917,9475,1442,1019,246,101,76,0,5,5,0,0,0,0,0,22,31,154,0,1031,11129,114,651,607,1286,1010,1137,1645,476,939,1732,979,553,16591,8168,354,90,72,177,202,95,195,212,2773,660,992,907,1142,107,47,143,8423,430,100,68,134,25,132,179,156,2126,1127,1566,749,1037,541,28,25,16591,784,0,56,0,0,49,85,21,119,39,272,227,227,374,368,3967,932,1787,2558,1656,2179,648,75,168,3262,56,274,180,171,293,237,10,229,646,110,189,188,170,191,318,49801,61387,40813,"Olivehurst CCD, Yuba County, California",1213,1169,314,190,497,80,795,869,646,668,1213,983,1021,315,121,499,80,68,405,152,355,934,733,18,141,51,25,807,788,641,566,934,929,696,793,87,585,579,488,481,81,531,535,404,488,34,934,887,931,321,293,177,89,67,25,8,8,25,25,25,25,25,32,33,110,25,307,879,98,270,194,355,258,438,474,195,322,348,260,306,819,546,168,56,53,132,124,65,123,117,540,161,223,289,294,73,58,154,499,152,98,63,93,30,102,103,73,402,316,337,204,324,183,39,43,819,282,25,45,25,25,48,93,30,78,61,171,130,118,151,150,534,391,327,451,303,421,197,73,158,530,68,132,119,113,169,169,22,112,244,82,142,102,158,155,178,5373,3569,2189
"G060115093720","2019-2023","CA",,,"California","06","Yuba County","115","Wheatland CCD","93720",,,,,,,,,,,,,,".",".",,,,,,,,,,,,"0600000US0611593720",,,"0611593720","Wheatland CCD, Yuba County, California",4363,3193,1,13,69,3,280,804,317,487,4363,3391,2850,1,0,69,3,11,457,46,411,972,343,0,13,0,0,269,347,271,76,1840,1821,579,1242,19,946,946,116,830,0,894,875,463,412,19,1840,1621,1433,188,128,12,48,0,0,4,4,0,0,0,0,0,0,0,31,0,184,1656,102,10,101,161,302,109,291,86,66,200,199,29,2963,1410,25,0,0,19,0,25,31,24,379,190,339,115,233,18,12,0,1553,63,3,6,21,0,0,0,58,362,221,224,254,215,126,0,0,2963,88,0,0,0,0,3,0,0,6,0,40,0,25,31,82,612,129,411,563,369,448,144,12,0,624,58,34,49,79,5,31,0,133,60,48,24,69,11,11,12,54870,54098,56587,"Wheatland CCD, Yuba County, California",236,395,3,17,54,7,194,365,198,298,236,316,382,3,14,54,7,15,287,71,267,241,193,14,17,14,14,193,197,188,80,273,269,193,286,23,212,212,72,205,14,191,185,183,121,23,273,282,271,134,111,22,73,14,14,8,8,14,14,14,14,14,14,14,39,14,137,285,112,16,75,80,134,89,121,64,48,104,93,49,346,253,37,14,14,29,14,29,38,38,148,109,201,94,114,27,15,14,200,43,19,12,33,14,14,14,53,129,131,109,138,82,81,14,14,346,72,14,14,14,14,19,14,14,12,14,44,14,29,38,59,188,74,174,195,152,135,91,15,14,176,55,31,71,69,26,35,14,83,49,45,35,62,18,20,20,8620,11072,13842
"G060115093830","2019-2023","CA",,,"California","06","Yuba County","115","Yuba Foothills CCD","93830",,,,,,,,,,,,,,".",".",,,,,,,,,,,,"0600000US0611593830",,,"0611593830","Yuba Foothills CCD, Yuba County, California",3148,2669,39,25,47,44,18,306,98,208,3148,2889,2613,39,25,47,44,0,121,0,121,259,56,0,0,0,0,18,185,98,87,1008,890,560,330,118,664,546,357,189,118,344,344,203,141,0,1008,769,715,54,42,12,0,0,0,5,5,0,0,0,0,0,8,0,59,4,163,845,56,8,96,113,35,0,111,159,43,69,111,44,2617,1510,4,0,0,9,11,64,115,151,483,17,126,194,293,4,31,8,1107,21,0,0,0,0,13,4,0,227,122,354,138,99,105,10,14,2617,25,0,0,0,0,0,0,0,0,9,0,11,77,119,151,615,95,139,480,332,392,109,41,22,631,10,51,35,36,17,97,14,26,69,2,97,64,45,15,53,42946,42308,55323,"Yuba Foothills CCD, Yuba County, California",722,685,48,28,63,82,32,162,73,131,722,696,678,48,28,63,82,14,78,14,78,174,59,14,14,14,14,32,120,73,82,280,247,179,181,160,243,198,156,121,160,140,140,107,88,14,280,257,258,59,58,15,14,14,14,11,11,14,14,14,14,14,15,14,64,8,77,264,62,15,63,92,56,14,97,165,49,85,81,59,452,281,10,14,14,15,17,77,81,156,177,20,93,105,117,6,33,13,251,25,14,14,14,14,30,8,14,101,83,193,84,60,66,13,23,452,26,14,14,14,14,14,14,14,14,15,14,17,80,81,156,224,77,85,215,139,139,67,36,27,196,18,38,30,52,26,66,21,43,65,5,82,58,45,20,55,16912,15732,45657
