OBJECTID,FIPS Code,Primary RUCA Code 2010,Secondary RUCA Code 2010,Tract Population 2010,Land Area sqmi 2010,Population Density sqmi 2010,SD,SPA,CSA,Shape__Area,Shape__Length
2347,06037650401,1,1,4472,1.3,3321.3,District 4,SPA 8 - South Bay,City of Torrance,37763560.453125,32199.9669064673
2348,06037651302,1,1,6311,0.9,6820,District 4,SPA 8 - South Bay,City of Torrance,25779205.2197266,31462.7405256897
2349,06037573100,1,1,7165,0.4,16278.7,District 4,SPA 8 - South Bay,City of Long Beach,12839054.5390625,14981.5346389595
2350,06037540300,1,1,5267,0.6,8905.8,District 4,SPA 6 - South,City of Lynwood,16489696.4287109,21932.5039876912
2351,06037181300,1,1,3629,0.6,6532,District 1,SPA 4 - Metro,Los Angeles - Eagle Rock,15487827.0976563,21488.6059287587
2352,06037194200,1,1,3588,1,3569.8,District 3,SPA 4 - Metro,Los Angeles - Hollywood,28019872.2148438,29548.083770113
2353,06037183820,1,1,3464,0.1,29065.4,District 1,SPA 4 - Metro,Los Angeles - Highland Park,3322202.84667969,10487.5727045839
2354,06037910813,2,2,3535,31.9,111,District 5,SPA 1 - Antelope Valley,Unincorporated - Agua Dulce,888221338.055664,167257.099824749
2355,06037911001,3,3,4201,144.1,29.2,District 5,SPA 1 - Antelope Valley,Unincorporated - Llano,4026506710.79492,354211.05723896
2356,06037920322,2,2,2895,0.4,7175.9,District 5,SPA 2 - San Fernando,City of Santa Clarita,11246046.4140625,15179.518143697
2357,06037481101,1,1,3814,0.3,11191.5,District 1,SPA 3 - San Gabriel,City of San Gabriel,9500450.56542969,13511.8131500008
2358,06037106603,1,1,2979,5.9,504.4,District 3,SPA 2 - San Fernando,Los Angeles - Granada Hills,164742469.791992,61705.6366418082
2359,06037461700,1,1,1385,0.8,1641.2,District 5,SPA 3 - San Gabriel,City of Pasadena,23766381.9130859,27778.0984282987
2360,06037181000,1,1,6144,1.6,3874.5,District 1,SPA 4 - Metro,Los Angeles - Eagle Rock,44534157.3085938,37817.4653304432
2361,06037408627,1,1,3079,1.2,2490.7,District 1,SPA 3 - San Gabriel,Unincorporated - Rowland Heights,34464550.6806641,32304.0207343392
2362,06037408212,1,1,4485,1.1,4126.1,District 1,SPA 3 - San Gabriel,Unincorporated - Rowland Heights,30689587.2470703,22683.8183955978
2363,06037408301,1,1,5427,0.8,7057.9,District 1,SPA 3 - San Gabriel,Unincorporated - Avocado Heights,22445685.5214844,22581.0978585089
2364,06037551102,1,1,5503,0.6,8682.7,District 4,SPA 7 - East,City of Downey,18139363.8300781,20632.1495386117
2365,06037460800,1,1,3248,2.6,1256.3,District 5,SPA 3 - San Gabriel,City of Pasadena,72582825.3476563,42249.7434494344
2366,06037106510,1,1,5108,2.2,2311.3,District 3,SPA 2 - San Fernando,Los Angeles - Sylmar,61533855.3310547,37123.4556997574
2367,06037106641,1,1,2317,0.4,5284.9,District 3,SPA 2 - San Fernando,Los Angeles - Granada Hills,12221119.8564453,19091.7847071132
2368,06037403304,1,1,5178,1.4,3679.6,District 1,SPA 3 - San Gabriel,City of Diamond Bar,39262104.1767578,28219.7383976483
2369,06037404503,1,1,2977,0.3,11739.7,District 1,SPA 3 - San Gabriel,City of Azusa,7069241.48046875,10733.0288484757
2370,06037403305,1,1,2100,0.6,3671,District 1,SPA 3 - San Gabriel,City of Diamond Bar,15948004.9179688,16251.1075623634
2371,06037404803,1,1,1741,0.2,9551.2,District 1,SPA 3 - San Gabriel,City of Baldwin Park,5254537.31933594,14235.1593702483
2372,06037408628,1,1,5103,1,5371.4,District 1,SPA 3 - San Gabriel,Unincorporated - Hacienda Heights,26485821.3789063,25996.8754934217
2373,06037404302,1,1,2498,0.2,10507,District 1,SPA 3 - San Gabriel,City of Azusa,6627701.89257813,10366.200522386
2374,06037910807,2,2,5489,2.1,2579.9,District 5,SPA 2 - San Fernando,City of Santa Clarita,59306318.7363281,38456.9864610387
2375,06037901210,2,2,1591,8.7,181.9,District 5,SPA 1 - Antelope Valley,Unincorporated - Elizabeth Lake,248389289.092773,100370.437884826
2376,06037190401,1,1,3135,0.1,48641.1,District 1,SPA 4 - Metro,Los Angeles - Thai Town,1796752.67578125,5352.448943439
2377,06037127804,1,1,3933,0.2,15962.2,District 3,SPA 2 - San Fernando,Los Angeles - Van Nuys,6868380.57226563,10483.5686089957
2378,06037123206,1,1,2945,0.2,12652.4,District 3,SPA 2 - San Fernando,Los Angeles - North Hollywood,6488594.390625,10269.8071475177
2379,06037135203,1,1,7055,1.7,4059.2,District 3,SPA 2 - San Fernando,Los Angeles - West Hills,48449867.5322266,33415.4294678953
2380,06037910707,1,1,4329,2.6,1685.4,District 5,SPA 1 - Antelope Valley,City of Palmdale,72311493.2158203,35064.6114896859
2381,06037910501,1,1,5339,0.6,9235.8,District 5,SPA 1 - Antelope Valley,City of Palmdale,16107941.2685547,16720.8904726665
2382,06037702400,1,1,4541,0.8,5932.7,District 2,SPA 5 - West,City of Culver City,21512362.5146484,24246.6351474615
2383,06037189300,1,1,3077,0.7,4194.5,District 5,SPA 4 - Metro,Los Angeles - Los Feliz,20450343.3603516,25805.7445047327
2384,06037573201,1,1,4930,0.2,21220,District 4,SPA 8 - South Bay,City of Long Beach,6477674.95703125,10362.409286412
2385,06037920031,2,2,5301,2.5,2158.5,District 5,SPA 2 - San Fernando,City of Santa Clarita,67615086.7431641,48558.277960317
2386,06037701601,1,1,4165,0.5,8773.9,District 3,SPA 5 - West,City of Santa Monica,13266407.3447266,16352.95580774
2387,06037237900,1,1,3621,0.4,9571.9,District 2,SPA 6 - South,Los Angeles - Manchester Square,10546505.3662109,13264.74528853
2388,06037702803,1,1,2963,0.3,9059.2,District 2,SPA 5 - West,City of Culver City,9120667.41699219,27442.5676544632
2389,06037703100,1,1,5446,1,5298.3,District 2,SPA 6 - South,Unincorporated - View Park/Windsor Hills,28677375.8691406,26781.1612036372
2390,06037910403,1,1,2235,0.5,4609.1,District 5,SPA 1 - Antelope Valley,City of Palmdale,13516370.3789063,16063.5711178995
2391,06037294520,1,1,3564,0.2,19068.7,District 4,SPA 8 - South Bay,Los Angeles - Wilmington,5211211.27441406,9527.66446368581
2392,06037500100,1,1,3540,3.8,924.3,District 4,SPA 7 - East,City of La Habra Heights,106840359.546875,51450.5329819345
2393,06037920106,2,2,3110,17.8,174.6,District 5,SPA 2 - San Fernando,Unincorporated - Val Verde,503508144.959961,106241.307695792
2394,06037221120,1,1,3373,0.1,27514.7,District 1,SPA 4 - Metro,Los Angeles - Pico-Union,3417542.64550781,7524.85175928441
2395,06037573202,1,1,6230,0.3,24860.8,District 4,SPA 8 - South Bay,City of Long Beach,6987055.93164063,10572.6479394818
2396,06037599100,2,2,527,130.3,4,District 4,SPA 8 - South Bay,Unincorporated - Santa Catalina Island,15464670576.0723,778154.51862676
2397,06037700400,1,1,5237,0.5,10307.4,District 3,SPA 4 - Metro,City of West Hollywood,14164288.3222656,21301.4441440844
2398,06037920033,2,2,515,1.3,387.9,District 5,SPA 2 - San Fernando,Unincorporated - Canyon Country,37029251.9589844,29355.0152130473
2399,06037405201,1,1,5205,0.5,9954.5,District 1,SPA 3 - San Gabriel,City of Baldwin Park,14596825.8496094,17914.5189244707
2400,06037432000,1,1,8182,0.9,9465.9,District 5,SPA 3 - San Gabriel,City of Temple City,24093982.9355469,24941.0081700694
2401,06037432102,1,1,5633,0.7,7772.1,District 5,SPA 3 - San Gabriel,City of Temple City,20204900.0888672,18682.7195699715
2402,06037189902,1,1,4971,0.1,35271.2,District 3,SPA 4 - Metro,Los Angeles - Hollywood,3928962.69921875,8586.31251258523
2403,06037432201,1,1,4342,0.4,9763.1,District 1,SPA 3 - San Gabriel,City of Rosemead,12398188.6748047,15512.6366846864
2404,06037432202,1,1,4252,0.5,7966.8,District 1,SPA 3 - San Gabriel,City of Rosemead,14890686.2519531,20130.11880398
2405,06037460900,1,1,6998,0.9,7449.2,District 5,SPA 3 - San Gabriel,City of Pasadena,26407337.6328125,25260.5885017345
2406,06037461000,1,1,6243,0.7,8822.5,District 5,SPA 3 - San Gabriel,Unincorporated - Altadena,19678736.2871094,25428.8286513818
2407,06037189500,1,1,4452,0.2,19470.9,District 5,SPA 4 - Metro,Los Angeles - Hollywood Hills,6374694.21777344,13013.3430690363
2408,06037211922,1,1,3389,0,94490.1,District 2,SPA 4 - Metro,Los Angeles - Little Bangladesh,999882.185546875,4155.33850207398
2409,06037400402,1,1,4125,1.7,2434.2,District 5,SPA 3 - San Gabriel,City of Glendora,47208787.5898438,40491.7019810589
2410,06037403316,1,1,6783,1.1,6005.2,District 1,SPA 3 - San Gabriel,City of Diamond Bar,31546212.5371094,28148.0830493702
2411,06037403318,1,1,6243,1.3,4800.1,District 1,SPA 3 - San Gabriel,City of Pomona,36258882.6494141,30428.6135633422
2412,06037403320,1,1,5573,1.5,3682.5,District 1,SPA 3 - San Gabriel,City of Diamond Bar,42191394.1005859,29228.589688248
2413,06037554511,1,1,4029,0.9,4479.3,District 4,SPA 7 - East,City of Cerritos,25458078.8691406,19917.5700284448
2414,06037432500,1,1,8210,1,8142,District 1,SPA 3 - San Gabriel,City of El Monte,30310905.3291016,25644.3299332074
2415,06037432601,1,1,6564,0.5,12101.2,District 1,SPA 3 - San Gabriel,City of El Monte,15121523.0292969,17344.5355930394
2416,06037104204,1,1,3375,1,3282.4,District 5,SPA 2 - San Fernando,Los Angeles - Lakeview Terrace,28718003.3515625,30293.128395535
2417,06037101300,1,1,4199,1,4214.6,District 5,SPA 2 - San Fernando,Los Angeles - Tujunga,27781690.4521484,29387.006000163
2418,06037137302,1,1,4338,0.9,4591.7,District 3,SPA 2 - San Fernando,Los Angeles - Woodland Hills,26336488.2773438,25068.0516352091
2419,06037213320,1,1,2481,0.1,20632.6,District 2,SPA 4 - Metro,Los Angeles - Koreatown,3352280.59375,7850.5878825061
2420,06037127920,1,1,4100,0.3,16369.2,District 3,SPA 2 - San Fernando,Los Angeles - Van Nuys,6982234.68261719,10569.2063717808
2421,06037930401,1,1,2471,0.5,4616.3,,,,,
2422,06037930301,2,2,886,397.3,2.2,District 5,SPA 3 - San Gabriel,Unincorporated - Angeles National Forest,11114156427.4824,631251.587666575
2423,06037920314,2,2,2909,4.4,663.3,District 5,SPA 2 - San Fernando,City of Santa Clarita,123117457.321289,53031.4490080009
2424,06037930200,2,2,546,117.6,4.6,District 5,SPA 3 - San Gabriel,Unincorporated - Angeles National Forest,3285317854.05469,459783.187928735
2425,06037504102,1,1,22,2.5,9,District 4,SPA 7 - East,City of Santa Fe Springs,69535688.8505859,61340.7177646878
2426,06037980008,1,1,145,1.3,111.5,District 3,SPA 2 - San Fernando,Los Angeles - Van Nuys,36264531.0146484,33831.2073943162
2427,06037262604,1,1,6092,2.2,2781.3,District 3,SPA 5 - West,Los Angeles - Pacific Palisades,64647106.3447266,54533.465011122
2428,06037183702,1,1,2805,0.3,8416.3,District 1,SPA 4 - Metro,Los Angeles - Highland Park,9605920.26855469,17111.3101744739
2429,06037400404,1,1,4453,6.1,729.2,District 5,SPA 3 - San Gabriel,City of Glendora,173910998.557617,70672.4895849269
2430,06037214400,1,1,2877,0.1,21645.3,District 3,SPA 4 - Metro,Los Angeles - Melrose,3705377.33691406,7957.45733088493
2431,06037217100,1,1,5374,0.3,15502.4,District 2,SPA 4 - Metro,Los Angeles - Mid-city,9664107.94140625,12909.2137466999
2432,06037137402,1,1,5364,1.2,4506.1,District 3,SPA 2 - San Fernando,Los Angeles - Woodland Hills,33175391.2207031,30889.3711864673
2433,06037901102,1,1,5557,2,2816.5,District 5,SPA 1 - Antelope Valley,Unincorporated - Quartz Hill,55011048.4140625,31486.118968811
2434,06037186201,1,1,3068,0.2,15221.9,District 1,SPA 4 - Metro,Los Angeles - Glassell Park,5618761.38183594,12105.648109154
2435,06037670500,1,1,1860,3,622,District 4,SPA 8 - South Bay,City of Rolling Hills,83413149.7617188,48187.1570905242
2436,06037209401,1,1,3914,0.1,47004.9,District 1,SPA 4 - Metro,Los Angeles - Westlake,2321352.55761719,6370.71257202256
2437,06037192420,1,1,3637,0.1,28992.3,District 3,SPA 4 - Metro,Los Angeles - Melrose,3497166.15917969,7935.45350963746
2438,06037910202,1,1,5223,7.9,664.6,District 5,SPA 1 - Antelope Valley,Unincorporated - White Fence Farms,219046590.345703,66570.6809080017
2439,06037430200,1,1,1292,2,650.6,District 5,SPA 3 - San Gabriel,City of Bradbury,55567661.7890625,36349.0249666673
2440,06037900103,2,2.1,6170,7.7,805.5,District 5,SPA 1 - Antelope Valley,Unincorporated - Lake Los Angeles,215056395.922852,64046.2455367307
2441,06037900104,2,2.1,6242,16.3,381.8,District 5,SPA 1 - Antelope Valley,Unincorporated - Lake Los Angeles,458512830.418945,86062.9574131284
2442,06037302302,1,1,4895,0.2,20027.3,District 5,SPA 2 - San Fernando,City of Glendale,6813634.22753906,12078.2345881968
2443,06037106645,1,1,3389,1,3472.2,District 3,SPA 2 - San Fernando,Los Angeles - Granada Hills,27207863.296875,30208.2929391285
2444,06037121102,1,1,2721,2.9,944.9,District 5,SPA 2 - San Fernando,Los Angeles - Sun Valley,81153173.1835938,37632.8656446211
2445,06037406702,1,1,5823,1.1,5418.5,District 1,SPA 3 - San Gabriel,City of West Covina,30384918.2900391,24280.7777039093
2446,06037400403,1,1,3815,5,765.7,District 5,SPA 3 - San Gabriel,City of San Dimas,138957167.291016,55009.1781179095
2447,06037502802,1,1,1380,1.5,935.8,District 4,SPA 7 - East,City of Santa Fe Springs,41620220.9101563,37880.4986742997
2448,06037209103,1,1,3216,0,67164.5,District 1,SPA 4 - Metro,Los Angeles - Westlake,1334880.50488281,4693.84849553755
2449,06037650901,1,1,5928,1.4,4330.7,District 4,SPA 8 - South Bay,City of Torrance,38164122.0419922,29584.5620909032
2450,06037120106,1,1,4417,0.1,55567.9,District 3,SPA 2 - San Fernando,Los Angeles - Panorama City,2220341.08007813,6072.52820832696
2451,06037670413,1,1,4782,0.8,5665.2,District 4,SPA 8 - South Bay,City of Rancho Palos Verdes,23535290.3955078,21025.0953539017
2452,06037111206,1,1,4490,1,4453.5,District 3,SPA 2 - San Fernando,Los Angeles - Porter Ranch,28228491.8740234,24118.1239522498
2453,06037278001,1,1,2458,0.6,3944.4,District 2,SPA 5 - West,Los Angeles - Westchester,17381916.0703125,25351.6308700459
2454,06037122121,1,1,2833,0.2,17811.1,District 3,SPA 2 - San Fernando,Los Angeles - Sun Valley,4433980.59179688,12008.0444924721
2455,06037430003,1,1,4604,4.6,1002.4,District 5,SPA 3 - San Gabriel,City of Duarte,128546564.726563,75726.5377928488
2456,06037900704,1,1,3050,2,1527.5,District 5,SPA 1 - Antelope Valley,City of Lancaster,55724343.5166016,31784.7939704908
2457,06037430301,1,1,4422,9.4,471.3,District 5,SPA 3 - San Gabriel,City of Monrovia,263125799.324219,85159.505402575
2458,06037543322,1,1,6611,0.8,8717.7,District 2,SPA 8 - South Bay,City of Carson,21143078.4228516,18335.9848004382
2459,06037533702,1,1,3585,0.1,28649.9,District 4,SPA 7 - East,City of Maywood,3488535.83691406,7593.08622802196
2460,06037543502,1,1,4560,0.4,10719.8,District 2,SPA 8 - South Bay,Unincorporated - West Carson,12077840.2333984,15960.8221426758
2461,06037502801,1,1,6186,0.8,7288.5,District 4,SPA 7 - East,City of Santa Fe Springs,23936249.6982422,19767.091016072
2462,06037124204,1,1,3071,0.1,24522.4,District 5,SPA 2 - San Fernando,Los Angeles - North Hollywood,3491073.75878906,7925.26419238158
2463,06037980020,10,10,0,3.3,0,District 5,SPA 2 - San Fernando,Los Angeles - Sun Valley,91832141.1914063,60535.7312259417
2464,06037262802,1,1,3759,1.3,2924.5,District 3,SPA 5 - West,Los Angeles - Pacific Palisades,36709582.8085938,40433.299302845
2465,06037310501,1,1,3205,0.8,4223,District 5,SPA 2 - San Fernando,City of Burbank,21156697.7763672,24961.6240171063
2466,06037310601,1,1,5716,0.4,14405.2,District 5,SPA 2 - San Fernando,City of Burbank,11060995.2314453,18813.1974028538
2467,06037980025,99,99,0,1.1,0,District 2,SPA 8 - South Bay,City of Carson,31945180.3007813,30144.1399542556
2468,06037980026,2,2,20,5.4,3.7,District 5,SPA 2 - San Fernando,Los Angeles - Angeles National Forest,149614439.521484,102765.535124839
2469,06037267901,1,1,2428,0.4,5616.6,District 3,SPA 5 - West,Los Angeles - Century City,12051542.3310547,15177.3970437094
2470,06037543503,1,1,5687,0.6,8855.9,District 2,SPA 8 - South Bay,Unincorporated - West Carson,18034922.6113281,20305.2630414247
2471,06037183103,1,1,3967,0.2,16090.7,District 1,SPA 4 - Metro,Los Angeles - Highland Park,7067556.20410156,19693.4097795579
2472,06037551101,1,1,3926,0.7,6029.6,District 4,SPA 7 - East,City of Downey,18153042.1279297,22027.8628117793
2473,06037294510,1,1,4214,0.2,21060.6,District 4,SPA 8 - South Bay,Los Angeles - Wilmington,5578850.2265625,9841.6809854027
2474,06037980010,1,1,164,1.4,113.1,District 1,SPA 4 - Metro,Los Angeles - Elysian Park,41264616.2314453,36580.1783191894
2475,06037980014,1,1,239,2.5,95.5,District 4,SPA 8 - South Bay,Los Angeles - Wilmington,80221454.1660156,68203.8481740267
2476,06037400207,1,1,4798,2.1,2290.2,District 5,SPA 3 - San Gabriel,City of La Verne,58456183.5986328,52167.0308057789
2477,06037534101,1,1,2295,0.2,11545.9,District 4,SPA 7 - East,City of Bell Gardens,5541565.45800781,14600.2519655976
2478,06037211310,1,1,3846,0.1,69198.8,District 2,SPA 4 - Metro,Los Angeles - Wilshire Center,1549413.54492188,4998.40395607869
2479,06037670405,1,1,2646,0.6,4570.8,District 4,SPA 8 - South Bay,City of Rancho Palos Verdes,16141977.5273438,22119.6949299485
2480,06037209510,1,1,2692,0.1,38207.9,District 1,SPA 4 - Metro,Los Angeles - Pico-Union,1964228.79589844,5807.66354350172
2481,06037650200,1,1,5783,0.9,6178.8,District 4,SPA 8 - South Bay,City of Torrance,26095711.2265625,30191.1965379278
2482,06037213402,1,1,4645,0.2,30702.1,District 2,SPA 4 - Metro,Los Angeles - Pico-Union,4217750.29394531,8305.57938929934
2483,06037670326,1,1,3807,1.6,2441.2,District 4,SPA 8 - South Bay,City of Palos Verdes Estates,48972956.7021484,40931.3306174769
2484,06037573300,1,1,4323,0.3,14232,District 4,SPA 8 - South Bay,City of Long Beach,8469112.48828125,13252.3950579632
2485,06037534203,1,1,3204,0.3,11018.1,District 4,SPA 7 - East,City of Bell Gardens,8231258.15332031,14678.9325749302
2486,06037534405,1,1,4292,0.2,20965.7,District 4,SPA 7 - East,City of Cudahy,5707270.03027344,10578.3623816734
2487,06037541802,1,1,5431,0.4,12821.6,District 4,SPA 6 - South,City of Lynwood,11781915.8300781,14992.3978238114
2488,06037222002,1,1,4655,0.3,18387.1,District 2,SPA 6 - South,Los Angeles - Exposition Park,7057896.48925781,10841.9180355437
2489,06037650300,1,1,6704,0.7,9275.5,District 4,SPA 8 - South Bay,City of Torrance,20151846.3525391,21083.503760025
2490,06037574400,1,1,5141,1.3,4007.8,District 4,SPA 8 - South Bay,City of Long Beach,36606689.1542969,24464.7911638735
2491,06037574500,1,1,6357,1,6559.7,District 4,SPA 8 - South Bay,City of Long Beach,29312489.7246094,25087.7176212462
2492,06037137301,1,1,2264,0.6,3662.9,District 3,SPA 2 - San Fernando,Los Angeles - Woodland Hills,17325461.9248047,20267.8726127063
2493,06037602600,1,1,7910,0.7,10784.7,District 2,SPA 8 - South Bay,City of Gardena,20959866.7734375,21158.8696955485
2494,06037602700,1,1,3045,1,3187.1,District 2,SPA 8 - South Bay,City of Hawthorne,26713727.3291016,21574.5615050343
2495,06037602900,1,1,4427,1.1,4099.1,District 2,SPA 8 - South Bay,City of Gardena,30119447.3769531,27267.7905197492
2496,06037190520,1,1,3728,0.1,39578.1,District 1,SPA 4 - Metro,Los Angeles - Thai Town,2625881.61425781,6612.05771196989
2497,06037503501,1,1,6481,0.6,10857.5,District 4,SPA 7 - East,Unincorporated - South Whittier,16641690.5771484,22333.0094128948
2498,06037503601,1,1,4168,0.5,7737.6,District 4,SPA 7 - East,City of La Mirada,15017905.9003906,16783.5134451721
2499,06037543100,1,1,6759,1.1,6065.9,District 2,SPA 6 - South,City of Carson,31066013.7666016,25645.4004339983
2500,06037191420,1,1,3365,0.1,38363.4,District 1,SPA 4 - Metro,Los Angeles - East Hollywood,2445268.43066406,6614.97353309898
2501,06037191820,1,1,2647,0.2,16938.7,District 3,SPA 4 - Metro,Los Angeles - Melrose,4356427.20898438,9240.10092947083
2502,06037550100,1,1,7518,0.6,11808.5,District 4,SPA 7 - East,City of Norwalk,17749917.2158203,18519.7831352405
2503,06037603900,1,1,7527,0.6,13027.9,District 2,SPA 8 - South Bay,City of Lawndale,16007151.5107422,21069.3900878952
2504,06037503703,1,1,7876,1,7745.4,District 4,SPA 7 - East,City of La Mirada,28398645.0644531,21548.8767138684
2505,06037480902,1,1,4218,0.2,20967.1,District 1,SPA 3 - San Gabriel,City of Alhambra,5608197.61425781,11519.6772459657
2506,06037910805,2,2,4839,42.5,113.9,District 5,SPA 1 - Antelope Valley,Unincorporated - Acton,1185497453.45703,197863.285749261
2507,06037503801,1,1,4080,0.5,8150.4,District 4,SPA 7 - East,City of La Mirada,13792550.8818359,18432.8559259854
2508,06037550700,1,1,6921,0.8,8304.1,District 4,SPA 7 - East,City of Downey,23978349.9042969,22084.4336054927
2509,06037550800,1,1,7170,1.1,6492.6,District 4,SPA 7 - East,City of Downey,31209861.9667969,23922.1437038859
2510,06037555202,1,1,3399,0.4,8349,District 4,SPA 8 - South Bay,City of Long Beach,11867158.0214844,17610.2646090684
2511,06037650902,1,1,7103,0.8,9233.7,District 4,SPA 8 - South Bay,City of Torrance,21447557.2910156,20523.3623864716
2512,06037651001,1,1,5522,0.5,10095,District 4,SPA 8 - South Bay,City of Torrance,15270388.7675781,19082.6096456823
2513,06037700200,1,1,6321,0.3,23421.3,District 3,SPA 4 - Metro,City of West Hollywood,7523651.03808594,14072.8662502742
2514,06037240200,1,1,5252,0.3,18214.2,District 2,SPA 6 - South,Los Angeles - Vermont Vista,8038890.13769531,11289.1186549115
2515,06037800332,1,1,6665,1.9,3592.3,District 3,SPA 2 - San Fernando,City of Agoura Hills,51727957.3388672,34189.6949714057
2516,06037651101,1,1,5103,2.2,2371.1,District 4,SPA 8 - South Bay,City of Torrance,60021367.8447266,37604.7616687489
2517,06037543305,1,1,2666,3.2,829.2,District 2,SPA 8 - South Bay,Unincorporated - Rancho Dominguez,91339780.4951172,39876.9842063414
2518,06037482303,1,1,5818,0.4,15326.6,District 1,SPA 3 - San Gabriel,City of Rosemead,10582531.0283203,15134.9424260585
2519,06037217002,1,1,4977,0.3,16711.7,District 3,SPA 5 - West,Los Angeles - Crestview,8302513.96191406,11538.6567852492
2520,06037189600,1,1,3529,0.4,8458.8,District 5,SPA 4 - Metro,Los Angeles - Hollywood Hills,11656332.0751953,20247.0658181821
2521,06037297000,1,1,5343,0.6,9574.9,District 4,SPA 8 - South Bay,Los Angeles - San Pedro,15621049.5820313,18849.2002885421
2522,06037480600,1,1,7863,0.9,8742.8,District 5,SPA 3 - San Gabriel,City of South Pasadena,25430074.4296875,28805.4609883287
2523,06037480702,1,1,4460,0.8,5312.9,District 5,SPA 3 - San Gabriel,City of South Pasadena,23422429.3300781,22328.5029419642
2524,06037480703,1,1,3277,0.4,7459.9,District 5,SPA 3 - San Gabriel,City of South Pasadena,12218482.6113281,22394.6062957464
2525,06037576403,1,1,5033,0.1,40165.7,District 4,SPA 8 - South Bay,City of Long Beach,3493763.11132813,7935.17239923605
2526,06037191204,1,1,2124,0.1,27357.1,District 1,SPA 4 - Metro,Los Angeles - East Hollywood,2164426.84472656,5918.99751381141
2527,06037482600,1,1,6866,1,6552,District 1,SPA 3 - San Gabriel,City of Monterey Park,30617173.7246094,24706.658272092
2528,06037408703,1,1,6528,6.6,989.4,District 1,SPA 3 - San Gabriel,Unincorporated - Rowland Heights,183886709.143555,70628.529088963
2529,06037402402,1,1,7076,2.1,3431.1,District 1,SPA 3 - San Gabriel,City of Pomona,57569825.0361328,43755.8806069244
2530,06037228500,1,1,5220,0.2,30118.4,District 2,SPA 6 - South,Los Angeles - South Park,4831913.34375,9216.9806048702
2531,06037137104,1,1,2717,1,2742.2,District 3,SPA 2 - San Fernando,Los Angeles - Woodland Hills,27605172.1972656,23404.4055803474
2532,06037141600,1,1,4029,1.5,2709.8,District 3,SPA 2 - San Fernando,Los Angeles - Sherman Oaks,41427680.0244141,37290.6519781671
2533,06037980021,1,1,33,2.5,13.4,District 5,SPA 2 - San Fernando,Los Angeles - Lakeview Terrace,74757777.2373047,51403.146832649
2534,06037482301,1,1,5162,0.3,15303.7,District 1,SPA 3 - San Gabriel,City of San Gabriel,9403183.62597656,17402.0501187917
2535,06037213401,1,1,4951,0.1,65390.3,District 2,SPA 4 - Metro,Los Angeles - Pico-Union,2110768.91894531,6327.27422495143
2536,06037400603,1,1,5249,3.4,1532.9,District 1,SPA 3 - San Gabriel,City of Azusa,98990345.4833984,65079.0995667506
2537,06037301000,1,1,4841,0.8,6127.5,District 5,SPA 2 - San Fernando,City of Glendale,22281599.2294922,21107.76026002
2538,06037403325,1,1,4795,6.1,790.8,District 1,SPA 3 - San Gabriel,Unincorporated - Rowland Heights,169048596.739258,81639.3362785054
2539,06037482521,1,1,5754,0.6,9642,District 1,SPA 3 - San Gabriel,Unincorporated - South San Gabriel,16644101.9736328,18967.9911470712
2540,06037920045,2,2,4622,0.7,6401.8,District 5,SPA 2 - San Fernando,City of Santa Clarita,20125039.8291016,19934.1207025707
2541,06037980002,99,99,0,2.6,0,District 2,SPA 8 - South Bay,City of Carson,75167099.3837891,37881.2767786011
2542,06037980004,10,10,169,17.2,9.8,District 5,SPA 1 - Antelope Valley,City of Palmdale,486647530.981445,93074.99673382
2543,06037980028,1,1,4,6.7,0.6,District 2,SPA 5 - West,Los Angeles - Westchester,211703607.483398,85819.2382621021
2544,06037271600,1,1,4475,0.3,12880,District 3,SPA 5 - West,Los Angeles - Mar Vista,9746218.88378906,12575.7924964106
2545,06037214700,1,1,2512,0.2,10965.1,District 3,SPA 4 - Metro,Los Angeles - Carthay,6386540.36132813,10225.8323646984
2546,06037901205,1,1,10466,19,551,District 5,SPA 1 - Antelope Valley,City of Lancaster,530629685.479492,95160.027761561
2547,06037197410,1,1,3704,0.5,6882.7,District 1,SPA 4 - Metro,Los Angeles - Elysian Valley,14996986.3701172,18531.5880563429
2548,06037910709,1,1,1650,5.6,294.6,District 5,SPA 1 - Antelope Valley,Unincorporated - Southeast Antelope Valley,157706746.852539,63838.3899175068
2549,06037134903,1,1,4216,0.2,19344,District 3,SPA 2 - San Fernando,Los Angeles - Canoga Park,6095027.65625,10483.1769497874
2550,06037139503,1,1,4657,0.1,34292.4,District 3,SPA 2 - San Fernando,Los Angeles - Encino,3785695.0390625,8106.37761361973
2551,06037139504,1,1,3476,0.1,31144.3,District 3,SPA 2 - San Fernando,Los Angeles - Encino,3111312.44726563,8102.19468090092
2552,06037123020,1,1,3432,0.2,15714.5,District 3,SPA 2 - San Fernando,Los Angeles - Sun Valley,6088161.97167969,9872.88288864427
2553,06037310100,1,1,5849,5.1,1153.2,District 5,SPA 2 - San Fernando,City of Burbank,141110744.55957,57419.716640681
2554,06037300701,1,1,6144,5.1,1196.7,District 5,SPA 2 - San Fernando,City of Glendale,144319223.260742,64594.0127149585
2555,06037400204,1,1,6454,2.8,2298.7,District 5,SPA 3 - San Gabriel,City of La Verne,80947561.2304688,38560.5746980674
2556,06037311600,1,1,7249,1.1,6684,District 5,SPA 2 - San Fernando,City of Burbank,30299755.5908203,24855.8729275289
2557,06037294421,1,1,2950,0.3,11496.2,District 4,SPA 8 - South Bay,Los Angeles - Harbor City,7247758.88378906,16413.8251891773
2558,06037403500,1,1,1628,1.9,860.7,District 1,SPA 3 - San Gabriel,Unincorporated - Covina,52670558.3076172,37807.1498664949
2559,06037311700,1,1,6137,0.9,6762,District 5,SPA 2 - San Fernando,City of Burbank,25324787.359375,20887.4954725224
2560,06037300600,1,1,8053,0.8,9623.8,District 5,SPA 2 - San Fernando,City of Glendale,24361381.0019531,33030.0750077901
2561,06037191201,1,1,4591,0.2,20777.6,District 1,SPA 4 - Metro,Los Angeles - East Hollywood,6159766.15917969,9951.820455067
2562,06037401202,1,1,4371,1.2,3598.1,District 5,SPA 3 - San Gabriel,City of Glendora,34259209.1367188,25891.5500266701
2563,06037400501,1,1,2126,4.2,506.5,District 5,SPA 3 - San Gabriel,City of Glendora,117125562.457031,59715.5246956999
2564,06037573601,1,1,6114,1.4,4271.7,District 4,SPA 8 - South Bay,City of Long Beach,40117922.0957031,32332.8378554691
2565,06037401303,1,1,2199,2.3,963.4,District 5,SPA 3 - San Gabriel,City of San Dimas,63656175.0009766,42906.0873237064
2566,06037700801,1,1,5220,0.6,9293.4,District 3,SPA 5 - West,City of Beverly Hills,15658674.9130859,20079.4620496028
2567,06037401311,1,1,6521,1.7,3949.5,District 5,SPA 3 - San Gabriel,City of San Dimas,46024646.4277344,31455.4785495973
2568,06037403401,1,1,5038,0.9,5693.4,District 1,SPA 3 - San Gabriel,City of Walnut,24668756.4775391,31552.8608838048
2569,06037297202,1,1,3423,0.2,15397.2,District 4,SPA 8 - South Bay,Los Angeles - San Pedro,6198688.53613281,9987.20395438703
2570,06037433802,1,1,2780,2.3,1225.4,District 1,SPA 3 - San Gabriel,Unincorporated - Whittier Narrows,70554048.0419922,44126.2205247679
2571,06037401701,1,1,4137,0.8,5369.3,District 5,SPA 3 - San Gabriel,City of Claremont,21475076.8769531,18366.7747836381
2572,06037117301,1,1,3851,0.5,7488.5,District 3,SPA 2 - San Fernando,Los Angeles - North Hills,14335348.9482422,16182.3755057874
2573,06037573004,1,1,5153,0.2,32479.4,District 4,SPA 8 - South Bay,City of Long Beach,4423554.49902344,8641.32184669941
2574,06037124104,1,1,2439,0.1,19470.2,District 5,SPA 2 - San Fernando,Los Angeles - North Hollywood,3492065.21386719,7927.11849709006
2575,06037189101,1,1,2743,0.2,17975.1,District 5,SPA 4 - Metro,Los Angeles - Los Feliz,4254115.40332031,8256.53744050161
2576,06037920015,2,2,6353,2.3,2807.8,District 5,SPA 2 - San Fernando,City of Santa Clarita,63081882.2041016,38691.6833063812
2577,06037920016,2,2,4904,0.8,5904.7,District 5,SPA 2 - San Fernando,City of Santa Clarita,22800444.4707031,21890.2820718429
2578,06037189400,1,1,3448,0.6,6172.3,District 5,SPA 4 - Metro,Los Angeles - Hollywood Hills,15572866.7939453,29227.4157560926
2579,06037219800,1,1,3310,0.2,19215.9,District 2,SPA 6 - South,Los Angeles - Alsace,4802120.48339844,9746.01750660658
2580,06037430002,1,1,7021,0.8,8458.6,District 5,SPA 3 - San Gabriel,City of Duarte,23124745.7080078,26818.3419527935
2581,06037430102,1,1,4809,0.5,9623.4,District 5,SPA 3 - San Gabriel,City of Duarte,13929990.8291016,21286.4614353419
2582,06037212420,1,1,3228,0.1,58279.9,District 2,SPA 4 - Metro,Los Angeles - Koreatown,1544109.36914063,4956.62921967546
2583,06037430400,1,1,4424,1.4,3187.4,District 5,SPA 3 - San Gabriel,City of Arcadia,38773350.0732422,35133.5521952161
2584,06037460100,1,1,5793,2.2,2651,District 5,SPA 3 - San Gabriel,Unincorporated - Altadena,61231565.3730469,44438.6790920093
2585,06037460200,1,1,5315,1.2,4293.1,District 5,SPA 3 - San Gabriel,Unincorporated - Altadena,34397290.6855469,27928.02653013
2586,06037122420,1,1,5050,0.3,15160.8,District 3,SPA 2 - San Fernando,Los Angeles - North Hollywood,9285562.21777344,12386.8044016798
2587,06037463102,1,1,3779,1,3876.5,District 5,SPA 3 - San Gabriel,Unincorporated - East Pasadena,27061700.9541016,35018.2753925099
2588,06037401800,1,1,7378,2.3,3176.7,District 5,SPA 3 - San Gabriel,City of Claremont,64893394.8691406,35242.6007214597
2589,06037910504,1,1,4797,0.6,7816.7,District 5,SPA 1 - Antelope Valley,City of Palmdale,17106055.0664063,18972.5432111955
2590,06037127711,1,1,3356,0.4,9196.1,District 3,SPA 2 - San Fernando,Los Angeles - Van Nuys,10199682.6191406,13542.4695117941
2591,06037403405,1,1,1631,1.4,1207.6,District 1,SPA 3 - San Gabriel,City of Walnut,37654078.8466797,34893.4552461043
2592,06037403406,1,1,2796,0.5,5741.4,District 1,SPA 3 - San Gabriel,City of Walnut,13576473.7294922,15860.7923731497
2593,06037501803,1,1,4705,0.2,20577.9,District 4,SPA 7 - East,City of Whittier,6377300.58496094,11123.2711884173
2594,06037400206,1,1,5328,1.4,3727.3,District 5,SPA 3 - San Gabriel,City of Claremont,39896395.0966797,37365.2631894726
2595,06037208720,1,1,4179,0.1,65702.5,District 1,SPA 4 - Metro,Los Angeles - Westlake,1773163.95703125,6918.86293020696
2596,06037400800,1,1,3967,1,3904.8,District 5,SPA 3 - San Gabriel,City of Glendora,28331831.7324219,21679.3597667286
2597,06037460301,1,1,4638,1.9,2423.8,District 5,SPA 3 - San Gabriel,Unincorporated - Altadena,52936437.40625,40565.9610557973
2598,06037400602,1,1,4719,0.6,7929.6,District 1,SPA 3 - San Gabriel,City of Azusa,16609048.5976563,21934.7682695557
2599,06037408139,1,1,4482,0.3,14785.6,District 1,SPA 3 - San Gabriel,Unincorporated - San Jose Hills,8450866.00585938,13065.449491367
2600,06037406800,1,1,4926,0.7,7373.7,District 1,SPA 3 - San Gabriel,City of West Covina,18783753.2275391,24807.0981767995
2601,06037403408,1,1,6576,1.2,5369,District 1,SPA 3 - San Gabriel,City of Walnut,34146290.5175781,25928.5507867126
2602,06037670201,1,1,3852,1.9,2055.3,District 4,SPA 8 - South Bay,City of Rolling Hills Estates,52594589.3144531,51606.5439908973
2603,06037542800,1,1,3123,0.3,10417.4,District 2,SPA 6 - South,City of Compton,8358113.76269531,11687.5896342236
2604,06037431002,1,1,3163,0.5,6012.6,District 5,SPA 3 - San Gabriel,City of Monrovia,14596732.4082031,17496.358495206
2605,06037460600,1,1,4511,1.6,2758.8,District 5,SPA 2 - San Fernando,City of La Canada Flintridge,45714699.7207031,37264.5921210756
2606,06037211201,1,1,2645,0.1,49153.8,District 2,SPA 4 - Metro,Los Angeles - Wilshire Center,1500115.66308594,4915.79781077348
2607,06037212502,1,1,2767,0.1,25138.1,District 2,SPA 4 - Metro,Los Angeles - Koreatown,3068569.80175781,8256.68330655475
2608,06037276100,1,1,5592,0.4,14749.6,District 2,SPA 5 - West,Los Angeles - Westchester,10602294.6826172,25883.1604133293
2609,06037403600,1,1,6672,1.9,3531.4,District 1,SPA 3 - San Gabriel,City of Covina,52983632.171875,38317.3012630253
2610,06037222001,1,1,3237,0.2,17676.2,District 2,SPA 6 - South,Los Angeles - Exposition Park,5105293.14746094,9152.50954022052
2611,06037189702,1,1,2227,0.6,3948.2,District 5,SPA 4 - Metro,Los Angeles - Hollywood Hills,15699520.7773438,23121.7279691375
2612,06037143604,1,1,3205,0.2,15575.3,District 5,SPA 2 - San Fernando,Los Angeles - North Hollywood,6047699.57910156,13797.376465326
2613,06037408704,1,1,3155,0.4,7141,District 1,SPA 3 - San Gabriel,Unincorporated - Rowland Heights,12317295.9648438,16729.3741736285
2614,06037408705,1,1,5427,0.7,7293.8,District 1,SPA 3 - San Gabriel,Unincorporated - Rowland Heights,20753732.4121094,19115.0927967202
2615,06037432602,1,1,4554,0.4,11080.2,District 1,SPA 3 - San Gabriel,City of El Monte,11457807.3144531,14750.7989060203
2616,06037106642,1,1,3236,0.6,5312.6,District 3,SPA 2 - San Fernando,Los Angeles - Granada Hills,16979505.9570313,20368.8791516344
2617,06037106643,1,1,4320,1.7,2582.4,District 3,SPA 2 - San Fernando,Los Angeles - Granada Hills,46699507.1308594,32813.7806306537
2618,06037267501,1,1,5379,0.2,30696.3,District 3,SPA 5 - West,Los Angeles - West Los Angeles,4885175.26660156,9067.55047708296
2619,06037109100,1,1,2492,1,2383.8,District 3,SPA 2 - San Fernando,Los Angeles - Mission Hills,29123462.7080078,26332.2283779904
2620,06037111204,1,1,5859,1.3,4605.8,District 3,SPA 2 - San Fernando,Los Angeles - Porter Ranch,35639214.6914063,25934.6482459908
2621,06037191902,1,1,2867,0.3,10223.7,District 3,SPA 4 - Metro,Los Angeles - Melrose,7817628.45117188,11569.8120312783
2622,06037194102,1,1,3458,1.4,2558.5,District 3,SPA 4 - Metro,Los Angeles - Hollywood Hills,37710234.8769531,38288.1554985387
2623,06037102104,1,1,3648,0.6,5691.6,District 5,SPA 2 - San Fernando,Los Angeles - Sun Valley,17851107.0527344,27555.4662841332
2624,06037401101,1,1,5663,1.2,4869.7,District 5,SPA 3 - San Gabriel,City of Glendora,32453940.0585938,25073.8402079251
2625,06037403323,1,1,5356,1.2,4598.8,District 1,SPA 3 - San Gabriel,City of Diamond Bar,32469171.5263672,25231.6952991612
2626,06037108202,1,1,4895,2.3,2114.1,District 3,SPA 2 - San Fernando,Los Angeles - Porter Ranch,64576279.1582031,36432.1611213965
2627,06037403324,1,1,6804,3.6,1884.1,District 1,SPA 3 - San Gabriel,City of Diamond Bar,100695034.529297,48363.7662046861
2628,06037262501,1,1,3662,0.6,5800.5,District 3,SPA 5 - West,Los Angeles - Pacific Palisades,17635347.4394531,19927.6728218464
2629,06037215101,1,1,2477,0.1,18240.7,District 2,SPA 4 - Metro,Los Angeles - Miracle Mile,3821158.43164063,10307.7299871054
2630,06037542106,1,1,3373,0.3,10166.9,District 2,SPA 6 - South,City of Compton,9421179.44140625,17421.8878757915
2631,06037433200,1,1,6163,0.7,8981.7,District 1,SPA 3 - San Gabriel,City of El Monte,19102025.4257813,22173.1935123275
2632,06037407501,1,1,4411,0.4,10091.5,District 1,SPA 3 - San Gabriel,Unincorporated - Valinda,12185546.9228516,17052.1848089963
2633,06037408137,1,1,4152,0.3,12944,District 1,SPA 3 - San Gabriel,City of West Covina,8942495.99511719,14267.310463458
2634,06037980015,1,1,554,2,271.9,District 4,SPA 8 - South Bay,Los Angeles - Harbor City,58235952.2685547,35820.1506265104
2635,06037600702,1,1,4191,0.9,4499.8,District 2,SPA 8 - South Bay,City of Inglewood,26162751.8525391,24173.2118130509
2636,06037920338,2,2,5721,1.4,3988,District 5,SPA 2 - San Fernando,Unincorporated - Stevenson Ranch,40076489.3632813,34243.7869137505
2637,06037195803,1,1,2603,0.1,17864,District 1,SPA 4 - Metro,Los Angeles - Temple-Beaudry,4062125.00097656,9006.74440959736
2638,06037104124,1,1,4175,1.7,2413.6,District 5,SPA 2 - San Fernando,Unincorporated - Kagel/Lopez Canyons,48221678.2041016,39589.7121911512
2639,06037901209,2,2.1,1633,227.2,7.2,District 5,SPA 1 - Antelope Valley,Unincorporated - West Antelope Valley,6418046524.49805,567274.684728586
2640,06037901213,1,1,3553,23.9,148.7,District 5,SPA 1 - Antelope Valley,Unincorporated - Leona Valley,668697133.592773,139684.574697929
2641,06037920011,2,2.1,286,63,4.5,District 5,SPA 2 - San Fernando,Unincorporated - San Francisquito Canyon/Bouquet Canyon,1757337521.16699,248313.171390334
2642,06037920012,2,2.1,1072,27,39.7,District 5,SPA 2 - San Fernando,Unincorporated - Bouquet Canyon,778144860.551758,167395.310549519
2643,06037670602,1,1,7345,5.5,1336.9,District 4,SPA 8 - South Bay,City of Rancho Palos Verdes,231464363.561523,103480.986908833
2644,06037122410,1,1,3794,0.3,13898.7,District 3,SPA 2 - San Fernando,Los Angeles - North Hollywood,7609489.6875,11117.4625056184
2645,06037501600,1,1,7190,3.8,1905,District 4,SPA 7 - East,City of Whittier,105337722.396484,48230.9024833975
2646,06037553503,1,1,2768,0.2,16938,District 4,SPA 6 - South,City of Paramount,4556093.57324219,9558.94497929127
2647,06037408402,1,1,5799,4.5,1297.4,District 1,SPA 3 - San Gabriel,Unincorporated - Hacienda Heights,124586092.383789,62505.9590424898
2648,06037213202,1,1,3873,0.1,29684.3,District 2,SPA 4 - Metro,Los Angeles - Koreatown,3637318.75683594,8141.43572855068
2649,06037143800,1,1,4878,1,4844.1,District 5,SPA 2 - San Fernando,Los Angeles - Studio City,28059438.6904297,36235.4891645787
2650,06037262601,1,1,3660,1.4,2567,District 3,SPA 5 - West,Los Angeles - Palisades Highlands,38968307.015625,35450.3548126308
2651,06037300100,1,1,6002,1.8,3394.6,District 5,SPA 2 - San Fernando,Unincorporated - La Crescenta-Montrose,49538266.6269531,30860.9945984962
2652,06037573003,1,1,1802,0.2,11634.4,District 4,SPA 8 - South Bay,City of Long Beach,4824001.88183594,9050.00845754148
2653,06037300501,1,1,3868,0.5,7533.3,District 5,SPA 2 - San Fernando,Unincorporated - La Crescenta-Montrose,13677703.2578125,20363.7018942674
2654,06037132300,1,1,6494,0.5,13154.5,District 3,SPA 2 - San Fernando,Los Angeles - Reseda,13761831.3623047,15787.5004958334
2655,06037576001,1,1,4969,0.7,7271.3,District 4,SPA 8 - South Bay,City of Long Beach,33316023.1220703,26295.1843259898
2656,06037123602,1,1,3332,0.4,9302,District 3,SPA 2 - San Fernando,Los Angeles - Valley Glen,9985609.13769531,14187.456703584
2657,06037604002,1,1,5078,0.3,20212.9,District 2,SPA 8 - South Bay,City of Lawndale,7004300.22949219,10362.942519589
2658,06037104404,1,1,3236,0.2,15531.7,District 3,SPA 2 - San Fernando,Los Angeles - Pacoima,5807918.47363281,10935.7094647293
2659,06037530101,1,1,5400,0.4,14137.8,District 1,SPA 7 - East,City of Montebello,10898597.6992188,14047.7360807314
2660,06037530203,1,1,3238,0.3,11385.9,District 1,SPA 7 - East,City of Montebello,7928251.16308594,14385.2059029436
2661,06037117201,1,1,4352,0.3,14272.4,District 3,SPA 2 - San Fernando,Los Angeles - North Hills,8520596.19140625,13684.2556093223
2662,06037117408,1,1,2830,0.1,19467.5,District 3,SPA 2 - San Fernando,Los Angeles - North Hills,4052431.76269531,8246.91611446247
2663,06037552100,1,1,5891,0.6,10437.1,District 4,SPA 7 - East,City of Norwalk,15736279.3476563,17538.2241619558
2664,06037536102,1,1,3164,1.1,2957.3,District 4,SPA 7 - East,City of South Gate,33071182.1669922,27741.9923190606
2665,06037551700,1,1,6547,0.5,13072.5,District 4,SPA 7 - East,City of Downey,13962882.7324219,15848.2957902962
2666,06037530601,1,1,3431,0.2,15555.4,District 1,SPA 7 - East,Unincorporated - East Los Angeles,6141830.95703125,13232.7740561783
2667,06037536200,1,1,7289,0.9,8529.9,District 4,SPA 7 - East,City of South Gate,23823931.7734375,32279.3058625842
2668,06037551800,1,1,7533,0.8,8867.9,District 4,SPA 7 - East,City of Downey,23985334.5556641,23548.7662405302
2669,06037119342,1,1,3180,0.1,37594.5,District 3,SPA 2 - San Fernando,Los Angeles - Panorama City,2358167.72558594,6104.94540637316
2670,06037217001,1,1,2654,0.2,12531.2,District 3,SPA 5 - West,Los Angeles - Crestview,5904316.16503906,10940.7936166339
2671,06037800203,1,1,5643,4,1405.4,District 3,SPA 2 - San Fernando,Unincorporated - Santa Monica Mountains,111846560.289063,56455.1573343953
2672,06037601401,1,1,4683,0.6,7710.2,District 2,SPA 8 - South Bay,City of Inglewood,16933194.3867188,18287.0669764116
2673,06037106648,1,1,3890,0.3,12706.1,District 3,SPA 2 - San Fernando,Los Angeles - Sylmar,8534166.31152344,13655.9663132668
2674,06037540501,1,1,6943,0.6,12377.7,District 4,SPA 6 - South,City of Lynwood,15637864.9658203,19057.4550505951
2675,06037576502,1,1,4543,0.1,38250.1,District 4,SPA 8 - South Bay,City of Long Beach,3311588.25390625,8030.26794413262
2676,06037228320,1,1,3219,0.1,24735.8,District 2,SPA 6 - South,Los Angeles - Vernon Central,3627882.02148438,10223.8135548083
2677,06037216700,1,1,3709,0.3,12348.2,District 2,SPA 4 - Metro,Los Angeles - Crestview,8373696.29296875,11709.653539341
2678,06037211420,1,1,3859,0.1,26227.8,District 2,SPA 4 - Metro,Los Angeles - Wilshire Center,4101768.10644531,8393.58481334178
2679,06037191810,1,1,3498,0.2,22411.5,District 3,SPA 4 - Metro,Los Angeles - Melrose,4351163.39160156,9234.50026367202
2680,06037530801,1,1,6325,0.3,21299.4,District 1,SPA 7 - East,Unincorporated - East Los Angeles,8278551.83203125,14508.5953120656
2681,06037108103,1,1,3256,1,3289.2,District 3,SPA 2 - San Fernando,Los Angeles - Porter Ranch,27606106.7851563,36634.5305906085
2682,06037273502,1,1,2884,0.2,12595.5,District 3,SPA 5 - West,Los Angeles - Venice,8467459.02636719,13268.0522948615
2683,06037541606,1,1,2506,0.1,19039.4,District 2,SPA 6 - South,City of Compton,3669628.63476563,8096.70647494251
2684,06037242600,1,1,4409,0.2,23990.3,District 2,SPA 6 - South,Los Angeles - Watts,5123820.07226563,9153.0796943631
2685,06037532400,1,1,112,4.8,23.2,District 4,SPA 7 - East,City of Vernon,139290921.25,68955.310477285
2686,06037541605,1,1,5323,0.3,15888.4,District 2,SPA 6 - South,City of Compton,9340501.68066406,14018.8142557984
2687,06037293307,1,1,2306,0.1,17698.4,District 4,SPA 8 - South Bay,Los Angeles - Harbor City,3646009.27050781,9163.04103487544
2688,06037408202,1,1,2037,4,515,District 1,SPA 3 - San Gabriel,City of Industry,112859931.90332,66799.7334270901
2689,06037234800,1,1,3426,0.3,13563.8,District 2,SPA 6 - South,Los Angeles - Hyde Park,7041768.87988281,10614.4641534404
2690,06037262100,1,1,3586,3.4,1062.2,District 3,SPA 5 - West,Los Angeles - Bel Air,94415428.2900391,70340.3805224848
2691,06037203710,1,1,3259,0.1,29924.2,District 1,SPA 4 - Metro,Los Angeles - Boyle Heights,3036174.99023438,7623.78207956169
2692,06037542103,1,1,4114,0.2,18649.9,District 2,SPA 6 - South,Unincorporated - East Rancho Dominguez,6150117.53808594,11371.5420548065
2693,06037910811,2,2,305,124.8,2.4,District 5,SPA 1 - Antelope Valley,Unincorporated - Angeles National Forest,3485644093.90918,477860.509413158
2694,06037541001,1,1,1164,1,1155.3,District 2,SPA 8 - South Bay,Unincorporated - Rosewood/East Gardena,28089721.8417969,21529.7454141798
2695,06037702300,1,1,6364,1,6341.2,District 3,SPA 5 - West,City of Santa Monica,27983212.6230469,21142.6801817375
2696,06037531504,1,1,4414,0.2,22737.6,District 1,SPA 7 - East,Unincorporated - East Los Angeles,5411952.68554688,10726.4224998723
2697,06037920036,2,2,3419,0.5,7244.7,District 5,SPA 2 - San Fernando,City of Santa Clarita,13155032.6533203,17256.7090789023
2698,06037920037,2,2,7131,0.4,19808.3,District 5,SPA 2 - San Fernando,City of Santa Clarita,10036881.5517578,17902.0791837168
2699,06037481202,1,1,6608,0.6,10756,District 1,SPA 3 - San Gabriel,Unincorporated - Northeast San Gabriel,16829959.1982422,17368.7382196243
2700,06037920108,2,2,3439,1.1,3198.3,District 5,SPA 2 - San Fernando,City of Santa Clarita,30033876.6191406,28250.0259521231
2701,06037800324,1,1,6664,1.4,4912.2,District 3,SPA 2 - San Fernando,City of Agoura Hills,38612611.0771484,32111.2756624676
2702,06037920109,2,2,4493,0.9,5151.9,District 5,SPA 2 - San Fernando,City of Santa Clarita,24315332.7304688,27357.6840076872
2703,06037703200,1,1,5629,0.8,6921.1,District 2,SPA 6 - South,Unincorporated - View Park/Windsor Hills,22673956.2226563,22823.0045392554
2704,06037800325,1,1,3407,0.8,4366.4,District 3,SPA 2 - San Fernando,City of Westlake Village,24868218.6503906,25116.7727193643
2705,06037533502,1,1,2143,0.1,23695.8,District 4,SPA 7 - East,City of Huntington Park,2521318.29882813,6451.91531919889
2706,06037920313,2,2,6010,1.1,5325.8,District 5,SPA 2 - San Fernando,City of Santa Clarita,31473028.9980469,25095.431719463
2707,06037575802,1,1,5167,0.1,41697.6,District 4,SPA 8 - South Bay,City of Long Beach,3454989.84667969,7901.9356559852
2708,06037920329,2,2,5460,0.8,6436.8,District 5,SPA 2 - San Fernando,City of Santa Clarita,23644828.2861328,20903.1107818144
2709,06037920334,2,2,6598,1.1,6153.2,District 5,SPA 2 - San Fernando,City of Santa Clarita,30156148.6572266,22413.2567351113
2710,06037190100,1,1,4481,0.2,19323.4,District 3,SPA 4 - Metro,Los Angeles - Hollywood,6464671.44140625,11009.1966282594
2711,06037211921,1,1,2474,0,69148.3,District 2,SPA 4 - Metro,Los Angeles - Little Bangladesh,997421.588867188,4152.1325735024
2712,06037464200,1,1,5937,1.3,4405,District 5,SPA 3 - San Gabriel,City of San Marino,37696706.7509766,28426.7490109973
2713,06037481201,1,1,3598,0.4,9306.2,District 5,SPA 3 - San Gabriel,City of Temple City,11075010.5957031,16452.1563669839
2714,06037405701,1,1,3853,0.4,9563.9,District 1,SPA 3 - San Gabriel,Unincorporated - Covina,11231002.6396484,14635.8749961802
2715,06037408211,1,1,5947,3,1984.3,District 1,SPA 3 - San Gabriel,City of Industry,84745798.2314453,43199.2664990026
2716,06037189201,1,1,3293,0.1,26186,District 5,SPA 4 - Metro,Los Angeles - Los Feliz,3505709.45605469,7950.84190482215
2717,06037502301,1,1,5461,0.6,8846.2,District 4,SPA 7 - East,Unincorporated - West Whittier/Los Nietos,17210484.4677734,17499.9141231281
2718,06037575102,1,1,4510,0.2,28773.4,District 4,SPA 8 - South Bay,City of Long Beach,4370245.85351563,9258.17237380698
2719,06037480002,1,1,3453,0.5,6614.8,District 5,SPA 3 - San Gabriel,Unincorporated - Northeast San Gabriel,14627697.7294922,19635.3483306941
2720,06037482001,1,1,2761,1.1,2445.9,District 1,SPA 3 - San Gabriel,City of Monterey Park,31739158.8193359,25601.5021391764
2721,06037553100,1,1,6298,0.8,8215.5,District 4,SPA 7 - East,City of Bellflower,22191682.5654297,22796.0080757646
2722,06037482101,1,1,4568,0.4,10267.8,District 1,SPA 3 - San Gabriel,City of Monterey Park,12402498.0996094,16859.0711326903
2723,06037482102,1,1,2828,0.4,6670.7,District 1,SPA 3 - San Gabriel,City of Monterey Park,11818848.5527344,15122.5169732004
2724,06037502500,1,1,4215,1.4,2944.8,District 4,SPA 7 - East,City of Pico Rivera,41068028.8837891,28347.7869389902
2725,06037501200,1,1,5057,0.5,9240.5,District 4,SPA 7 - East,City of Whittier,15258543.9287109,17449.0127032003
2726,06037480500,1,1,5485,0.8,6711,District 5,SPA 3 - San Gabriel,City of South Pasadena,22722787.4970703,24389.7951852188
2727,06037237600,1,1,4259,0.2,21897.7,District 2,SPA 6 - South,Los Angeles - Harvard Park,5422351.28613281,9469.49549827177
2728,06037404903,1,1,2905,0.2,13796,District 1,SPA 3 - San Gabriel,City of Baldwin Park,5870169.23144531,10537.5695153335
2729,06037553601,1,1,4750,0.8,6035.2,District 4,SPA 6 - South,City of Paramount,23498050.7109375,28197.2875658351
2730,06037553701,1,1,4176,0.4,10858.2,District 4,SPA 6 - South,City of Paramount,11697666.5117188,18565.0522939657
2731,06037602301,1,1,6265,0.7,9105.3,District 2,SPA 8 - South Bay,Unincorporated - Wiseburn,19338718.0146484,21791.4904595532
2732,06037602402,1,1,6769,0.5,13272.3,District 2,SPA 8 - South Bay,City of Hawthorne,14218944.4482422,17499.8750466615
2733,06037532001,1,1,3415,0.5,6535.3,District 1,SPA 7 - East,City of Montebello,14567885.6044922,17292.2302527959
2734,06037532200,1,1,6836,1.1,6311.6,District 1,SPA 7 - East,City of Montebello,30195399.8662109,27206.30518406
2735,06037204410,1,1,2363,0.1,20615.1,District 1,SPA 4 - Metro,Los Angeles - Boyle Heights,3195515.68847656,7602.19593878508
2736,06037800102,1,1,7078,20.3,347.9,District 3,SPA 2 - San Fernando,Unincorporated - Santa Monica Mountains,567363738.748047,156388.155044414
2737,06037554518,1,1,5435,0.7,8049.2,District 4,SPA 7 - East,City of Cerritos,19382147.4970703,21222.0693038879
2738,06037554522,1,1,4787,0.8,5756.7,District 4,SPA 7 - East,City of Cerritos,23609086.2480469,20804.270857819
2739,06037532302,1,1,4707,1.3,3695.2,District 4,SPA 7 - East,City of Commerce,35505981.5439453,31538.4757604431
2740,06037532303,1,1,4464,2.9,1528.5,District 4,SPA 7 - East,City of Commerce,81463623.0136719,46014.6261171973
2741,06037139301,1,1,4462,1.1,4032.8,District 3,SPA 2 - San Fernando,Los Angeles - Tarzana,30843790.9990234,26908.0938781223
2742,06037139302,1,1,4422,0.1,33854.4,District 3,SPA 2 - San Fernando,Los Angeles - Tarzana,3641075.10058594,7960.59053123008
2743,06037183520,1,1,3881,0.2,23501.6,District 1,SPA 4 - Metro,Los Angeles - Highland Park,4603630.95117188,9181.87254041191
2744,06037571600,1,1,2039,0.1,18276.7,District 4,SPA 8 - South Bay,City of Long Beach,3110452.62207031,9709.99117722238
2745,06037532304,1,1,3987,3.2,1259.9,District 4,SPA 7 - East,City of Commerce,90640717.4785156,48769.2592878416
2746,06037575803,1,1,2837,0.1,36814.8,District 4,SPA 8 - South Bay,City of Long Beach,2148618.94824219,6905.1988521598
2747,06037800101,1,1,5485,3.1,1754.7,District 3,SPA 2 - San Fernando,City of Calabasas,87143308.8798828,55793.3765463791
2748,06037206010,1,1,3127,0.5,5711,District 1,SPA 4 - Metro,Los Angeles - Wholesale District,15485647.8222656,21066.3708223486
2749,06037403319,1,1,4260,0.9,4921.9,District 1,SPA 3 - San Gabriel,City of Diamond Bar,24047582.15625,19931.0182924676
2750,06037408624,1,1,3227,0.5,6063.3,District 1,SPA 3 - San Gabriel,Unincorporated - Hacienda Heights,14821270.2861328,18438.7825164915
2751,06037267403,1,1,3011,0.1,31764.3,District 3,SPA 5 - West,Los Angeles - West Los Angeles,2642553.06054688,7831.86145296174
2752,06037980009,2,2,14,8.1,1.7,District 5,SPA 4 - Metro,Los Angeles - Los Feliz,228928416.638672,81127.1661621833
2753,06037123902,1,1,2561,0.3,9983.2,District 5,SPA 2 - San Fernando,Los Angeles - North Hollywood,7151226.42675781,11695.197217989
2754,06037134522,1,1,3954,0.2,16643.4,District 3,SPA 2 - San Fernando,Los Angeles - Canoga Park,6622638.69824219,10276.041126526
2755,06037192001,1,1,2466,0.2,12033.1,District 3,SPA 4 - Metro,Los Angeles - Melrose,5713104.82910156,11592.717776373
2756,06037211122,1,1,3075,0.1,21786.8,District 2,SPA 4 - Metro,Los Angeles - Wilshire Center,3934708.21875,8274.05149371747
2757,06037405702,1,1,4854,0.5,9268.8,District 1,SPA 3 - San Gabriel,City of Covina,14824383.4804688,16459.9918851834
2758,06037117407,1,1,3636,0.1,47481.5,District 3,SPA 2 - San Fernando,Los Angeles - North Hills,2134618.85742188,5893.74273842568
2759,06037920337,2,2,7257,0.6,11404.4,District 5,SPA 2 - San Fernando,City of Santa Clarita,17737944.0166016,21844.2948722323
2760,06037211121,1,1,2351,0.1,28463.3,District 2,SPA 4 - Metro,Los Angeles - Wilshire Center,2302581.125,7588.94333994461
2761,06037125402,1,1,3544,0.3,13182.5,District 5,SPA 2 - San Fernando,Los Angeles - North Hollywood,7494482.98339844,11089.7267321408
2762,06037552301,1,1,4900,0.5,10166.8,District 4,SPA 7 - East,City of Norwalk,13446807.5683594,17382.4999216967
2763,06037433305,1,1,4893,0.2,24881.8,District 1,SPA 3 - San Gabriel,City of El Monte,5510063.35351563,12378.720393957
2764,06037554103,1,1,1572,0.1,11046.6,District 4,SPA 7 - East,City of Bellflower,3967512.81738281,8807.57793249343
2765,06037127104,1,1,3573,0.3,13073.9,District 3,SPA 2 - San Fernando,Los Angeles - Van Nuys,7618187.61523438,11271.0613944149
2766,06037208302,1,1,4360,0.2,25666.2,District 1,SPA 4 - Metro,Los Angeles - Historic Filipinotown,4735666.56738281,9852.78042026742
2767,06037533804,1,1,4543,0.2,23057.6,District 4,SPA 7 - East,City of Bell,5492985.88574219,11133.0822211975
2768,06037402001,1,1,3080,0.6,5471.9,District 5,SPA 3 - San Gabriel,City of Claremont,15701036.0048828,18566.4243218767
2769,06037535002,1,1,3681,0.2,19728.2,District 2,SPA 6 - South,Unincorporated - Florence-Firestone,5201856.18066406,9325.69619151901
2770,06037534700,1,1,4283,0.2,20080.4,District 4,SPA 7 - East,Unincorporated - Walnut Park,5946408.25488281,9897.55153880569
2771,06037541801,1,1,4903,0.3,17761.9,District 4,SPA 6 - South,City of Lynwood,7695960.58105469,12246.7027010073
2772,06037575001,1,1,3608,0.4,9896.8,District 4,SPA 8 - South Bay,City of Long Beach,10140548.9453125,15600.886646291
2773,06037503301,1,1,3394,0.4,8054.3,District 4,SPA 7 - East,City of Whittier,11748009.046875,14413.6207871482
2774,06037604100,1,1,7058,0.4,17941.2,District 2,SPA 8 - South Bay,City of Lawndale,10968074.5839844,13938.686524902
2775,06037463000,1,1,2228,0.7,3207.3,District 5,SPA 3 - San Gabriel,City of Pasadena,19554149.1347656,18108.5787657127
2776,06037543202,1,1,4867,1.2,4152.2,District 2,SPA 6 - South,City of Compton,33268222.8642578,29891.2256996731
2777,06037543304,1,1,6061,0.6,9749.3,District 2,SPA 8 - South Bay,City of Carson,17333054.0869141,16704.7259820406
2778,06037570303,1,1,4247,0.2,18318.3,District 4,SPA 8 - South Bay,City of Long Beach,6631187.6796875,11564.9582276324
2779,06037117530,1,1,5641,0.2,26830.3,District 3,SPA 2 - San Fernando,Los Angeles - North Hills,5993764.5625,9950.7604449906
2780,06037651222,1,1,6211,0.6,10700.8,District 4,SPA 8 - South Bay,City of Torrance,16464084.40625,18095.5792588144
2781,06037533602,1,1,5420,0.3,20019.7,District 4,SPA 7 - East,City of Bell,7547774.515625,14354.269039717
2782,06037291120,1,1,2210,0.3,8163.3,District 2,SPA 8 - South Bay,Los Angeles - Harbor Gateway,7550919.828125,10995.4305075285
2783,06037262400,1,1,3233,4.4,743.1,District 3,SPA 5 - West,Los Angeles - Mandeville Canyon,121292178.058594,75093.0314991844
2784,06037209402,1,1,3728,0.1,70874.2,District 1,SPA 4 - Metro,Los Angeles - Westlake,1466391.25097656,4849.91368301447
2785,06037480901,1,1,4686,0.4,12756.6,District 1,SPA 3 - San Gabriel,City of Alhambra,10240590.0498047,12999.1003984199
2786,06037261102,1,1,4362,3.1,1422.9,District 3,SPA 5 - West,Los Angeles - Beverly Crest,85597975.5625,56904.444617949
2787,06037189800,1,1,4021,0.3,14271.3,District 3,SPA 4 - Metro,Los Angeles - Hollywood,7854607.15136719,12683.0480553102
2788,06037143901,1,1,4068,2,1994.4,District 3,SPA 2 - San Fernando,Los Angeles - Studio City,56976928.6640625,42046.8520520551
2789,06037123010,1,1,4580,0.4,11677.1,District 3,SPA 2 - San Fernando,Los Angeles - Sun Valley,10933727.9541016,13636.3942334718
2790,06037430901,1,1,4324,0.5,9586.6,District 5,SPA 3 - San Gabriel,City of Monrovia,12533248.1533203,14932.6049618909
2791,06037461901,1,1,5118,0.3,15104.7,District 5,SPA 3 - San Gabriel,City of Pasadena,9458522.91796875,13427.5430613022
2792,06037212410,1,1,3903,0.1,64309.8,District 2,SPA 4 - Metro,Los Angeles - Koreatown,1691952.96289063,5550.69662373208
2793,06037462302,1,1,2972,0.3,11008.5,District 5,SPA 3 - San Gabriel,City of Pasadena,7544740.25683594,11249.3392479867
2794,06037463602,1,1,5051,0.4,14103.3,District 5,SPA 3 - San Gabriel,City of Pasadena,9984033.72460938,12758.1960596541
2795,06037554513,1,1,2507,0.2,11452.4,District 4,SPA 7 - East,City of Cerritos,6101690.93261719,10491.8255718181
2796,06037262200,1,1,4675,3.3,1413.9,District 3,SPA 5 - West,Los Angeles - Bel Air,92227671.0107422,52227.5225686151
2797,06037297110,1,1,4679,0.2,24859.6,District 4,SPA 8 - South Bay,Los Angeles - San Pedro,5248010.81152344,9163.59606945181
2798,06037141201,1,1,3707,0.3,13852,District 3,SPA 2 - San Fernando,Los Angeles - Sherman Oaks,7545633.40234375,12115.1534880663
2799,06037234902,1,1,4005,0.2,23168.4,District 2,SPA 6 - South,Los Angeles - Hyde Park,4819302.62109375,9961.99756161397
2800,06037408623,1,1,3023,0.4,8210.1,District 1,SPA 3 - San Gabriel,Unincorporated - Hacienda Heights,10265121.2382813,13101.8262035131
2801,06037293304,1,1,4178,0.2,19001,District 4,SPA 8 - South Bay,Los Angeles - Harbor City,6130718.87011719,9931.99166224336
2802,06037603102,1,1,4084,0.3,14173.2,District 2,SPA 8 - South Bay,City of Gardena,8027763.234375,11372.6907088152
2803,06037620521,1,1,4097,0.2,16471.5,District 2,SPA 8 - South Bay,City of Redondo Beach,6934763.33984375,10531.0130717349
2804,06037670702,1,1,5477,2.6,2120.2,District 4,SPA 8 - South Bay,City of Rancho Palos Verdes,73120052.5791016,61528.8301227727
2805,06037900701,1,1,5289,0.8,6541.8,District 5,SPA 1 - Antelope Valley,City of Lancaster,22535922.3359375,19147.7042792331
2806,06037910810,2,2,2765,9.2,300.5,District 5,SPA 2 - San Fernando,Unincorporated - Agua Dulce,256559857.4375,72142.1809588429
2807,06037920032,2,2,2897,4.8,608.5,District 5,SPA 2 - San Fernando,Unincorporated - Canyon Country,132564961.569336,53707.1968976309
2808,06037920104,2,2,2798,61.1,45.8,District 5,SPA 2 - San Fernando,Unincorporated - Castaic,1703614352.33496,230799.483725186
2809,06037920303,1,1,1446,19.9,72.7,District 5,SPA 2 - San Fernando,Unincorporated - Twin Lakes/Oat Mountain,554874426.376953,137201.018057318
2810,06037269907,1,1,2761,0.1,25834.9,District 3,SPA 5 - West,Los Angeles - Palms,2979392.00488281,7628.81905650722
2811,06037128102,1,1,4795,0.3,19141.3,District 3,SPA 2 - San Fernando,Los Angeles - Van Nuys,6983261.68359375,10570.6971360741
2812,06037143603,1,1,2222,0.2,11709.2,District 5,SPA 2 - San Fernando,Los Angeles - Studio City,5655807.44824219,13494.0652744803
2813,06037115401,1,1,5776,0.7,7852.3,District 3,SPA 2 - San Fernando,Los Angeles - Northridge,20505497.2695313,20433.094250902
2814,06037300200,1,1,5546,0.7,7570.3,District 5,SPA 2 - San Fernando,Unincorporated - La Crescenta-Montrose,20482134.1035156,21642.4098094896
2815,06037301602,1,1,3908,0.4,10094.5,District 5,SPA 2 - San Fernando,City of Glendale,10724434.0419922,15495.0087817396
2816,06037301702,1,1,5556,0.3,17678.4,District 5,SPA 2 - San Fernando,City of Glendale,8878490.4921875,12263.7714872117
2817,06037311000,1,1,3755,0.5,7357.6,District 5,SPA 2 - San Fernando,City of Burbank,14234396.6044922,15633.6222547698
2818,06037407101,1,1,4834,0.4,11028.4,District 1,SPA 3 - San Gabriel,City of La Puente,12219677.2167969,15240.2564435838
2819,06037190402,1,1,2487,0.1,40989.3,District 1,SPA 4 - Metro,Los Angeles - Thai Town,1691439.60546875,5221.39163021909
2820,06037482502,1,1,3373,0.2,13635.9,District 1,SPA 3 - San Gabriel,City of Rosemead,6895933.97949219,10477.0143346378
2821,06037208904,1,1,3926,0,90703.3,District 1,SPA 4 - Metro,Los Angeles - Westlake,1206663.5,4564.63611014245
2822,06037800202,1,1,6319,10.6,597.3,District 3,SPA 2 - San Fernando,Unincorporated - Santa Monica Mountains,294810947.087891,89207.9036492774
2823,06037139703,1,1,2943,1.8,1611.9,District 3,SPA 2 - San Fernando,Los Angeles - Encino,50898928.28125,41376.8014138162
2824,06037131300,1,1,4902,0.4,11356,District 3,SPA 2 - San Fernando,Los Angeles - Reseda,12033304.5166016,14396.2257332288
2825,06037115302,1,1,4351,0.3,13528.5,District 3,SPA 2 - San Fernando,Los Angeles - Northridge,9017482.49414063,12561.9484744478
2826,06037109700,1,1,4493,0.6,7333.2,District 3,SPA 2 - San Fernando,Los Angeles - Granada Hills,17079329.3535156,17939.9053525616
2827,06037571102,1,1,3877,0.5,8005.4,District 4,SPA 7 - East,City of Lakewood,13502735.4238281,15652.7927247301
2828,06037311802,1,1,3813,0.3,12171.5,District 5,SPA 2 - San Fernando,City of Burbank,8868053.47558594,12482.310353881
2829,06037134305,1,1,3847,0.1,27864,District 3,SPA 2 - San Fernando,Los Angeles - Canoga Park,3848663.90722656,8097.51908169156
2830,06037910206,1,1,3246,19.5,166.8,District 5,SPA 1 - Antelope Valley,City of Palmdale,543280374.899414,124219.918068307
2831,06037910804,2,2,3295,25.2,130.9,District 5,SPA 1 - Antelope Valley,Unincorporated - Acton,701572956.572266,123756.684566994
2832,06037401304,1,1,5642,4.1,1379.8,District 5,SPA 3 - San Gabriel,City of San Dimas,124694882.025391,71998.7393792289
2833,06037576302,1,1,4101,0.1,32811.9,District 4,SPA 8 - South Bay,City of Long Beach,3484769.05273438,7919.6139713607
2834,06037143902,1,1,3000,1,3080.3,District 3,SPA 2 - San Fernando,Los Angeles - Sherman Oaks,27199022.8310547,34224.6936839833
2835,06037141700,1,1,3091,1.3,2468,District 3,SPA 2 - San Fernando,Los Angeles - Sherman Oaks,34917648.0107422,31997.5253021009
2836,06037270100,1,1,4412,0.2,20020.9,District 3,SPA 5 - West,Los Angeles - Palms,6156554.10449219,13366.3895237228
2837,06037401203,1,1,5216,0.7,7099.8,District 5,SPA 3 - San Gabriel,City of Glendora,20501499.7402344,18844.8639313443
2838,06037143700,1,1,3748,1.3,2864,District 5,SPA 2 - San Fernando,Los Angeles - Hollywood Hills,35337508.3388672,37430.3186643749
2839,06037104810,1,1,5328,0.4,12284.1,District 3,SPA 2 - San Fernando,Los Angeles - Pacoima,12090762.5029297,14242.1699822305
2840,06037212203,1,1,2679,0,65263.7,District 2,SPA 4 - Metro,Los Angeles - Wilshire Center,1144354.08203125,4500.8128574006
2841,06037460000,1,1,4851,2.6,1867.8,District 5,SPA 3 - San Gabriel,Unincorporated - Kinneloa Mesa,72842914.6552734,46069.5000790895
2842,06037463500,1,1,5747,0.6,8865.2,District 5,SPA 3 - San Gabriel,City of Pasadena,18103990.4130859,17623.2696984585
2843,06037291110,1,1,3510,0.3,12779.7,District 2,SPA 8 - South Bay,Los Angeles - Harbor Gateway,7657287.73144531,11598.826088921
2844,06037291130,1,1,3582,0.5,7183.6,District 2,SPA 8 - South Bay,Los Angeles - Harbor Gateway,13902008.9355469,15841.29938063
2845,06037239501,1,1,3454,0.2,18864.6,District 2,SPA 6 - South,Los Angeles - Florence-Firestone,5104495.24804688,10575.5848559965
2846,06037296300,1,1,4221,0.4,10288,District 4,SPA 8 - South Bay,Los Angeles - San Pedro,11439696.0244141,17040.1132518624
2847,06037294610,1,1,4065,0.3,12780,District 4,SPA 8 - South Bay,Los Angeles - Wilmington,8868460.14941406,11953.8109595802
2848,06037460302,1,1,4442,0.5,8777.7,District 5,SPA 3 - San Gabriel,Unincorporated - Altadena,14108094.8466797,17612.9180538969
2849,06037275400,1,1,3349,0.3,11550,District 2,SPA 5 - West,Los Angeles - Del Rey,8083680.88183594,13077.5037506959
2850,06037297500,1,1,5163,0.8,6367.2,District 4,SPA 8 - South Bay,Los Angeles - San Pedro,45788101.4609375,28276.0821630437
2851,06037600304,1,1,3424,0.2,19894.4,District 2,SPA 8 - South Bay,Unincorporated - Athens-Westmont,4798305.85742188,9662.24028887019
2852,06037227020,1,1,3599,0.2,21179.2,District 2,SPA 6 - South,Los Angeles - Central,4737436.15429688,9166.08039068176
2853,06037407301,1,1,4828,0.4,12648.8,District 1,SPA 3 - San Gabriel,Unincorporated - West Puente Valley,10651425.5839844,15402.1130713668
2854,06037407400,1,1,2133,0.2,9101,District 1,SPA 3 - San Gabriel,City of West Covina,6533820.27929688,10292.9901665238
2855,06037408133,1,1,5739,0.4,14059.9,District 1,SPA 3 - San Gabriel,City of West Covina,11379425.8476563,18412.2349188258
2856,06037800408,1,1,7122,6.2,1144,District 3,SPA 5 - West,City of Malibu,230261035.390625,93376.5676376792
2857,06037404600,1,1,1422,8.8,161.2,District 1,SPA 3 - San Gabriel,City of Irwindale,267715845.072266,131961.368729734
2858,06037800326,1,1,4972,16,310.1,District 3,SPA 2 - San Fernando,Unincorporated - Santa Monica Mountains,453164513.575195,123085.878163427
2859,06037800329,1,1,6421,8.7,737,District 3,SPA 2 - San Fernando,Unincorporated - Santa Monica Mountains,243027471.645508,84900.6510546144
2860,06037800330,2,2,942,10.9,86.4,District 3,SPA 2 - San Fernando,Unincorporated - Santa Monica Mountains,306347634.041016,122547.327035294
2861,06037530006,1,1,3963,0.3,15574.9,District 1,SPA 7 - East,City of Montebello,7110648.265625,13236.9881662104
2862,06037139702,1,1,6250,3.4,1828.9,District 3,SPA 2 - San Fernando,Los Angeles - Encino,101119337.310547,65631.9325547435
2863,06037236203,1,1,3417,0.1,26080.6,District 2,SPA 6 - South,Los Angeles - Baldwin Hills,3652628.95117188,10831.8530296014
2864,06037119340,1,1,3884,0,82354.4,District 3,SPA 2 - San Fernando,Los Angeles - Panorama City,1314702.02441406,4632.27868164021
2865,06037237401,1,1,3616,0.2,18146.1,District 2,SPA 6 - South,Los Angeles - Harvard Park,5555453.76757813,9560.84363432679
2866,06037125100,1,1,5431,0.5,10831.3,District 5,SPA 2 - San Fernando,Los Angeles - Valley Village,13977985.2431641,15859.4907088534
2867,06037127520,1,1,4045,0.1,28803.9,District 3,SPA 2 - San Fernando,Los Angeles - Van Nuys,3914727.6328125,7988.03729757943
2868,06037407601,1,1,4366,0.3,14475,District 1,SPA 3 - San Gabriel,City of La Puente,8408716.36132813,11715.9665007744
2869,06037108104,1,1,1698,0.3,5324.1,District 3,SPA 2 - San Fernando,Los Angeles - Porter Ranch,8890331.62207031,14765.7392079181
2870,06037127803,1,1,4037,0.2,16314.9,District 3,SPA 2 - San Fernando,Los Angeles - Van Nuys,6897436.31347656,10521.7462718868
2871,06037111400,1,1,7560,0.7,10805.7,District 3,SPA 2 - San Fernando,Los Angeles - Granada Hills,19502863.3945313,18135.2996770906
2872,06037113212,1,1,3069,0.4,7950.1,District 3,SPA 2 - San Fernando,Los Angeles - Chatsworth,10747373.6435547,14207.1399019637
2873,06037128910,1,1,4083,0.5,8146.6,District 3,SPA 2 - San Fernando,Los Angeles - Sherman Oaks,14388227.7695313,17404.4220380004
2874,06037131100,1,1,3252,0.4,7644.2,District 3,SPA 2 - San Fernando,Los Angeles - Lake Balboa,11859136.4130859,14177.7720510504
2875,06037408722,1,1,4400,0.8,5417.6,District 1,SPA 3 - San Gabriel,Unincorporated - Rowland Heights,22664852.1640625,21725.9876071067
2876,06037190801,1,1,2594,0.1,20723.7,District 3,SPA 4 - Metro,Los Angeles - Hollywood,3489474.25390625,7925.32966220571
2877,06037207302,1,1,3791,0.1,38330.3,District 1,SPA 4 - Metro,Los Angeles - Downtown,2757154.87304688,8248.64599341301
2878,06037433401,1,1,3371,0.2,17319.8,District 1,SPA 3 - San Gabriel,City of El Monte,5425933.65527344,10149.5139870501
2879,06037231800,1,1,5303,0.2,26399.8,District 2,SPA 6 - South,Los Angeles - South Park,5600044.98144531,9533.13487131229
2880,06037272100,1,1,4354,0.5,9402.9,District 3,SPA 5 - West,Los Angeles - Mar Vista,12909180.8779297,14819.199932457
2881,06037221110,1,1,3565,0.1,39419.8,District 1,SPA 4 - Metro,Los Angeles - Pico-Union,2521209.39550781,6926.35380373945
2882,06037575300,1,1,4947,0.3,19770.7,District 4,SPA 8 - South Bay,City of Long Beach,6976564.23828125,10568.6410237397
2883,06037406102,1,1,5828,0.6,9167.2,District 1,SPA 3 - San Gabriel,City of Covina,17723099.78125,18747.0402543771
2884,06037261101,1,1,3499,2.5,1386.4,District 3,SPA 5 - West,Los Angeles - Beverly Crest,71881039.4423828,63928.6670766713
2885,06037554001,1,1,4171,0.4,9977.3,District 4,SPA 7 - East,City of Bellflower,11655206.3857422,16116.5887962685
2886,06037209403,1,1,3600,0.1,67467.6,District 1,SPA 4 - Metro,Los Angeles - Westlake,1487555.58691406,4882.44345036934
2887,06037208902,1,1,2339,0.1,32915.4,District 1,SPA 4 - Metro,Los Angeles - Westlake,1981074.27734375,5658.69510391908
2888,06037267700,1,1,2990,0.3,9525,District 3,SPA 5 - West,Los Angeles - West Los Angeles,8768832.34765625,12188.5080226476
2889,06037433901,1,1,5593,0.3,20093.3,District 1,SPA 3 - San Gabriel,City of El Monte,7759901.59765625,11249.3602789082
2890,06037139303,1,1,4186,0.2,26089.7,District 3,SPA 2 - San Fernando,Los Angeles - Tarzana,4472901.07421875,9039.50143596545
2891,06037123410,1,1,4247,0.2,22506.8,District 3,SPA 2 - San Fernando,Los Angeles - North Hollywood,5350547.04589844,9501.50657660776
2892,06037117510,1,1,4028,0.1,31556.7,District 3,SPA 2 - San Fernando,Los Angeles - North Hills,3606833.3203125,8181.30606053811
2893,06037541700,1,1,6366,0.5,11774.5,District 4,SPA 6 - South,City of Lynwood,15074054.515625,17540.8755363269
2894,06037310702,1,1,7104,0.4,17485.1,District 5,SPA 2 - San Fernando,City of Burbank,11324656.4658203,13525.4682397277
2895,06037620601,1,1,5523,0.5,10472.2,District 2,SPA 8 - South Bay,City of Redondo Beach,14704051.0126953,20030.3830868617
2896,06037261200,1,1,4341,2.8,1546.8,District 3,SPA 5 - West,Los Angeles - Beverly Crest,81700628.9482422,59606.1094844524
2897,06037535102,1,1,4517,0.2,19792.3,District 2,SPA 6 - South,Unincorporated - Florence-Firestone,6362621.90429688,12479.3084231746
2898,06037535502,1,1,4958,0.2,27189.6,District 4,SPA 7 - East,City of South Gate,5083751.7890625,9082.04904203241
2899,06037600802,1,1,2597,0.7,3467.1,District 2,SPA 8 - South Bay,City of Inglewood,20919590.3896484,20363.9372671207
2900,06037535804,1,1,5498,0.2,29011.3,District 4,SPA 7 - East,City of South Gate,5283458.17480469,9663.64763998269
2901,06037228210,1,1,3806,0.2,23982.3,District 2,SPA 6 - South,Los Angeles - Central,4424348.07714844,9184.58651910324
2902,06037211410,1,1,3095,0.1,29602,District 2,SPA 4 - Metro,Los Angeles - Wilshire Center,2914743.77734375,7500.75484440974
2903,06037540700,1,1,3014,0.4,6801.7,District 2,SPA 6 - South,Unincorporated - Willowbrook,12432567.8564453,16223.0250176342
2904,06037273700,1,1,2801,0.3,10508.4,District 3,SPA 5 - West,Los Angeles - Venice,7430979.53613281,11006.3942829127
2905,06037232600,1,1,6288,0.3,20478.1,District 2,SPA 6 - South,Los Angeles - West Vernon,8560439.02539063,12280.3926060021
2906,06037235100,1,1,4520,0.5,9908.6,District 2,SPA 6 - South,Los Angeles - View Heights,12717505.8144531,18160.6306620231
2907,06037265303,1,1,4523,0.1,79151.6,District 3,SPA 5 - West,Los Angeles - Westwood,1593033.6015625,5749.44264062518
2908,06037237720,1,1,3153,0.1,25109.4,District 2,SPA 6 - South,Los Angeles - Vermont Knolls,3500760.40234375,8731.09125764457
2909,06037211910,1,1,4657,0.1,87424.3,District 2,SPA 4 - Metro,Los Angeles - Little Bangladesh,1485020.08789063,4890.39936299985
2910,06037212202,1,1,3612,0.1,45308.3,District 2,SPA 4 - Metro,Los Angeles - Wilshire Center,2222447.25976563,6482.09012081816
2911,06037267100,1,1,6087,0.4,14280.7,District 3,SPA 5 - West,Los Angeles - Century City,11882751.9423828,14259.7909279176
2912,06037269100,1,1,4359,0.3,13451.9,District 3,SPA 5 - West,Los Angeles - Beverlywood,9033708.26660156,12462.6829689055
2913,06037229100,1,1,4557,0.2,24845,District 2,SPA 6 - South,Los Angeles - Vernon Central,5113467.67089844,9150.08471405735
2914,06037534102,1,1,6263,0.3,20278.3,District 4,SPA 7 - East,City of Bell Gardens,8610503.07324219,14786.7223505943
2915,06037239310,1,1,3996,0.2,19350.1,District 2,SPA 6 - South,Los Angeles - Florence-Firestone,5757262.38183594,9679.36833769122
2916,06037553000,1,1,4825,0.5,9882.9,District 4,SPA 7 - East,City of Norwalk,13607314,16264.1897477143
2917,06037601801,1,1,3789,0.2,20162.3,District 2,SPA 8 - South Bay,City of Inglewood,5239211.35253906,10548.5363577435
2918,06037602003,1,1,5124,0.2,21229.3,District 2,SPA 8 - South Bay,City of Inglewood,6729146.76464844,10337.4013309836
2919,06037900501,1,1,6764,1.2,5620.1,District 5,SPA 1 - Antelope Valley,City of Lancaster,33556917.8916016,23285.5616974641
2920,06037920111,2,2,3246,0.5,7100.6,District 5,SPA 2 - San Fernando,City of Santa Clarita,12646525.8574219,19603.855126219
2921,06037271701,1,1,5850,0.4,15196.3,District 3,SPA 5 - West,Los Angeles - Palms,10732274.9277344,13808.4983028101
2922,06037214000,1,1,3898,0.4,9980.6,District 3,SPA 4 - Metro,Los Angeles - Melrose,10887840.7822266,13352.8975494142
2923,06037265510,1,1,4234,0.1,28596.9,District 3,SPA 5 - West,Los Angeles - Westwood,4127578.02539063,8294.46030663318
2924,06037311801,1,1,3033,0.2,13628.1,District 5,SPA 2 - San Fernando,City of Burbank,6510190.4921875,12075.9723893466
2925,06037575801,1,1,2446,0.1,16578.7,District 4,SPA 8 - South Bay,City of Long Beach,4695994.75292969,8615.54580489607
2926,06037264000,1,1,3358,0.7,4655.8,District 3,SPA 5 - West,Los Angeles - Brentwood,20107064.2675781,22982.7420802761
2927,06037502901,1,1,5413,0.5,11240.6,District 4,SPA 7 - East,Unincorporated - South Whittier,13425517.8037109,15049.2626190039
2928,06037502902,1,1,4043,1.5,2717.7,District 4,SPA 7 - East,City of Santa Fe Springs,41475445.0185547,28527.8459775953
2929,06037463900,1,1,3456,0.7,4768.8,District 5,SPA 3 - San Gabriel,City of Pasadena,20256574.8261719,19311.9728005287
2930,06037464000,1,1,5621,1.2,4631.2,District 5,SPA 3 - San Gabriel,City of Pasadena,33845160.5849609,26568.1385038421
2931,06037273600,1,1,2413,0.2,10617,District 3,SPA 5 - West,Los Angeles - Venice,6336240.50683594,10768.1854563878
2932,06037534501,1,1,5201,0.3,19990.8,District 4,SPA 7 - East,City of Huntington Park,7253320.30566406,11078.38506544
2933,06037502402,1,1,3755,0.3,12362.2,District 4,SPA 7 - East,City of Pico Rivera,9540155.11328125,12861.5597383425
2934,06037481604,1,1,3942,0.2,16387.8,District 1,SPA 3 - San Gabriel,City of Alhambra,6705887.5234375,11095.3176415925
2935,06037127806,1,1,3447,0.3,13067.8,District 3,SPA 2 - San Fernando,Los Angeles - Van Nuys,7353227.47460938,13484.5344955601
2936,06037294830,1,1,3707,0.3,10837.9,District 4,SPA 8 - South Bay,Los Angeles - Wilmington,9536769.85351563,13691.4610301178
2937,06037502601,1,1,7145,0.7,10467.1,District 4,SPA 7 - East,City of Pico Rivera,20811591.6777344,17985.9124971746
2938,06037554514,1,1,4322,0.6,7429.8,District 4,SPA 7 - East,City of Cerritos,16217395.0498047,21747.9897482986
2939,06037531502,1,1,3273,0.2,19462.2,District 1,SPA 7 - East,Unincorporated - East Los Angeles,4688385.8046875,8974.96638476809
2940,06037554515,1,1,3703,0.5,7932.6,District 4,SPA 7 - East,City of Cerritos,13014977.5410156,16355.3457831494
2941,06037183300,1,1,3480,0.2,16650.8,District 1,SPA 4 - Metro,Los Angeles - Eagle Rock,5826344.37109375,10264.3216493239
2942,06037128101,1,1,3738,0.3,14919.8,District 3,SPA 2 - San Fernando,Los Angeles - Valley Glen,6984191.91113281,10570.7579777431
2943,06037620800,1,1,7575,1,7899.9,District 2,SPA 8 - South Bay,City of Manhattan Beach,26733555.2207031,21104.6020510251
2944,06037207501,1,1,2218,0.1,42766.1,District 1,SPA 4 - Metro,Los Angeles - Downtown,1445854.24707031,4896.76557892055
2945,06037532603,1,1,3319,0.3,13074.2,District 4,SPA 7 - East,City of Huntington Park,7086998.01953125,11306.9846502077
2946,06037139200,1,1,5175,0.4,11634.4,District 3,SPA 2 - San Fernando,Los Angeles - Encino,12399572.3603516,14017.097083946
2947,06037192700,1,1,3513,0.2,17128.2,District 1,SPA 4 - Metro,Los Angeles - Silverlake,5717693.24023438,9614.0530759228
2948,06037139502,1,1,3007,0.4,7434.6,District 3,SPA 2 - San Fernando,Los Angeles - Tarzana,11275129.9736328,16958.941209557
2949,06037183610,1,1,3275,0.1,22401.7,District 1,SPA 4 - Metro,Los Angeles - Highland Park,4075528.43066406,9804.40067433458
2950,06037139600,1,1,4633,1,4843.4,District 3,SPA 2 - San Fernando,Los Angeles - Encino,26665920.9003906,20761.2016729151
2951,06037143400,1,1,5881,0.7,8761.4,District 3,SPA 2 - San Fernando,Los Angeles - Sherman Oaks,18914823.4902344,21025.4392278242
2952,06037183510,1,1,2725,0.2,14103.1,District 1,SPA 4 - Metro,Los Angeles - Highland Park,5386503.6015625,10456.9049521348
2953,06037139701,1,1,4920,1.3,3751.3,District 3,SPA 2 - San Fernando,Los Angeles - Encino,36582509.7783203,32947.2954490179
2954,06037181500,1,1,3812,0.4,9018.7,District 1,SPA 4 - Metro,Los Angeles - Eagle Rock,11779775.4443359,17899.8199940035
2955,06037220000,1,1,5345,0.4,14245.4,District 2,SPA 6 - South,Los Angeles - Crenshaw District,10460254.6796875,12777.7107924435
2956,06037139801,1,1,3539,1.4,2500.4,District 3,SPA 2 - San Fernando,Los Angeles - Tarzana,39455705.6474609,27688.9153431609
2957,06037124203,1,1,2748,0.1,21949.2,District 5,SPA 2 - San Fernando,Los Angeles - North Hollywood,3490088.90527344,7927.09990185721
2958,06037216100,1,1,2289,0.3,8782.5,District 2,SPA 4 - Metro,Los Angeles - Miracle Mile,7265868.6015625,11195.402661302
2959,06037143500,1,1,4708,0.5,10232,District 3,SPA 2 - San Fernando,Los Angeles - Sherman Oaks,13327076.1669922,18907.6392948725
2960,06037543702,1,1,7083,0.5,13945.4,District 2,SPA 8 - South Bay,City of Carson,14161189.2207031,15096.0207503668
2961,06037208501,1,1,2656,0.1,28283.2,District 1,SPA 4 - Metro,Los Angeles - Historic Filipinotown,2617928.32910156,6561.56983366808
2962,06037183220,1,1,4114,0.2,19907.6,District 1,SPA 4 - Metro,Los Angeles - Highland Park,5760984.87304688,13315.7455015623
2963,06037124903,1,1,3262,0.1,27130.5,District 5,SPA 2 - San Fernando,Los Angeles - Valley Village,3351724.234375,7812.20091687437
2964,06037553902,1,1,5809,0.4,14237,District 4,SPA 6 - South,City of Paramount,11365367.25,14750.9938178162
2965,06037104103,1,1,4085,0.4,11147.3,District 5,SPA 2 - San Fernando,Los Angeles - Lakeview Terrace,10215165.9941406,13241.1920640884
2966,06037181600,1,1,4352,0.5,9017.1,District 1,SPA 4 - Metro,Los Angeles - Eagle Rock,13454684.1074219,17952.9050944182
2967,06037183101,1,1,3922,0.4,10713.3,District 1,SPA 4 - Metro,Los Angeles - Highland Park,10418565.6845703,17031.553973705
2968,06037192300,1,1,2799,0.3,8242.7,District 3,SPA 4 - Metro,Los Angeles - Melrose,9466568.27929688,12502.5058841204
2969,06037212204,1,1,3344,0.1,40626.3,District 2,SPA 4 - Metro,Los Angeles - Wilshire Center,2294672.75292969,6149.26156825918
2970,06037113232,1,1,3894,0.8,4882,District 3,SPA 2 - San Fernando,Los Angeles - West Hills,22234608.0097656,23602.8888472749
2971,06037195400,1,1,4395,0.4,11048.4,District 1,SPA 4 - Metro,Los Angeles - Silverlake,11090240.6123047,17054.0229406455
2972,06037185310,1,1,3061,0.2,18827.5,District 1,SPA 4 - Metro,Los Angeles - Mt. Washington,4532369.890625,12164.1790826459
2973,06037501900,1,1,4213,0.5,7906.6,District 4,SPA 7 - East,City of Whittier,14855412.4423828,16926.9608046303
2974,06037570304,1,1,5171,0.2,24530.5,District 4,SPA 8 - South Bay,City of Long Beach,6152458.76953125,13783.2819921557
2975,06037620303,1,1,4547,0.4,10168.9,District 2,SPA 8 - South Bay,City of Manhattan Beach,12466522.5996094,15940.4254174015
2976,06037185100,1,1,6295,0.9,7157,District 1,SPA 4 - Metro,Los Angeles - Mt. Washington,24519841.2783203,25506.9032583216
2977,06037185202,1,1,3712,0.5,7973.6,District 1,SPA 4 - Metro,Los Angeles - Mt. Washington,12978068.8486328,17415.3512103764
2978,06037533503,1,1,1920,0.1,28645.9,District 4,SPA 7 - East,City of Huntington Park,1868585.69238281,5864.10180156891
2979,06037403801,1,1,6212,0.7,8545.5,District 5,SPA 3 - San Gabriel,Unincorporated - Covina (Charter Oak),20265001.6757813,21698.4379878179
2980,06037127604,1,1,2939,0.2,17484.8,District 3,SPA 2 - San Fernando,Los Angeles - Lake Balboa,4677029.41113281,9875.250627238
2981,06037408134,1,1,2743,0.3,8036.4,District 1,SPA 3 - San Gabriel,City of West Covina,9515502.53417969,12212.8544650898
2982,06037408135,1,1,4159,0.4,9533.1,District 1,SPA 3 - San Gabriel,City of West Covina,12162527.9697266,17450.3428794029
2983,06037132001,1,1,3202,0.4,8561.6,District 3,SPA 2 - San Fernando,Los Angeles - Lake Balboa,10425781.1064453,13176.7236051981
2984,06037408302,1,1,4036,1.1,3573.2,District 1,SPA 3 - San Gabriel,Unincorporated - North Whittier,36227893.7910156,32681.3505926201
2985,06037106114,1,1,5880,0.4,15059.9,District 3,SPA 2 - San Fernando,Los Angeles - Sylmar,10925249.1054688,17235.9085702931
2986,06037603703,1,1,2703,0.3,10738.1,District 2,SPA 8 - South Bay,City of Hawthorne,7017997.03515625,10877.3539754571
2987,06037214800,1,1,2573,0.2,11551.8,District 3,SPA 4 - Metro,Los Angeles - Carthay,6209400.27539063,11243.4801439175
2988,06037104105,1,1,5412,0.2,23974,District 3,SPA 2 - San Fernando,Los Angeles - Pacoima,6292902.12695313,11640.190230956
2989,06037106520,1,1,5837,0.9,6853.3,District 3,SPA 2 - San Fernando,Los Angeles - Sylmar,23741526.4511719,19779.3007119819
2990,06037103400,1,1,6143,1,6362.2,District 5,SPA 2 - San Fernando,Los Angeles - Sunland,26915585.2939453,24999.1652523576
2991,06037221303,1,1,2551,0.1,28239.3,District 2,SPA 4 - Metro,Los Angeles - Harvard Heights,2518370.87988281,6486.09399021374
2992,06037920102,2,2,5668,237.7,23.8,District 5,SPA 2 - San Fernando,Unincorporated - Castaic,6758949736.4668,433408.219110788
2993,06037106112,1,1,5969,1.2,4789.8,District 3,SPA 2 - San Fernando,Los Angeles - Sylmar,34685911.9121094,50011.7045552522
2994,06037106604,1,1,5020,1,4992.9,District 3,SPA 2 - San Fernando,Los Angeles - Sylmar,28203053.5917969,26326.1705501162
2995,06037106113,1,1,3493,0.6,6290.5,District 3,SPA 2 - San Fernando,Los Angeles - Sylmar,15535764.4160156,19829.4070253054
2996,06037106403,1,1,3825,0.4,8960,District 3,SPA 2 - San Fernando,Los Angeles - Sylmar,11899848.7216797,14300.5664002265
2997,06037211202,1,1,2645,0.1,38235,District 2,SPA 4 - Metro,Los Angeles - Wilshire Center,1928500.75488281,5559.51969355688
2998,06037103101,1,1,2670,0.8,3406.9,District 5,SPA 2 - San Fernando,Los Angeles - Sunland,21846686.8544922,25422.1276369579
2999,06037103102,1,1,4751,0.5,9915.2,District 5,SPA 2 - San Fernando,Los Angeles - Sunland,13357089.84375,16530.3942608672
3000,06037403902,1,1,4806,0.8,5890.8,District 5,SPA 3 - San Gabriel,City of Glendora,22743652.4208984,18644.0437469412
3001,06037910605,1,1,4535,0.5,8743.6,District 5,SPA 1 - Antelope Valley,City of Palmdale,14529007.2558594,16156.2196667974
3002,06037910714,1,1,3596,0.4,9282.8,District 5,SPA 1 - Antelope Valley,City of Palmdale,10804986.9658203,13480.6614115136
3003,06037570403,1,1,4587,0.2,20817.9,District 4,SPA 8 - South Bay,City of Long Beach,6143132.46289063,10592.8621745468
3004,06037403901,1,1,3110,0.5,6403.3,District 5,SPA 3 - San Gabriel,City of Glendora,13539511.0429688,16955.1584462923
3005,06037462600,1,1,2324,0.4,5740,District 5,SPA 3 - San Gabriel,City of Pasadena,11286691.0371094,15930.8083302682
3006,06037900201,3,3,1261,90.8,13.9,District 5,SPA 1 - Antelope Valley,Unincorporated - Roosevelt,2534000168.57031,230016.209874501
3007,06037127606,1,1,3164,0.2,15003.9,District 3,SPA 2 - San Fernando,Los Angeles - Lake Balboa,5852103.90234375,9732.73095121146
3008,06037920114,2,2,6490,1.1,5933.7,District 5,SPA 2 - San Fernando,City of Santa Clarita,30513570.5458984,36655.2313278074
3009,06037402801,1,1,5170,0.7,7421.5,District 1,SPA 3 - San Gabriel,City of Pomona,19463716.2558594,21962.576260925
3010,06037127712,1,1,2991,0.2,13647.4,District 3,SPA 2 - San Fernando,Los Angeles - Van Nuys,6135104.69042969,9824.35696908134
3011,06037404000,1,1,4474,0.5,8800.5,District 1,SPA 3 - San Gabriel,Unincorporated - Azusa,14214037.6699219,16043.4704273295
3012,06037404100,1,1,6445,0.5,12376.1,District 1,SPA 3 - San Gabriel,Unincorporated - Azusa,14517892.8095703,16224.373140055
3013,06037404301,1,1,5665,0.4,13248.4,District 1,SPA 3 - San Gabriel,City of Azusa,11920269.5742188,13965.5928811889
3014,06037131701,1,1,4541,0.3,17828.9,District 3,SPA 2 - San Fernando,Los Angeles - Reseda,7100111.06347656,10658.5007842773
3015,06037404401,1,1,3979,0.6,7098.7,District 1,SPA 3 - San Gabriel,City of Azusa,15612529.5400391,20034.4975404654
3016,06037431200,1,1,6439,0.6,11267.6,District 5,SPA 3 - San Gabriel,Unincorporated - Duarte,15946461.0927734,20325.0110684724
3017,06037431300,1,1,2661,0.3,8471.4,District 5,SPA 3 - San Gabriel,Unincorporated - Monrovia,8768438.47070313,14366.6111822682
3018,06037431400,1,1,3970,0.6,6501.1,District 5,SPA 3 - San Gabriel,Unincorporated - Arcadia,19344607.1005859,21321.1663920268
3019,06037431600,1,1,4018,0.8,5051.1,District 5,SPA 3 - San Gabriel,City of Arcadia,22174843.3164063,22281.2074555489
3020,06037113233,1,1,6655,0.4,15067.6,District 3,SPA 2 - San Fernando,Los Angeles - Canoga Park,12312299.59375,16704.3350135309
3021,06037113234,1,1,4667,0.4,11932.3,District 3,SPA 2 - San Fernando,Los Angeles - Canoga Park,11009763.3173828,16791.6076989613
3022,06037431700,1,1,6433,1.2,5263.8,District 5,SPA 3 - San Gabriel,City of Arcadia,34068773.3457031,23852.0928426248
3023,06037402902,1,1,6445,0.7,9059.8,District 1,SPA 3 - San Gabriel,City of Pomona,19861682.875,20771.7790587899
3024,06037403000,1,1,6835,0.9,7325.7,District 1,SPA 3 - San Gabriel,City of Pomona,26031458.9794922,25904.900868828
3025,06037214100,1,1,3944,0.4,9216.9,District 2,SPA 4 - Metro,Los Angeles - Hancock Park,11929138.3632813,14127.6878458442
3026,06037403200,1,1,391,0.9,419.5,District 1,SPA 3 - San Gabriel,City of Pomona,27134401.5878906,23938.2845058597
3027,06037404702,1,1,5882,0.4,13193,District 1,SPA 3 - San Gabriel,City of Baldwin Park,12445835.1855469,16228.6206018962
3028,06037272201,1,1,2411,0.1,24016.9,District 3,SPA 5 - West,Los Angeles - Mar Vista,2798671.17480469,6700.25079792754
3029,06037404801,1,1,7305,0.5,13578.3,District 1,SPA 3 - San Gabriel,City of Baldwin Park,14997926.9394531,17210.3023296051
3030,06037218900,1,1,5464,0.3,20118.9,District 2,SPA 6 - South,Los Angeles - West Adams,7571353.92675781,11505.7198201805
3031,06037404703,1,1,3178,0.5,6658.9,District 1,SPA 3 - San Gabriel,City of Baldwin Park,14169391.8388672,23655.8089312052
3032,06037403312,1,1,5160,2.7,1904.4,District 1,SPA 3 - San Gabriel,City of Industry,74870045.1484375,37761.0960264324
3033,06037115104,1,1,4444,0.4,11282.2,District 3,SPA 2 - San Fernando,Los Angeles - Northridge,10980251.0683594,20303.802988532
3034,06037119201,1,1,4137,0.4,11310,District 3,SPA 2 - San Fernando,Los Angeles - Arleta,10248164.6474609,12948.1075654388
3035,06037404402,1,1,5107,1.3,3954.1,District 1,SPA 3 - San Gabriel,City of Azusa,36231952.8134766,28016.4539493552
3036,06037134521,1,1,3126,0.1,23014.3,District 3,SPA 2 - San Fernando,Los Angeles - Canoga Park,3786331.37890625,8186.67072307059
3037,06037404802,1,1,4335,0.4,10777.3,District 1,SPA 3 - San Gabriel,City of Baldwin Park,11219898.7636719,15474.9239417123
3038,06037117405,1,1,3442,0.1,44168.4,District 3,SPA 2 - San Fernando,Los Angeles - North Hills,2172354.12402344,5943.24060922375
3039,06037700902,1,1,6517,0.4,17684.9,District 3,SPA 5 - West,City of Beverly Hills,10273223.6464844,12943.3694402751
3040,06037212304,1,1,1804,0.1,22716.7,District 2,SPA 4 - Metro,Los Angeles - Koreatown,2213842.59472656,6305.42567397869
3041,06037191500,1,1,5551,0.2,22415.6,District 1,SPA 4 - Metro,Los Angeles - East Hollywood,6903622.40234375,10328.4442932073
3042,06037103300,1,1,3819,2.4,1610.4,District 5,SPA 2 - San Fernando,Los Angeles - Shadow Hills,66105762.0673828,37338.6861621306
3043,06037102105,1,1,1731,0.2,9108.2,District 5,SPA 2 - San Fernando,Los Angeles - Sun Valley,5303654.19628906,9962.25112647048
3044,06037104821,1,1,3514,0.2,17113.9,District 3,SPA 2 - San Fernando,Los Angeles - Pacoima,5723796.18261719,11302.2410366629
3045,06037106408,1,1,3463,0.1,39179.8,District 3,SPA 2 - San Fernando,Los Angeles - Sylmar,2465456.70605469,6295.67878405799
3046,06037135113,1,1,2795,0.2,11247.5,District 3,SPA 2 - San Fernando,Los Angeles - Woodland Hills,6927095.90917969,13080.9626383991
3047,06037920331,2,2,4075,0.6,7012.2,District 5,SPA 2 - San Fernando,City of Santa Clarita,16066940.0283203,16608.889096075
3048,06037125501,1,1,3077,0.2,17171.9,District 5,SPA 2 - San Fernando,Los Angeles - North Hollywood,4995201.97167969,9227.60363387911
3049,06037920339,2,2,7377,13,566.4,District 5,SPA 2 - San Fernando,Unincorporated - Stevenson Ranch,365364988.863281,87207.181661159
3050,06037930101,2,2,119,60.1,2,District 5,SPA 3 - San Gabriel,Unincorporated - Angeles National Forest,1676388446.11523,351845.374700894
3051,06037700901,1,1,3856,0.4,9464.5,District 3,SPA 5 - West,City of Beverly Hills,11341285.1171875,18848.9630314753
3052,06037204910,1,1,3105,0.2,15514.8,District 1,SPA 4 - Metro,Los Angeles - Boyle Heights,5579346.58398438,9619.43138991475
3053,06037920332,2,2,2337,1.6,1418.7,District 5,SPA 2 - San Fernando,City of Santa Clarita,45969371.2324219,36354.7352415026
3054,06037910404,1,1,4130,1,4155.4,District 5,SPA 1 - Antelope Valley,City of Palmdale,27724821.8378906,20703.4489751713
3055,06037910205,1,1,1371,10.9,125.9,District 5,SPA 1 - Antelope Valley,Unincorporated - Anaverde,314673388.295898,80632.300810411
3056,06037212306,1,1,3052,0.1,48817.9,District 2,SPA 4 - Metro,Los Angeles - Koreatown,1742887.42675781,5316.96091811893
3057,06037800204,1,1,6740,3.7,1833.7,District 3,SPA 2 - San Fernando,City of Calabasas,86628059.9521484,58746.06170302
3058,06037571703,1,1,3667,0.2,23894.3,District 4,SPA 8 - South Bay,City of Long Beach,4278800.19824219,9704.9890008228
3059,06037134304,1,1,2882,0.4,7314.8,District 3,SPA 2 - San Fernando,Los Angeles - Canoga Park,10983172.2949219,13572.0927666139
3060,06037910001,1,1,5742,28.5,201.8,District 5,SPA 1 - Antelope Valley,Unincorporated - Sun Village,792794497.967773,123065.148769133
3061,06037237500,1,1,2675,0.1,20538.5,District 2,SPA 6 - South,Los Angeles - Harvard Park,3631027.8125,8245.23339820355
3062,06037910602,1,1,3995,0.8,5177.2,District 5,SPA 1 - Antelope Valley,City of Palmdale,21530790.2050781,21298.2172692143
3063,06037134422,1,1,4684,0.9,5192.5,District 3,SPA 2 - San Fernando,Los Angeles - West Hills,25274220.3544922,25532.2056564162
3064,06037134520,1,1,5453,0.4,14857.1,District 3,SPA 2 - San Fernando,Los Angeles - Canoga Park,10410480.7724609,13162.398281199
3065,06037134901,1,1,3069,0.4,7547.6,District 3,SPA 2 - San Fernando,Los Angeles - Reseda,11430800.7753906,15182.4449119446
3066,06037135102,1,1,3513,0.6,5462.7,District 3,SPA 2 - San Fernando,Los Angeles - West Hills,17957992.3417969,18952.7247074841
3067,06037135111,1,1,2967,0.4,7448.8,District 3,SPA 2 - San Fernando,Los Angeles - Canoga Park,11190548.4980469,13450.5211049596
3068,06037910603,1,1,7075,1,6966,District 5,SPA 1 - Antelope Valley,City of Palmdale,28310493.1884766,21245.7439395386
3069,06037910705,1,1,11415,2.2,5162.7,District 5,SPA 1 - Antelope Valley,City of Palmdale,61811674.6308594,30952.7841028166
3070,06037135202,1,1,4255,0.7,6252.3,District 3,SPA 2 - San Fernando,Los Angeles - West Hills,18971223.8291016,17817.5533084583
3071,06037134800,1,1,5949,0.7,8287.3,District 3,SPA 2 - San Fernando,Los Angeles - Winnetka,20174641.8447266,18585.3803028014
3072,06037533402,1,1,4105,0.2,21893.2,District 4,SPA 7 - East,City of Maywood,5227309.40722656,9807.48357176998
3073,06037533501,1,1,3090,0.2,18953.7,District 4,SPA 7 - East,City of Huntington Park,4545068.57128906,8907.2086475079
3074,06037576503,1,1,4454,0.1,36999.5,District 4,SPA 8 - South Bay,City of Long Beach,3356437.59570313,7911.51439917528
3075,06037216200,1,1,4911,0.4,13188.7,District 2,SPA 4 - Metro,Los Angeles - Miracle Mile,10380745.4628906,13967.312409567
3076,06037920017,2,2,4342,0.8,5436.1,District 5,SPA 2 - San Fernando,City of Santa Clarita,22354788.9326172,20513.9150501279
3077,06037920018,2,2,2277,0.4,6095.7,District 5,SPA 2 - San Fernando,City of Santa Clarita,10412819.6162109,13125.238725291
3078,06037920023,2,2,2598,0.5,5010.2,District 5,SPA 2 - San Fernando,City of Santa Clarita,15096937.3828125,20940.9109474537
3079,06037218600,1,1,3142,0.2,18908.3,District 2,SPA 6 - South,Los Angeles - Longwood,4635201.61328125,8987.92736110265
3080,06037134710,1,1,5287,0.2,24177.9,District 3,SPA 2 - San Fernando,Los Angeles - Winnetka,6141778.73242188,9944.81241149784
3081,06037218110,1,1,3453,0.2,14940.2,District 2,SPA 4 - Metro,Los Angeles - Victoria Park,6443242.09570313,12758.8563100515
3082,06037701000,1,1,5431,0.5,9883.4,District 3,SPA 5 - West,City of Beverly Hills,15311685.6933594,18861.2809525707
3083,06037701201,1,1,4433,0.7,5912.2,District 3,SPA 5 - West,City of Santa Monica,20903331.7158203,18461.2513495379
3084,06037123203,1,1,3765,0.2,16705.8,District 3,SPA 2 - San Fernando,Los Angeles - North Hollywood,6324538.2109375,12755.8729622344
3085,06037219500,1,1,1737,0.2,8068.4,District 2,SPA 6 - South,Los Angeles - Crenshaw District,6001852.04882813,10424.7034061145
3086,06037701802,1,1,4463,0.5,9256.3,District 3,SPA 5 - West,City of Santa Monica,13441697.9511719,15298.9502085916
3087,06037702201,1,1,4483,0.5,9642.6,District 3,SPA 5 - West,City of Santa Monica,12961164.3154297,15231.6518923442
3088,06037701202,1,1,3268,0.2,20913.4,District 3,SPA 5 - West,City of Santa Monica,4356378.67675781,9141.42532197721
3089,06037218210,1,1,4457,0.1,29714.6,District 2,SPA 4 - Metro,Los Angeles - St Elmo Village,4181546.29980469,8771.28053868177
3090,06037216300,1,1,4526,0.5,9209.4,District 2,SPA 4 - Metro,Los Angeles - Miracle Mile,13700729.0712891,18947.3795127886
3091,06037123420,1,1,4638,0.3,15428.2,District 3,SPA 2 - San Fernando,Los Angeles - Valley Glen,8467648.12011719,14727.1038228679
3092,06037900602,1,1,5214,2,2647.4,District 5,SPA 1 - Antelope Valley,City of Lancaster,55347821.8671875,31565.5083592477
3093,06037134302,1,1,3732,0.5,7437.4,District 3,SPA 2 - San Fernando,Los Angeles - West Hills,14066022.3720703,15260.7808573119
3094,06037134303,1,1,5057,0.6,8413.2,District 3,SPA 2 - San Fernando,Los Angeles - Canoga Park,17059177.7773438,17236.4565151357
3095,06037134421,1,1,3941,0.8,4781.8,District 3,SPA 2 - San Fernando,Los Angeles - West Hills,22974725.8046875,19313.3316329061
3096,06037219020,1,1,4798,0.3,17105.1,District 2,SPA 6 - South,Los Angeles - Jefferson Park,7819932.02539063,11239.4544830686
3097,06037920029,2,2,3574,0.9,4136,District 5,SPA 2 - San Fernando,City of Santa Clarita,23467245.7138672,27440.450525565
3098,06037701502,1,1,3841,0.2,16303.2,District 3,SPA 5 - West,City of Santa Monica,6568032.05859375,12372.1555766944
3099,06037701302,1,1,4684,0.2,26598.9,District 3,SPA 5 - West,City of Santa Monica,4909289.984375,9926.76677645543
3100,06037701501,1,1,4986,0.2,20913.8,District 3,SPA 5 - West,City of Santa Monica,6646394.93066406,12368.1106484147
3101,06037701602,1,1,4037,0.3,15829.2,District 3,SPA 5 - West,City of Santa Monica,7110015.77539063,13129.8541861084
3102,06037701701,1,1,3196,0.3,12607.8,District 3,SPA 5 - West,City of Santa Monica,7066995.92578125,13121.9046220341
3103,06037702501,1,1,4625,0.5,8979.9,District 2,SPA 5 - West,City of Culver City,14464966.2148438,16130.3095076749
3104,06037702700,1,1,3440,0.5,6645.4,District 2,SPA 5 - West,City of Culver City,14542216.4951172,17600.4888257316
3105,06037208610,1,1,4195,0.1,31030.7,District 1,SPA 4 - Metro,Los Angeles - Historic Filipinotown,3768762.34960938,8269.48766223732
3106,06037702502,1,1,4048,0.7,5830.1,District 2,SPA 5 - West,City of Culver City,19538286.8115234,25975.9774818385
3107,06037702600,1,1,6069,0.8,7266.2,District 2,SPA 5 - West,City of Culver City,23398949.8066406,24162.5385318437
3108,06037576904,1,1,3288,0.1,23261.8,District 4,SPA 8 - South Bay,City of Long Beach,3941030.99511719,8609.28980442584
3109,06037702802,1,1,2282,0.2,9779.6,District 2,SPA 5 - West,City of Culver City,6566533.84570313,15448.8736117884
3110,06037900605,1,1,7100,2,3493.4,District 5,SPA 1 - Antelope Valley,City of Lancaster,56682089.2851563,31890.0031647333
3111,06037900606,1,1,3721,0.7,5529.2,District 5,SPA 1 - Antelope Valley,City of Lancaster,18758987.8808594,20787.7963761001
3112,06037701702,1,1,3106,0.2,13253.1,District 3,SPA 5 - West,City of Santa Monica,6533599.43847656,12326.4458614348
3113,06037402304,1,1,3848,0.3,14291.4,District 1,SPA 3 - San Gabriel,City of Pomona,7506213.95117188,14825.4554145973
3114,06037701801,1,1,5867,0.7,8000.1,District 3,SPA 5 - West,City of Santa Monica,20444827.6972656,19303.7204995742
3115,06037219901,1,1,5234,0.2,25826.3,District 2,SPA 6 - South,Los Angeles - Alsace,5649851.875,10076.126203629
3116,06037702901,1,1,8866,0.9,10332.6,District 2,SPA 5 - West,Unincorporated - Marina del Rey,40556665.5351563,26015.4578056783
3117,06037213201,1,1,4198,0.1,32461.6,District 2,SPA 4 - Metro,Los Angeles - Koreatown,3605253.45605469,8208.73857762052
3118,06037128302,1,1,4688,0.3,17625.7,District 3,SPA 2 - San Fernando,Los Angeles - Van Nuys,7414485.41210938,12437.5243626808
3119,06037134306,1,1,3498,0.2,14616.9,District 3,SPA 2 - San Fernando,Los Angeles - Canoga Park,6671154.88183594,10337.909846585
3120,06037208301,1,1,2201,0,61328.7,District 1,SPA 4 - Metro,Los Angeles - Temple-Beaudry,1000535.28320313,5183.16153819549
3121,06037703001,1,1,5889,1.8,3215.5,District 2,SPA 5 - West,Unincorporated - Ladera Heights,51096392.3076172,42781.3005616878
3122,06037703002,1,1,6605,1.3,5268.2,District 2,SPA 5 - West,Unincorporated - Ladera Heights,34980712.8212891,28029.6142105349
3123,06037900900,2,2,3813,81.8,46.6,District 5,SPA 1 - Antelope Valley,Unincorporated - Del Sur,2298915588.84277,198250.912092972
3124,06037119320,1,1,4694,0.2,24992.8,District 3,SPA 2 - San Fernando,Los Angeles - Panorama City,5345155.57910156,9352.1331167645
3125,06037920326,2,2,6840,26.3,259.7,District 5,SPA 2 - San Fernando,Unincorporated - Stevenson Ranch,734180038.851563,155643.678065786
3126,06037218220,1,1,4358,0.3,16777,District 2,SPA 4 - Metro,Los Angeles - Lafayette Square,7241641.64746094,11685.4751953659
3127,06037551401,1,1,4290,0.3,15181.6,District 4,SPA 7 - East,City of Downey,7878125.56933594,11758.0861608961
3128,06037651401,1,1,2614,0.4,6737.6,District 4,SPA 8 - South Bay,City of Torrance,10823802.3867188,22282.4731225769
3129,06037213310,1,1,3477,0.1,28855.2,District 2,SPA 4 - Metro,Los Angeles - Koreatown,3359268.734375,7825.23735562967
3130,06037670324,1,1,5127,1.8,2803.5,District 4,SPA 8 - South Bay,City of Palos Verdes Estates,57382406.7050781,47706.1689871216
3131,06037236400,1,1,4113,0.5,7946.8,District 2,SPA 6 - South,Los Angeles - Baldwin Hills,14429101.3203125,19388.9599555708
3132,06037542200,1,1,6962,0.5,13573.4,District 2,SPA 6 - South,City of Compton,14902119.1875,17021.4105155593
3133,06037218500,1,1,2869,0.2,14194.2,District 2,SPA 6 - South,Los Angeles - Cloverdale/Cochran,5632253.48730469,11047.4082436599
3134,06037532102,1,1,3574,0.4,9221.9,District 1,SPA 7 - East,City of Montebello,10995567.8085938,13604.829201854
3135,06037480201,1,1,3907,0.6,6613.5,District 1,SPA 3 - San Gabriel,City of San Gabriel,16487685.0927734,19152.9528238715
3136,06037430501,1,1,4172,1.8,2297,District 5,SPA 3 - San Gabriel,City of Sierra Madre,50744599.5117188,33044.1398739789
3137,06037216800,1,1,3289,0.3,11513.9,District 2,SPA 4 - Metro,Los Angeles - South Carthay,7963488.42675781,11547.7847142895
3138,06037216900,1,1,5060,0.4,11973.2,District 2,SPA 4 - Metro,Los Angeles - Mid-city,11781573.1416016,15088.4860155054
3139,06037217200,1,1,3905,0.4,11004.6,District 2,SPA 4 - Metro,Los Angeles - Mid-city,9892604.83691406,15006.4887045559
3140,06037218300,1,1,5520,0.3,16038.7,District 2,SPA 4 - Metro,Los Angeles - Cloverdale/Cochran,9696120.90917969,17311.9468665218
3141,06037218400,1,1,4714,0.3,18592.7,District 2,SPA 6 - South,Los Angeles - Cloverdale/Cochran,7068249.54882813,12186.9978966189
3142,06037271702,1,1,4134,0.3,15291.7,District 3,SPA 5 - West,Los Angeles - Palms,7604859.16992188,13325.6822502505
3143,06037531202,1,1,4747,0.2,27482.2,District 1,SPA 7 - East,Unincorporated - East Los Angeles,4814912.72753906,10576.9732063609
3144,06037224410,1,1,3140,0.2,17924.7,District 2,SPA 6 - South,Los Angeles - University Park,4878835.60644531,10535.0544147028
3145,06037267404,1,1,2806,0.1,25549.6,District 3,SPA 5 - West,Los Angeles - West Los Angeles,3061703.58496094,7371.04429914504
3146,06037267300,1,1,3680,0.2,22166.4,District 3,SPA 5 - West,Los Angeles - West Los Angeles,4631659.71875,8676.53927401277
3147,06037218800,1,1,2658,0.2,16723.6,District 2,SPA 6 - South,Los Angeles - West Adams,4430886.00585938,9005.06537533788
3148,06037571503,1,1,3700,0.4,10542.4,District 4,SPA 8 - South Bay,City of Long Beach,9785120.57226563,15094.3451812051
3149,06037190201,1,1,2870,0.1,32765.9,District 3,SPA 4 - Metro,Los Angeles - Hollywood,2441732.82226563,6951.86166664776
3150,06037208620,1,1,4660,0.1,37213.5,District 1,SPA 4 - Metro,Los Angeles - Temple-Beaudry,3491004.90917969,8197.49640207984
3151,06037220100,1,1,2334,0.4,6169.9,District 2,SPA 6 - South,Los Angeles - Baldwin Hills,10552863.3056641,16990.5975630606
3152,06037221210,1,1,3300,0.1,23822.2,District 2,SPA 4 - Metro,Los Angeles - Harvard Heights,3861959.83105469,8419.21242163146
3153,06037221220,1,1,3378,0.3,13267.9,District 2,SPA 4 - Metro,Los Angeles - Harvard Heights,7097658.14550781,10529.4777746938
3154,06037221302,1,1,4403,0.2,24675.6,District 2,SPA 4 - Metro,Los Angeles - Harvard Heights,4974458.96386719,10183.1033871698
3155,06037231500,1,1,4752,0.4,13389.4,District 2,SPA 6 - South,Los Angeles - West Vernon,9894305.6875,12798.5165336442
3156,06037430723,1,1,4118,0.2,21927.5,District 5,SPA 3 - San Gabriel,City of Arcadia,5235291.41699219,12934.5540724347
3157,06037432901,1,1,4464,0.4,10189.4,District 1,SPA 3 - San Gabriel,City of Rosemead,12213303.390625,14095.2093043356
3158,06037115103,1,1,2776,0.6,4724.9,District 3,SPA 2 - San Fernando,Los Angeles - Northridge,16345329.9091797,22256.5317322198
3159,06037900804,1,1,3489,0.6,6241.6,District 5,SPA 1 - Antelope Valley,City of Lancaster,15877840.9970703,16713.2426706313
3160,06037900805,1,1,5089,1,4996.8,District 5,SPA 1 - Antelope Valley,City of Lancaster,28395563.1308594,21300.462023103
3161,06037900806,1,1,3620,0.7,5220.9,District 5,SPA 1 - Antelope Valley,City of Lancaster,19327049.34375,17961.4523822038
3162,06037301100,1,1,6491,0.5,12639.1,District 5,SPA 2 - San Fernando,City of Glendale,14474900.3896484,18435.345243011
3163,06037301204,1,1,4990,0.2,31605.9,District 5,SPA 2 - San Fernando,City of Glendale,4401250.36328125,8682.85878733063
3164,06037301300,1,1,2016,0.4,4482.4,District 5,SPA 2 - San Fernando,City of Glendale,12537926.1523438,19797.0578829375
3165,06037134001,1,1,3765,0.2,16774,District 3,SPA 2 - San Fernando,Los Angeles - Canoga Park,6280518.71777344,12140.6624699485
3166,06037302102,1,1,6439,0.4,16074.1,District 5,SPA 2 - San Fernando,City of Glendale,11167200.6777344,18320.2102351072
3167,06037302104,1,1,3917,0.2,17758.8,District 5,SPA 2 - San Fernando,City of Glendale,6128932.0234375,12263.7871438627
3168,06037208903,1,1,4019,0.1,65347.6,District 1,SPA 4 - Metro,Los Angeles - Westlake,1714528.61816406,7038.48088478603
3169,06037302201,1,1,3856,0.2,20067.4,District 5,SPA 2 - San Fernando,City of Glendale,5356510.09570313,10679.6714719421
3170,06037302301,1,1,3790,0.3,14011.9,District 5,SPA 2 - San Fernando,City of Glendale,7540439.8515625,13199.0993926941
3171,06037310300,1,1,2987,0.4,7290.2,District 5,SPA 2 - San Fernando,City of Burbank,11421840.6923828,18611.3591434528
3172,06037920042,2,2,6769,1.5,4662.1,District 5,SPA 2 - San Fernando,City of Santa Clarita,40474346.9609375,39444.1474182858
3173,06037700700,1,1,3479,1.4,2552,District 3,SPA 5 - West,City of Beverly Hills,37997765.7412109,32341.1292709267
3174,06037131702,1,1,3751,0.3,13543.7,District 3,SPA 2 - San Fernando,Los Angeles - Reseda,7761381.8671875,11155.236635798
3175,06037405001,1,1,6170,0.6,9536.5,District 1,SPA 3 - San Gabriel,City of Baldwin Park,18315694.2792969,19373.8453599414
3176,06037199201,1,1,4089,0.2,26798.3,District 1,SPA 4 - Metro,Los Angeles - Lincoln Heights,4253708.5859375,8935.66056431229
3177,06037542501,1,1,4307,0.2,19316.6,District 2,SPA 6 - South,City of Compton,6299647.17675781,12013.5388719487
3178,06037700600,1,1,5537,2.2,2524.9,District 3,SPA 5 - West,City of Beverly Hills,61182491.8242188,47176.3867717877
3179,06037310400,1,1,3379,0.5,6221.3,District 5,SPA 2 - San Fernando,City of Burbank,15141126.6835938,20340.4888145732
3180,06037102107,1,1,3851,5,772.7,District 5,SPA 2 - San Fernando,Los Angeles - Sunland,139083341.111328,63679.4342694719
3181,06037910502,1,1,4086,0.8,5281.5,District 5,SPA 1 - Antelope Valley,City of Palmdale,21564768.2900391,18776.368871731
3182,06037188300,1,1,3536,0.3,10112.2,District 1,SPA 4 - Metro,Los Angeles - Atwater Village,9933262.07421875,12689.0294094181
3183,06037405002,1,1,3197,0.3,9289.4,District 1,SPA 3 - San Gabriel,City of Baldwin Park,9594232.6484375,12793.7270063145
3184,06037405102,1,1,5069,0.4,13710.3,District 1,SPA 3 - San Gabriel,City of Baldwin Park,10363378.2285156,15579.7993887546
3185,06037901003,1,1,6188,1,6157.4,District 5,SPA 1 - Antelope Valley,City of Lancaster,28035970.2148438,21202.3997548962
3186,06037408501,1,1,3314,0.3,9791.2,District 1,SPA 3 - San Gabriel,Unincorporated - Hacienda Heights,9299052.15527344,16427.9844447473
3187,06037199900,1,1,2683,0.2,15685.7,District 1,SPA 4 - Metro,Los Angeles - Lincoln Heights,4768480.09960938,10157.8099669405
3188,06037431900,1,1,3828,0.4,9273.4,District 5,SPA 3 - San Gabriel,City of Temple City,11507648.7304688,14771.4675937135
3189,06037405202,1,1,5227,0.4,14123.9,District 1,SPA 3 - San Gabriel,City of Baldwin Park,10260640.5664063,13428.7538663826
3190,06037405203,1,1,3484,0.3,12544.8,District 1,SPA 3 - San Gabriel,City of Baldwin Park,7742325.1953125,13629.333161484
3191,06037408401,1,1,4289,0.4,9630.9,District 1,SPA 3 - San Gabriel,Unincorporated - Hacienda Heights,12473307.5771484,17022.3764043328
3192,06037576401,1,1,4779,0.1,38200,District 4,SPA 8 - South Bay,City of Long Beach,3488157.55761719,7928.1387231827
3193,06037431800,1,1,5640,0.6,9850.2,District 5,SPA 3 - San Gabriel,City of Temple City,15961114.5439453,16098.6238288465
3194,06037208802,1,1,2906,0.1,35587.2,District 1,SPA 4 - Metro,Los Angeles - Westlake,2276467.58984375,7699.4836416055
3195,06037432101,1,1,4179,0.5,9231.9,District 5,SPA 3 - San Gabriel,City of Temple City,12619282.6728516,14413.6962830556
3196,06037570502,1,1,6616,0.8,8577.1,District 4,SPA 8 - South Bay,City of Long Beach,21506057.9501953,19952.4514600237
3197,06037215102,1,1,3110,0.1,31257.6,District 2,SPA 4 - Metro,Los Angeles - Miracle Mile,2773747.77539063,8165.78604576523
3198,06037572002,1,1,4409,0.4,10916.3,District 4,SPA 8 - South Bay,City of Long Beach,11260956.8115234,13979.3347700551
3199,06037201110,1,1,2574,0.4,6575.4,District 1,SPA 4 - Metro,Los Angeles - El Sereno,10913332.2568359,16183.430157444
3200,06037432402,1,1,6310,0.6,10933.9,District 1,SPA 3 - San Gabriel,City of El Monte,16204176.3320313,18801.1078473036
3201,06037461100,1,1,4844,0.8,6435,District 5,SPA 3 - San Gabriel,Unincorporated - Altadena,21082307.8037109,19661.2885531315
3202,06037188202,1,1,2347,0.3,8011.7,District 5,SPA 4 - Metro,Los Angeles - Los Feliz,8166621.109375,11753.7165490919
3203,06037189905,1,1,2304,0.1,23096.4,District 3,SPA 4 - Metro,Los Angeles - Hollywood,2780937.6640625,6976.50622786965
3204,06037602504,1,1,4407,0.1,35508.2,District 2,SPA 8 - South Bay,City of Hawthorne,3460243.23046875,7905.66230939895
3205,06037405400,1,1,4795,0.5,9215.9,District 1,SPA 3 - San Gabriel,Unincorporated - Covina,14504577.6904297,20424.5700420524
3206,06037204820,1,1,2274,0.1,18388.4,District 1,SPA 4 - Metro,Los Angeles - Boyle Heights,3445972.39746094,8346.72019718145
3207,06037405500,1,1,6808,0.7,9503.3,District 1,SPA 3 - San Gabriel,City of West Covina,19971585.3652344,20090.1967368135
3208,06037408625,1,1,4160,0.8,5036.9,District 1,SPA 3 - San Gabriel,Unincorporated - Hacienda Heights,23025105.2207031,20528.2175574981
3209,06037226420,1,1,4906,0.2,29761.7,District 2,SPA 6 - South,Los Angeles - Central,4595545.90136719,8778.89296499147
3210,06037199202,1,1,3031,0.4,8227.9,District 1,SPA 4 - Metro,Los Angeles - Lincoln Heights,10272996.2011719,18301.5728520092
3211,06037620904,1,1,2888,0.2,12981.9,District 2,SPA 8 - South Bay,City of Manhattan Beach,10788495.7802734,14432.6021451729
3212,06037408626,1,1,4341,1,4526.2,District 1,SPA 3 - San Gabriel,Unincorporated - Rowland Heights,26738081.2226563,26291.4040483739
3213,06037432300,1,1,3951,0.8,5244.5,District 1,SPA 3 - San Gabriel,City of El Monte,21330284.1484375,20234.793110136
3214,06037432401,1,1,3789,0.4,9351.9,District 1,SPA 3 - San Gabriel,City of El Monte,11294826.0556641,18557.7395694548
3215,06037461200,1,1,4443,0.9,4682.4,District 5,SPA 3 - San Gabriel,Unincorporated - Altadena,26451696.7294922,27931.1204710193
3216,06037461300,1,1,6638,0.8,8821.1,District 5,SPA 3 - San Gabriel,Unincorporated - Altadena,20989479.1679688,29192.8219262387
3217,06037241002,1,1,3606,0.3,13204.7,District 2,SPA 6 - South,Los Angeles - Century Palms/Cove,7614296.7421875,13017.1699277629
3218,06037128220,1,1,3011,0.2,14036.5,District 3,SPA 2 - San Fernando,Los Angeles - Valley Glen,5979977.10253906,10040.0531732779
3219,06037461400,1,1,3204,0.4,8164.7,District 5,SPA 3 - San Gabriel,City of Pasadena,10939335.9384766,15871.3995306062
3220,06037461600,1,1,5826,0.6,9146.8,District 5,SPA 3 - San Gabriel,City of Pasadena,17884091.1914063,18010.6196089032
3221,06037119341,1,1,2719,0.1,21576.2,District 3,SPA 2 - San Fernando,Los Angeles - Panorama City,3512711.1796875,8359.54226201368
3222,06037650604,1,1,5412,0.2,27190.3,District 4,SPA 8 - South Bay,City of Torrance,5548335.74609375,9489.82469678834
3223,06037407602,1,1,4008,0.4,11116.8,District 1,SPA 3 - San Gabriel,City of La Puente,10060120.0410156,13487.2719744739
3224,06037403321,1,1,6034,2.6,2332,District 1,SPA 3 - San Gabriel,City of Diamond Bar,72152881.6396484,42407.3214207344
3225,06037125401,1,1,4024,0.2,26200.5,District 5,SPA 2 - San Fernando,Los Angeles - North Hollywood,4281459.26464844,10111.9843733429
3226,06037405600,1,1,5428,0.8,6625.7,District 1,SPA 3 - San Gabriel,City of West Covina,22613541.7802734,23814.6589798921
3227,06037189904,1,1,2260,0.1,36674.6,District 3,SPA 4 - Metro,Los Angeles - Hollywood,1717859.99707031,5282.07905679027
3228,06037408303,1,1,4029,0.6,6315.1,District 1,SPA 3 - San Gabriel,Unincorporated - North Whittier,18600436.6474609,25044.6290260086
3229,06037127605,1,1,3549,0.2,14252.8,District 3,SPA 2 - San Fernando,Los Angeles - Lake Balboa,6981245.81835938,10568.6411816251
3230,06037188100,1,1,4076,0.8,5007.2,District 1,SPA 4 - Metro,Los Angeles - Atwater Village,22750682.0283203,25984.6501244007
3231,06037189903,1,1,2164,0,66747.7,District 3,SPA 4 - Metro,Los Angeles - Hollywood,903792.735351563,4148.74618009788
3232,06037141303,1,1,3089,0.1,30547.8,District 3,SPA 2 - San Fernando,Los Angeles - Sherman Oaks,2828156.85058594,7096.50912779019
3233,06037186202,1,1,1974,0.2,12523.2,District 1,SPA 4 - Metro,Los Angeles - Glassell Park,4394286.67871094,11049.8744788224
3234,06037194101,1,1,3091,1,3148.4,District 3,SPA 4 - Metro,Los Angeles - Hollywood Hills,27368995.7080078,33899.9523158657
3235,06037980003,10,10,2,74.1,0,District 5,SPA 1 - Antelope Valley,Unincorporated - South Edwards,2077800537.41211,272703.596220491
3236,06037980007,99,99,0,0.9,0,District 4,SPA 8 - South Bay,City of Long Beach,29121003.3056641,24145.1828923903
3237,06037296901,1,1,4127,0.2,17314.8,District 4,SPA 8 - South Bay,Los Angeles - San Pedro,6645893.78125,11354.5896772486
3238,06037104822,1,1,2277,0.2,9688.4,District 3,SPA 2 - San Fernando,Los Angeles - Pacoima,6504668.796875,13769.4332839139
3239,06037910101,1,1,1684,23.6,71.4,District 5,SPA 1 - Antelope Valley,Unincorporated - Palmdale,659509779.25293,138506.510902454
3240,06037269602,1,1,3252,0.1,28984.5,District 3,SPA 5 - West,Los Angeles - Cadillac-Corning,3127881.91210938,7326.2644319278
3241,06037271901,1,1,3087,0.2,12604.8,District 3,SPA 5 - West,Los Angeles - Mar Vista,7084576.93066406,10708.1856570728
3242,06037302003,1,1,3578,0.1,39071.3,District 5,SPA 2 - San Fernando,City of Glendale,2552854.12792969,6617.57834142569
3243,06037117102,1,1,2631,0.4,6598.6,District 3,SPA 2 - San Fernando,Los Angeles - North Hills,11180076.8193359,13727.9865356418
3244,06037199120,1,1,4086,0.4,11220.9,District 1,SPA 4 - Metro,Los Angeles - Lincoln Heights,10353364.7763672,16463.9917915215
3245,06037199300,1,1,3848,1,3908.8,District 1,SPA 4 - Metro,Los Angeles - Lincoln Heights,27892046.6816406,31628.1003131793
3246,06037199400,1,1,4668,0.3,18045.7,District 1,SPA 4 - Metro,Los Angeles - Mt. Washington,7503405.875,16929.5365290071
3247,06037272202,1,1,3378,0.1,28261.6,District 3,SPA 5 - West,Los Angeles - Mar Vista,3332333.62988281,8785.83181978402
3248,06037128500,1,1,4015,0.4,10678.7,District 3,SPA 2 - San Fernando,Los Angeles - Sherman Oaks,10481214.3525391,13224.6566382434
3249,06037199700,1,1,3411,0.4,9427.3,District 1,SPA 4 - Metro,Los Angeles - Wholesale District,10447074.6611328,13865.2251105736
3250,06037199800,1,1,5631,0.3,22393.9,District 1,SPA 4 - Metro,Los Angeles - Lincoln Heights,7009961.78222656,10760.5523985958
3251,06037920115,2,2,4149,1.4,2984.7,District 5,SPA 2 - San Fernando,City of Santa Clarita,38748970.7548828,34812.1011472792
3252,06037203600,1,1,5394,0.2,25244.6,District 1,SPA 4 - Metro,Los Angeles - Boyle Heights,5956721.89453125,10682.1394081949
3253,06037201120,1,1,4097,0.3,13422.1,District 1,SPA 4 - Metro,Los Angeles - El Sereno,8526541.92382813,13916.4125336265
3254,06037201501,1,1,5306,0.3,15500.7,District 1,SPA 4 - Metro,Los Angeles - El Sereno,9566161.625,14427.9738118469
3255,06037201503,1,1,3323,0.2,19588.7,District 1,SPA 4 - Metro,Los Angeles - El Sereno,4729129.09570313,9203.94794121773
3256,06037201504,1,1,2428,0.1,17072.4,District 1,SPA 4 - Metro,Los Angeles - El Sereno,3964702.95800781,9633.74630161675
3257,06037203500,1,1,3064,0.6,4857.2,District 1,SPA 4 - Metro,Los Angeles - Wholesale District,17841970.7617188,18793.6793821514
3258,06037201700,1,1,5093,0.7,7783.3,District 1,SPA 4 - Metro,Los Angeles - University Hills,18241832.0185547,21283.1745896941
3259,06037203100,1,1,4839,0.3,19063,District 1,SPA 4 - Metro,Los Angeles - Boyle Heights,7076573.72558594,11835.7114626533
3260,06037554600,1,1,4374,0.4,10721.9,District 4,SPA 7 - East,City of Norwalk,11373738.4160156,14557.5209299916
3261,06037203300,1,1,2607,0.6,4534.8,District 1,SPA 4 - Metro,Los Angeles - Boyle Heights,16058051.3457031,15611.025193486
3262,06037203720,1,1,4001,0.1,32277.8,District 1,SPA 4 - Metro,Los Angeles - Boyle Heights,3455623.08300781,7965.72103815256
3263,06037651221,1,1,3291,0.3,12242.6,District 4,SPA 8 - South Bay,City of Torrance,7494941.23339844,11370.4207506518
3264,06037128601,1,1,4288,0.3,16287,District 3,SPA 2 - San Fernando,Los Angeles - Sherman Oaks,7339199.21386719,13840.6277976153
3265,06037620201,1,1,1530,0.1,17260.3,District 2,SPA 8 - South Bay,City of Manhattan Beach,4513050.22363281,10982.9561785862
3266,06037211803,1,1,3529,0.1,65507,District 2,SPA 4 - Metro,Los Angeles - Little Bangladesh,1501836.625,4915.85668411055
3267,06037212501,1,1,2165,0,70447.3,District 2,SPA 4 - Metro,Los Angeles - Koreatown,856756.822265625,3804.12990576073
3268,06037241201,1,1,2898,0.2,15447.1,District 2,SPA 6 - South,Los Angeles - Figueroa Park Square,5230416.25585938,10180.3749695294
3269,06037702002,1,1,5700,0.4,14572.8,District 3,SPA 5 - West,City of Santa Monica,13639524.4492188,15569.5322345206
3270,06037269906,1,1,2878,0.1,35837.5,District 3,SPA 5 - West,Los Angeles - Palms,2238833.95117188,7462.52317272444
3271,06037601501,1,1,3890,0.2,21294.3,District 2,SPA 8 - South Bay,Unincorporated - Lennox,5092858.12792969,10545.4175901422
3272,06037203900,1,1,2944,0.2,16987.5,District 1,SPA 4 - Metro,Los Angeles - Boyle Heights,4831505.33886719,12501.6735835744
3273,06037204110,1,1,3078,0.2,13203.3,District 1,SPA 4 - Metro,Los Angeles - Boyle Heights,6499078.05566406,10204.6581913576
3274,06037204120,1,1,2650,0.1,26057,District 1,SPA 4 - Metro,Los Angeles - Boyle Heights,2835215.82226563,6976.74417579459
3275,06037204300,1,1,4787,0.2,19267.6,District 1,SPA 4 - Metro,Los Angeles - Boyle Heights,6926289.59179688,10888.0022795064
3276,06037204600,1,1,4101,0.2,18876.5,District 1,SPA 4 - Metro,Los Angeles - Boyle Heights,6269663.16308594,12240.5469782101
3277,06037204700,1,1,4972,0.4,12736.5,District 1,SPA 4 - Metro,Los Angeles - Boyle Heights,10882957.1123047,13337.0801852834
3278,06037204810,1,1,4478,0.3,15070.8,District 1,SPA 4 - Metro,Los Angeles - Boyle Heights,8285023.796875,12180.9033456122
3279,06037137201,1,1,5270,0.8,6847.7,District 3,SPA 2 - San Fernando,Los Angeles - Woodland Hills,21464042.7714844,19182.7922618331
3280,06037141400,1,1,4412,0.8,5701.9,District 3,SPA 2 - San Fernando,Los Angeles - Encino,21498769.3037109,19413.1081239955
3281,06037207900,1,1,4163,0.3,11939.3,District 1,SPA 4 - Metro,Los Angeles - Downtown,9720389.02539063,12841.3751209195
3282,06037143100,1,1,3984,0.7,5995.3,District 5,SPA 2 - San Fernando,Los Angeles - Toluca Lake,19131601.6142578,18918.1044381835
3283,06037535001,1,1,4325,0.2,24904.7,District 2,SPA 6 - South,Unincorporated - Florence-Firestone,4841546.92578125,8859.37987432185
3284,06037137401,1,1,4157,0.9,4563.3,District 3,SPA 2 - San Fernando,Los Angeles - Woodland Hills,25590865.9667969,26377.214751617
3285,06037141302,1,1,5504,0.5,11220.2,District 3,SPA 2 - San Fernando,Los Angeles - Sherman Oaks,13726531.8984375,17038.8070578706
3286,06037203800,1,1,4589,0.2,24385.9,District 1,SPA 4 - Metro,Los Angeles - Boyle Heights,5246195.37988281,9451.84756925027
3287,06037115403,1,1,3188,0.3,11732.8,District 3,SPA 2 - San Fernando,Los Angeles - Northridge,7574458.01855469,11112.5969812925
3288,06037603005,1,1,5591,0.3,22252.8,District 2,SPA 8 - South Bay,City of Gardena,7004871.66503906,10585.9302947952
3289,06037604001,1,1,4470,0.3,17567.3,District 2,SPA 8 - South Bay,City of Lawndale,7094128.81933594,10693.2112934196
3290,06037104203,1,1,5210,0.3,19060.3,District 3,SPA 2 - San Fernando,Los Angeles - Pacoima,7620036.26855469,11052.5284982817
3291,06037207710,1,1,2490,0.4,5854.6,District 1,SPA 4 - Metro,Los Angeles - Downtown,11853348.5126953,17223.242815371
3292,06037219010,1,1,2814,0.2,16532,District 2,SPA 6 - South,Los Angeles - Jefferson Park,4745319.71679688,9379.45374785567
3293,06037650003,1,1,3158,0.2,16232.9,District 4,SPA 8 - South Bay,City of Torrance,5425884.96777344,9574.98095903663
3294,06037209520,1,1,2791,0.1,31269.5,District 1,SPA 4 - Metro,Los Angeles - Pico-Union,2488298.79003906,6468.36065287354
3295,06037208000,1,1,6893,0.4,18382.8,District 1,SPA 4 - Metro,Los Angeles - Temple-Beaudry,10453410.7646484,14241.0239479276
3296,06037209102,1,1,5267,0.1,44748.4,District 1,SPA 4 - Metro,Los Angeles - Westlake,3281340.921875,8364.69728756733
3297,06037209200,1,1,2785,0.2,17541.7,District 1,SPA 4 - Metro,Los Angeles - Westlake,4426035.81445313,8750.64333129951
3298,06037209300,1,1,5021,0.1,42454.1,District 1,SPA 4 - Metro,Los Angeles - Westlake,3297115.69921875,7931.22236885673
3299,06037210010,1,1,3520,0.2,22311.2,District 1,SPA 4 - Metro,Los Angeles - Pico-Union,4402120.02636719,8907.43026384884
3300,06037190301,1,1,4758,0.2,30547.6,District 3,SPA 4 - Metro,Los Angeles - Hollywood,4341601.24511719,12081.6534989536
3301,06037190510,1,1,4227,0.1,34384.9,District 3,SPA 4 - Metro,Los Angeles - Hollywood,3427014.7734375,7981.11783118573
3302,06037190700,1,1,3379,0.2,13621.1,District 3,SPA 4 - Metro,Los Angeles - Hollywood,6915750.69433594,12502.8127611178
3303,06037190902,1,1,3960,0.2,21060.5,District 3,SPA 4 - Metro,Los Angeles - Hollywood,5241761.85253906,9257.05688477667
3304,06037237102,1,1,3254,0.2,18322.9,District 2,SPA 6 - South,Los Angeles - Harvard Park,4951073.34863281,9013.08052987855
3305,06037191000,1,1,3228,0.3,12887.8,District 3,SPA 4 - Metro,Los Angeles - Hollywood,6982346.08789063,11184.1566866414
3306,06037191110,1,1,3338,0.1,31697,District 1,SPA 4 - Metro,Los Angeles - Little Armenia,2935769.43554688,7507.32333460222
3307,06037191120,1,1,4135,0.1,28208.5,District 1,SPA 4 - Metro,Los Angeles - Little Armenia,4086485.78417969,8373.03215429788
3308,06037191610,1,1,4502,0.2,27923,District 3,SPA 4 - Metro,Los Angeles - Melrose,4498406.6796875,9410.99859297722
3309,06037191620,1,1,2789,0.1,31517,District 3,SPA 4 - Metro,Los Angeles - Melrose,2463246.37695313,7019.86987592721
3310,06037191710,1,1,3231,0.3,11864.8,District 3,SPA 4 - Metro,Los Angeles - Melrose,7627398.74121094,13209.0292696478
3311,06037700300,1,1,5623,0.2,23986.8,District 3,SPA 4 - Metro,City of West Hollywood,6535065.95214844,14233.8134814791
3312,06037134201,1,1,4270,0.6,7578,District 3,SPA 2 - San Fernando,Los Angeles - Canoga Park,15786714.0322266,16455.9507152668
3313,06037901004,1,1,12544,5,2484,District 5,SPA 1 - Antelope Valley,City of Lancaster,140927869.226563,53077.6682555037
3314,06037901007,1,1,2258,2,1122.8,District 5,SPA 1 - Antelope Valley,City of Lancaster,56077816.8007813,31617.3101571073
3315,06037901101,1,1,5496,2,2726.3,District 5,SPA 1 - Antelope Valley,City of Lancaster,56221612.2167969,31894.6133110991
3316,06037133100,1,1,5446,0.6,9332.9,District 3,SPA 2 - San Fernando,Los Angeles - Reseda,16360493.7285156,16956.2822504729
3317,06037276601,1,1,3838,0.9,4452.9,District 2,SPA 5 - West,Los Angeles - Westchester,24108939.8232422,23283.3399964032
3318,06037277000,1,1,5395,0.9,6078.1,District 2,SPA 5 - West,Los Angeles - Westchester,24745922.4794922,21847.7459940653
3319,06037134103,1,1,4193,0.4,10432.9,District 3,SPA 2 - San Fernando,Los Angeles - Winnetka,11307062.9169922,17436.7934762498
3320,06037134104,1,1,4322,0.3,17275.2,District 3,SPA 2 - San Fernando,Los Angeles - Winnetka,6974297.42773438,10562.5443777477
3321,06037920030,2,2,5818,1,5756,District 5,SPA 2 - San Fernando,City of Santa Clarita,28175241.4882813,23646.7547586098
3322,06037920040,2,2,3352,1.1,2932.5,District 5,SPA 2 - San Fernando,City of Santa Clarita,31861962.9052734,27203.3894819947
3323,06037670701,1,1,6882,1.2,5959.2,District 4,SPA 8 - South Bay,City of Rancho Palos Verdes,33169403.4023438,35236.901542988
3324,06037297201,1,1,3475,0.2,22279.8,District 4,SPA 8 - South Bay,Los Angeles - San Pedro,4348887.16796875,8280.5321659166
3325,06037910201,1,1,3549,5.6,631.3,District 5,SPA 1 - Antelope Valley,City of Palmdale,156759331.927734,57597.434804874
3326,06037900505,1,1,4002,0.5,7915.9,District 5,SPA 1 - Antelope Valley,City of Lancaster,14109167.0068359,15916.0968722898
3327,06037264102,1,1,2873,0.2,18767.8,District 3,SPA 5 - West,Los Angeles - Brentwood,4267625.33203125,10245.740071267
3328,06037132700,1,1,4912,0.5,9705,District 3,SPA 2 - San Fernando,Los Angeles - Reseda,14222014.8105469,15692.7242065842
3329,06037132900,1,1,3461,0.5,7565.6,District 3,SPA 2 - San Fernando,Los Angeles - Reseda,12852276.7197266,18197.0142079188
3330,06037133000,1,1,4449,0.4,11555.3,District 3,SPA 2 - San Fernando,Los Angeles - Reseda,10787218.859375,14158.0107359599
3331,06037900506,1,1,4352,0.5,8623,District 5,SPA 1 - Antelope Valley,City of Lancaster,14074252.1044922,15929.1502226566
3332,06037278102,1,1,3158,0.6,4871.5,District 2,SPA 5 - West,Los Angeles - Playa Del Rey,35403569.5458984,34681.3136344175
3333,06037294301,1,1,2448,0.3,8891.9,District 4,SPA 8 - South Bay,Los Angeles - Wilmington,7676011.80078125,11675.1941905741
3334,06037294302,1,1,4754,0.3,14652.7,District 4,SPA 8 - South Bay,Los Angeles - Wilmington,9046111.65820313,14638.1780249714
3335,06037207502,1,1,2589,0.2,16027.5,District 1,SPA 4 - Metro,Los Angeles - Downtown,4503362.95507813,9155.67719345887
3336,06037240401,1,1,5383,0.3,20103.8,District 2,SPA 6 - South,Los Angeles - Vermont Vista,7460071.13671875,11317.3017187645
3337,06037294701,1,1,3019,0.7,4463.1,District 4,SPA 8 - South Bay,Los Angeles - Wilmington,18881648.4335938,19842.785052273
3338,06037208402,1,1,2775,0.1,21065,District 1,SPA 4 - Metro,Los Angeles - Historic Filipinotown,3667724.10058594,8621.7803014276
3339,06037296401,1,1,3191,0.4,8374.4,District 4,SPA 8 - South Bay,Los Angeles - San Pedro,10636314.9609375,14229.7553134629
3340,06037900608,1,1,3536,0.5,6833,District 5,SPA 1 - Antelope Valley,City of Lancaster,14400500.9677734,16063.522357794
3341,06037621104,1,1,6649,0.4,16394.6,District 2,SPA 8 - South Bay,City of Hermosa Beach,17836872.9980469,17046.2837733778
3342,06037101400,1,1,3903,2.4,1602.2,District 5,SPA 2 - San Fernando,Los Angeles - Tujunga,67915323.0517578,42668.9289857626
3343,06037208502,1,1,3571,0.1,35430.4,District 1,SPA 4 - Metro,Los Angeles - Temple-Beaudry,2809795.96191406,6779.01704749062
3344,06037208801,1,1,2995,0.1,33115,District 1,SPA 4 - Metro,Los Angeles - Westlake,2889587.41015625,7802.25243544067
3345,06037900507,1,1,7669,1.5,5044,District 5,SPA 1 - Antelope Valley,City of Lancaster,42479515.7792969,26570.3272573042
3346,06037120104,1,1,2310,0.2,13181.4,District 3,SPA 2 - San Fernando,Los Angeles - Panorama City,4885243.29101563,10176.5522871564
3347,06037183402,1,1,2820,0.2,14224.6,District 1,SPA 4 - Metro,Los Angeles - Eagle Rock,5526566.20898438,11220.1366917148
3348,06037183701,1,1,3922,0.2,18440.3,District 1,SPA 4 - Metro,Los Angeles - Highland Park,5929404.44628906,12531.3449564882
3349,06037187101,1,1,3235,0.3,11017.9,District 1,SPA 4 - Metro,Los Angeles - Atwater Village,8483179.29980469,12910.6073876595
3350,06037297601,1,1,2594,0.3,8938.2,District 4,SPA 8 - South Bay,Los Angeles - San Pedro,27654301.1689453,32759.8366286358
3351,06037186203,1,1,2936,0.3,9023.5,District 1,SPA 4 - Metro,Los Angeles - Glassell Park,9070406.43164063,15825.6841141805
3352,06037186302,1,1,5198,0.7,7986.3,District 1,SPA 4 - Metro,Los Angeles - Glassell Park,18139341.7753906,17905.2193543655
3353,06037296402,1,1,3091,0.4,7660,District 4,SPA 8 - South Bay,Los Angeles - San Pedro,11260459.5625,17051.4265131975
3354,06037296902,1,1,3851,0.2,20325.2,District 4,SPA 8 - South Bay,Los Angeles - San Pedro,5308616.4375,12001.5156132242
3355,06037297602,1,1,3503,0.2,14584.7,District 4,SPA 8 - South Bay,Los Angeles - San Pedro,6697030.703125,12308.3153847831
3356,06037189102,1,1,3096,0.2,12842.5,District 5,SPA 4 - Metro,Los Angeles - Los Feliz,6720506.63183594,12014.5786372337
3357,06037302505,1,1,3749,0.2,18098.7,District 5,SPA 2 - San Fernando,City of Glendale,5774526.92382813,15901.121692258
3358,06037209104,1,1,2434,0,90111.6,District 1,SPA 4 - Metro,Los Angeles - Westlake,753009.131835938,3841.17499832431
3359,06037302506,1,1,3534,0.3,10109.3,District 5,SPA 2 - San Fernando,City of Glendale,9754383.12011719,15033.9712140059
3360,06037120107,1,1,3818,0.1,48846.5,District 3,SPA 2 - San Fernando,Los Angeles - Panorama City,2231008.49414063,6075.28674959794
3361,06037120108,1,1,4838,0.1,33286.1,District 3,SPA 2 - San Fernando,Los Angeles - Panorama City,4164596.89453125,8449.4842326744
3362,06037188201,1,1,3270,0.3,11243,District 5,SPA 4 - Metro,Los Angeles - Los Feliz,8354825.63183594,17041.6062032653
3363,06037408003,1,1,4992,0.5,9159.9,District 1,SPA 3 - San Gabriel,City of West Covina,14694545.8505859,16517.9463221325
3364,06037186403,1,1,2899,0.2,13901.9,District 1,SPA 4 - Metro,Los Angeles - Glassell Park,5872994.31640625,11992.5629375341
3365,06037186404,1,1,2471,0.2,15953.8,District 1,SPA 4 - Metro,Los Angeles - Glassell Park,4317771.04492188,8867.00099955054
3366,06037218702,1,1,2176,0.1,15669.3,District 2,SPA 6 - South,Los Angeles - Wellington Square,3871444.640625,10285.1016688855
3367,06037189202,1,1,2718,0.4,6815.2,District 5,SPA 4 - Metro,Los Angeles - Los Feliz,11117958,17404.7215087868
3368,06037190802,1,1,2784,0.2,14813.2,District 3,SPA 4 - Metro,Los Angeles - Hollywood,5239312.15332031,9249.7000171503
3369,06037191301,1,1,2327,0.1,22033.4,District 1,SPA 4 - Metro,Los Angeles - East Hollywood,2944230.53222656,8542.86419282967
3370,06037191302,1,1,2422,0.2,14847.8,District 1,SPA 4 - Metro,Los Angeles - East Hollywood,4547444.33789063,9355.99836923277
3371,06037191901,1,1,3355,0.3,11238.8,District 3,SPA 4 - Metro,Los Angeles - Melrose,8322029.15332031,11883.4390507353
3372,06037124902,1,1,2766,0.1,21158.3,District 5,SPA 2 - San Fernando,Los Angeles - Valley Village,3644289.50585938,8062.46972703722
3373,06037621204,1,1,3230,0.5,7147.7,District 2,SPA 8 - South Bay,City of Redondo Beach,23363794.1523438,20021.7014624104
3374,06037481605,1,1,3387,0.3,11459.5,District 1,SPA 3 - San Gabriel,City of Alhambra,8233583.31445313,14015.8624377976
3375,06037481606,1,1,4871,0.3,14634.3,District 1,SPA 3 - San Gabriel,City of Alhambra,9279014.62695313,14834.3034275397
3376,06037533703,1,1,4236,0.3,14162.4,District 4,SPA 7 - East,City of Maywood,8303442.29296875,13443.1116809379
3377,06037500404,1,1,4795,0.5,10411.6,District 4,SPA 7 - East,City of Pico Rivera,12839823.375,14657.2854244621
3378,06037501001,1,1,3248,0.3,10875.9,District 4,SPA 7 - East,Unincorporated - West Whittier/Los Nietos,9567583.74121094,12856.6891008172
3379,06037501002,1,1,4861,0.6,8559.4,District 4,SPA 7 - East,Unincorporated - West Whittier/Los Nietos,15832733.2304688,16645.8117804755
3380,06037300301,1,1,6140,2.4,2585.2,District 5,SPA 2 - San Fernando,City of Glendale,66330176.1269531,41869.5305820369
3381,06037301205,1,1,2209,0.3,7398.5,District 5,SPA 2 - San Fernando,City of Glendale,8323250.83300781,12800.2386417229
3382,06037134905,1,1,2819,1,2822.6,District 3,SPA 2 - San Fernando,Los Angeles - Woodland Hills,27841675.5253906,22067.9921877086
3383,06037543306,1,1,7214,1.7,4244.8,District 2,SPA 8 - South Bay,City of Carson,48435170.8652344,41964.6689268256
3384,06037576301,1,1,4176,0.2,19717.6,District 4,SPA 8 - South Bay,City of Long Beach,5905100.44238281,9753.97301107271
3385,06037576903,1,1,3802,0.1,30326.4,District 4,SPA 8 - South Bay,City of Long Beach,3495520.22851563,7937.92527939337
3386,06037104704,1,1,4219,0.6,6572.1,District 3,SPA 2 - San Fernando,Los Angeles - Pacoima,17895265.8740234,16971.9994770933
3387,06037577504,1,1,1448,0.1,9695.3,District 4,SPA 8 - South Bay,City of Long Beach,45295681.2080078,31557.4890520201
3388,06037572500,1,1,3365,0.2,14704.3,District 4,SPA 8 - South Bay,City of Long Beach,6380483.73925781,10650.1261222441
3389,06037901010,1,1,5913,1,5773.4,District 5,SPA 1 - Antelope Valley,City of Lancaster,28579437.2949219,21414.6350370662
3390,06037900609,1,1,5243,1,5108.4,District 5,SPA 1 - Antelope Valley,City of Lancaster,28215848.0546875,26560.128315032
3391,06037901009,1,1,5318,1,5189.3,District 5,SPA 1 - Antelope Valley,City of Lancaster,28565284.6015625,21393.3090638072
3392,06037194401,1,1,2461,0.2,13685.1,District 3,SPA 4 - Metro,Los Angeles - Melrose,5013242.0078125,9747.51861095723
3393,06037211703,1,1,4750,0.1,66821.5,District 2,SPA 4 - Metro,Los Angeles - Wilshire Center,1981693.3828125,5697.2057542124
3394,06037106405,1,1,3966,0.5,8778.2,District 3,SPA 2 - San Fernando,Los Angeles - Sylmar,12611159.796875,14491.7519698648
3395,06037901011,1,1,5069,1,4918.7,District 5,SPA 1 - Antelope Valley,City of Lancaster,28755361.7939453,21431.502640545
3396,06037800328,1,1,2640,3.8,697.7,District 3,SPA 2 - San Fernando,Unincorporated - Santa Monica Mountains,105603455.222656,40714.595351911
3397,06037194402,1,1,3335,0.2,14660.7,District 3,SPA 4 - Metro,Los Angeles - Melrose,6341581.22949219,14496.2933898002
3398,06037265202,1,1,3611,0.2,16256,District 3,SPA 5 - West,Los Angeles - Westwood,6192571.09667969,11549.0177106218
3399,06037195201,1,1,2834,0.2,12216.6,District 1,SPA 4 - Metro,Los Angeles - Silverlake,6466990.20800781,13793.8573232493
3400,06037106407,1,1,2933,0.1,32725.3,District 3,SPA 2 - San Fernando,Los Angeles - Sylmar,2498435.38378906,6355.67193349336
3401,06037990100,99,99,0,0,,,,,1859770733.99414,250492.179792852
3402,06037990300,99,99,0,0,,District 4,SPA 8 - South Bay,City of Long Beach,1588518158.41602,293635.119218977
3403,06037192002,1,1,2735,0.3,8252.8,District 3,SPA 4 - Metro,Los Angeles - Melrose,9238710.08007813,12815.3562768161
3404,06037208710,1,1,4309,0.1,65501,District 1,SPA 4 - Metro,Los Angeles - Westlake,1833916.09082031,5648.95244867168
3405,06037195202,1,1,3185,0.3,9395.5,District 1,SPA 4 - Metro,Los Angeles - Silverlake,9450213.39453125,14520.0909924589
3406,06037195804,1,1,2643,0.1,20381.8,District 1,SPA 4 - Metro,Los Angeles - Temple-Beaudry,3615043.81640625,7708.36000700584
3407,06037195901,1,1,2235,0.1,19900.4,District 1,SPA 4 - Metro,Los Angeles - Silverlake,3130914.42675781,8190.01586346303
3408,06037195902,1,1,1905,0.1,14880.4,District 1,SPA 4 - Metro,Los Angeles - Silverlake,3742492.61132813,8216.51584901215
3409,06037195903,1,1,2216,0.1,24106.7,District 1,SPA 4 - Metro,Los Angeles - Silverlake,2562656.234375,6738.80492772739
3410,06037201601,1,1,2288,0.2,10965.5,District 1,SPA 4 - Metro,Los Angeles - El Sereno,5816821.74609375,11118.8418936602
3411,06037201602,1,1,2840,0.4,6901.7,District 1,SPA 4 - Metro,Los Angeles - El Sereno,11471575.9355469,18959.1186356298
3412,06037543321,1,1,5418,1.9,2875,District 2,SPA 8 - South Bay,City of Carson,52541114.8994141,29987.3723661891
3413,06037141101,1,1,4066,0.3,14293.4,District 3,SPA 2 - San Fernando,Los Angeles - Sherman Oaks,8170710.47851563,11728.9072151566
3414,06037190202,1,1,3044,0.1,37299,District 3,SPA 4 - Metro,Los Angeles - Hollywood,2275158.77050781,6643.15470367504
3415,06037226700,1,1,6170,0.3,20416.1,District 2,SPA 6 - South,Los Angeles - Central,8425204.41796875,12152.9510793982
3416,06037207103,1,1,2077,0.1,16596.4,District 1,SPA 4 - Metro,Los Angeles - Chinatown,3488830.09082031,9634.34535093254
3417,06037211704,1,1,3016,0.1,42236.4,District 2,SPA 4 - Metro,Los Angeles - Wilshire Center,1990706.12011719,5747.49838334667
3418,06037262704,1,1,3567,0.8,4745.5,District 3,SPA 5 - West,Los Angeles - Pacific Palisades,26641624.0458984,27170.1303167316
3419,06037620305,1,1,6227,0.5,12743.5,District 2,SPA 8 - South Bay,City of Manhattan Beach,27349289.0498047,23678.6405961295
3420,06037621004,1,1,4762,0.3,14071.8,District 2,SPA 8 - South Bay,City of Hermosa Beach,9434828.89941406,15799.8641558704
3421,06037570204,1,1,4130,0.2,19516.2,District 4,SPA 8 - South Bay,City of Long Beach,5900050.96875,9857.7643201685
3422,06037621324,1,1,3842,0.2,15557.4,District 2,SPA 8 - South Bay,City of Redondo Beach,14816494.2695313,17426.8686498413
3423,06037212701,1,1,2430,0.2,13401.7,District 2,SPA 4 - Metro,Los Angeles - Country Club Park,5054873.23242188,10686.7572868584
3424,06037621326,1,1,3260,0.3,11470.8,District 2,SPA 8 - South Bay,City of Redondo Beach,18104402.5048828,17698.5653469218
3425,06037650004,1,1,4005,0.3,13759.2,District 4,SPA 8 - South Bay,City of Torrance,8221333.00195313,11731.6665171505
3426,06037570602,1,1,6356,0.4,15791,District 4,SPA 8 - South Bay,City of Long Beach,11222281.2128906,14467.3016332185
3427,06037570603,1,1,4435,0.3,15633.9,District 4,SPA 8 - South Bay,City of Long Beach,7909037.44238281,12506.6566945362
3428,06037121101,1,1,2932,0.2,16079.5,District 5,SPA 2 - San Fernando,Los Angeles - Sun Valley,5082880.94042969,10732.4573616308
3429,06037500403,1,1,4023,0.8,5058.6,District 4,SPA 7 - East,City of Pico Rivera,24186338.1162109,29537.6277280819
3430,06037570402,1,1,3496,0.6,6337.4,District 4,SPA 8 - South Bay,City of Long Beach,16460417.1025391,20927.2977140781
3431,06037570501,1,1,7419,0.6,12931.3,District 4,SPA 8 - South Bay,City of Long Beach,15995647.2460938,16831.1748492196
3432,06037575201,1,1,4667,0.2,21333.5,District 4,SPA 8 - South Bay,City of Long Beach,6099517.30175781,10557.1250418049
3433,06037570701,1,1,6569,0.7,9616.4,District 4,SPA 7 - East,City of Lakewood,19149170.8164063,21080.575549835
3434,06037503104,1,1,2719,0.2,13007.8,District 4,SPA 7 - East,Unincorporated - South Whittier,5885569.51953125,10936.7166159575
3435,06037552302,1,1,3648,0.4,9836.5,District 4,SPA 7 - East,City of Norwalk,10350115.0849609,15066.883272569
3436,06037571704,1,1,4107,0.2,22087.6,District 4,SPA 8 - South Bay,City of Long Beach,5184206.99902344,11196.166999461
3437,06037920044,2,2,2686,0.4,7153.6,District 5,SPA 2 - San Fernando,City of Santa Clarita,10764345.8857422,15038.9458081629
3438,06037920336,2,2,7027,0.6,10984.6,District 5,SPA 2 - San Fernando,City of Santa Clarita,17974153.1269531,21897.9680718934
3439,06037990200,99,99,0,0,,,,,2233307847.625,311757.015313552
3440,06037571101,1,1,4574,0.5,8949.4,District 4,SPA 7 - East,City of Lakewood,14249746.3642578,15900.5871461265
3441,06037570800,1,1,5540,0.9,5977.2,District 4,SPA 7 - East,City of Lakewood,25763533.0537109,20479.074706607
3442,06037570901,1,1,5647,0.7,8055.6,District 4,SPA 7 - East,City of Lakewood,19544560.5234375,18513.6941941054
3443,06037570902,1,1,3616,0.4,8870.4,District 4,SPA 7 - East,City of Lakewood,11365545.6669922,14170.0210840909
3444,06037571000,1,1,5747,0.7,8500.8,District 4,SPA 7 - East,City of Lakewood,18849110.9892578,17798.4561927378
3445,06037273402,1,1,3172,0.2,13192,District 3,SPA 5 - West,Los Angeles - Venice,10869450.3115234,13804.9973260032
3446,06037670411,1,1,4427,1.1,3975.1,District 4,SPA 8 - South Bay,City of Rancho Palos Verdes,31056562.5429688,28947.4253118989
3447,06037262706,1,1,3563,0.9,4005.4,District 3,SPA 5 - West,Los Angeles - Pacific Palisades,30454573.3837891,23707.3042134753
3448,06037192620,1,1,3868,0.1,41131.9,District 3,SPA 4 - Metro,Los Angeles - Melrose,2621589.80859375,7268.93645380648
3449,06037980006,99,99,0,1.1,0,District 4,SPA 8 - South Bay,City of Long Beach,36054564.109375,38171.519769372
3450,06037701304,1,1,6374,0.8,7942.7,District 3,SPA 5 - West,City of Santa Monica,25014903.9550781,23459.5618974569
3451,06037113101,1,1,3558,0.9,4073.4,District 3,SPA 2 - San Fernando,Los Angeles - Chatsworth,24410142.1201172,21415.0656618697
3452,06037121221,1,1,2365,0.2,12197.4,District 3,SPA 2 - San Fernando,Los Angeles - Sun Valley,5427461.15039063,11054.1635780522
3453,06037101122,1,1,3664,1,3589.1,District 5,SPA 2 - San Fernando,Los Angeles - Tujunga,28457743.5732422,31671.4558435368
3454,06037104703,1,1,2397,0.5,5306.9,District 3,SPA 2 - San Fernando,Los Angeles - Pacoima,12577588.828125,15347.0598005926
3455,06037404504,1,1,5266,0.3,20286.9,District 1,SPA 3 - San Gabriel,City of Azusa,7236324.20898438,10783.2752596862
3456,06037109603,1,1,4252,0.4,11024.9,District 3,SPA 2 - San Fernando,Los Angeles - Mission Hills,10751035.2080078,13424.2842018636
3457,06037109604,1,1,2975,0.5,6558.3,District 3,SPA 2 - San Fernando,Los Angeles - Mission Hills,12645174.2480469,14357.4695878526
3458,06037120103,1,1,3287,0.1,61472.2,District 3,SPA 2 - San Fernando,Los Angeles - Panorama City,1490376.19042969,5636.21120401707
3459,06037104403,1,1,3282,0.3,12199.7,District 3,SPA 2 - San Fernando,Los Angeles - Pacoima,7459610.76269531,16071.53340497
3460,06037108201,1,1,5551,1.1,5125.3,District 3,SPA 2 - San Fernando,Los Angeles - Porter Ranch,30190954.7880859,30444.1677382471
3461,06037501804,1,1,2131,0.2,10368.3,District 4,SPA 7 - East,City of Whittier,5729971.03613281,11153.9292921403
3462,06037502003,1,1,2693,0.2,10836.5,District 4,SPA 7 - East,City of Whittier,6927747.36328125,10675.606372181
3463,06037533002,1,1,2822,0.2,15051.1,District 2,SPA 7 - East,Unincorporated - Florence-Firestone,5223286.26367188,9263.7125908804
3464,06037502004,1,1,4359,0.5,8461.9,District 4,SPA 7 - East,City of Whittier,14369469.3671875,17665.5440881839
3465,06037502005,1,1,4251,0.4,10427.2,District 4,SPA 7 - East,Unincorporated - South Whittier,11365971.7822266,16335.3838255205
3466,06037404201,1,1,3711,0.4,10362.4,District 1,SPA 3 - San Gabriel,City of Azusa,9983439.77148438,13490.394470963
3467,06037404202,1,1,3366,0.2,13502.1,District 1,SPA 3 - San Gabriel,Unincorporated - Azusa,6949663.36816406,10597.0413242573
3468,06037536103,1,1,5516,0.5,12103.9,District 4,SPA 7 - East,City of South Gate,12705298.9082031,16304.5106169042
3469,06037405301,1,1,3349,0.3,10440.2,District 1,SPA 3 - San Gabriel,City of West Covina,8942596.25488281,19226.9971612603
3470,06037405302,1,1,5351,0.7,7712.2,District 1,SPA 3 - San Gabriel,City of West Covina,19342400.1699219,21926.6065654081
3471,06037117101,1,1,4796,0.3,16094,District 3,SPA 2 - San Fernando,Los Angeles - North Hills,8389682.49023438,11700.7286074943
3472,06037700102,1,1,4061,0.2,21422.7,District 3,SPA 4 - Metro,City of West Hollywood,5284605.4609375,13568.1878851156
3473,06037302503,1,1,4330,0.1,34334.8,District 5,SPA 2 - San Fernando,City of Glendale,3515609.49804688,9965.9398099377
3474,06037920118,2,2,6117,1.1,5353.3,District 5,SPA 2 - San Fernando,Unincorporated - Castaic,31919469.9619141,31155.7694636551
3475,06037402406,1,1,4776,0.5,10591,District 1,SPA 3 - San Gabriel,City of Pomona,12567423.0009766,14369.785082223
3476,06037119002,1,1,7210,0.6,11132.2,District 3,SPA 2 - San Fernando,Los Angeles - Arleta,18310461.3603516,21605.0426578908
3477,06037503105,1,1,3634,0.4,8577.3,District 4,SPA 7 - East,Unincorporated - South Whittier,11954723.4394531,16794.7668332826
3478,06037408004,1,1,2246,0.2,10199.9,District 1,SPA 3 - San Gabriel,City of West Covina,6655891.83691406,11899.6441567766
3479,06037408006,1,1,3863,1.3,3010.9,District 1,SPA 3 - San Gabriel,City of West Covina,35771302.8828125,25486.506250561
3480,06037113102,1,1,2828,1.4,2002.9,District 3,SPA 2 - San Fernando,Los Angeles - Chatsworth,39509528.9140625,24896.2428659104
3481,06037115404,1,1,2913,0.4,7970.3,District 3,SPA 2 - San Fernando,Los Angeles - Northridge,10260487.4951172,13012.0745657112
3482,06037117202,1,1,2471,0.7,3524.6,District 3,SPA 2 - San Fernando,Los Angeles - North Hills,19522776.1621094,18091.2822220003
3483,06037274202,1,1,4337,0.4,11858.6,District 2,SPA 5 - West,Los Angeles - Marina Peninsula,23825053.3769531,22022.1158771767
3484,06037119001,1,1,4038,0.4,10353.9,District 3,SPA 2 - San Fernando,Los Angeles - Arleta,11551196.3740234,13964.9842007957
3485,06037119202,1,1,4707,0.4,12720.2,District 3,SPA 2 - San Fernando,Los Angeles - Arleta,10437023.7607422,16864.124326676
3486,06037121801,1,1,3942,0.2,21021.2,District 3,SPA 2 - San Fernando,Los Angeles - North Hollywood,5227512.55566406,10560.213659301
3487,06037121802,1,1,3525,0.4,9606.9,District 3,SPA 2 - San Fernando,Los Angeles - North Hollywood,10232438.8945313,14912.8139010228
3488,06037123901,1,1,4500,0.5,9023.1,District 3,SPA 2 - San Fernando,Los Angeles - North Hollywood,13897463.0253906,15030.3545512012
3489,06037480304,1,1,4098,0.2,24307.9,District 1,SPA 3 - San Gabriel,City of Alhambra,4699816.16210938,8998.89584818316
3490,06037232400,1,1,6957,0.4,16189.9,District 2,SPA 6 - South,Los Angeles - West Vernon,11979836.3974609,13909.3676321426
3491,06037543400,1,1,4090,1.1,3621.7,District 2,SPA 8 - South Bay,City of Carson,33417513.5673828,27068.5772425849
3492,06037543501,1,1,6805,1,6621.7,District 2,SPA 8 - South Bay,City of Carson,28710611.2382813,34677.2918973775
3493,06037503103,1,1,5004,0.4,11937.2,District 4,SPA 7 - East,Unincorporated - South Whittier,11725025.1357422,15490.8244609037
3494,06037503106,1,1,3795,0.4,10627.3,District 4,SPA 7 - East,Unincorporated - South Whittier,9955838.66992188,14526.7859938405
3495,06037301801,1,1,4079,0.3,14830.3,District 5,SPA 2 - San Fernando,City of Glendale,7784905.63476563,11140.3397682707
3496,06037301802,1,1,3578,0.2,19345.4,District 5,SPA 2 - San Fernando,City of Glendale,5155942.63964844,9450.60301344317
3497,06037302004,1,1,4214,0.1,32119.5,District 5,SPA 2 - San Fernando,City of Glendale,3657396.93554688,7716.80353622791
3498,06037302401,1,1,5944,0.5,11227.8,District 5,SPA 2 - San Fernando,City of Glendale,14758166.2080078,18000.6796436558
3499,06037302504,1,1,4234,0.1,29073.1,District 5,SPA 2 - San Fernando,City of Glendale,4059815.08886719,11451.9579913916
3500,06037121222,1,1,5293,0.5,10237.5,District 3,SPA 2 - San Fernando,Los Angeles - Sun Valley,14367773.7353516,18211.0704318064
3501,06037124103,1,1,2030,0.1,16229.9,District 3,SPA 2 - San Fernando,Los Angeles - North Hollywood,3486761.99609375,7921.97772907455
3502,06037124105,1,1,2658,0.1,21212.7,District 5,SPA 2 - San Fernando,Los Angeles - North Hollywood,3493008.78125,7929.03878264633
3503,06037135114,1,1,4445,0.5,9102.2,District 3,SPA 2 - San Fernando,Los Angeles - Canoga Park,13669264.9736328,18199.5880053194
3504,06037137103,1,1,4199,0.3,14312.6,District 3,SPA 2 - San Fernando,Los Angeles - Woodland Hills,8177038.07617188,11777.6605056842
3505,06037408136,1,1,3849,0.4,9875.8,District 1,SPA 3 - San Gabriel,City of West Covina,10865368.1474609,17027.7455055468
3506,06037603004,1,1,1512,0.1,17360.5,District 2,SPA 8 - South Bay,City of Gardena,2428204.72753906,8219.20217243536
3507,06037571300,1,1,4414,0.8,5591.9,District 4,SPA 7 - East,City of Lakewood,22571645.7734375,19074.684741178
3508,06037219902,1,1,4113,0.3,13346.6,District 2,SPA 6 - South,Los Angeles - Alsace,8619894.37207031,13295.7665299572
3509,06037571400,1,1,4770,0.8,5746.1,District 4,SPA 7 - East,City of Lakewood,23399659.5615234,31832.9137471402
3510,06037571502,1,1,4661,0.5,8782.5,District 4,SPA 8 - South Bay,City of Long Beach,14822500.3046875,16163.2407355889
3511,06037571900,1,1,5509,0.8,7336,District 4,SPA 8 - South Bay,City of Long Beach,20831828.7324219,23761.211102004
3512,06037571701,1,1,6352,0.7,9623,District 4,SPA 8 - South Bay,City of Long Beach,20445117.7734375,24509.068925597
3513,06037221304,1,1,3319,0.1,37826.8,District 2,SPA 4 - Metro,Los Angeles - Harvard Heights,2446087.83984375,6306.61158930469
3514,06037430902,1,1,4652,0.5,10250.3,District 5,SPA 3 - San Gabriel,City of Monrovia,12709141.6484375,17067.304321105
3515,06037571800,1,1,3190,1,3153.8,District 4,SPA 8 - South Bay,City of Long Beach,30257269.6464844,26473.9597037391
3516,06037408138,1,1,5936,0.3,17356.6,District 1,SPA 3 - San Gabriel,Unincorporated - San Jose Hills,9534493.21875,15884.5041843424
3517,06037408630,1,1,2319,0.3,8852.8,District 1,SPA 3 - San Gabriel,Unincorporated - Hacienda Heights,7383718.37792969,12744.6577377388
3518,06037408723,1,1,2825,0.3,9110,District 1,SPA 3 - San Gabriel,Unincorporated - Rowland Heights,8645228.01269531,15853.27205995
3519,06037221401,1,1,3359,0.2,16042,District 2,SPA 6 - South,Los Angeles - West Adams,5837353.24804688,9623.44372464543
3520,06037408724,1,1,5362,0.2,26026.7,District 1,SPA 3 - San Gabriel,Unincorporated - Rowland Heights,5743580.13476563,10137.2742437582
3521,06037271801,1,1,3635,0.2,19500.5,District 3,SPA 5 - West,Los Angeles - Palms,5165916.65722656,9610.55195120519
3522,06037572001,1,1,5278,0.6,9479.8,District 4,SPA 8 - South Bay,City of Long Beach,15523108.7802734,16808.4733877625
3523,06037670001,1,1,3311,0.4,9126.7,District 4,SPA 8 - South Bay,City of Lomita,10114919.1738281,16579.6634649701
3524,06037670002,1,1,4001,0.3,11953.1,District 4,SPA 8 - South Bay,City of Lomita,9332663.19628906,12745.5454988581
3525,06037127805,1,1,3768,0.2,15881.4,District 3,SPA 2 - San Fernando,Los Angeles - Van Nuys,6613950.74804688,13204.8267153926
3526,06037670003,1,1,5788,0.6,10037.9,District 4,SPA 8 - South Bay,City of Lomita,16087116.2460938,18504.3329571519
3527,06037670100,1,1,6659,0.6,11890.5,District 4,SPA 8 - South Bay,City of Lomita,15622817.4404297,25098.1073011795
3528,06037542104,1,1,3524,0.2,14907.2,District 2,SPA 6 - South,Unincorporated - East Rancho Dominguez,6250238.47167969,11055.9105154895
3529,06037433102,1,1,5085,0.3,20002.9,District 1,SPA 3 - San Gabriel,City of El Monte,7105812.36035156,12445.681017286
3530,06037221810,1,1,2773,0.1,23599,District 2,SPA 6 - South,Los Angeles - University Park,3275832.7421875,7474.75466563932
3531,06037910812,2,2,464,12.8,36.2,District 5,SPA 1 - Antelope Valley,Unincorporated - South Antelope Valley,357244228.264648,91983.903067604
3532,06037206032,1,1,5275,0.4,14246.5,District 1,SPA 4 - Metro,Los Angeles - Wholesale District,10582127.9902344,13670.4893641972
3533,06037208401,1,1,3770,0.1,42512.4,District 1,SPA 4 - Metro,Los Angeles - Temple-Beaudry,2472155.84375,6288.16537224412
3534,06037310201,1,1,5466,0.4,12868.4,District 5,SPA 2 - San Fernando,City of Burbank,11840846.5849609,13982.6082185635
3535,06037310202,1,1,4985,0.4,14110.4,District 5,SPA 2 - San Fernando,City of Burbank,9750645.40136719,13451.4201030203
3536,06037533803,1,1,6309,0.3,20864.2,District 4,SPA 7 - East,City of Bell,8430172.76464844,15410.7754034727
3537,06037533901,1,1,6065,0.3,20591,District 4,SPA 7 - East,City of Bell Gardens,8211697.55371094,15693.996166818
3538,06037216402,1,1,2615,0.1,29518.5,District 3,SPA 5 - West,Los Angeles - South Carthay,2469654.55664063,6401.20201262417
3539,06037132002,1,1,3299,0.6,5339.5,District 3,SPA 2 - San Fernando,Los Angeles - Lake Balboa,17223434.6816406,21045.8260386477
3540,06037310602,1,1,2655,0.3,7717.9,District 5,SPA 2 - San Fernando,City of Burbank,9589648.89257813,13922.9628733969
3541,06037320201,1,1,3756,0.4,10592.6,District 3,SPA 2 - San Fernando,City of San Fernando,9884427.63671875,16450.8617812683
3542,06037122122,1,1,2439,0.4,6211,District 3,SPA 2 - San Fernando,Los Angeles - Sun Valley,11114805.4892578,15332.0169647182
3543,06037320202,1,1,5797,0.6,9296.1,District 3,SPA 2 - San Fernando,City of San Fernando,17383124.6171875,18518.4284999996
3544,06037572900,1,1,5250,0.3,19487.6,District 4,SPA 8 - South Bay,City of Long Beach,8312402.45703125,11929.1055940646
3545,06037120105,1,1,2812,0.2,13220.6,District 3,SPA 2 - San Fernando,Los Angeles - Panorama City,5929585.8046875,15758.5905298589
3546,06037139401,1,1,2645,0.4,7550.8,District 3,SPA 2 - San Fernando,Los Angeles - Tarzana,9765085.11132813,12733.7083298454
3547,06037543905,1,1,4510,1.1,4260.8,District 2,SPA 8 - South Bay,City of Carson,29538912.1308594,24257.6247075059
3548,06037544001,1,1,4791,0.9,5495.7,District 2,SPA 8 - South Bay,City of Carson,20154355.9248047,19626.4444892688
3549,06037221402,1,1,2715,0.2,13210,District 2,SPA 6 - South,Los Angeles - West Adams,5729749.37695313,12853.6922662291
3550,06037544002,1,1,3142,0.4,7114.7,District 4,SPA 8 - South Bay,City of Long Beach,17239463.8134766,20246.8351619281
3551,06037550201,1,1,2941,0.2,13331.9,District 4,SPA 7 - East,City of Norwalk,5741757.33398438,11905.5306456981
3552,06037533902,1,1,4051,0.3,13784.4,District 4,SPA 7 - East,City of Bell Gardens,8193148.63378906,14501.947495856
3553,06037552001,1,1,4105,0.3,13243.7,District 4,SPA 7 - East,City of Norwalk,8641585.17382813,12380.4876642672
3554,06037534001,1,1,5613,0.3,18521.2,District 4,SPA 7 - East,City of Bell Gardens,8449049.55761719,13447.0746875795
3555,06037212102,1,1,2446,0.1,45690.1,District 2,SPA 4 - Metro,Los Angeles - Little Bangladesh,1492445.90527344,4902.63256239038
3556,06037550202,1,1,5496,0.5,11254.5,District 4,SPA 7 - East,City of Norwalk,13564231.578125,16690.6728443471
3557,06037550601,1,1,5639,0.5,12460.7,District 4,SPA 7 - East,City of Downey,12616436.7333984,14580.3410259427
3558,06037550602,1,1,4211,0.6,7384.3,District 4,SPA 7 - East,City of Downey,15898558.6455078,16653.9514464984
3559,06037572700,1,1,5499,0.4,14209.5,District 4,SPA 8 - South Bay,City of Long Beach,11565994.703125,14017.5144784052
3560,06037550901,1,1,3762,0.4,8655.5,District 4,SPA 7 - East,City of Downey,12117455.5019531,15191.9632141566
3561,06037980022,1,1,4,2.1,1.9,District 3,SPA 2 - San Fernando,Los Angeles - Granada Hills,67565815.7558594,40615.4264437937
3562,06037980024,1,1,186,3.1,60.2,District 3,SPA 2 - San Fernando,Los Angeles - Encino,89196152.3066406,46246.8949482619
3563,06037212702,1,1,3635,0.3,10690.9,District 2,SPA 4 - Metro,Los Angeles - Country Club Park,9478767.00195313,13476.0379389143
3564,06037269905,1,1,2423,0.1,26364.8,District 3,SPA 5 - West,Los Angeles - Palms,2562120.99804688,8317.56997258175
3565,06037543603,1,1,3690,0.6,6466.3,District 2,SPA 8 - South Bay,Unincorporated - West Carson,15912602.6640625,17543.1375838761
3566,06037543601,1,1,3910,0.3,15584.5,District 2,SPA 8 - South Bay,City of Carson,6995154.33984375,10907.78165667
3567,06037214501,1,1,2932,0.3,10093.6,District 2,SPA 4 - Metro,Los Angeles - Park La Brea,8098023.90136719,14036.4753085648
3568,06037216401,1,1,4189,0.2,26463.9,District 3,SPA 5 - West,Los Angeles - South Carthay,4429446.70996094,8621.8164178332
3569,06037218701,1,1,2430,0.2,11445,District 2,SPA 6 - South,Los Angeles - Wellington Square,5919128.62988281,10687.1148969658
3570,06037183104,1,1,2065,0.3,7996.9,District 1,SPA 4 - Metro,Los Angeles - Highland Park,7177217.01464844,16087.0880877278
3571,06037543602,1,1,7762,0.6,12364.4,District 2,SPA 8 - South Bay,Unincorporated - West Carson,17507970.6601563,17246.9974503865
3572,06037552002,1,1,3721,0.3,13644.2,District 4,SPA 7 - East,City of Norwalk,7606499.41601563,11571.5340971109
3573,06037543604,1,1,5620,1,5590.5,District 2,SPA 8 - South Bay,City of Carson,28282342.1220703,22591.5260859576
3574,06037543703,1,1,3472,0.4,8847.4,District 2,SPA 8 - South Bay,City of Carson,11159713.9521484,13580.8695635915
3575,06037551501,1,1,4869,0.6,8711.1,District 4,SPA 7 - East,City of Downey,15794858.9511719,18254.3149760389
3576,06037543801,1,1,5263,0.8,6309.5,District 2,SPA 8 - South Bay,City of Carson,23724216.9208984,22472.5947152572
3577,06037186301,1,1,2999,0.4,6684.1,District 1,SPA 4 - Metro,Los Angeles - Glassell Park,12489573.2734375,17919.0033679495
3578,06037131400,1,1,5897,0.4,13795.1,District 3,SPA 2 - San Fernando,Los Angeles - Reseda,11916305.2919922,14307.2213231139
3579,06037206031,1,1,2957,1.8,1666.9,District 1,SPA 4 - Metro,Los Angeles - Wholesale District,50914824.6552734,37016.6740081345
3580,06037572800,1,1,839,0.4,2021.8,District 4,SPA 8 - South Bay,City of Long Beach,11570244.7285156,16603.9846579264
3581,06037531503,1,1,3116,0.4,6939.8,District 1,SPA 7 - East,Unincorporated - East Los Angeles,12515353.7099609,14516.4784505753
3582,06037550902,1,1,5572,0.4,14914.7,District 4,SPA 7 - East,City of Downey,10415455.5712891,14238.1013016374
3583,06037551502,1,1,4250,0.4,9997.2,District 4,SPA 7 - East,City of Downey,11852252.9931641,18384.3807421937
3584,06037551402,1,1,4468,0.4,9990.3,District 4,SPA 7 - East,City of Downey,12468678.2724609,13970.3857068651
3585,06037603600,1,1,4037,0.4,11152.7,District 2,SPA 8 - South Bay,City of Gardena,10091920.7792969,13098.2572711667
3586,06037572201,1,1,6197,0.6,10466.7,District 4,SPA 8 - South Bay,City of Long Beach,16730820.3974609,18458.8267475607
3587,06037572202,1,1,3609,0.6,6141.7,District 4,SPA 8 - South Bay,City of Long Beach,16710152.5996094,17983.5469283544
3588,06037572301,1,1,3833,0.3,12186.7,District 4,SPA 8 - South Bay,City of Long Beach,8784669.28320313,19304.2252252343
3589,06037572302,1,1,3483,0.3,12821.7,District 4,SPA 8 - South Bay,City of Long Beach,8076461.14355469,11376.5497573301
3590,06037572600,1,1,5370,0.5,11369.1,District 4,SPA 8 - South Bay,City of Long Beach,13700119.1855469,15732.4354010065
3591,06037203200,1,1,4844,0.2,24314.7,District 1,SPA 4 - Metro,Los Angeles - Boyle Heights,5553914.73339844,10214.8902628595
3592,06037670202,1,1,2594,1.2,2254.9,District 4,SPA 8 - South Bay,City of Rolling Hills Estates,32083954.3769531,27130.6278120093
3593,06037212305,1,1,2865,0,68669.7,District 2,SPA 4 - Metro,Los Angeles - Koreatown,1163116.72558594,4358.27139192061
3594,06037980013,1,1,59,2,28.8,District 2,SPA 8 - South Bay,City of El Segundo,57143418.3076172,34275.585840862
3595,06037226001,1,1,2068,0.4,5172.4,District 1,SPA 4 - Metro,Los Angeles - Wholesale District,11138123.3925781,19074.2695759404
3596,06037226002,1,1,1604,1,1618,District 1,SPA 4 - Metro,Los Angeles - Wholesale District,27645340.9199219,21400.4110883514
3597,06037670407,1,1,5758,0.5,11853.1,District 4,SPA 8 - South Bay,City of Rancho Palos Verdes,13542857.5419922,17461.7825790166
3598,06037534202,1,1,5790,0.2,25719.1,District 4,SPA 7 - East,City of Bell Gardens,6276261.3359375,11474.4770361197
3599,06037670403,1,1,2407,0.6,3732.2,District 4,SPA 8 - South Bay,City of Rancho Palos Verdes,17891271.0878906,19758.1227096527
3600,06037402002,1,1,3913,0.6,6036.1,District 5,SPA 3 - San Gabriel,City of Claremont,18072153.4228516,17781.5726768742
3601,06037402303,1,1,3996,0.4,10964,District 1,SPA 3 - San Gabriel,City of Pomona,10164035.1259766,13648.7098015924
3602,06037207101,1,1,3047,0.1,26289.7,District 1,SPA 4 - Metro,Los Angeles - Chinatown,3231109.03417969,7720.18222808558
3603,06037670406,1,1,1903,0.5,4148.1,District 4,SPA 8 - South Bay,City of Rolling Hills Estates,12791417.015625,14594.7870338349
3604,06037207102,1,1,2553,0.2,15931.5,District 1,SPA 4 - Metro,Los Angeles - Chinatown,4467442.109375,9909.64338590435
3605,06037207301,1,1,4521,0.2,27225.4,District 1,SPA 4 - Metro,Los Angeles - Downtown,4629589.77539063,12191.0406621819
3606,06037533806,1,1,4165,0.4,11359.9,District 4,SPA 7 - East,City of Bell,13237600.5917969,28736.067895531
3607,06037651304,1,1,5114,0.6,9185,District 4,SPA 8 - South Bay,City of Torrance,24376622.2490234,26726.8617467676
3608,06037651402,1,1,6050,0.7,8570.3,District 4,SPA 8 - South Bay,City of Torrance,19689815.2753906,23718.0029421264
3609,06037543802,1,1,7126,0.5,13611.5,District 2,SPA 8 - South Bay,City of Carson,14596512.7998047,16364.6818811774
3610,06037132101,1,1,4259,0.3,13609.4,District 3,SPA 2 - San Fernando,Los Angeles - Lake Balboa,8723825.91015625,11887.8822875779
3611,06037670328,1,1,4504,1.4,3251.1,District 4,SPA 8 - South Bay,City of Palos Verdes Estates,53758450.4042969,38968.3800567514
3612,06037128802,1,1,4325,0.4,11534.5,District 3,SPA 2 - San Fernando,Los Angeles - Sherman Oaks,10452750.6953125,13223.9631086458
3613,06037650102,1,1,2248,0.3,6829.6,District 4,SPA 8 - South Bay,City of Torrance,9175299.6640625,13434.4884355521
3614,06037573401,1,1,1439,0.4,3585,District 4,SPA 7 - East,City of Signal Hill,11238768.5283203,18667.8893372255
3615,06037670416,1,1,4139,1.4,3007,District 4,SPA 8 - South Bay,City of Rancho Palos Verdes,50477203.203125,33378.4214803361
3616,06037534002,1,1,4352,0.3,12556.2,District 4,SPA 7 - East,City of Bell Gardens,9662941.27246094,16868.4630844658
3617,06037125320,1,1,4843,0.2,19832.1,District 5,SPA 2 - San Fernando,Los Angeles - North Hollywood,6807563.9140625,13141.2548223713
3618,06037573402,1,1,6430,1.1,5623,District 4,SPA 7 - East,City of Signal Hill,31883263.8330078,34508.5984098338
3619,06037573403,1,1,3208,0.7,4911.1,District 4,SPA 7 - East,City of Signal Hill,18264953.8554688,24190.7360534553
3620,06037575401,1,1,5155,0.3,16253.5,District 4,SPA 8 - South Bay,City of Long Beach,9580217.625,12588.8704397213
3621,06037573700,1,1,4554,0.7,6468.2,District 4,SPA 8 - South Bay,City of Long Beach,19650173.6806641,18451.1432280296
3622,06037621301,1,1,6769,0.6,11231.6,District 2,SPA 8 - South Bay,City of Redondo Beach,16803206.9912109,17377.640505118
3623,06037621400,1,1,4414,0.5,8968.9,District 2,SPA 8 - South Bay,City of Redondo Beach,13731130.3681641,16048.5487307184
3624,06037650001,1,1,5853,0.6,9569.4,District 4,SPA 8 - South Bay,City of Torrance,17333640.0410156,17028.5271035625
3625,06037650101,1,1,5831,0.7,7985.7,District 4,SPA 8 - South Bay,City of Torrance,20490509.2128906,18516.4387091986
3626,06037534301,1,1,4636,0.3,13906.1,District 4,SPA 7 - East,City of Cudahy,9294333.27636719,14400.5446795862
3627,06037534302,1,1,3673,0.1,24517.2,District 4,SPA 7 - East,City of Cudahy,4176662.70117188,9761.18790559011
3628,06037650602,1,1,7161,0.5,14972.2,District 4,SPA 8 - South Bay,City of Torrance,13338449.4882813,18636.314693513
3629,06037573902,1,1,2091,0.3,7970.2,District 4,SPA 8 - South Bay,City of Long Beach,7480156.90429688,13675.0056117521
3630,06037575402,1,1,4065,0.1,32514.3,District 4,SPA 8 - South Bay,City of Long Beach,3485864.38769531,7932.4838618437
3631,06037576802,1,1,3992,0.2,22102.2,District 4,SPA 8 - South Bay,City of Long Beach,5035922.93457031,9265.78293158669
3632,06037534404,1,1,3647,0.2,22979.5,District 4,SPA 7 - East,City of Cudahy,4446351.60839844,9687.54732861874
3633,06037574000,1,1,5277,0.7,7510,District 4,SPA 8 - South Bay,City of Long Beach,19591244.6142578,19153.3221291497
3634,06037542000,1,1,5732,0.4,15168.5,District 2,SPA 6 - South,City of Compton,10535518.8896484,13910.0424196634
3635,06037134720,1,1,4594,0.4,12024.2,District 3,SPA 2 - San Fernando,Los Angeles - Winnetka,10650527.6259766,13301.314080594
3636,06037573800,1,1,4284,0.6,7233,District 4,SPA 8 - South Bay,City of Long Beach,16513663.8066406,17866.6015587547
3637,06037574100,1,1,5098,0.7,7217,District 4,SPA 8 - South Bay,City of Long Beach,19798567.2304688,20329.7158542944
3638,06037574201,1,1,3117,0.5,6311.6,District 4,SPA 8 - South Bay,City of Long Beach,13937005.1455078,15839.760383704
3639,06037574202,1,1,2161,0.5,4133.5,District 4,SPA 8 - South Bay,City of Long Beach,14420010.2421875,19923.6402345814
3640,06037271902,1,1,3877,0.4,10864.9,District 3,SPA 5 - West,Los Angeles - Mar Vista,9948084.65527344,12748.8599726212
3641,06037574300,1,1,5795,0.9,6101.6,District 4,SPA 8 - South Bay,City of Long Beach,26708526.7519531,25331.4991221479
3642,06037576901,1,1,6092,0.2,35465,District 4,SPA 8 - South Bay,City of Long Beach,4789422.78320313,9246.30169478117
3643,06037603001,1,1,7139,0.4,16241.6,District 2,SPA 8 - South Bay,City of Gardena,12254664.6347656,16227.2529092295
3644,06037650501,1,1,3063,0.4,8016.2,District 4,SPA 8 - South Bay,City of Torrance,10660408.6669922,13648.1588178417
3645,06037650502,1,1,4294,0.5,8343.5,District 4,SPA 8 - South Bay,City of Torrance,14348800.8691406,15651.896184341
3646,06037234901,1,1,2999,0.1,23869.4,District 2,SPA 6 - South,Los Angeles - Hyde Park,3502786.04296875,7934.90032859102
3647,06037650603,1,1,3958,0.5,7997.4,District 4,SPA 8 - South Bay,City of Torrance,13798269.2451172,16187.0525142306
3648,06037224310,1,1,2025,0.1,29009.7,District 1,SPA 4 - Metro,Los Angeles - Pico-Union,1946036.70117188,6759.46035333643
3649,06037650701,1,1,2521,0.8,3254.4,District 4,SPA 8 - South Bay,City of Torrance,21598048.0576172,18666.7493478106
3650,06037542401,1,1,4912,0.5,9836.2,District 2,SPA 6 - South,City of Compton,13922730.8613281,15743.5117591758
3651,06037542402,1,1,3152,0.6,5207.9,District 2,SPA 6 - South,City of Compton,16874320.2587891,18942.1386387855
3652,06037542502,1,1,4284,0.4,11260.3,District 2,SPA 6 - South,City of Compton,10710026.5439453,14205.2192828982
3653,06037574601,1,1,1863,0.5,3721,District 4,SPA 8 - South Bay,City of Long Beach,13959687.6445313,19413.2509101146
3654,06037574602,1,1,1277,0.2,5810.2,District 4,SPA 8 - South Bay,City of Long Beach,6293144.36035156,10128.7290676055
3655,06037574800,1,1,3000,0.4,7012.2,District 4,SPA 8 - South Bay,City of Long Beach,11928656.3447266,15300.5195380533
3656,06037574901,1,1,3725,0.5,7192.4,District 4,SPA 8 - South Bay,City of Long Beach,14440218.0195313,16979.3265618092
3657,06037574902,1,1,4783,0.3,15377.3,District 4,SPA 8 - South Bay,City of Long Beach,8647872.91015625,13140.9026238503
3658,06037575002,1,1,4627,0.4,12413.7,District 4,SPA 8 - South Bay,City of Long Beach,10388614.0244141,14929.1009293985
3659,06037503302,1,1,6271,0.6,10506.6,District 4,SPA 7 - East,Unincorporated - South Whittier,16640275.4208984,17791.2054079904
3660,06037503401,1,1,6529,0.7,8721.2,District 4,SPA 7 - East,City of Whittier,20803553.2529297,18995.1389484849
3661,06037542900,1,1,3285,0.3,10540.8,District 2,SPA 6 - South,City of Compton,8688773.06835938,14279.1294494538
3662,06037543000,1,1,4345,0.5,8558.5,District 2,SPA 6 - South,City of Compton,14154354.9228516,15227.1125426006
3663,06037503902,1,1,4636,2,2278,District 4,SPA 7 - East,City of La Mirada,56716887.4794922,35102.3842695254
3664,06037542601,1,1,3016,0.2,14152,District 2,SPA 6 - South,City of Compton,5941570.87109375,10619.4393430234
3665,06037542602,1,1,5496,0.3,16319.3,District 2,SPA 6 - South,City of Compton,9389379.40722656,12409.8687598932
3666,06037542700,1,1,5720,0.4,15163.2,District 2,SPA 6 - South,City of Compton,10710084.5097656,13599.7807907982
3667,06037575500,1,1,76,0.5,149.5,District 4,SPA 8 - South Bay,City of Long Beach,14814611.3886719,17770.91980689
3668,06037575901,1,1,3454,0.2,21318.9,District 4,SPA 8 - South Bay,City of Long Beach,5227773.76367188,9697.10927523278
3669,06037575902,1,1,4762,0.1,35186.9,District 4,SPA 8 - South Bay,City of Long Beach,3773423.02929688,7831.6090228033
3670,06037576200,1,1,6158,0.3,22893.7,District 4,SPA 8 - South Bay,City of Long Beach,7499860.38769531,11216.6422903304
3671,06037603101,1,1,4244,0.3,12468.9,District 2,SPA 8 - South Bay,City of Gardena,9489590.22460938,12652.1906510341
3672,06037603500,1,1,3074,0.3,10021,District 2,SPA 8 - South Bay,City of Gardena,8564196.30859375,13085.5777490524
3673,06037603200,1,1,2777,0.4,6526.9,District 2,SPA 8 - South Bay,City of Gardena,12261891.6298828,21938.7994438331
3674,06037603301,1,1,3828,0.4,10172.7,District 2,SPA 8 - South Bay,City of Gardena,10492836.8076172,14162.0234703846
3675,06037550400,1,1,1534,0.3,4578.3,District 4,SPA 7 - East,City of Downey,8870989.56152344,14717.8351910486
3676,06037603302,1,1,3804,0.4,8712.8,District 2,SPA 8 - South Bay,City of Gardena,12218781.0029297,15276.054667903
3677,06037603400,1,1,4367,0.4,9969.9,District 2,SPA 8 - South Bay,City of Gardena,12210552.171875,15598.309148363
3678,06037603702,1,1,5087,1,5188.5,District 2,SPA 8 - South Bay,Unincorporated - El Camino Village,28123813.9863281,21915.806765479
3679,06037503402,1,1,4273,0.6,6927.7,District 4,SPA 7 - East,City of Whittier,17196142.2558594,17749.8258714322
3680,06037550500,1,1,7809,1,7924.1,District 4,SPA 7 - East,City of Downey,28897643.4296875,22618.5499064907
3681,06037503502,1,1,4130,0.5,8595.6,District 4,SPA 7 - East,Unincorporated - South Whittier,13395539.0058594,17898.4850257059
3682,06037503602,1,1,3793,1.3,2996.6,District 4,SPA 7 - East,City of La Mirada,35504525.1757813,25631.4432435916
3683,06037503701,1,1,4717,0.4,10551.8,District 4,SPA 7 - East,Unincorporated - East Whittier,12463070.4023438,15595.0609032212
3684,06037577100,1,1,6700,0.5,14277.4,District 4,SPA 8 - South Bay,City of Long Beach,13084241.4765625,14526.3868025418
3685,06037503702,1,1,5040,0.7,7572.6,District 4,SPA 7 - East,Unincorporated - East La Mirada,18555533.1884766,19364.5058053428
3686,06037128801,1,1,3307,0.2,17404.4,District 3,SPA 2 - San Fernando,Los Angeles - Sherman Oaks,5296822.22070313,9461.71861854498
3687,06037577200,1,1,5414,0.4,14718.8,District 4,SPA 8 - South Bay,City of Long Beach,37632572.9990234,29676.5108927725
3688,06037550300,1,1,7727,0.9,8147.9,District 4,SPA 7 - East,City of Norwalk,27296499.3505859,22314.6240728914
3689,06037576602,1,1,3995,0.2,19477.6,District 4,SPA 8 - South Bay,City of Long Beach,54369520.4716797,47845.9347706134
3690,06037576700,1,1,4047,0.3,13530.4,District 4,SPA 8 - South Bay,City of Long Beach,26871039.7802734,27086.1227789708
3691,06037576801,1,1,4325,0.2,21761.4,District 4,SPA 8 - South Bay,City of Long Beach,5535432.64746094,9955.33666940243
3692,06037577000,1,1,6995,0.7,9813.1,District 4,SPA 8 - South Bay,City of Long Beach,19901709.375,21697.8508374855
3693,06037131800,1,1,5341,0.5,10514.8,District 3,SPA 2 - San Fernando,Los Angeles - Reseda,14159859.2441406,15914.7990297672
3694,06037577300,1,1,5547,0.3,16157.2,District 4,SPA 8 - South Bay,City of Long Beach,34545264.6523438,26613.5242996622
3695,06037577400,1,1,3253,0.2,13054.8,District 4,SPA 8 - South Bay,City of Long Beach,6947575.859375,11864.4558512455
3696,06037577501,1,1,3435,0.3,10794.5,District 4,SPA 8 - South Bay,City of Long Beach,14662833.0332031,15478.6242748484
3697,06037609900,1,1,2034,0.2,9731.4,District 4,SPA 8 - South Bay,Unincorporated - La Rambla,5725271.39355469,14121.9815470125
3698,06037920034,2,2,3628,3.5,1042.5,District 5,SPA 2 - San Fernando,City of Santa Clarita,97010168.6425781,45095.5876646861
3699,06037920107,2,2,3954,4.4,898.7,District 5,SPA 2 - San Fernando,City of Santa Clarita,122788058.250977,77983.3437056809
3700,06037910808,2,2,3537,4.2,850.8,District 5,SPA 2 - San Fernando,Unincorporated - Agua Dulce,115895257.830078,62389.120326667
3701,06037183810,1,1,4369,0.2,24873.1,District 1,SPA 4 - Metro,Los Angeles - Highland Park,4896689.875,10289.0666252479
3702,06037620002,1,1,3609,0.5,7889.7,District 2,SPA 8 - South Bay,City of El Segundo,12753097.4189453,15826.0381456986
3703,06037620101,1,1,5426,0.5,10396.9,District 2,SPA 8 - South Bay,City of El Segundo,14583042.6220703,16146.2418764173
3704,06037620102,1,1,3617,0.3,10744.2,District 2,SPA 8 - South Bay,City of El Segundo,9385626.42578125,16012.1653037169
3705,06037534803,1,1,4930,0.2,20907.7,District 4,SPA 7 - East,Unincorporated - Walnut Park,6573850.89648438,14163.9471044958
3706,06037503802,1,1,5054,0.5,9879.5,District 4,SPA 7 - East,City of La Mirada,14262452.1455078,15640.5633623407
3707,06037533201,1,1,2805,0.1,19435.9,District 4,SPA 7 - East,City of Huntington Park,4023503.04199219,9389.96190030423
3708,06037503901,1,1,2702,0.4,7641.7,District 4,SPA 7 - East,City of La Mirada,9738814.38671875,16143.2621760642
3709,06037239801,1,1,3412,0.1,23834.7,District 2,SPA 6 - South,Los Angeles - Florence-Firestone,3990942.24414063,9960.99727639019
3710,06037534804,1,1,3878,0.1,27172.5,District 4,SPA 7 - East,Unincorporated - Walnut Park,3978855.18261719,9319.05548364583
3711,06037504001,1,1,5709,0.5,10675.9,District 4,SPA 7 - East,City of La Mirada,14929345.1669922,18099.9030406313
3712,06037534406,1,1,4609,0.2,30723,District 4,SPA 7 - East,City of Cudahy,4182375.99902344,9339.39025456239
3713,06037534502,1,1,4257,0.2,19421.5,District 4,SPA 7 - East,City of Huntington Park,6141199.91308594,13925.134115428
3714,06037534802,1,1,2875,0.2,18436.1,District 4,SPA 7 - East,Unincorporated - Walnut Park,4347556.49316406,8744.45218607964
3715,06037555103,1,1,4727,0.4,12789.1,District 4,SPA 7 - East,City of Lakewood,10650396.0410156,13356.7708283934
3716,06037551000,1,1,7200,0.9,7909.9,District 4,SPA 7 - East,City of Downey,26390193.7714844,21212.315249067
3717,06037555104,1,1,4239,0.3,13025.3,District 4,SPA 7 - East,City of Lakewood,9474010.37988281,12634.3642377586
3718,06037555211,1,1,5818,0.3,19000.4,District 4,SPA 7 - East,City of Hawaiian Gardens,8539875.27539063,11802.0771794244
3719,06037555212,1,1,4561,0.3,17416.8,District 4,SPA 7 - East,City of Hawaiian Gardens,7609052.06738281,11833.4267458002
3720,06037570002,1,1,2699,0.3,8991.6,District 4,SPA 7 - East,City of Lakewood,8368862.04296875,11613.0582010857
3721,06037650702,1,1,4590,0.5,8498.6,District 4,SPA 8 - South Bay,City of Torrance,15058687.6171875,16486.0770227694
3722,06037650800,1,1,7074,0.5,14208.3,District 4,SPA 8 - South Bay,City of Torrance,13881536.9189453,15739.7669667153
3723,06037111205,1,1,3375,0.4,7658.9,District 3,SPA 2 - San Fernando,Los Angeles - Northridge,12474960.5048828,14717.2703286386
3724,06037651002,1,1,4606,0.5,10078.8,District 4,SPA 8 - South Bay,City of Torrance,12741764.3925781,15477.4891888173
3725,06037532604,1,1,2806,0.1,28378.7,District 4,SPA 7 - East,City of Huntington Park,2756600.98828125,8773.03435178892
3726,06037532605,1,1,3715,0.2,18344.2,District 4,SPA 7 - East,City of Huntington Park,5645956.54589844,10365.9464294896
3727,06037128602,1,1,3189,0.4,7281.3,District 3,SPA 2 - San Fernando,Los Angeles - Sherman Oaks,12209208.0849609,14527.2149268205
3728,06037532700,1,1,2990,0.3,10039.5,District 2,SPA 7 - East,Unincorporated - Florence-Firestone,8303021.875,13628.0059769617
3729,06037533104,1,1,4356,0.1,32988.4,District 4,SPA 7 - East,City of Huntington Park,3681315.94335938,7694.33543491306
3730,06037533107,1,1,3645,0.1,27298.2,District 4,SPA 7 - East,City of Huntington Park,3722557.70703125,10165.8103309708
3731,06037533202,1,1,2762,0.1,21682.9,District 4,SPA 7 - East,City of Huntington Park,3551252.41992188,8872.59675941715
3732,06037570203,1,1,3973,0.5,7905.2,District 4,SPA 8 - South Bay,City of Long Beach,14011934.4091797,15898.4273884894
3733,06037533203,1,1,1827,0.1,12292.6,District 4,SPA 7 - East,City of Huntington Park,4143541.97265625,9132.35492777196
3734,06037533300,1,1,3558,0.1,26585.4,District 4,SPA 7 - East,City of Maywood,3731088.16601563,8552.87002807553
3735,06037570100,1,1,2837,0.4,6347.4,District 4,SPA 8 - South Bay,City of Long Beach,12426468.2011719,14656.5394138927
3736,06037570202,1,1,6415,0.6,9980.6,District 4,SPA 8 - South Bay,City of Long Beach,17920035.1738281,19043.7181898626
3737,06037462900,1,1,3818,0.9,4174.7,District 5,SPA 3 - San Gabriel,City of Pasadena,25495232.4511719,21323.8100045047
3738,06037910505,1,1,3064,0.6,4909.8,District 5,SPA 1 - Antelope Valley,City of Palmdale,17334259.8427734,23279.6950281828
3739,06037570003,1,1,4447,0.4,10085.9,District 4,SPA 7 - East,City of Lakewood,12295783.4931641,14220.2393498595
3740,06037570301,1,1,7330,0.4,16373.5,District 4,SPA 8 - South Bay,City of Long Beach,12958776.4736328,18905.7850209865
3741,06037651102,1,1,3639,0.3,11238.5,District 4,SPA 8 - South Bay,City of Torrance,9036319.16113281,14019.5876633712
3742,06037651201,1,1,5056,0.7,7501.3,District 4,SPA 8 - South Bay,City of Torrance,18792328.0341797,17308.1239231441
3743,06037533401,1,1,5004,0.2,27267,District 4,SPA 7 - East,City of Maywood,5116171.49511719,11241.8341916845
3744,06037533601,1,1,4484,0.2,21209.7,District 4,SPA 7 - East,City of Bell,5893953.70019531,12278.0412024569
3745,06037185204,1,1,2091,0.4,5619.4,District 1,SPA 4 - Metro,Los Angeles - Mt. Washington,10372194.6445313,17362.7070074457
3746,06037430724,1,1,4812,0.2,21491.8,District 5,SPA 3 - San Gabriel,City of Arcadia,6241810.94824219,13484.6361346575
3747,06037181400,1,1,4302,0.3,12673.3,District 1,SPA 4 - Metro,Los Angeles - Eagle Rock,9463031.484375,14429.0464634907
3748,06037577604,1,1,1388,0.3,4212.3,District 4,SPA 8 - South Bay,City of Long Beach,16450250.8037109,29070.5221674356
3749,06037462500,1,1,6039,0.9,6455.6,District 5,SPA 3 - San Gabriel,City of Pasadena,27635917.3271484,31260.4297211993
3750,06037462700,1,1,5471,0.6,8457.3,District 5,SPA 3 - San Gabriel,City of Pasadena,18034578.6064453,17736.3138591413
3751,06037532606,1,1,4284,0.1,39799.2,District 4,SPA 7 - East,City of Huntington Park,3000929.64746094,7849.60100521162
3752,06037462800,1,1,2915,0.4,6703.3,District 5,SPA 3 - San Gabriel,City of Pasadena,12134278.4648438,15312.6227570134
3753,06037406411,1,1,2126,0.3,7529.3,District 1,SPA 3 - San Gabriel,City of West Covina,8066047.31933594,14436.3058146464
3754,06037535902,1,1,6519,0.4,16666.9,District 4,SPA 7 - East,City of South Gate,10904590.3798828,13541.4036455276
3755,06037601303,1,1,4879,0.2,28821,District 2,SPA 8 - South Bay,City of Inglewood,4719524.78808594,8901.57121247332
3756,06037910207,1,1,6023,1.7,3525,District 5,SPA 1 - Antelope Valley,City of Palmdale,47716277.453125,33273.7598293128
3757,06037910208,1,1,6340,1.3,4967.7,District 5,SPA 1 - Antelope Valley,City of Palmdale,35577152.2236328,26669.0377430144
3758,06037553504,1,1,5368,0.2,21768.4,District 4,SPA 6 - South,City of Paramount,6875046.87304688,13797.8724243219
3759,06037910209,1,1,4397,1.1,3952.3,District 5,SPA 1 - Antelope Valley,City of Palmdale,31568624.4677734,28996.5207520877
3760,06037267902,1,1,3375,0.3,11234.4,District 3,SPA 5 - West,Los Angeles - Century City,8374980.45019531,12865.324511812
3761,06037269601,1,1,3413,0.1,26493.2,District 3,SPA 5 - West,Los Angeles - Cadillac-Corning,3591419.08007813,7574.31564053084
3762,06037269903,1,1,3650,0.1,33307.3,District 3,SPA 5 - West,Los Angeles - Palms,3055079.35351563,7708.02028407499
3763,06037269904,1,1,3902,0.1,29956.4,District 3,SPA 5 - West,Los Angeles - Palms,3631202.24414063,9020.39168067078
3764,06037433602,1,1,2803,0.4,7830.5,District 1,SPA 3 - San Gabriel,City of Rosemead,10348831.8505859,16281.0259155538
3765,06037480704,1,1,4531,0.4,10911.2,District 5,SPA 3 - San Gabriel,City of South Pasadena,11510635.3691406,17632.2819537023
3766,06037480802,1,1,3279,0.7,4957,District 1,SPA 3 - San Gabriel,City of Alhambra,18440723.1376953,19036.0399305036
3767,06037211804,1,1,3221,0.1,44861.5,District 2,SPA 4 - Metro,Los Angeles - Little Bangladesh,2001609.59667969,5672.18328518178
3768,06037212101,1,1,2507,0.1,34950.5,District 2,SPA 4 - Metro,Los Angeles - Little Bangladesh,1999680.47363281,5670.09822199007
3769,06037214503,1,1,3325,0.1,37069.4,District 2,SPA 4 - Metro,Los Angeles - Park La Brea,2500554.18847656,6988.64948341831
3770,06037214901,1,1,3083,0.1,25537.3,District 3,SPA 4 - Metro,Los Angeles - Carthay,3365544.29101563,7399.9057815285
3771,06037554104,1,1,2600,0.1,18475.7,District 4,SPA 7 - East,City of Bellflower,3923471.14160156,8396.20622620788
3772,06037554105,1,1,4569,0.1,35095.3,District 4,SPA 7 - East,City of Bellflower,3629641.76660156,10099.873951788
3773,06037554203,1,1,3689,0.3,13962.6,District 4,SPA 7 - East,City of Bellflower,7366132.40527344,13835.198824307
3774,06037554204,1,1,4391,0.3,17248.1,District 4,SPA 7 - East,City of Bellflower,7097729.20410156,12961.7900426026
3775,06037117404,1,1,4279,0.7,6276.7,District 3,SPA 2 - San Fernando,Los Angeles - North Hills,19003850.0859375,17700.6526594739
3776,06037554301,1,1,3554,0.3,13644.8,District 4,SPA 7 - East,City of Bellflower,7272514.62304688,14242.7440568783
3777,06037554302,1,1,3916,0.3,14181.5,District 4,SPA 7 - East,City of Bellflower,7730480.19726563,11169.9236038513
3778,06037241300,1,1,2313,0.2,11473.6,District 2,SPA 6 - South,Los Angeles - Figueroa Park Square,5620391.77246094,9957.44672090456
3779,06037401704,1,1,5828,0.7,8341,District 1,SPA 3 - San Gabriel,City of Pomona,19499102.3701172,19604.8829542618
3780,06037139802,1,1,3865,2.3,1647.2,District 3,SPA 2 - San Fernando,Los Angeles - Tarzana,65411694.2021484,46887.6014811627
3781,06037113231,1,1,2125,1.6,1334.8,District 3,SPA 2 - San Fernando,Unincorporated - West Chatsworth,44549801.9433594,42855.2308585903
3782,06037621201,1,1,6452,0.6,10210.8,District 2,SPA 8 - South Bay,City of Redondo Beach,17615431.8837891,17409.0124044221
3783,06037228410,1,1,3320,0.1,30962.5,District 2,SPA 6 - South,Los Angeles - Central,2989299.76464844,7107.13379027805
3784,06037460700,1,1,5034,2.9,1753.1,District 5,SPA 2 - San Fernando,City of La Canada Flintridge,80133682.7705078,45159.9290259544
3785,06037186100,1,1,4715,0.5,9063.9,District 1,SPA 4 - Metro,Los Angeles - Glassell Park,14501609.0556641,21971.5051220163
3786,06037301206,1,1,5363,0.3,16766.9,District 5,SPA 2 - San Fernando,City of Glendale,8916582.4921875,13372.3131346519
3787,06037209810,1,1,2472,0.1,42731.7,District 1,SPA 4 - Metro,Los Angeles - Pico-Union,1612737.6640625,5415.90695810918
3788,06037550000,1,1,1146,0.3,3803.1,District 4,SPA 7 - East,City of Norwalk,8401102.09082031,14579.4286176618
3789,06037296220,1,1,4307,0.2,20797.4,District 4,SPA 8 - South Bay,Los Angeles - San Pedro,5774259.2265625,9598.06029390253
3790,06037214600,1,1,2411,0.2,10744.3,District 3,SPA 4 - Metro,Los Angeles - Carthay,6255700.50976563,10110.4671758728
3791,06037300800,1,1,6947,2.4,2951.8,District 5,SPA 2 - San Fernando,City of Glendale,66048067.0966797,46582.4126568244
3792,06037143602,1,1,4260,0.4,9631.5,District 5,SPA 2 - San Fernando,Los Angeles - Studio City,13118472.8242188,16731.1607044644
3793,06037480101,1,1,3908,0.4,8916.4,District 5,SPA 3 - San Gabriel,City of Temple City,12236218.3027344,14642.82934816
3794,06037131600,1,1,5494,0.8,6513.9,District 3,SPA 2 - San Fernando,Los Angeles - Reseda Ranch,23580852.4472656,19437.3204921861
3795,06037131900,1,1,4210,0.5,8271.7,District 3,SPA 2 - San Fernando,Los Angeles - Lake Balboa,14188183.7919922,15934.6498012558
3796,06037302103,1,1,5504,0.2,25885.4,District 5,SPA 2 - San Fernando,City of Glendale,5927468.93652344,9560.52287906588
3797,06037554405,1,1,3040,0.3,10285.2,District 4,SPA 7 - East,City of Bellflower,8240568.98242188,11740.7949420786
3798,06037500600,1,1,5688,0.5,12511.7,District 4,SPA 7 - East,City of Pico Rivera,12731089.7236328,14733.391994645
3799,06037460501,1,1,5418,2.9,1863.3,District 5,SPA 2 - San Fernando,City of La Canada Flintridge,81310500.4619141,60139.271717861
3800,06037701100,1,1,746,1,763.5,District 3,SPA 5 - West,Unincorporated - West LA,27238817.3046875,28243.1548828485
3801,06037265602,1,1,3042,0.1,23455.4,District 3,SPA 5 - West,Los Angeles - Westwood,3615573.0390625,9281.12915178311
3802,06037570601,1,1,5421,0.3,17990.1,District 4,SPA 8 - South Bay,City of Long Beach,8401349.31152344,12356.3285645949
3803,06037211802,1,1,4192,0.1,33364.2,District 2,SPA 4 - Metro,Los Angeles - Little Bangladesh,3502699.25292969,7938.572086419
3804,06037603802,1,1,4153,0.2,17051.2,District 2,SPA 8 - South Bay,City of Lawndale,6790503.37695313,10519.0736169634
3805,06037125502,1,1,3083,0.2,15271.6,District 5,SPA 2 - San Fernando,Los Angeles - Toluca Lake,5628290.5546875,9622.55792101008
3806,06037127103,1,1,2939,0.1,27179.4,District 3,SPA 2 - San Fernando,Los Angeles - Van Nuys,3078754.60058594,7541.24723481974
3807,06037127603,1,1,2938,0.2,17574.7,District 3,SPA 2 - San Fernando,Los Angeles - Lake Balboa,4643287.94824219,9725.94419222603
3808,06037262303,1,1,3290,1,3259.4,District 3,SPA 5 - West,Los Angeles - Brentwood,28139675.0458984,29228.9626830496
3809,06037191410,1,1,5092,0.1,42353.4,District 1,SPA 4 - Metro,Los Angeles - East Hollywood,3351636.21386719,7438.63777728712
3810,06037191720,1,1,3770,0.1,36940.1,District 3,SPA 4 - Metro,Los Angeles - Melrose,2845123.18359375,6946.31644524517
3811,06037194300,1,1,3029,1,3177.2,District 3,SPA 4 - Metro,Los Angeles - Hollywood,26597838.359375,35303.6355058012
3812,06037273902,1,1,4227,0.3,12223,District 3,SPA 5 - West,Los Angeles - Venice,12815473.2558594,16397.5668131055
3813,06037275102,1,1,4226,0.2,18105.6,District 2,SPA 5 - West,Los Angeles - Del Rey,6715142.63085938,12213.6060506513
3814,06037275603,1,1,2711,0.4,7038.2,District 2,SPA 5 - West,Los Angeles - Playa Vista,11066320.7080078,16740.9784273848
3815,06037132502,1,1,3672,0.2,15478.1,District 3,SPA 2 - San Fernando,Los Angeles - Reseda,6724907.02441406,10978.7455439992
3816,06037115202,1,1,4828,0.7,7196.8,District 3,SPA 2 - San Fernando,Los Angeles - Northridge,18742318.7949219,18760.6301553651
3817,06037461502,1,1,6563,0.5,14496.5,District 5,SPA 3 - San Gabriel,City of Pasadena,12620646.296875,14633.5239294524
3818,06037461902,1,1,1654,0.3,5130,District 5,SPA 3 - San Gabriel,City of Pasadena,8990892.60546875,12376.6518822359
3819,06037462002,1,1,3942,0.2,19959,District 5,SPA 3 - San Gabriel,City of Pasadena,5505805.32128906,10785.632108859
3820,06037462201,1,1,3788,0.2,18284.8,District 5,SPA 3 - San Gabriel,City of Pasadena,5778266.18164063,9688.13234429451
3821,06037462202,1,1,2928,0.2,13338.3,District 5,SPA 3 - San Gabriel,City of Pasadena,6116369.42773438,9952.68578016886
3822,06037462301,1,1,4655,0.2,19006.8,District 5,SPA 3 - San Gabriel,City of Pasadena,6807546.49902344,10725.2873947202
3823,06037231720,1,1,4966,0.2,27236,District 2,SPA 6 - South,Los Angeles - West Vernon,5083179.13085938,9121.12455477846
3824,06037482202,1,1,5229,0.2,20936.3,District 1,SPA 3 - San Gabriel,City of Monterey Park,6962713.65136719,10558.1205944815
3825,06037482201,1,1,3813,0.3,12770.8,District 1,SPA 3 - San Gabriel,City of Monterey Park,8323560.16992188,12012.8018720459
3826,06037237101,1,1,3705,0.2,15257.3,District 2,SPA 6 - South,Los Angeles - Harvard Park,6769968.67480469,10352.1863624444
3827,06037403317,1,1,4721,1.5,3184.5,District 1,SPA 3 - San Gabriel,City of Pomona,41329406.1240234,34674.1887808237
3828,06037127102,1,1,4726,0.3,14245.5,District 3,SPA 2 - San Fernando,Los Angeles - Van Nuys,9248440.2109375,12299.365030024
3829,06037402803,1,1,3436,0.2,14119.3,District 1,SPA 3 - San Gabriel,City of Pomona,6784198.30273438,10582.2537464623
3830,06037430801,1,1,6342,0.7,9636.1,District 5,SPA 3 - San Gabriel,City of Arcadia,18401605.7392578,17780.5050643478
3831,06037482304,1,1,3556,0.2,14868.2,District 1,SPA 3 - San Gabriel,City of Rosemead,6667529.98242188,12904.7038821072
3832,06037482401,1,1,3761,0.3,11609.3,District 1,SPA 3 - San Gabriel,City of Rosemead,9031482.61816406,12471.2249896172
3833,06037124600,1,1,3123,0.4,7221.7,District 3,SPA 2 - San Fernando,Los Angeles - Sherman Oaks,12055244.0351563,14291.0482681154
3834,06037702102,1,1,6306,0.4,17507.3,District 3,SPA 5 - West,City of Santa Monica,12217142.78125,15838.0718126308
3835,06037122120,1,1,5000,0.3,17990.5,District 3,SPA 2 - San Fernando,Los Angeles - Sun Valley,7747578.51464844,13365.762216077
3836,06037402200,1,1,6584,2.2,3018,District 1,SPA 3 - San Gabriel,City of Pomona,61068513.3525391,40890.5523752445
3837,06037480011,1,1,5132,0.4,12150.1,District 5,SPA 3 - San Gabriel,Unincorporated - Northeast San Gabriel,12124529.2548828,14209.2258925077
3838,06037433402,1,1,4776,0.2,21642.1,District 1,SPA 3 - San Gabriel,City of El Monte,6152148.53515625,10182.8893274184
3839,06037403802,1,1,5553,0.5,11030,District 5,SPA 3 - San Gabriel,Unincorporated - Covina (Charter Oak),14034817.9599609,16185.9718035443
3840,06037406412,1,1,2482,0.5,5331.3,District 1,SPA 3 - San Gabriel,City of West Covina,13127053.1621094,15536.139174287
3841,06037482402,1,1,6971,1.3,5405.9,District 1,SPA 3 - San Gabriel,Unincorporated - South San Gabriel,37427772.6337891,36870.3974927642
3842,06037554406,1,1,4875,0.4,11443.8,District 4,SPA 7 - East,City of Bellflower,11876860.7197266,15944.1398933032
3843,06037701902,1,1,4016,0.7,5807.7,District 3,SPA 5 - West,City of Santa Monica,24007267.4169922,19730.8875748571
3844,06037552601,1,1,5720,0.3,20825.3,District 4,SPA 7 - East,City of Norwalk,7657744.43457031,11109.5332498047
3845,06037431501,1,1,4107,0.4,10297.9,District 5,SPA 3 - San Gabriel,City of Temple City,11230799.5585938,15332.3626946704
3846,06037431502,1,1,4361,0.7,6700.1,District 5,SPA 3 - San Gabriel,Unincorporated - Arcadia,21972023.0117188,22261.5128797956
3847,06037481711,1,1,4530,0.2,26227.6,District 1,SPA 3 - San Gabriel,City of Monterey Park,4815034.21289063,8919.16458594452
3848,06037433304,1,1,4726,0.3,15518.7,District 1,SPA 3 - San Gabriel,City of El Monte,8499646.75097656,12749.0774072882
3849,06037433306,1,1,3333,0.2,19875.9,District 1,SPA 3 - San Gabriel,City of El Monte,4674828.83007813,12132.8118916096
3850,06037231300,1,1,5348,0.3,21068,District 2,SPA 6 - South,Los Angeles - Exposition Park,7076805.20605469,10643.7581093234
3851,06037482503,1,1,4357,0.3,15465.1,District 1,SPA 3 - San Gabriel,City of Rosemead,7854059.75878906,11316.1760828928
3852,06037482522,1,1,4269,0.6,6735.3,District 1,SPA 7 - East,City of Montebello,17672857.6240234,19097.2157034912
3853,06037501700,1,1,3695,0.5,6873.6,District 4,SPA 7 - East,City of Whittier,14986769.3710938,17080.8862773785
3854,06037531101,1,1,5091,0.3,18844.4,District 1,SPA 7 - East,Unincorporated - East Los Angeles,7530326.765625,12294.5093377942
3855,06037533105,1,1,2580,0.1,35005.2,District 4,SPA 7 - East,City of Huntington Park,2054755.60644531,5798.47327420876
3856,06037533701,1,1,3934,0.2,25442.9,District 4,SPA 7 - East,City of Maywood,4310664.296875,8283.83948984276
3857,06037541500,1,1,5836,0.3,18635.5,District 2,SPA 6 - South,Unincorporated - Willowbrook,8731007.71289063,12915.2553528443
3858,06037554517,1,1,4883,0.5,9573.6,District 4,SPA 7 - East,City of Cerritos,14220926.546875,15892.0776667272
3859,06037134002,1,1,3372,0.3,11789.2,District 3,SPA 2 - San Fernando,Los Angeles - Winnetka,8110430.30175781,13626.2432118502
3860,06037117302,1,1,4914,0.8,6202.9,District 3,SPA 2 - San Fernando,Los Angeles - Northridge,22083888.6191406,26192.5866419757
3861,06037117303,1,1,3512,0.7,5051.7,District 3,SPA 2 - San Fernando,Los Angeles - North Hills,19379948.1787109,18107.4786199202
3862,06037117520,1,1,4052,0.1,32622.9,District 3,SPA 2 - San Fernando,Los Angeles - North Hills,3505710.38769531,7772.5639543089
3863,06037482701,1,1,4298,0.5,9054.8,District 1,SPA 3 - San Gabriel,City of Monterey Park,13232862.1386719,25370.9218258199
3864,06037570702,1,1,2433,0.3,9314,District 4,SPA 7 - East,City of Lakewood,7282987.51953125,11039.5012307282
3865,06037132102,1,1,5310,0.5,10028.8,District 3,SPA 2 - San Fernando,Los Angeles - Lake Balboa,14759855.7871094,18876.3353776075
3866,06037132501,1,1,3763,0.3,13932.4,District 3,SPA 2 - San Fernando,Los Angeles - Reseda,7585902.84082031,11008.2848046916
3867,06037231400,1,1,4688,0.2,19551,District 2,SPA 6 - South,Los Angeles - Exposition Park,6684775.25097656,10350.6337994663
3868,06037134423,1,1,3414,0.6,5665.6,District 3,SPA 2 - San Fernando,Los Angeles - West Hills,16866275.1552734,18426.953333838
3869,06037134904,1,1,4338,0.4,10888.2,District 3,SPA 2 - San Fernando,Los Angeles - Winnetka,11191145.484375,15680.8405837829
3870,06037139001,1,1,4767,0.5,9958.5,District 3,SPA 2 - San Fernando,Los Angeles - Encino,13344180.1474609,17734.5721919359
3871,06037434003,1,1,4273,0.4,11297,District 1,SPA 3 - San Gabriel,City of El Monte,10544682.1933594,16114.6817094394
3872,06037139402,1,1,2851,0.9,3021.4,District 3,SPA 2 - San Fernando,Los Angeles - Tarzana,26304322.7099609,28597.9891849559
3873,06037480303,1,1,3858,0.2,22124.6,District 1,SPA 3 - San Gabriel,City of Alhambra,4861184.04589844,8952.41874729906
3874,06037910210,1,1,7103,1.2,5804.5,District 5,SPA 1 - Antelope Valley,City of Palmdale,34109937.0732422,25228.434376072
3875,06037910712,1,1,2772,0.8,3510,District 5,SPA 1 - Antelope Valley,City of Palmdale,22286647.6347656,19254.7095466474
3876,06037910713,1,1,5324,0.8,6918,District 5,SPA 1 - Antelope Valley,City of Palmdale,21484164.7265625,20133.9136366726
3877,06037400900,1,1,4086,0.8,5380,District 5,SPA 3 - San Gabriel,City of Glendora,21172235.4667969,21205.6836926213
3878,06037980001,99,99,0,0.9,0,District 5,SPA 2 - San Fernando,City of Burbank,24918149.4023438,22751.7140398731
3879,06037101220,1,1,3363,0.3,12461.4,District 5,SPA 2 - San Fernando,Los Angeles - Tujunga,7522092.63378906,12698.7838102185
3880,06037574700,1,1,117,0.2,720.1,District 4,SPA 8 - South Bay,City of Long Beach,4530271.59082031,8499.69003516222
3881,06037575103,1,1,5119,0.2,27477.2,District 4,SPA 8 - South Bay,City of Long Beach,5194416.29101563,9203.14413122467
3882,06037575202,1,1,4916,0.2,31508.7,District 4,SPA 8 - South Bay,City of Long Beach,4350140.50683594,9234.07327009354
3883,06037124300,1,1,4046,0.3,11761,District 5,SPA 2 - San Fernando,Los Angeles - North Hollywood,9590092.58691406,12560.9078408926
3884,06037980023,1,1,8,1.1,7.2,District 3,SPA 2 - San Fernando,Los Angeles - West Hills,56181187.2001953,39864.5203848255
3885,06037601002,1,1,5311,0.2,21722,District 2,SPA 8 - South Bay,City of Inglewood,6816443.19433594,11226.4579480065
3886,06037433307,1,1,3421,0.2,20688.8,District 1,SPA 3 - San Gabriel,City of El Monte,4629986.8671875,12761.6588633506
3887,06037433504,1,1,4679,0.4,13226.9,District 1,SPA 3 - San Gabriel,City of South El Monte,9861796.59472656,15855.0582639236
3888,06037301501,1,1,1902,0.2,8211.9,District 5,SPA 2 - San Fernando,City of Glendale,6501439.56640625,14082.1247445851
3889,06037920043,2,2,5711,7.2,791.9,District 5,SPA 2 - San Fernando,City of Santa Clarita,201156446.005859,67360.6422765065
3890,06037124201,1,1,3506,0.4,9336.4,District 5,SPA 2 - San Fernando,Los Angeles - North Hollywood,10468244.4052734,13209.6376578196
3891,06037434004,1,1,2796,0.3,10581.1,District 1,SPA 3 - San Gabriel,City of South El Monte,7366639.79980469,11945.1590208871
3892,06037120300,1,1,5531,0.7,8335.1,District 3,SPA 2 - San Fernando,Los Angeles - Panorama City,18498149.9570313,18531.0955684407
3893,06037113211,1,1,3787,2.8,1347.4,District 3,SPA 2 - San Fernando,Los Angeles - Chatsworth,78395455.0996094,37917.3610190754
3894,06037120400,1,1,6272,0.4,15241.1,District 3,SPA 2 - San Fernando,Los Angeles - Panorama City,11471587.3300781,17339.8578476871
3895,06037121010,1,1,4989,0.7,6731.4,District 3,SPA 2 - San Fernando,Los Angeles - Sun Valley,21950722.9726563,19497.9106703958
3896,06037121020,1,1,3741,0.3,11749.9,District 3,SPA 2 - San Fernando,Los Angeles - North Hollywood,8874538.57714844,13130.1694065047
3897,06037276603,1,1,5252,0.2,29917,District 2,SPA 5 - West,Los Angeles - Westchester,4894324.0703125,10197.3262413935
3898,06037276604,1,1,3983,0.3,12304.7,District 2,SPA 5 - West,Los Angeles - Westchester,9024280.44433594,15860.5267716137
3899,06037293306,1,1,2189,0.2,9046.4,District 4,SPA 8 - South Bay,Los Angeles - Harbor Pines,6625308.44628906,11528.8114097598
3900,06037124400,1,1,4192,0.4,11292.7,District 3,SPA 2 - San Fernando,Los Angeles - North Hollywood,10500679.0644531,13194.5151665077
3901,06037570404,1,1,3501,0.3,11132.8,District 4,SPA 8 - South Bay,City of Long Beach,9317557.88183594,15596.866594152
3902,06037571504,1,1,4699,0.6,7926.1,District 4,SPA 8 - South Bay,City of Long Beach,16273015.1074219,16683.9630644255
3903,06037121210,1,1,3122,0.8,4032.4,District 3,SPA 2 - San Fernando,Los Angeles - Sun Valley,21817534.9736328,18371.9891274985
3904,06037121600,1,1,3005,0.4,6831.4,District 3,SPA 2 - San Fernando,Los Angeles - North Hollywood,12264569.0195313,16346.0748588639
3905,06037124000,1,1,4550,0.5,8837.8,District 5,SPA 2 - San Fernando,Los Angeles - Valley Village,14531311.7392578,16693.3407116879
3906,06037124102,1,1,3549,0.3,14158.3,District 5,SPA 2 - San Fernando,Los Angeles - North Hollywood,6987737.04882813,10573.0623001631
3907,06037461501,1,1,3700,0.4,9543,District 5,SPA 3 - San Gabriel,City of Pasadena,10807053.5195313,13636.9044492987
3908,06037482702,1,1,2397,0.3,8643.5,District 1,SPA 3 - San Gabriel,City of Monterey Park,7731124.79003906,13987.9847971414
3909,06037482800,1,1,4074,1.2,3333.4,District 1,SPA 3 - San Gabriel,City of Monterey Park,34071191.1728516,30557.6300243326
3910,06037141304,1,1,2738,0.3,9968.3,District 3,SPA 2 - San Fernando,Los Angeles - Sherman Oaks,7666046.19433594,14136.1390883809
3911,06037127300,1,1,4460,0.4,10943.9,District 3,SPA 2 - San Fernando,Los Angeles - Van Nuys,11400720.0195313,15057.6559073527
3912,06037500202,1,1,4935,2.4,2016.8,District 4,SPA 7 - East,City of Whittier,68430866.0859375,41354.5612424188
3913,06037183221,1,1,3118,0.3,11426.1,District 1,SPA 4 - Metro,Los Angeles - Eagle Rock,7607205.47460938,12827.5718610261
3914,06037183222,1,1,3483,0.4,9716.9,District 1,SPA 4 - Metro,Los Angeles - Eagle Rock,9995778.68652344,16899.8395553686
3915,06037500300,1,1,2903,3.4,847.9,District 4,SPA 7 - East,Unincorporated - Whittier,96809048.1425781,45207.369803509
3916,06037101210,1,1,5990,0.3,23842.4,District 5,SPA 2 - San Fernando,Los Angeles - Tujunga,7003370.52734375,12066.7706399761
3917,06037141102,1,1,2869,0.3,9695.9,District 3,SPA 2 - San Fernando,Los Angeles - Sherman Oaks,8383648.90527344,15328.3851232666
3918,06037106020,1,1,5557,0.8,7157.1,District 3,SPA 2 - San Fernando,Los Angeles - Sylmar,21718323.7714844,23226.0291990226
3919,06037141202,1,1,2800,0.3,10357.4,District 3,SPA 2 - San Fernando,Los Angeles - Sherman Oaks,7536244.17382813,12658.3323464217
3920,06037183401,1,1,2543,0.2,13570.6,District 1,SPA 4 - Metro,Los Angeles - Eagle Rock,5223873.28613281,10480.956055476
3921,06037910606,1,1,2970,0.5,5633.5,District 5,SPA 1 - Antelope Valley,City of Palmdale,14695432.8173828,16244.4135932062
3922,06037910711,1,1,7585,1.4,5470.3,District 5,SPA 1 - Antelope Valley,City of Palmdale,38901453.2099609,29150.3366529718
3923,06037121900,1,1,4110,0.7,6314.1,District 3,SPA 2 - San Fernando,Los Angeles - Sun Valley,18162900.1738281,20093.9504763572
3924,06037122000,1,1,5446,1.1,4883.3,District 3,SPA 2 - San Fernando,Los Angeles - North Hollywood,35118997.7568359,30499.59222374
3925,06037122200,1,1,4141,0.7,6294.5,District 5,SPA 2 - San Fernando,Los Angeles - Sun Valley,18349457.7841797,19428.0003611252
3926,06037123103,1,1,4165,0.3,11971.3,District 5,SPA 2 - San Fernando,Los Angeles - North Hollywood,9712010.12109375,13419.0532050245
3927,06037980005,99,99,0,1.5,0,District 4,SPA 8 - South Bay,City of Torrance,43633485.8759766,31666.6250208522
3928,06037101110,1,1,4731,0.4,10725.8,District 5,SPA 2 - San Fernando,Los Angeles - Tujunga,12295621.3515625,15083.8542873721
3929,06037237201,1,1,3506,0.2,20027.3,District 2,SPA 6 - South,Los Angeles - Harvard Park,4880485.20605469,8888.39173015249
3930,06037113301,1,1,2201,0.9,2511.7,District 3,SPA 2 - San Fernando,Los Angeles - Northridge,24263386.4384766,22624.9623748123
3931,06037113303,1,1,4006,1.6,2547,District 3,SPA 2 - San Fernando,Los Angeles - Chatsworth,44083459.1650391,31068.5549459623
3932,06037113321,1,1,5473,0.4,13521.4,District 3,SPA 2 - San Fernando,Los Angeles - Chatsworth,11283742.9619141,13666.2375740884
3933,06037113322,1,1,3947,0.7,5722.2,District 3,SPA 2 - San Fernando,Los Angeles - Chatsworth,19231514.7080078,20151.453713233
3934,06037113401,1,1,5543,0.9,5855.4,District 3,SPA 2 - San Fernando,Los Angeles - Winnetka,26388919.6494141,20702.8537793488
3935,06037113421,1,1,6109,0.8,7202.4,District 3,SPA 2 - San Fernando,Los Angeles - Winnetka,23735832.0419922,21648.137648503
3936,06037106111,1,1,4334,1.5,2942.7,District 3,SPA 2 - San Fernando,Los Angeles - Sylmar,41178053.4433594,35472.7936042698
3937,06037113422,1,1,6057,0.6,10303.6,District 3,SPA 2 - San Fernando,Los Angeles - Winnetka,16464682.7714844,18198.2272762278
3938,06037115101,1,1,5046,1.5,3366.2,District 3,SPA 2 - San Fernando,Los Angeles - Northridge,41786141.7236328,26402.1768559238
3939,06037115201,1,1,6437,0.5,12225,District 3,SPA 2 - San Fernando,Los Angeles - Northridge,14804988.6611328,18161.9960099839
3940,06037115301,1,1,4156,0.6,6637.2,District 3,SPA 2 - San Fernando,Los Angeles - Northridge,17664625.8554688,21878.4707218553
3941,06037320100,1,1,7144,0.7,9735.7,District 3,SPA 2 - San Fernando,City of San Fernando,20455152.8564453,21549.9359530766
3942,06037123520,1,1,2567,0.2,13240.6,District 3,SPA 2 - San Fernando,Los Angeles - Valley Glen,5498216.37109375,12490.8740658401
3943,06037402706,1,1,3945,0.4,9514.5,District 1,SPA 3 - San Gabriel,City of Pomona,11558824.2871094,13878.9786609167
3944,06037300400,1,1,5740,0.8,7418.4,District 5,SPA 2 - San Fernando,City of Glendale,21612067.6933594,23834.2517680092
3945,06037311100,1,1,3897,0.7,5920.3,District 5,SPA 2 - San Fernando,City of Burbank,18349521.4082031,18030.2376970442
3946,06037300902,1,1,1998,1.7,1178.4,District 5,SPA 2 - San Fernando,City of Glendale,47349050.8935547,36917.8273377254
3947,06037320300,1,1,6948,0.7,10494.7,District 3,SPA 2 - San Fernando,City of San Fernando,18455055.7138672,18332.1407381851
3948,06037227010,1,1,4662,0.2,20846.9,District 2,SPA 6 - South,Los Angeles - Central,6234440.73535156,11858.4771762696
3949,06037301400,1,1,3865,0.6,6350.4,District 5,SPA 2 - San Fernando,City of Glendale,17120069.1054688,18996.8338827741
3950,06037301502,1,1,6908,0.3,26806.1,District 5,SPA 2 - San Fernando,City of Glendale,7216552.53808594,15161.4717353305
3951,06037301601,1,1,6198,0.9,7072.3,District 5,SPA 2 - San Fernando,City of Glendale,24310465.5683594,26111.439695535
3952,06037301701,1,1,2849,0.4,8072.5,District 5,SPA 2 - San Fernando,City of Glendale,10030751.9072266,15501.1493793489
3953,06037301900,1,1,7810,0.4,18550.9,District 5,SPA 2 - San Fernando,City of Glendale,11812319.9628906,16953.3164494887
3954,06037302002,1,1,3532,0.2,18194.2,District 5,SPA 2 - San Fernando,City of Glendale,5411692.28417969,9621.42699856411
3955,06037311200,1,1,3138,0.4,8215.6,District 5,SPA 2 - San Fernando,City of Burbank,10647653.0361328,14000.8341627128
3956,06037311300,1,1,3811,0.5,8078.2,District 5,SPA 2 - San Fernando,City of Burbank,13151296.2958984,14726.6340804065
3957,06037238320,1,1,3787,0.2,20945.3,District 2,SPA 6 - South,Los Angeles - Vermont Vista,5040650.71582031,9679.32453455768
3958,06037310703,1,1,5114,0.4,13260.5,District 5,SPA 2 - San Fernando,City of Burbank,10765303.5869141,16119.8362896608
3959,06037302202,1,1,5254,0.2,26601.4,District 5,SPA 2 - San Fernando,City of Glendale,5505961.77929688,10955.3687832022
3960,06037543903,1,1,3804,0.5,7348.1,District 2,SPA 8 - South Bay,City of Carson,14602751.7509766,21544.623969998
3961,06037310900,1,1,6870,0.8,8188.3,District 5,SPA 2 - San Fernando,City of Burbank,23388464.6982422,21427.4057702173
3962,06037311400,1,1,2274,0.4,6271.8,District 5,SPA 2 - San Fernando,City of Burbank,10108140.6542969,15209.477868702
3963,06037533106,1,1,1743,0.1,15068.4,District 4,SPA 7 - East,City of Huntington Park,3224820.4765625,8018.80173359201
3964,06037228600,1,1,5049,0.2,24815.5,District 2,SPA 6 - South,Los Angeles - Vernon Central,5672241.82128906,9590.92679289131
3965,06037222600,1,1,5631,0.3,22370.6,District 2,SPA 6 - South,Los Angeles - Exposition Park,7017410.72070313,10585.6178187577
3966,06037430502,1,1,6745,1.1,5936.1,District 5,SPA 3 - San Gabriel,City of Sierra Madre,31686189.4287109,25001.2979976719
3967,06037301203,1,1,4368,0.2,20665.6,District 5,SPA 2 - San Fernando,City of Glendale,5892198.6328125,10515.7224837084
3968,06037400604,1,1,2980,1.9,1600.3,District 1,SPA 3 - San Gabriel,City of Azusa,51971114.6445313,45901.6958194925
3969,06037209820,1,1,2968,0.1,42919,District 1,SPA 4 - Metro,Los Angeles - Pico-Union,1927868.32714844,5690.53478597675
3970,06037543701,1,1,2994,0.2,12202.7,District 2,SPA 8 - South Bay,City of Carson,6840817.62890625,11169.8672346127
3971,06037300702,1,1,5604,4.4,1273.5,District 5,SPA 2 - San Fernando,City of Glendale,123834618.755859,67234.2511108292
3972,06037404501,1,1,2355,0.3,7575,District 1,SPA 3 - San Gabriel,City of Azusa,8666861.29199219,14072.7770950336
3973,06037219300,1,1,3700,0.3,14702,District 2,SPA 6 - South,Los Angeles - Crenshaw District,7016026.57714844,11233.6223018098
3974,06037127910,1,1,4769,0.3,19008.6,District 3,SPA 2 - San Fernando,Los Angeles - Van Nuys,6993754.40722656,10580.3823960557
3975,06037920026,2,2,419,4.9,86,District 5,SPA 2 - San Fernando,Unincorporated - Saugus/Canyon Country,135788628.520508,68875.9589039793
3976,06037576402,1,1,5181,0.1,41358.5,District 4,SPA 8 - South Bay,City of Long Beach,3492765.79980469,7930.52748143775
3977,06037124500,1,1,2779,0.3,8908.9,District 3,SPA 2 - San Fernando,Los Angeles - Sherman Oaks,8695824.56835938,14054.8987604727
3978,06037276400,1,1,4009,0.5,8137.6,District 2,SPA 5 - West,Los Angeles - Westchester,13734682.7841797,16202.1109375823
3979,06037531800,1,1,5066,0.2,21235.3,District 1,SPA 7 - East,Unincorporated - East Los Angeles,6650813.7421875,13072.888929029
3980,06037480302,1,1,4255,0.4,10491,District 1,SPA 3 - San Gabriel,City of Alhambra,11306722.3945313,14875.1212024136
3981,06037123205,1,1,2645,0.3,9040.8,District 3,SPA 2 - San Fernando,Los Angeles - North Hollywood,8155654.93847656,11532.5869292108
3982,06037293201,1,1,6629,0.4,16104.3,District 2,SPA 8 - South Bay,Los Angeles - Harbor Gateway,11527138.1621094,14001.9154907513
3983,06037570001,1,1,4463,0.6,7543,District 4,SPA 7 - East,City of Lakewood,16496177.2216797,17436.4226027628
3984,06037237300,1,1,5262,0.4,13659.9,District 2,SPA 6 - South,Los Angeles - Harvard Park,10739283.6943359,13459.4831275748
3985,06037910809,2,2,2235,4.7,478.1,District 5,SPA 2 - San Fernando,City of Santa Clarita,130422506.139648,62476.4365267013
3986,06037267402,1,1,4580,0.2,27913.1,District 3,SPA 5 - West,Los Angeles - West Los Angeles,4615970.40136719,8843.51507536574
3987,06037204200,1,1,3303,0.1,28402.3,District 1,SPA 4 - Metro,Los Angeles - Boyle Heights,3242089.63183594,7623.77136019442
3988,06037206200,1,1,3386,0.2,15153.1,District 1,SPA 4 - Metro,Los Angeles - Little Tokyo,6229307.49414063,11677.5068813685
3989,06037310800,1,1,4909,0.8,5951.1,District 5,SPA 2 - San Fernando,City of Burbank,23086896.8369141,23538.1089694849
3990,06037910402,1,1,3751,0.4,8485.9,District 5,SPA 1 - Antelope Valley,City of Palmdale,12321234.0791016,14458.843129151
3991,06037575101,1,1,4754,0.2,29209.2,District 4,SPA 8 - South Bay,City of Long Beach,4537944.47851563,10232.9915149442
3992,06037900102,3,3,1029,170.1,6,District 5,SPA 1 - Antelope Valley,Unincorporated - Hi Vista,4742518187.58594,321488.306746542
3993,06037320000,99,99,0,0.5,0,District 5,SPA 2 - San Fernando,Unincorporated - Universal City,14503274.5292969,19335.315007258
3994,06037553602,1,1,4730,0.2,20299.7,District 4,SPA 6 - South,City of Paramount,6496278.71386719,11048.1582609568
3995,06037533403,1,1,2973,0.2,16269.8,District 4,SPA 7 - East,City of Maywood,5094304.53710938,12422.4678897632
3996,06037572400,1,1,1152,0.2,5403.1,District 4,SPA 8 - South Bay,City of Long Beach,5095393.32226563,10946.0122042839
3997,06037300502,1,1,6026,0.6,9427.5,District 5,SPA 2 - San Fernando,Unincorporated - La Crescenta-Montrose,17813564.1171875,21443.5242093796
3998,06037543201,1,1,3607,0.4,9281.2,District 2,SPA 6 - South,City of Compton,10876948.3486328,13363.8531080877
3999,06037620001,1,1,3943,0.5,8637.1,District 2,SPA 8 - South Bay,City of El Segundo,12739633.0439453,14713.632188744
4000,06037231600,1,1,7110,0.4,19289.3,District 2,SPA 6 - South,Los Angeles - West Vernon,10275994.5273438,13096.4194123302
4001,06037535604,1,1,4435,0.2,25974,District 4,SPA 7 - East,City of South Gate,4760342.70214844,9741.85222166675
4002,06037532900,1,1,6681,0.3,22554.9,District 2,SPA 6 - South,Unincorporated - Florence-Firestone,8258066.06738281,11928.0202004136
4003,06037276500,1,1,5063,0.5,11001.3,District 2,SPA 5 - West,Los Angeles - Westchester,12830486.0166016,15367.4227698324
4004,06037602505,1,1,4072,0.1,32591.8,District 2,SPA 8 - South Bay,City of Hawthorne,3483307.69238281,7914.11320005802
4005,06037620301,1,1,4657,0.4,11612.5,District 2,SPA 8 - South Bay,City of Manhattan Beach,11180838.6582031,14217.5146180747
4006,06037540502,1,1,6552,0.2,28323.3,District 4,SPA 6 - South,City of Lynwood,6449499.43554688,11115.644414481
4007,06037103200,1,1,6150,2.9,2147.6,District 5,SPA 2 - San Fernando,Los Angeles - Lakeview Terrace,79802802.9960938,52745.5802196607
4008,06037311500,1,1,5633,0.6,9761.2,District 5,SPA 2 - San Fernando,City of Burbank,16104447.5058594,16060.053323713
4009,06037920020,2,2,6954,4.2,1667.2,District 5,SPA 2 - San Fernando,City of Santa Clarita,116820912.260742,62560.3333384958
4010,06037910706,1,1,6022,8.1,743.6,District 5,SPA 1 - Antelope Valley,City of Palmdale,226008297.014648,74082.5029906547
4011,06037910601,1,1,6460,1,6302.2,District 5,SPA 1 - Antelope Valley,City of Palmdale,28596497.7050781,26967.7939082352
4012,06037433503,1,1,3108,0.3,10148.2,District 1,SPA 3 - San Gabriel,City of South El Monte,8537929.06933594,13311.4847578921
4013,06037460401,1,1,878,2.1,422.6,District 5,SPA 3 - San Gabriel,City of Pasadena,57239786.1582031,89717.2775034143
4014,06037910002,1,1,7217,28,257.9,District 5,SPA 1 - Antelope Valley,Unincorporated - Littlerock/Pearblossom,782638326.75293,135966.116047641
4015,06037134101,1,1,4922,0.4,11961.2,District 3,SPA 2 - San Fernando,Los Angeles - Winnetka,11471156.9394531,13966.1249311864
4016,06037401201,1,1,3110,0.9,3442.4,District 5,SPA 3 - San Gabriel,City of Glendora,25213282.2138672,23559.5738583477
4017,06037433801,1,1,6197,0.6,10214.8,District 1,SPA 3 - San Gabriel,City of South El Monte,16912804.3623047,16673.3396901106
4018,06037408800,1,1,3738,0.7,5403.4,District 1,SPA 3 - San Gabriel,City of Pomona,19285663.5048828,20136.4908627041
4019,06037433601,1,1,4923,0.4,11354.1,District 1,SPA 3 - San Gabriel,City of Rosemead,12087508.5996094,14650.2021012823
4020,06037401312,1,1,5575,1.1,5142.5,District 5,SPA 3 - San Gabriel,City of San Dimas,30222476.3320313,24426.3308546891
4021,06037433700,1,1,3294,1.2,2725.4,District 1,SPA 3 - San Gabriel,Unincorporated - Whittier Narrows,34442515.9433594,26088.6376936192
4022,06037910715,1,1,6702,0.8,8740.4,District 5,SPA 1 - Antelope Valley,City of Palmdale,21389715.5634766,21469.711000288
4023,06037294120,1,1,2370,0.6,3932.3,District 4,SPA 8 - South Bay,Los Angeles - Wilmington,16804337.5058594,17112.9925016515
4024,06037463101,1,1,2383,0.4,5435.6,District 5,SPA 3 - San Gabriel,Unincorporated - East Pasadena,12238799.5996094,18507.5109962073
4025,06037401500,1,1,5572,1.4,3852.9,District 1,SPA 3 - San Gabriel,City of La Verne,40380249.2382813,38854.3968681665
4026,06037401703,1,1,4176,0.4,9299.7,District 1,SPA 3 - San Gabriel,City of Pomona,12526410.5761719,15819.97990045
4027,06037231710,1,1,4358,0.1,34860.1,District 2,SPA 6 - South,Los Angeles - West Vernon,3485223.42675781,7941.54871724913
4028,06037401601,1,1,5034,1,5022.7,District 5,SPA 3 - San Gabriel,City of La Verne,27953045.5429688,29226.2969677058
4029,06037401602,1,1,5282,0.8,6753.2,District 5,SPA 3 - San Gabriel,City of La Verne,21804400.8447266,19136.2032995485
4030,06037401603,1,1,2913,0.7,4061,District 5,SPA 3 - San Gabriel,City of La Verne,20869141.984375,18770.6192103216
4031,06037403402,1,1,3322,0.7,4952.7,District 1,SPA 3 - San Gabriel,City of Walnut,18699218.3417969,17632.4000480904
4032,06037403404,1,1,2521,0.9,2732.2,District 1,SPA 3 - San Gabriel,City of Walnut,25738899.0253906,25244.9759709484
4033,06037433902,1,1,3780,0.3,13389.4,District 1,SPA 3 - San Gabriel,City of El Monte,7870354.25683594,12104.6346676329
4034,06037294200,1,1,4951,0.4,13444.6,District 4,SPA 8 - South Bay,Los Angeles - Wilmington,10267494.6171875,12897.3197154246
4035,06037430101,1,1,4887,0.8,6367.5,District 5,SPA 3 - San Gabriel,City of Duarte,21395394.2939453,20086.805777189
4036,06037434001,1,1,4395,0.4,10300.8,District 1,SPA 3 - San Gabriel,City of El Monte,11894694.1582031,16437.046638128
4037,06037277100,1,1,3004,0.5,6291.1,District 2,SPA 5 - West,Los Angeles - Westchester,13284299.7568359,15316.174991291
4038,06037120020,1,1,4057,0.2,19546.9,District 3,SPA 2 - San Fernando,Los Angeles - Panorama City,5942812.02539063,16255.3382949257
4039,06037463200,1,1,3403,0.6,5414.6,District 5,SPA 3 - San Gabriel,City of Pasadena,17525618.9765625,23326.7747672401
4040,06037277200,1,1,2490,0.4,6190.1,District 2,SPA 5 - West,Los Angeles - Westchester,11214606.8974609,15139.0302663948
4041,06037463300,1,1,2041,0.3,8001.1,District 5,SPA 3 - San Gabriel,Unincorporated - San Pasqual,7111196.46484375,14089.7678252184
4042,06037237202,1,1,4388,0.4,10256.8,District 2,SPA 6 - South,Los Angeles - Harvard Park,11932147.546875,14393.4155287362
4043,06037463400,1,1,5752,0.7,7724.1,District 5,SPA 3 - San Gabriel,City of Pasadena,20792799.0576172,25591.0947906885
4044,06037463700,1,1,2236,0.7,3356.5,District 5,SPA 3 - San Gabriel,City of Pasadena,18684306.2236328,18113.3989799342
4045,06037401901,1,1,4610,0.7,6930.4,District 5,SPA 3 - San Gabriel,City of Claremont,18543678.4804688,18546.089968361
4046,06037401902,1,1,5711,1,5567.9,District 5,SPA 3 - San Gabriel,City of Claremont,28632192.3681641,24786.8586215067
4047,06037291210,1,1,4967,0.5,10352.4,District 2,SPA 8 - South Bay,Los Angeles - Harbor Gateway,13376733.65625,15695.0775195312
4048,06037104201,1,1,4780,0.4,11356.8,District 3,SPA 2 - San Fernando,Los Angeles - Pacoima,11732652.0878906,14811.3534061368
4049,06037430302,1,1,5837,0.7,7803.3,District 5,SPA 3 - San Gabriel,City of Monrovia,20870341.7587891,23536.0699649858
4050,06037291220,1,1,3353,0.3,10607.4,District 2,SPA 8 - South Bay,Los Angeles - Harbor Gateway,8812973.17382813,12324.8177220711
4051,06037294110,1,1,4140,0.4,10817.6,District 4,SPA 8 - South Bay,Los Angeles - Wilmington,10648775.5507813,16670.8169510764
4052,06037402404,1,1,1945,1.6,1204.2,District 1,SPA 3 - San Gabriel,Unincorporated - Pomona,45124230.8115234,37144.948613614
4053,06037402101,1,1,4623,0.5,10086.1,District 1,SPA 3 - San Gabriel,City of Pomona,12803862.9931641,17664.2706914623
4054,06037400302,1,1,3016,0.5,5999.3,District 5,SPA 3 - San Gabriel,City of La Verne,14047213.9228516,18349.9972989757
4055,06037602506,1,1,4329,0.1,34534,District 2,SPA 8 - South Bay,City of Hawthorne,3494869.27636719,7898.4679349202
4056,06037291300,1,1,2601,0.9,2857.1,District 2,SPA 8 - South Bay,Los Angeles - Harbor Gateway,25830945.3496094,31448.5459517708
4057,06037292000,1,1,6543,1.5,4238,District 2,SPA 8 - South Bay,Los Angeles - Harbor Gateway,43090051.0878906,32031.1322422284
4058,06037293202,1,1,6742,0.4,16592.2,District 2,SPA 8 - South Bay,Los Angeles - Harbor Gateway,11329174.5244141,14314.5025579661
4059,06037120030,1,1,2675,0.1,19319.2,District 3,SPA 2 - San Fernando,Los Angeles - Panorama City,3859868.59375,7918.14796918772
4060,06037403407,1,1,2132,1.8,1168.7,District 1,SPA 3 - San Gabriel,City of Walnut,50858683.8613281,37617.2859265532
4061,06037430600,1,1,4505,1.4,3144.1,District 5,SPA 3 - San Gabriel,City of Arcadia,40026777.5898438,35446.3754832637
4062,06037293302,1,1,4720,0.4,10921.4,District 4,SPA 8 - South Bay,Los Angeles - Harbor City,12049791.7685547,15348.4886129655
4063,06037294410,1,1,4579,0.3,14223.8,District 4,SPA 8 - South Bay,Los Angeles - Harbor City,8975866.65234375,12597.1891250197
4064,06037293301,1,1,2805,0.3,8597.7,District 4,SPA 8 - South Bay,Los Angeles - Harbor City,9096252.06054688,14291.0501805695
4065,06037407102,1,1,5445,0.4,15285.1,District 1,SPA 3 - San Gabriel,City of La Puente,9930999.5625,14540.7011346761
4066,06037402102,1,1,4815,0.9,5457.8,District 1,SPA 3 - San Gabriel,City of Pomona,24736703.0283203,20823.5392175374
4067,06037402301,1,1,5454,0.5,10579.5,District 1,SPA 3 - San Gabriel,City of Pomona,14331189.6796875,16815.6665993627
4068,06037402702,1,1,6313,0.6,10910.1,District 1,SPA 3 - San Gabriel,City of Pomona,16150852.9873047,18413.8119092914
4069,06037406602,1,1,4973,0.6,8099.2,District 1,SPA 3 - San Gabriel,City of West Covina,17117518.0517578,18521.9158068433
4070,06037294620,1,1,4219,0.3,12983.8,District 4,SPA 8 - South Bay,Los Angeles - Wilmington,9059969.42871094,12685.3685020032
4071,06037294820,1,1,3579,0.1,24171.9,District 4,SPA 8 - South Bay,Los Angeles - Wilmington,4128349.66015625,8204.36946747632
4072,06037294900,1,1,3265,0.2,13119.9,District 4,SPA 8 - South Bay,Los Angeles - Wilmington,6938717.4921875,13623.827882893
4073,06037402501,1,1,5577,0.4,14218,District 1,SPA 3 - San Gabriel,City of Pomona,10935142.1640625,16013.7862902773
4074,06037296210,1,1,3019,0.2,13974.9,District 4,SPA 8 - South Bay,Los Angeles - San Pedro,6023449.38378906,9602.75695921822
4075,06037277400,1,1,1533,0.2,6214.2,District 2,SPA 5 - West,Los Angeles - Westchester,6877748.65136719,10438.697565235
4076,06037240020,1,1,5055,0.3,18198.7,District 2,SPA 6 - South,Los Angeles - Green Meadows,7748292.72460938,12850.8843675683
4077,06037275302,1,1,4775,0.7,7052.9,District 2,SPA 5 - West,Los Angeles - Del Rey,19367566.5957031,18148.4139379907
4078,06037275311,1,1,4993,0.5,10303.3,District 2,SPA 5 - West,Los Angeles - Del Rey,13911113.1816406,17145.1244072539
4079,06037402502,1,1,7225,0.6,12689.5,District 1,SPA 3 - San Gabriel,City of Pomona,15872828.5488281,18117.791901584
4080,06037296500,1,1,3910,0.3,11228.5,District 4,SPA 8 - South Bay,Los Angeles - San Pedro,9782261.296875,13880.3146881339
4081,06037297120,1,1,3315,0.2,19383.2,District 4,SPA 8 - South Bay,Los Angeles - San Pedro,4586182.88964844,10097.8889745157
4082,06037297300,1,1,2374,0.5,5018.1,District 4,SPA 8 - South Bay,Los Angeles - San Pedro,25804547.8203125,26336.9396514212
4083,06037297400,1,1,3603,0.8,4459.9,District 4,SPA 8 - South Bay,Los Angeles - San Pedro,32817480.5019531,26028.790357611
4084,06037533103,1,1,3577,0.1,26776.5,District 4,SPA 7 - East,City of Huntington Park,3728161.99121094,7949.53073700812
4085,06037197200,1,1,3757,0.3,13034.4,District 1,SPA 4 - Metro,Los Angeles - Elysian Valley,8364430.11914063,14833.1417709268
4086,06037407001,1,1,5905,0.4,14279.2,District 1,SPA 3 - San Gabriel,Unincorporated - Bassett,11783186.5576172,15526.4306835751
4087,06037407002,1,1,3804,1.1,3506.2,District 1,SPA 3 - San Gabriel,City of Industry,32869281.3632813,24785.0410793784
4088,06037407200,1,1,7315,0.6,13018.5,District 1,SPA 3 - San Gabriel,City of La Puente,15664647.8447266,21135.6897125815
4089,06037462100,1,1,5259,0.4,13047.8,District 5,SPA 3 - San Gabriel,City of Pasadena,11236050.8144531,13716.960536712
4090,06037430701,1,1,5271,1.1,4586.7,District 5,SPA 3 - San Gabriel,City of Arcadia,32192328.0400391,27315.6839654731
4091,06037407900,1,1,6296,0.6,10901.9,District 1,SPA 3 - San Gabriel,Unincorporated - Valinda,16103345.4375,17543.6112695877
4092,06037576501,1,1,3369,0.1,29947.4,District 4,SPA 8 - South Bay,City of Long Beach,3136672.63867188,7291.40479370482
4093,06037407701,1,1,5401,0.4,12331.1,District 1,SPA 3 - San Gabriel,City of La Puente,12211413.3261719,15504.9063739646
4094,06037462400,1,1,4229,0.5,8390,District 5,SPA 3 - San Gabriel,City of Pasadena,14165397.5390625,15479.2840757978
4095,06037407702,1,1,6497,0.8,8411.8,District 1,SPA 3 - San Gabriel,City of La Puente,21542126.8701172,23340.9585222965
4096,06037431100,1,1,6629,1.2,5693.5,District 5,SPA 3 - San Gabriel,City of Monrovia,32457311.1914063,26322.5429539956
4097,06037430721,1,1,3957,1.6,2516.3,District 5,SPA 3 - San Gabriel,City of Arcadia,43845959.6533203,31784.523849021
4098,06037430802,1,1,4163,0.7,5806.5,District 5,SPA 3 - San Gabriel,City of Arcadia,19982914.6455078,19705.6945696956
4099,06037402705,1,1,3328,0.3,9958.9,District 1,SPA 3 - San Gabriel,City of Pomona,9316061.0859375,12971.5173526886
4100,06037430803,1,1,5439,0.9,6181.8,District 5,SPA 3 - San Gabriel,City of Arcadia,24527781.0761719,21840.2552648733
4101,06037431001,1,1,7171,0.7,10550.3,District 5,SPA 3 - San Gabriel,City of Monrovia,18947954.0322266,22871.5119050943
4102,06037402703,1,1,4686,0.4,11249.8,District 1,SPA 3 - San Gabriel,City of Pomona,11586119.1533203,18832.9183023335
4103,06037460502,1,1,4417,1,4376.1,District 5,SPA 2 - San Fernando,City of La Canada Flintridge,28136711.6455078,30368.7308377518
4104,06037402403,1,1,5381,0.8,6857.4,District 1,SPA 3 - San Gabriel,City of Pomona,21876056.8154297,31893.7467311464
4105,06037197500,1,1,3889,0.2,17316.7,District 1,SPA 4 - Metro,Los Angeles - Echo Park,6893860.4375,10416.1302872351
4106,06037400304,1,1,6714,1.2,5539.2,District 5,SPA 3 - San Gabriel,City of San Dimas,33818493.4794922,33560.6137682029
4107,06037276000,1,1,5396,0.9,5976.5,District 2,SPA 5 - West,Los Angeles - Westchester,25171416.3984375,22610.5825986804
4108,06037243000,1,1,6769,0.3,24439.4,District 2,SPA 6 - South,Los Angeles - Watts,7721799.39453125,11101.437002941
4109,06037402600,1,1,7453,0.9,8455.7,District 1,SPA 3 - San Gabriel,City of Pomona,24562747.5800781,22637.0029563926
4110,06037234200,1,1,2376,0.3,6969.9,District 2,SPA 6 - South,Los Angeles - Crenshaw District,9503588.81835938,13022.716996096
4111,06037403702,1,1,3794,0.7,5757.9,District 1,SPA 3 - San Gabriel,City of Covina,18428231.1669922,18852.85469928
4112,06037403722,1,1,5734,0.7,8265.6,District 1,SPA 3 - San Gabriel,City of Covina,19410067.6611328,18585.3419562634
4113,06037403703,1,1,4748,0.8,5689.9,District 5,SPA 3 - San Gabriel,City of San Dimas,23262550.0898438,22647.40395352
4114,06037403721,1,1,4998,0.7,6822.5,District 1,SPA 3 - San Gabriel,City of Covina,20440719.9970703,20616.6315298098
4115,06037197600,1,1,2376,0.1,15848.1,District 1,SPA 4 - Metro,Los Angeles - Angelino Heights,4179534.87402344,10403.4948852091
4116,06037405101,1,1,5304,0.4,12252,District 1,SPA 3 - San Gabriel,City of Baldwin Park,12068451.2744141,14792.0020914212
4117,06037185320,1,1,3081,0.2,13587.4,District 1,SPA 4 - Metro,Los Angeles - Elysian Valley,6356703.82519531,14211.0465411284
4118,06037481603,1,1,3802,0.3,15017.6,District 1,SPA 3 - San Gabriel,City of Alhambra,7057784.484375,12084.7485221287
4119,06037481001,1,1,3842,0.4,9480.1,District 1,SPA 3 - San Gabriel,City of Alhambra,11297955.2753906,15896.2754402011
4120,06037800406,2,2,2644,35.2,75.2,District 3,SPA 5 - West,Unincorporated - Santa Monica Mountains,1022531413.18164,194708.133767969
4121,06037800410,1,1,3627,14.4,251.5,District 3,SPA 5 - West,Unincorporated - Santa Monica Mountains,416774731.079102,127145.669945217
4122,06037800504,1,1,2497,8.2,304.4,District 3,SPA 5 - West,Unincorporated - Santa Monica Mountains,264568521.082031,113101.305660776
4123,06037800506,1,1,3074,10.2,300.6,District 3,SPA 5 - West,Unincorporated - Santa Monica Mountains,315771805.060547,99990.9947203528
4124,06037186401,1,1,3452,0.4,9303.3,District 1,SPA 4 - Metro,Los Angeles - Glassell Park,10372245.5576172,17895.7563788163
4125,06037197300,1,1,3909,0.3,15474.7,District 1,SPA 4 - Metro,Los Angeles - Echo Park,7042090.86816406,15215.6543152209
4126,06037197420,1,1,3509,0.2,14763.8,District 1,SPA 4 - Metro,Los Angeles - Echo Park,6625867.734375,11620.1398079243
4127,06037197700,1,1,5103,0.3,18833.4,District 1,SPA 4 - Metro,Los Angeles - Elysian Park,7553640.91210938,13927.2622656561
4128,06037199000,1,1,5066,0.6,8741.7,District 1,SPA 4 - Metro,Los Angeles - Lincoln Heights,16798015.8095703,19033.8635230518
4129,06037199110,1,1,2710,0.3,7780.6,District 1,SPA 4 - Metro,Los Angeles - Lincoln Heights,9708559.82519531,14255.8049491902
4130,06037187102,1,1,3254,0.8,4298.4,District 1,SPA 4 - Metro,Los Angeles - Atwater Village,23579786.2675781,38378.6991937068
4131,06037187200,1,1,3132,0.4,8828.2,District 1,SPA 4 - Metro,Los Angeles - Silverlake,10239846.9238281,15559.6561392198
4132,06037187300,1,1,3216,0.5,7133.7,District 1,SPA 4 - Metro,Los Angeles - Silverlake,12580918.2958984,19454.9128908917
4133,06037190901,1,1,4742,0.2,25054.5,District 3,SPA 4 - Metro,Los Angeles - Hollywood,5276300.59277344,9290.82274904744
4134,06037222500,1,1,4963,0.3,19700.8,District 2,SPA 6 - South,Los Angeles - Exposition Park,7023063.34375,10606.6076163718
4135,06037402904,1,1,3603,0.7,4894.1,District 1,SPA 3 - San Gabriel,City of Pomona,20494246.6220703,20812.4964555552
4136,06037275200,1,1,3887,0.2,21750.9,District 2,SPA 5 - West,Los Angeles - Del Rey,4995609.95117188,10528.6316003931
4137,06037702801,1,1,5205,0.5,11247.6,District 2,SPA 5 - West,City of Culver City,12854018.4785156,14969.3952532238
4138,06037404902,1,1,3973,0.3,14815.4,District 1,SPA 3 - San Gabriel,City of Baldwin Park,7475852.39257813,11765.0009521893
4139,06037294810,1,1,3991,0.1,32255.2,District 4,SPA 8 - South Bay,Los Angeles - Wilmington,3449897.04492188,7567.76843534217
4140,06037481401,1,1,6061,0.5,13010.4,District 1,SPA 3 - San Gabriel,City of San Gabriel,12987121.7792969,16283.060699182
4141,06037405900,1,1,4049,0.5,7942.8,District 1,SPA 3 - San Gabriel,City of Covina,14207766.3857422,15926.1294612316
4142,06037119310,1,1,3871,0.2,23580,District 3,SPA 2 - San Fernando,Los Angeles - Panorama City,4615163.00585938,10049.0507841201
4143,06037432802,1,1,5821,0.2,25471.7,District 1,SPA 3 - San Gabriel,City of El Monte,6369752.52441406,11756.4936636753
4144,06037432801,1,1,2568,0.3,8404.3,District 1,SPA 3 - San Gabriel,City of El Monte,8595380.7421875,13412.8504945967
4145,06037406000,1,1,5059,0.7,6865.4,District 1,SPA 3 - San Gabriel,City of Covina,20545430.6845703,26186.2305211751
4146,06037300901,1,1,6463,2.7,2408.5,District 5,SPA 2 - San Fernando,City of Glendale,74839692.4414063,43285.6050244023
4147,06037405800,1,1,5881,0.7,8036.4,District 1,SPA 3 - San Gabriel,City of Covina,20400594.2617188,20940.4236850709
4148,06037406101,1,1,3139,0.5,5856.8,District 1,SPA 3 - San Gabriel,City of Covina,14941208.546875,17618.5169310835
4149,06037406200,1,1,5678,0.7,7734.1,District 1,SPA 3 - San Gabriel,City of West Covina,20464019.1894531,26507.8673709396
4150,06037408629,1,1,2926,0.7,4311.8,District 1,SPA 3 - San Gabriel,Unincorporated - Hacienda Heights,18918930.1074219,19794.9274013907
4151,06037221602,1,1,2816,0.2,13950.2,District 2,SPA 6 - South,Los Angeles - West Adams,5627264.42285156,12004.5075179414
4152,06037236204,1,1,3203,0.1,36089.3,District 2,SPA 6 - South,Los Angeles - Baldwin Hills,2474291.24511719,6697.41743654988
4153,06037432700,1,1,5262,0.7,7475.8,District 1,SPA 3 - San Gabriel,City of El Monte,20191917.3955078,22615.9607245798
4154,06037432902,1,1,3482,0.4,8319.7,District 1,SPA 3 - San Gabriel,City of Rosemead,11667565.9960938,14801.122891644
4155,06037237402,1,1,3526,0.2,17520.7,District 2,SPA 6 - South,Los Angeles - Harvard Park,5610585.79296875,9623.63871838926
4156,06037239202,1,1,4724,0.5,9591.6,District 2,SPA 6 - South,Los Angeles - Florence-Firestone,13730941.2783203,15869.3904720441
4157,06037239502,1,1,3372,0.2,17093.7,District 2,SPA 6 - South,Los Angeles - Florence-Firestone,5499624.16015625,10820.8885463167
4158,06037239602,1,1,3313,0.1,23961.5,District 2,SPA 6 - South,Los Angeles - Florence-Firestone,3854522.01660156,9274.98296675598
4159,06037239701,1,1,4261,0.2,26937,District 2,SPA 6 - South,Los Angeles - Vermont Vista,4409986.96972656,9489.69473721034
4160,06037214502,1,1,5528,0.1,55453,District 2,SPA 4 - Metro,Los Angeles - Park La Brea,2779065.1640625,7902.84289545846
4161,06037224600,1,1,3425,0.3,12338.9,District 2,SPA 6 - South,Los Angeles - University Park,7738462.97851563,11201.3241714409
4162,06037128303,1,1,3982,0.2,24915,District 3,SPA 2 - San Fernando,Los Angeles - Van Nuys,4455356.35644531,9765.85927024384
4163,06037214902,1,1,2586,0.2,13215.3,District 3,SPA 4 - Metro,Los Angeles - Carthay,5459260.38867188,9792.04910965492
4164,06037234501,1,1,2728,0.3,9398.1,District 2,SPA 6 - South,Los Angeles - Leimert Park,8092378.41210938,12751.3460182685
4165,06037234502,1,1,2698,0.2,12825,District 2,SPA 6 - South,Los Angeles - Leimert Park,5864850.86523438,11665.446044092
4166,06037119900,1,1,4940,0.4,12159.6,District 3,SPA 2 - San Fernando,Los Angeles - Panorama City,11324965.7646484,14653.142244738
4167,06037265201,1,1,2608,0.2,15393.1,District 3,SPA 5 - West,Los Angeles - Westwood,4723324.72070313,11887.3929784185
4168,06037275101,1,1,1177,0.1,8967.5,District 2,SPA 5 - West,Los Angeles - Del Rey,3705137.43554688,10261.606717159
4169,06037235201,1,1,2781,0.3,11036.9,District 2,SPA 6 - South,Los Angeles - Hyde Park,7024760.70214844,10666.3390556535
4170,06037275602,1,1,6470,1,6658.3,District 2,SPA 5 - West,Los Angeles - Playa Vista,27843141.75,28288.195567606
4171,06037119700,1,1,5045,0.5,10139.5,District 3,SPA 2 - San Fernando,Los Angeles - Panorama City,14103370.6445313,20314.1748796317
4172,06037119800,1,1,6108,0.5,12797.8,District 3,SPA 2 - San Fernando,Los Angeles - Arleta,13368484.8232422,14937.4460595641
4173,06037295103,1,1,4875,0.8,6138.7,District 4,SPA 8 - South Bay,Los Angeles - Harbor City,22155300.7929688,25554.1075475694
4174,06037102103,1,1,1740,0.5,3798.3,District 5,SPA 2 - San Fernando,Los Angeles - Sun Valley,12770232.6572266,16349.9350019716
4175,06037533001,1,1,4527,0.2,24545.8,District 2,SPA 7 - East,Unincorporated - Florence-Firestone,5141720.33007813,11047.1600648516
4176,06037536104,1,1,4052,0.8,5345.5,District 4,SPA 7 - East,City of South Gate,21133459.6171875,26175.1834111325
4177,06037602302,1,1,3477,0.7,4636.1,District 2,SPA 8 - South Bay,City of Hawthorne,20854914.7158203,22541.8221158447
4178,06037602508,1,1,7022,0.3,28085.7,District 2,SPA 8 - South Bay,City of Hawthorne,6970520.75292969,10566.583126434
4179,06037602509,1,1,4118,0.8,5245.2,District 2,SPA 8 - South Bay,City of Hawthorne,22818516.4853516,23561.351601719
4180,06037602801,1,1,3819,0.5,7889.4,District 2,SPA 8 - South Bay,Unincorporated - Athens-Westmont,13495609.5195313,15771.1836975903
4181,06037910716,1,1,6117,0.9,6460.5,District 5,SPA 1 - Antelope Valley,City of Palmdale,26553884.3623047,24707.1450355906
4182,06037104310,1,1,4921,0.6,8448.3,District 3,SPA 2 - San Fernando,Los Angeles - Pacoima,16237239.8916016,19099.5181658095
4183,06037104320,1,1,5998,0.5,12815.7,District 3,SPA 2 - San Fernando,Los Angeles - Pacoima,13046503.2304688,14607.5550580413
4184,06037104401,1,1,3357,0.3,12765.2,District 3,SPA 2 - San Fernando,Los Angeles - Pacoima,7330831.84960938,12432.0534515166
4185,06037124700,1,1,4796,0.5,9217.5,District 3,SPA 2 - San Fernando,Los Angeles - Sherman Oaks,14659019.7841797,17855.5098085667
4186,06037229420,1,1,4729,0.2,20967.1,District 2,SPA 6 - South,Los Angeles - Vernon Central,6287881.44042969,10052.1105426281
4187,06037602802,1,1,4304,0.5,8348.3,District 2,SPA 8 - South Bay,Unincorporated - Athens-Westmont,14373617.2783203,16036.5066225886
4188,06037603006,1,1,2035,0.3,7666,District 2,SPA 8 - South Bay,City of Gardena,7401009.55566406,10962.7239084427
4189,06037603801,1,1,4483,0.3,17417.6,District 2,SPA 8 - South Bay,City of Lawndale,7175831.77539063,10842.804783328
4190,06037700101,1,1,5232,0.3,20102.4,District 3,SPA 4 - Metro,City of West Hollywood,7255626.47851563,13621.8146148264
4191,06037700501,1,1,3687,0.2,15985.5,District 3,SPA 4 - Metro,City of West Hollywood,6432974.24023438,15056.9543688644
4192,06037238100,1,1,4626,0.4,12179.2,District 2,SPA 6 - South,Los Angeles - Manchester Square,10589252.3486328,13269.9511649831
4193,06037700502,1,1,4246,0.2,21818.1,District 3,SPA 4 - Metro,City of West Hollywood,5425279.8359375,10805.4210343557
4194,06037700802,1,1,4069,0.3,15364.5,District 3,SPA 5 - West,City of Beverly Hills,7378779.72753906,15098.8164193111
4195,06037701402,1,1,6696,0.3,20908.7,District 3,SPA 5 - West,City of Santa Monica,11556601.7958984,15105.5811655597
4196,06037211701,1,1,2827,0.3,11238.2,District 2,SPA 4 - Metro,Los Angeles - Hancock Park,7012745.22558594,10536.8114053874
4197,06037125200,1,1,3524,0.5,7003.4,District 5,SPA 2 - San Fernando,Los Angeles - Valley Village,14032631.1835938,15860.7217950201
4198,06037406901,1,1,4701,0.4,12755.9,District 1,SPA 3 - San Gabriel,Unincorporated - Bassett,10311577.1132813,16258.0007281649
4199,06037433101,1,1,2281,0.6,3959.5,District 1,SPA 3 - San Gabriel,City of El Monte,16803108.6748047,25805.0507016738
4200,06037104500,1,1,3293,0.2,16061.7,District 3,SPA 2 - San Fernando,Los Angeles - Pacoima,5715190.49121094,11300.6651931215
4201,06037104610,1,1,3672,0.2,16061.2,District 3,SPA 2 - San Fernando,Los Angeles - Pacoima,6373155.81347656,11599.538067918
4202,06037104620,1,1,3539,0.2,17256.2,District 3,SPA 2 - San Fernando,Los Angeles - Pacoima,5716992.3046875,11300.4366127562
4203,06037104701,1,1,4208,0.2,19797.7,District 3,SPA 2 - San Fernando,Los Angeles - Pacoima,5925044.87109375,11097.8773439929
4204,06037406902,1,1,3149,0.4,8136.7,District 1,SPA 3 - San Gabriel,Unincorporated - Bassett,10789089.1347656,15751.3253557472
4205,06037238310,1,1,4821,0.2,31446.4,District 2,SPA 6 - South,Los Angeles - Vermont Vista,4274128.46191406,9306.82543358869
4206,06037407502,1,1,3937,0.4,9901.4,District 1,SPA 3 - San Gabriel,Unincorporated - Valinda,11084866.9902344,15725.9872277198
4207,06037262302,1,1,2818,1.2,2387.1,District 3,SPA 5 - West,Los Angeles - Brentwood,32974910.2539063,32417.7476017016
4208,06037123301,1,1,4559,0.5,9057.7,District 3,SPA 2 - San Fernando,Los Angeles - North Hollywood,14029676.3828125,17682.863089316
4209,06037125600,1,1,2657,0.4,6729.4,District 5,SPA 2 - San Fernando,Los Angeles - Toluca Woods,11006510.6982422,14788.424578206
4210,06037107010,1,1,3247,0.3,12282.7,District 3,SPA 2 - San Fernando,Los Angeles - Sylmar,7369001.02441406,12974.1186458623
4211,06037107020,1,1,5404,0.4,14069.5,District 3,SPA 2 - San Fernando,Los Angeles - Sylmar,10706937.8769531,14668.845260534
4212,06037127210,1,1,5531,0.6,9303.6,District 3,SPA 2 - San Fernando,Los Angeles - Van Nuys,16590437.0234375,19666.1540047909
4213,06037108101,1,1,2230,0.4,5117.4,District 3,SPA 2 - San Fernando,Los Angeles - Porter Ranch,12147387.6474609,14665.5844305924
4214,06037123303,1,1,3301,0.2,13497.8,District 3,SPA 2 - San Fernando,Los Angeles - North Hollywood,6817460.86132813,13030.0571571949
4215,06037108102,1,1,3430,0.8,4068,District 3,SPA 2 - San Fernando,Los Angeles - Porter Ranch,23504170.5546875,18955.3355268754
4216,06037980033,1,1,61,4.9,12.5,District 4,SPA 8 - South Bay,City of Long Beach,309004397.918945,96205.4804517505
4217,06037106010,1,1,3152,1,3238.3,District 3,SPA 2 - San Fernando,Los Angeles - Sylmar,27098616.7695313,23979.4937388064
4218,06037123104,1,1,4596,0.3,15228,District 5,SPA 2 - San Fernando,Los Angeles - North Hollywood,8413544.89746094,11537.8646219313
4219,06037980018,1,1,1,2.8,0.4,District 4,SPA 8 - South Bay,City of Long Beach,79779812.7978516,55486.6561543675
4220,06037980030,10,10,0,1.6,0,District 2,SPA 8 - South Bay,City of El Segundo,56403382.3935547,34891.1833197181
4221,06037600303,1,1,3664,0.1,26032.2,District 2,SPA 8 - South Bay,Unincorporated - Athens-Westmont,3924007.67578125,9114.64327956065
4222,06037123204,1,1,3449,0.1,27553.1,District 3,SPA 2 - San Fernando,Los Angeles - North Hollywood,3489507.79785156,7926.03455976625
4223,06037125310,1,1,4750,0.4,11674.5,District 5,SPA 2 - San Fernando,Los Angeles - North Hollywood,11341421.1181641,19257.6136501343
4224,06037127220,1,1,4931,0.3,19560.8,District 3,SPA 2 - San Fernando,Los Angeles - Van Nuys,7027601.70605469,10597.7543526294
4225,06037127400,1,1,5818,0.8,6972,District 3,SPA 2 - San Fernando,Los Angeles - Van Nuys,23481259.3828125,25121.3298375512
4226,06037602507,1,1,4156,0.1,33363.4,District 2,SPA 8 - South Bay,City of Hawthorne,3472928.15039063,7912.74796531948
4227,06037240402,1,1,3854,0.2,16600.4,District 2,SPA 6 - South,Los Angeles - Vermont Vista,6472578.21777344,11129.3056181491
4228,06037241001,1,1,4285,0.3,12267.2,District 2,SPA 6 - South,Los Angeles - Century Palms/Cove,9757806.38671875,18148.0818179385
4229,06037533805,1,1,3604,0.2,21602.2,District 4,SPA 7 - East,City of Bell,4651190.2265625,10544.2145489061
4230,06037402405,1,1,3006,0.3,8673.7,District 1,SPA 3 - San Gabriel,City of Pomona,9691372.08007813,14258.8413208721
4231,06037573002,1,1,3990,0.1,31845.6,District 4,SPA 8 - South Bay,City of Long Beach,3493340.04296875,7924.94116587868
4232,06037402804,1,1,4085,0.5,8069.9,District 1,SPA 3 - San Gabriel,City of Pomona,14111982.1494141,16146.2276838417
4233,06037402903,1,1,4138,0.6,6721.8,District 1,SPA 3 - San Gabriel,City of Pomona,17162174.0332031,17036.2281910632
4234,06037104108,1,1,5256,0.4,12412.9,District 3,SPA 2 - San Fernando,Los Angeles - Pacoima,11802955.6298828,18965.7731328635
4235,06037106406,1,1,4962,0.8,6165.9,District 3,SPA 2 - San Fernando,Los Angeles - Sylmar,22460447.1708984,21395.666831811
4236,06037408141,1,1,5450,0.4,12591,District 1,SPA 3 - San Gabriel,Unincorporated - San Jose Hills,12067254.7265625,17202.7484824093
4237,06037109200,1,1,2669,0.5,5793.9,District 3,SPA 2 - San Fernando,Los Angeles - Granada Hills,12822532.1757813,15004.0330210873
4238,06037109300,1,1,3085,0.5,6479.8,District 3,SPA 2 - San Fernando,Los Angeles - Granada Hills,13271683.3457031,17491.5495366044
4239,06037109400,1,1,3720,0.5,7459.4,District 3,SPA 2 - San Fernando,Los Angeles - Mission Hills,13893160.9023438,17559.4018253716
4240,06037650605,1,1,2763,0.2,14773.8,District 4,SPA 8 - South Bay,City of Torrance,5251352.70800781,9226.06648440857
4241,06037109500,1,1,4303,0.5,9336.2,District 3,SPA 2 - San Fernando,Los Angeles - Mission Hills,12857198.5136719,20588.8841733218
4242,06037109601,1,1,5020,0.9,5871,District 3,SPA 2 - San Fernando,Los Angeles - Mission Hills,24194049.1074219,20083.1761257531
4243,06037106646,1,1,3237,0.6,5679.3,District 3,SPA 2 - San Fernando,Los Angeles - Granada Hills,15888375.2744141,23434.5871433029
4244,06037600202,1,1,6205,0.3,19382.3,District 2,SPA 8 - South Bay,Unincorporated - Athens-Westmont,8925264.92285156,14579.082558635
4245,06037264103,1,1,2319,0.1,26054.5,District 3,SPA 5 - West,Los Angeles - Brentwood,2481293.70605469,7370.4708771455
4246,06037407801,1,1,5074,0.4,12258.6,District 1,SPA 3 - San Gabriel,Unincorporated - Valinda,11539231.2431641,13057.7098496728
4247,06037407802,1,1,3635,1.2,3006.4,District 1,SPA 3 - San Gabriel,City of Industry,33726071.4228516,31272.8593987177
4248,06037408005,1,1,5088,1.4,3580.6,District 1,SPA 3 - San Gabriel,City of West Covina,39660739.9228516,26830.8286578754
4249,06037239702,1,1,3927,0.2,20916,District 2,SPA 6 - South,Los Angeles - Florence-Firestone,5234332.89648438,10063.5995137244
4250,06037239802,1,1,4902,0.2,20832.3,District 2,SPA 6 - South,Los Angeles - Florence-Firestone,6560208.96484375,11250.575607642
4251,06037408140,1,1,3835,0.4,10824.5,District 1,SPA 3 - San Gabriel,Unincorporated - San Jose Hills,9877056.91992188,13479.8020024655
4252,06037128702,1,1,5639,0.6,8892.9,District 3,SPA 2 - San Fernando,Los Angeles - Sherman Oaks,17876286.1328125,17024.2247837017
4253,06037406701,1,1,3246,0.4,8915.4,District 1,SPA 3 - San Gabriel,City of West Covina,10150061.4492188,13656.7109783237
4254,06037111100,1,1,2982,0.4,7291.4,District 3,SPA 2 - San Fernando,Los Angeles - Granada Hills,11400603.0742188,13561.9651441316
4255,06037128400,1,1,4114,0.7,6173.7,District 3,SPA 2 - San Fernando,Los Angeles - Sherman Oaks,18576565.2197266,22571.8202683221
4256,06037229200,1,1,4394,0.2,25535.3,District 2,SPA 6 - South,Los Angeles - Vernon Central,4797268.25488281,8927.11460836094
4257,06037111201,1,1,3410,0.7,4617.2,District 3,SPA 2 - San Fernando,Los Angeles - Granada Hills,20587432.4355469,25205.245882686
4258,06037111202,1,1,5213,0.7,7232.9,District 3,SPA 2 - San Fernando,Los Angeles - Granada Hills,20091109.9980469,20759.9587898624
4259,06037123304,1,1,4687,0.3,13809,District 3,SPA 2 - San Fernando,Los Angeles - North Hollywood,9461746.25097656,13423.346683201
4260,06037600602,1,1,2551,0.3,9571.7,District 2,SPA 8 - South Bay,City of Inglewood,7430325.73046875,10861.6364976113
4261,06037111301,1,1,7087,0.8,9171.5,District 3,SPA 2 - San Fernando,Los Angeles - Granada Hills,21540406.7119141,21396.4195295305
4262,06037111302,1,1,4786,0.6,7982.8,District 3,SPA 2 - San Fernando,Los Angeles - Northridge,16712782.2734375,17844.482438088
4263,06037128210,1,1,4822,0.2,22709.1,District 3,SPA 2 - San Fernando,Los Angeles - Van Nuys,5919273.86523438,9764.43827507086
4264,06037408504,1,1,5322,0.5,9722.1,District 1,SPA 3 - San Gabriel,Unincorporated - Hacienda Heights,15262251.0371094,18598.8561907036
4265,06037109800,1,1,4565,0.5,8448.8,District 3,SPA 2 - San Fernando,Los Angeles - North Hills,15061830.2587891,16580.2293758133
4266,06037123510,1,1,4753,0.3,15615.9,District 3,SPA 2 - San Fernando,Los Angeles - Van Nuys,8594034.88769531,12270.6735706634
4267,06037123601,1,1,4995,0.6,8600.4,District 3,SPA 2 - San Fernando,Los Angeles - Valley Glen,16494226.6318359,18301.2828578181
4268,06037123700,1,1,4114,0.4,11188.2,District 3,SPA 2 - San Fernando,Los Angeles - North Hollywood,10250472.0390625,13103.9364375054
4269,06037123800,1,1,5531,0.5,11108.7,District 3,SPA 2 - San Fernando,Los Angeles - North Hollywood,13885037.9433594,17448.997289739
4270,06037131010,1,1,6409,0.4,15708.4,District 3,SPA 2 - San Fernando,Los Angeles - Reseda,11480925.2080078,14570.7129457897
4271,06037401001,1,1,3140,0.5,5745,District 5,SPA 3 - San Gabriel,City of Glendora,15605775.0830078,15802.9951081394
4272,06037401002,1,1,3973,0.6,6983.7,District 5,SPA 3 - San Gabriel,City of Glendora,15859141.8886719,15902.4227119461
4273,06037406601,1,1,5269,0.8,6933.6,District 1,SPA 3 - San Gabriel,City of West Covina,21185200.5712891,18624.1735152957
4274,06037900508,1,1,3334,1.5,2166.2,District 5,SPA 1 - Antelope Valley,City of Lancaster,42899843.5058594,26702.9364838195
4275,06037401102,1,1,3101,0.5,6264.1,District 5,SPA 3 - San Gabriel,City of Glendora,13800316.5439453,15934.9659189947
4276,06037403322,1,1,3808,0.9,4252.8,District 1,SPA 3 - San Gabriel,City of Diamond Bar,24968345.6445313,27236.6736674274
4277,06037131020,1,1,5698,0.6,10327.8,District 3,SPA 2 - San Fernando,Los Angeles - Reseda,15552365.3515625,17611.1573254854
4278,06037131200,1,1,3429,0.4,7870.4,District 3,SPA 2 - San Fernando,Los Angeles - Northridge,12145358.9550781,14480.9908774043
4279,06037572100,1,1,1045,0.3,4003,District 4,SPA 8 - South Bay,City of Long Beach,8496730.53027344,13673.2870303432
4280,06037224200,1,1,2392,0.1,16836,District 1,SPA 4 - Metro,Los Angeles - Pico-Union,3963203.18066406,8643.30018235993
4281,06037265601,1,1,2890,0.2,12012.6,District 3,SPA 5 - West,Los Angeles - Westwood,6706904.14160156,11465.5635587522
4282,06037406300,1,1,5532,2,2822.1,District 1,SPA 3 - San Gabriel,City of West Covina,54704421.4521484,31800.2750010083
4283,06037406402,1,1,2076,0.4,5493.8,District 1,SPA 3 - San Gabriel,City of West Covina,10534674.4160156,15923.4319141651
4284,06037241202,1,1,4943,0.4,11002.4,District 2,SPA 6 - South,Los Angeles - Figueroa Park Square,12521418.9804688,14033.8084494257
4285,06037406500,1,1,6705,0.8,8587.8,District 1,SPA 3 - San Gabriel,City of West Covina,22027097.5078125,20253.8311087277
4286,06037408631,1,1,5087,0.6,8870.8,District 1,SPA 3 - San Gabriel,Unincorporated - Hacienda Heights,15999105.4804688,16709.4249614838
4287,06037901008,1,1,2874,1,2774.9,District 5,SPA 1 - Antelope Valley,City of Lancaster,28869379.2802734,21521.0803922009
4288,06037106649,1,1,2853,0.4,6664.6,District 3,SPA 2 - San Fernando,Los Angeles - Sylmar,11975572.9433594,20764.1805146029
4289,06037542105,1,1,5200,0.2,21601,District 2,SPA 6 - South,City of Compton,6711581.8671875,12028.2817326775
4290,06037433403,1,1,4675,0.3,17131.4,District 1,SPA 3 - San Gabriel,City of El Monte,7607603.05273438,11940.532308969
4291,06037408706,1,1,1665,0.5,3305.1,District 1,SPA 3 - San Gabriel,Unincorporated - Rowland Heights,14044665.1835938,17808.4866829772
4292,06037113237,1,1,3661,1.8,2002,District 3,SPA 2 - San Fernando,Los Angeles - Chatsworth,51094888.5019531,36474.9996431537
4293,06037239201,1,1,3562,0.2,20507.1,District 2,SPA 6 - South,Los Angeles - Florence-Firestone,4842417.28417969,8889.20071749171
4294,06037433501,1,1,1954,0.5,4320.3,District 1,SPA 3 - San Gabriel,City of South El Monte,12787811.9375,14505.9800938335
4295,06037228710,1,1,4235,0.2,27097.1,District 2,SPA 6 - South,Los Angeles - Vernon Central,4357156.30078125,9256.84888135475
4296,06037408505,1,1,2682,0.8,3485.6,District 1,SPA 3 - San Gabriel,Unincorporated - Hacienda Heights,21423470.5966797,22179.9852429048
4297,06037239601,1,1,3755,0.2,23031.6,District 2,SPA 6 - South,Los Angeles - Florence-Firestone,4545566.81640625,9594.70018366332
4298,06037980019,2,2,173,17,10.2,District 3,SPA 5 - West,Los Angeles - Palisades Highlands,476197471.089844,155767.638460159
4299,06037120010,1,1,2844,0.2,13296.3,District 3,SPA 2 - San Fernando,Los Angeles - Panorama City,6087626.43261719,10236.1612152824
4300,06037185203,1,1,3200,0.2,15123.9,District 1,SPA 4 - Metro,Los Angeles - Mt. Washington,5899570.43457031,11949.3508202529
4301,06037433302,1,1,1595,0.3,4782.4,District 1,SPA 3 - San Gabriel,City of El Monte,9239720.39160156,17001.2005387371
4302,06037920116,2,2,5181,2.9,1807,District 5,SPA 2 - San Fernando,Unincorporated - Castaic,79906314.7460938,44200.7277190469
4303,06037224320,1,1,3224,0.1,28740.4,District 1,SPA 4 - Metro,Los Angeles - Pico-Union,3129822.62207031,8444.16960529182
4304,06037920119,2,2,1896,2,970.2,District 5,SPA 2 - San Fernando,Unincorporated - Castaic,54513107.3291016,34205.3917106029
4305,06037530902,1,1,4160,0.2,20624.1,District 1,SPA 7 - East,Unincorporated - East Los Angeles,5630345.73144531,11786.8599182887
4306,06037212303,1,1,3326,0.1,55345.8,District 2,SPA 4 - Metro,Los Angeles - Koreatown,1675322.39746094,5219.25385861568
4307,06037221601,1,1,3403,0.1,23827.5,District 2,SPA 6 - South,Los Angeles - West Adams,3981517.75097656,8298.43006947373
4308,06037571200,1,1,7828,1,7730.4,District 4,SPA 8 - South Bay,City of Long Beach,28136793.7207031,21376.0385414521
4309,06037275500,1,1,5207,0.3,17697.3,District 2,SPA 5 - West,Los Angeles - Del Rey,8479364.31054688,11765.8860725007
4310,06037462001,1,1,3974,0.2,20114.4,District 5,SPA 3 - San Gabriel,City of Pasadena,5507624.68457031,10803.2238443292
4311,06037463601,1,1,5714,0.4,15945,District 5,SPA 3 - San Gabriel,City of Pasadena,9989947.97363281,12789.6219839435
4312,06037404901,1,1,5658,0.4,12835.7,District 1,SPA 3 - San Gabriel,City of Baldwin Park,12290334.0732422,14576.7045589575
4313,06037201200,1,1,2519,0.2,14804.5,District 1,SPA 4 - Metro,Los Angeles - El Sereno,4745344.70898438,10433.2498049056
4314,06037191203,1,1,2922,0.1,36879.4,District 1,SPA 4 - Metro,Los Angeles - East Hollywood,2208777.33496094,5985.14698302085
4315,06037135201,1,1,2620,0.6,4431,District 3,SPA 2 - San Fernando,Los Angeles - West Hills,16487042.0791016,18595.2000683683
4316,06037980031,1,1,1262,4.9,259.4,District 4,SPA 8 - South Bay,Los Angeles - San Pedro,279116251.37207,82569.8909841774
4317,06037119400,1,1,4987,0.4,11560.4,District 3,SPA 2 - San Fernando,Los Angeles - Arleta,12071383.0800781,14163.224516252
4318,06037228720,1,1,4492,0.2,28786.8,District 2,SPA 6 - South,Los Angeles - Vernon Central,4350304.99316406,9244.66586025837
4319,06037408503,1,1,6317,1.8,3489.9,District 1,SPA 3 - San Gabriel,Unincorporated - Hacienda Heights,50482157.6035156,37511.8254417982
4320,06037113213,1,1,4316,0.5,8593.2,District 3,SPA 2 - San Fernando,Los Angeles - Chatsworth,14001134.3876953,16855.5137288374
4321,06037296600,1,1,5218,0.3,16051.6,District 4,SPA 8 - South Bay,Los Angeles - San Pedro,9063985.265625,12269.8715611035
4322,06037238400,1,1,4497,0.5,8948.7,District 2,SPA 6 - South,Los Angeles - Gramercy Place,14010206.3886719,15895.8087852131
4323,06037403303,1,1,2523,1.7,1497,District 1,SPA 3 - San Gabriel,City of Industry,47945674.5478516,34796.3589838475
4324,06037530301,1,1,2168,0.2,9610.7,District 1,SPA 7 - East,Unincorporated - East Los Angeles,6288819.60351563,11122.5904052243
4325,06037552900,1,1,6881,0.5,13604.5,District 4,SPA 7 - East,City of Norwalk,14101549.0419922,16008.3356018472
4326,06037212610,1,1,4074,0.1,29543.4,District 2,SPA 4 - Metro,Los Angeles - Koreatown,3844338.60644531,8377.3708207296
4327,06037403403,1,1,5140,1.4,3549.9,District 1,SPA 3 - San Gabriel,City of Walnut,40342056.4599609,42109.8335757811
4328,06037407302,1,1,3501,0.3,11266.7,District 1,SPA 3 - San Gabriel,Unincorporated - West Puente Valley,8652375.04199219,12289.712199706
4329,06037204420,1,1,3138,0.1,26906.3,District 1,SPA 4 - Metro,Los Angeles - Boyle Heights,3251272.35546875,7655.41869990659
4330,06037239320,1,1,3444,0.1,25700.4,District 2,SPA 6 - South,Los Angeles - Florence-Firestone,3735937.26757813,8282.41243407884
4331,06037920013,2,2,4306,3.2,1342.4,District 5,SPA 2 - San Fernando,City of Santa Clarita,90535827.2353516,44717.0645622538
4332,06037404701,1,1,5873,0.6,9895.7,District 1,SPA 3 - San Gabriel,City of Baldwin Park,18286808.0253906,18271.083358918
4333,06037211320,1,1,3184,0.1,44271.4,District 2,SPA 4 - Metro,Los Angeles - Wilshire Center,2004977.21875,5674.50881755389
4334,06037262301,1,1,2744,5,544.2,District 3,SPA 5 - West,Los Angeles - Brentwood,140540824.675781,74504.4384335575
4335,06037212900,1,1,4074,0.1,28241.6,District 2,SPA 4 - Metro,Los Angeles - Country Club Park,4021574.84960938,8954.95684093913
4336,06037920312,2,2,5268,4.9,1069.5,District 5,SPA 2 - San Fernando,City of Santa Clarita,137342675.763672,58038.0801129078
4337,06037213100,1,1,2721,0.2,13122.5,District 2,SPA 4 - Metro,Los Angeles - Koreatown,5780618.33105469,10508.2814093518
4338,06037206300,1,1,7540,0.2,31668.3,District 1,SPA 4 - Metro,Los Angeles - Wholesale District,6637586.94238281,13167.1657337876
4339,06037500201,1,1,6179,2.8,2216.1,District 4,SPA 7 - East,City of La Habra Heights,77793083.171875,43273.0653524613
4340,06037535501,1,1,3866,0.2,20362.1,District 4,SPA 7 - East,City of South Gate,5293204.421875,12074.2902010701
4341,06037218120,1,1,4530,0.2,26353,District 2,SPA 4 - Metro,Los Angeles - Victoria Park,4792162.65722656,8884.87354389798
4342,06037577603,1,1,8255,1,7970.2,District 4,SPA 8 - South Bay,City of Long Beach,32090444.9355469,24338.4700896014
4343,06037603704,1,1,6348,0.2,26333.4,District 2,SPA 8 - South Bay,Unincorporated - El Camino Village,6941975.04492188,10545.7838946666
4344,06037242300,1,1,4586,0.2,18852.3,District 2,SPA 6 - South,Los Angeles - Watts,6781926.14160156,11506.7628011599
4345,06037535503,1,1,2497,0.1,20376.9,District 4,SPA 7 - East,City of South Gate,3416350.03808594,7664.37637203487
4346,06037534201,1,1,4439,0.2,22541.2,District 4,SPA 7 - East,City of Bell Gardens,5490998.05371094,10282.7400249813
4347,06037600201,1,1,4600,0.2,20341.2,District 2,SPA 8 - South Bay,Unincorporated - Athens-Westmont,6304691.20507813,11426.6774102237
4348,06037189701,1,1,3942,1.5,2561.6,District 5,SPA 4 - Metro,Los Angeles - Hollywood Hills,46774534.4560547,39040.6058338818
4349,06037183620,1,1,3264,0.2,16336.5,District 1,SPA 4 - Metro,Los Angeles - Highland Park,5569786.87792969,9445.37317487014
4350,06037212620,1,1,4341,0.1,38954.8,District 2,SPA 4 - Metro,Los Angeles - Koreatown,3106627.79785156,7948.0798431572
4351,06037400205,1,1,3204,9,356.1,District 5,SPA 3 - San Gabriel,City of Claremont,254544898.106445,88576.6872735624
4352,06037212800,1,1,4273,0.3,14165.3,District 2,SPA 4 - Metro,Los Angeles - Country Club Park,8409446.82324219,11737.6307339451
4353,06037502302,1,1,3000,0.3,10352.4,District 4,SPA 7 - East,City of Santa Fe Springs,8079063.32421875,14059.6869806748
4354,06037600100,1,1,6657,0.3,22758.7,District 2,SPA 8 - South Bay,Unincorporated - Athens-Westmont,8154795.44140625,12355.0287872477
4355,06037533603,1,1,6617,0.3,21184.2,District 4,SPA 7 - East,City of Bell,8686453.77636719,16313.6630494809
4356,06037310701,1,1,2361,0.2,11865.9,District 5,SPA 2 - San Fernando,City of Burbank,5546692.86621094,11912.0079529828
4357,06037577602,1,1,3441,0.5,6726.2,District 4,SPA 8 - South Bay,City of Long Beach,15019489.2705078,17337.2256147948
4358,06037600501,1,1,2478,0.3,9847.8,District 2,SPA 8 - South Bay,City of Inglewood,7073794.67285156,10752.0353635951
4359,06037535901,1,1,5757,0.3,17742.1,District 4,SPA 7 - East,City of South Gate,9046374.5,13206.0204001282
4360,06037620501,1,1,5390,1,5405.7,District 2,SPA 8 - South Bay,City of Redondo Beach,27799249.2265625,21157.2414603887
4361,06037620522,1,1,4632,0.3,16030.8,District 2,SPA 8 - South Bay,City of Redondo Beach,8055864.71289063,11356.7872210571
4362,06037620400,1,1,5090,1,5124.8,District 2,SPA 8 - South Bay,City of Manhattan Beach,27802504.5371094,21137.8177732514
4363,06037599000,7,7,3569,1.2,2915.7,District 4,SPA 8 - South Bay,City of Avalon,41343299.5244141,30716.2372254555
4364,06037600302,1,1,3317,0.3,10513.4,District 2,SPA 8 - South Bay,Unincorporated - Athens-Westmont,8796023.62988281,11924.3361864579
4365,06037600400,1,1,3986,0.4,10584.1,District 2,SPA 8 - South Bay,Unincorporated - Athens-Westmont,10608018.5800781,16082.8846430174
4366,06037234700,1,1,3888,0.3,13570.2,District 2,SPA 6 - South,Los Angeles - Hyde Park,7987582.95605469,14837.8394112204
4367,06037504002,1,1,5383,0.6,9031.7,District 4,SPA 7 - East,City of La Mirada,16616861.2626953,17868.5824418618
4368,06037504101,1,1,5126,0.5,10894.9,District 4,SPA 7 - East,City of La Mirada,13117424.3017578,15847.7486711134
4369,06037534900,1,1,6569,0.4,16231.9,District 2,SPA 6 - South,Unincorporated - Florence-Firestone,11282605.2636719,14947.6593824179
4370,06037600703,1,1,1914,0.2,9536.3,District 2,SPA 8 - South Bay,City of Inglewood,5598920.84863281,10887.9848835148
4371,06037530003,1,1,2983,1.4,2167.5,District 1,SPA 7 - East,City of Montebello,38365128.2666016,27806.8891937855
4372,06037530004,1,1,3695,0.5,7366.9,District 1,SPA 7 - East,City of Montebello,14042935.1279297,25888.5925537618
4373,06037601100,1,1,6533,0.2,26414.4,District 2,SPA 8 - South Bay,City of Inglewood,6895336.38769531,10510.8583892804
4374,06037229410,1,1,3343,0.2,15962.2,District 2,SPA 6 - South,Los Angeles - South Park,5838700.42675781,9706.99013629617
4375,06037535101,1,1,7306,0.4,16687.5,District 2,SPA 6 - South,Unincorporated - Florence-Firestone,12205869.3935547,16478.8422990499
4376,06037535200,1,1,5820,0.3,17416.7,District 2,SPA 6 - South,Unincorporated - Florence-Firestone,9316209.734375,17912.1933574914
4377,06037535300,1,1,6251,0.4,14984.4,District 2,SPA 6 - South,Unincorporated - Florence-Firestone,11630273.6474609,16781.0467104375
4378,06037600601,1,1,2461,0.2,9854.1,District 2,SPA 8 - South Bay,City of Inglewood,6962718.89160156,10542.6110970346
4379,06037600801,1,1,3245,0.4,8655.2,District 2,SPA 8 - South Bay,City of Inglewood,10452395.7001953,13346.961277135
4380,06037535400,1,1,3495,0.4,9479.5,District 2,SPA 6 - South,Unincorporated - Florence-Firestone,8299926.84472656,16001.8266735574
4381,06037535603,1,1,3493,0.3,11532.8,District 4,SPA 7 - East,City of South Gate,8458968.29101563,15286.440729242
4382,06037535605,1,1,4153,0.2,22888.1,District 4,SPA 7 - East,City of South Gate,5058629.87695313,9024.6628258163
4383,06037600704,1,1,2971,0.4,8305.7,District 2,SPA 8 - South Bay,City of Inglewood,10377163.0947266,13200.4834157559
4384,06037551201,1,1,3588,0.3,11782.3,District 4,SPA 7 - East,City of Downey,8490008.3125,12891.1870500207
4385,06037229300,1,1,5498,0.2,28343.3,District 2,SPA 6 - South,Los Angeles - South Park,5413557.88671875,9545.17204139352
4386,06037551202,1,1,7666,0.5,14171.2,District 4,SPA 7 - East,City of Downey,15081671.4794922,15730.8294769699
4387,06037551300,1,1,5422,0.6,9177.3,District 4,SPA 7 - East,City of Downey,16471450.9189453,16647.2760989347
4388,06037551600,1,1,31,0.4,88,District 4,SPA 7 - East,City of Downey,9826691.96191406,15784.6089230639
4389,06037600502,1,1,2355,0.3,8138.6,District 2,SPA 8 - South Bay,City of Inglewood,7157859.56542969,12990.4144987924
4390,06037600902,1,1,6613,0.3,21397.9,District 2,SPA 8 - South Bay,City of Inglewood,8615976.18066406,13421.1392055137
4391,06037600911,1,1,3349,0.3,12697.6,District 2,SPA 8 - South Bay,City of Inglewood,7353051.34179688,11395.3814772199
4392,06037530102,1,1,5116,0.5,10021.9,District 1,SPA 7 - East,City of Montebello,14231460.3564453,15917.5900494787
4393,06037535702,1,1,5522,0.4,14673.1,District 4,SPA 7 - East,City of South Gate,10491974.1474609,13532.5378337059
4394,06037536000,1,1,3720,0.5,7371.1,District 4,SPA 7 - East,City of South Gate,14069887.4326172,16164.2070271953
4395,06037530005,1,1,4346,0.9,4925.5,District 1,SPA 7 - East,City of Montebello,24598285.6181641,30609.9046632116
4396,06037535701,1,1,6050,0.3,20308.7,District 4,SPA 7 - East,City of South Gate,8305237.51953125,12501.4795179345
4397,06037530500,1,1,4567,0.3,13136.5,District 1,SPA 7 - East,Unincorporated - East Los Angeles,9694241.74316406,12762.8231763611
4398,06037601211,1,1,2823,0.2,12610.4,District 2,SPA 8 - South Bay,City of Inglewood,6241067.77636719,10199.3802998114
4399,06037530202,1,1,4063,0.7,5852.1,District 1,SPA 7 - East,City of Montebello,19392247.3623047,21192.3831249364
4400,06037530204,1,1,3682,0.3,14234.9,District 1,SPA 7 - East,City of Montebello,7211051.19824219,11616.6248517869
4401,06037535802,1,1,6814,0.3,22164.3,District 4,SPA 7 - East,City of South Gate,8571030.64941406,12476.0414596601
4402,06037535803,1,1,4458,0.2,27306,District 4,SPA 7 - East,City of South Gate,4551608.71679688,8613.45335036608
4403,06037535606,1,1,1860,0.1,25928.7,District 4,SPA 7 - East,City of South Gate,1999911.26464844,7508.65185404712
4404,06037540102,1,1,6972,0.5,14438.9,District 4,SPA 6 - South,City of Lynwood,13461838.3916016,15522.6503158042
4405,06037535607,1,1,4775,0.4,13138.2,District 4,SPA 7 - East,City of South Gate,10132673.9326172,14535.3221500922
4406,06037540203,1,1,5594,0.3,16076,District 4,SPA 6 - South,City of Lynwood,9701045.30957031,13117.2633472039
4407,06037540202,1,1,6845,0.3,23447.1,District 4,SPA 6 - South,City of Lynwood,8138975.85253906,12574.5422339117
4408,06037224420,1,1,2369,0.1,17106.1,District 2,SPA 6 - South,Los Angeles - University Park,3860691.09472656,8969.15257493538
4409,06037540000,1,1,6973,0.6,10830.7,District 4,SPA 6 - South,City of Lynwood,18410580.7177734,19660.0076659078
4410,06037240010,1,1,3673,0.2,16166.7,District 2,SPA 6 - South,Los Angeles - Green Meadows,6334028.80371094,12212.8368841106
4411,06037540101,1,1,6483,0.5,13383.6,District 4,SPA 6 - South,City of Lynwood,13504799.5537109,17413.8345898452
4412,06037601212,1,1,6511,0.2,28823.2,District 2,SPA 8 - South Bay,City of Inglewood,6297809.91113281,10124.4865180225
4413,06037551900,1,1,5344,0.6,8975.9,District 4,SPA 7 - East,City of Norwalk,16885159.8330078,17317.7196849642
4414,06037601001,1,1,2154,0.3,6310.7,District 2,SPA 8 - South Bay,City of Inglewood,9515760.63574219,14262.1659860584
4415,06037552200,1,1,6835,0.7,10469.7,District 4,SPA 7 - East,City of Norwalk,18191293.4541016,22322.3719459517
4416,06037601301,1,1,1915,0.2,8071.8,District 2,SPA 8 - South Bay,City of Inglewood,6614180.8671875,11072.3689030301
4417,06037600912,1,1,5517,0.4,13170,District 2,SPA 8 - South Bay,City of Inglewood,11710912.6279297,15517.8701655178
4418,06037601202,1,1,4115,0.3,16289.6,District 2,SPA 8 - South Bay,City of Inglewood,7042733.87402344,10682.0501927989
4419,06037601302,1,1,6856,0.5,14553.9,District 2,SPA 8 - South Bay,City of Inglewood,13128637.4091797,19669.3956270932
4420,06037530302,1,1,6556,0.3,19839.3,District 1,SPA 7 - East,Unincorporated - East Los Angeles,9212524.83691406,13426.0697566543
4421,06037530400,1,1,3683,0.6,6229.3,District 1,SPA 7 - East,City of Monterey Park,16601273.2617188,18725.9474109739
4422,06037274100,1,1,4418,0.2,18219.3,District 2,SPA 5 - West,Los Angeles - Venice,6760340.48632813,14311.7177035505
4423,06037211500,1,1,4355,0.4,12408.1,District 2,SPA 4 - Metro,Los Angeles - Hancock Park,9784605.4453125,13106.0192424946
4424,06037530602,1,1,1590,0.3,6205.7,District 1,SPA 7 - East,Unincorporated - East Los Angeles,7142079.78320313,14401.9789415043
4425,06037540400,1,1,2384,0.1,18171.9,District 2,SPA 6 - South,Unincorporated - Willowbrook,3656872.27929688,8271.51904258669
4426,06037540600,1,1,4271,0.4,11803.5,District 2,SPA 6 - South,Unincorporated - Willowbrook,10088025.5693359,12916.1245532969
4427,06037540800,1,1,5042,0.8,6595.2,District 2,SPA 6 - South,Unincorporated - Willowbrook,21444894.3085938,26470.9547193813
4428,06037540901,1,1,4994,0.4,11117.5,District 2,SPA 6 - South,Unincorporated - Athens Village,12527118.7460938,15839.9425876635
4429,06037540902,1,1,4506,1,4640.1,District 2,SPA 6 - South,Unincorporated - Willowbrook,27085463.5253906,20791.9962194808
4430,06037273800,1,1,3107,0.3,10850.7,District 3,SPA 5 - West,Los Angeles - Venice,7982883.83691406,16482.2990605358
4431,06037552400,1,1,2794,0.4,7767.8,District 4,SPA 7 - East,City of Norwalk,10084830.3320313,15765.981995225
4432,06037222100,1,1,3877,0.2,20966.1,District 2,SPA 6 - South,Los Angeles - Adams-Normandie,5155227.47949219,10486.772054442
4433,06037222200,1,1,3965,0.2,21311.4,District 2,SPA 6 - South,Los Angeles - Adams-Normandie,5186781.96386719,10532.8445632358
4434,06037530802,1,1,3668,0.2,16758.6,District 1,SPA 7 - East,Unincorporated - East Los Angeles,6095832.59179688,14533.6741477576
4435,06037265304,1,1,3570,0.1,70590.7,District 3,SPA 5 - West,Los Angeles - Westwood,1409868.22753906,5886.18108760813
4436,06037552602,1,1,4191,0.5,7896.7,District 4,SPA 7 - East,City of Norwalk,14798209.8046875,16631.8103999677
4437,06037221500,1,1,3507,0.1,23857.5,District 2,SPA 6 - South,Los Angeles - West Adams,4098035.11816406,8382.81942982525
4438,06037221710,1,1,2621,0.1,20698.9,District 2,SPA 6 - South,Los Angeles - West Adams,3530350.1328125,8106.015673154
4439,06037221900,1,1,3664,0.2,23160.4,District 2,SPA 6 - South,Los Angeles - University Park,4410383.76171875,10631.1439975642
4440,06037920041,2,2,2871,0.7,4110.1,District 5,SPA 2 - San Fernando,City of Santa Clarita,19471477.7226563,21199.0222686178
4441,06037222700,1,1,3748,0.3,11875.8,District 2,SPA 6 - South,Los Angeles - Exposition Park,8798447.25292969,13590.7128230426
4442,06037224010,1,1,2433,0.3,7588.3,District 1,SPA 4 - Metro,Los Angeles - Downtown,8938257.07910156,13900.8247525451
4443,06037224020,1,1,2789,0.5,5861.6,District 1,SPA 4 - Metro,Los Angeles - Downtown,13264734.1816406,15226.2329366022
4444,06037234300,1,1,4098,0.3,12195.7,District 2,SPA 6 - South,Los Angeles - Leimert Park,9367809.46386719,12185.1553297061
4445,06037234600,1,1,5024,0.5,9984.3,District 2,SPA 6 - South,Los Angeles - Hyde Park,14034822.8710938,17840.2050305786
4446,06037265305,1,1,4082,0.1,34015.7,District 3,SPA 5 - West,Los Angeles - Westwood,3345535.60644531,9994.94156437671
4447,06037265100,1,1,2489,0.9,2729,District 3,SPA 5 - West,Los Angeles - Westwood,25424207.1035156,24407.4357917787
4448,06037265301,1,1,9344,0.6,15165,District 3,SPA 5 - West,Los Angeles - Westwood,17176805.546875,20495.4870783939
4449,06037238200,1,1,5267,0.4,13287.6,District 2,SPA 6 - South,Los Angeles - Vermont Knolls,11050838.1708984,13886.1109182379
4450,06037265410,1,1,1576,0.2,7250.4,District 3,SPA 5 - West,Los Angeles - Brentwood,6060183.92089844,14563.8513518081
4451,06037237800,1,1,4371,0.4,11637.6,District 2,SPA 6 - South,Los Angeles - Vermont Knolls,10471227.2998047,13143.564045055
4452,06037238000,1,1,5864,0.6,9129.6,District 2,SPA 6 - South,Los Angeles - Gramercy Place,17907116.0761719,21142.219726951
4453,06037211000,1,1,4431,1,4319.6,District 2,SPA 4 - Metro,Los Angeles - Hancock Park,28596657.0537109,25170.3314796114
4454,06037211120,1,1,5194,0.2,23722.3,District 2,SPA 4 - Metro,Los Angeles - Wilshire Center,6103849.81640625,10530.5311895295
4455,06037224700,1,1,4856,0.2,19780.7,District 2,SPA 6 - South,Los Angeles - University Park,6843908.37109375,10813.4918567124
4456,06037265420,1,1,1811,0.3,6418.5,District 3,SPA 5 - West,Los Angeles - Westwood,7865736.84472656,12339.1316052005
4457,06037265520,1,1,4561,0.3,15391,District 3,SPA 5 - West,Los Angeles - Westwood,8258011.88183594,13423.1571863365
4458,06037265700,1,1,4720,0.5,9913.9,District 3,SPA 5 - West,Los Angeles - Westwood,13272662.4482422,15243.8231430388
4459,06037240300,1,1,5691,0.3,18118.1,District 2,SPA 6 - South,Los Angeles - Vermont Vista,8757019.12304688,11999.6272676584
4460,06037267800,1,1,2917,0.4,6562.9,District 3,SPA 5 - West,Los Angeles - Rancho Park,12391142.7695313,14894.9121330231
4461,06037267200,1,1,5927,0.5,13037.8,District 3,SPA 5 - West,Los Angeles - West Los Angeles,12655683.1220703,14810.9221494652
4462,06037267600,1,1,2549,0.5,5200.5,District 3,SPA 5 - West,Los Angeles - West Los Angeles,13664506.8359375,15228.3042119129
4463,06037235202,1,1,4557,0.3,13860.1,District 2,SPA 6 - South,Los Angeles - Hyde Park,9166266.04101563,13212.6170633108
4464,06037236000,1,1,4113,1.5,2694.8,District 2,SPA 6 - South,Los Angeles - Baldwin Hills,43287793.8828125,31639.3687969437
4465,06037236100,1,1,5265,0.4,12060.2,District 2,SPA 6 - South,Los Angeles - Baldwin Hills,12170530.5527344,14923.9342500202
4466,06037236202,1,1,6192,0.2,36286.2,District 2,SPA 6 - South,Los Angeles - Baldwin Hills,4757280.16894531,9476.98013335906
4467,06037269800,1,1,3458,0.2,19174.4,District 3,SPA 5 - West,Los Angeles - Beverlywood,5027651.89453125,12035.2715368967
4468,06037226410,1,1,3491,0.1,32007.8,District 2,SPA 6 - South,Los Angeles - Central,3040629.92675781,7123.36499352983
4469,06037228100,1,1,4916,0.4,12690.2,District 2,SPA 6 - South,Los Angeles - Vernon Central,10799828.7304688,15274.7696639512
4470,06037228220,1,1,4389,0.1,31040.5,District 2,SPA 6 - South,Los Angeles - Vernon Central,3941934.15039063,9102.4923805429
4471,06037228310,1,1,4449,0.2,21091.8,District 2,SPA 6 - South,Los Angeles - Central,5880551.42578125,11254.2576702564
4472,06037228420,1,1,3150,0.1,29411.3,District 2,SPA 6 - South,Los Angeles - South Park,2985840.19335938,7921.09657880815
4473,06037269000,1,1,5138,0.9,5827.3,District 3,SPA 5 - West,Los Angeles - Cheviot Hills,24700267.8896484,30135.8238428404
4474,06037269300,1,1,3885,0.9,4562.3,District 3,SPA 5 - West,Los Angeles - Cheviot Hills,23772380.6552734,20336.6176609943
4475,06037240500,1,1,5655,0.3,18035.7,District 2,SPA 6 - South,Los Angeles - Vermont Vista,8746291.42675781,12263.8117917457
4476,06037269500,1,1,4043,0.5,7508.1,District 3,SPA 5 - West,Los Angeles - Beverlywood,14899364.4121094,18057.6999410146
4477,06037269700,1,1,4085,0.3,11787,District 3,SPA 5 - West,Los Angeles - Reynier Village,9661690.41210938,14772.7968504255
4478,06037228800,1,1,5575,0.3,17098.3,District 2,SPA 6 - South,Los Angeles - Vernon Central,9090038.06640625,12361.1824283789
4479,06037228900,1,1,3216,0.2,16157.4,District 2,SPA 6 - South,Los Angeles - Vernon Central,5549020.78027344,9659.07222731672
4480,06037237710,1,1,3887,0.2,23288.7,District 2,SPA 6 - South,Los Angeles - Vermont Knolls,4653115.33300781,9397.90901525515
4481,06037239330,1,1,2879,0.4,7612.3,District 2,SPA 6 - South,Los Angeles - Florence-Firestone,10543713.9462891,13439.6673056477
4482,06037240700,1,1,6161,0.5,13358.7,District 2,SPA 6 - South,Los Angeles - Green Meadows,12857907.5654297,15031.6461232876
4483,06037232300,1,1,3926,0.2,16172,District 2,SPA 6 - South,Los Angeles - Vermont Square,6768010.0234375,11548.1229872713
4484,06037240800,1,1,4377,0.2,17975.5,District 2,SPA 6 - South,Los Angeles - Century Palms/Cove,6872449.43359375,13530.582867624
4485,06037240900,1,1,5620,0.4,13762.5,District 2,SPA 6 - South,Los Angeles - Century Palms/Cove,11522212.4824219,14267.4699669784
4486,06037241110,1,1,3074,0.2,16360.5,District 2,SPA 6 - South,Los Angeles - Century Palms/Cove,5238307.22265625,10529.9830786973
4487,06037241120,1,1,4564,0.3,17820.4,District 2,SPA 6 - South,Los Angeles - Century Palms/Cove,7144247.90136719,11601.9598916146
4488,06037241400,1,1,3285,0.2,14798,District 2,SPA 6 - South,Los Angeles - Century Palms/Cove,6195531.51171875,11029.8514452944
4489,06037231100,1,1,3350,0.3,9704.6,District 2,SPA 6 - South,Los Angeles - Exposition Park,9623608.18261719,12919.9545913141
4490,06037231210,1,1,3688,0.1,29786.2,District 2,SPA 6 - South,Los Angeles - Exposition Park,3451788.94824219,7922.6447074455
4491,06037231220,1,1,3824,0.4,10261.4,District 2,SPA 6 - South,Los Angeles - Exposition Park,10389154.2099609,13177.4646767095
4492,06037270200,1,1,3761,0.3,12849.3,District 3,SPA 5 - West,Los Angeles - Regent Square,8225812.21875,14331.1939936548
4493,06037270300,1,1,2364,0.4,6354.4,District 2,SPA 4 - Metro,Los Angeles - Faircrest Heights,10511306.6777344,13672.0513788107
4494,06037271100,1,1,2449,0.3,7885.5,District 3,SPA 5 - West,Los Angeles - Rancho Park,8658188.23339844,14154.497356486
4495,06037242100,1,1,2714,0.1,25488.9,District 2,SPA 6 - South,Los Angeles - Watts,4947449.74316406,9051.88850933652
4496,06037271802,1,1,5911,0.2,26514.2,District 3,SPA 5 - West,Los Angeles - Palms,6215154.70800781,10114.6321217094
4497,06037271200,1,1,2525,0.2,12470.1,District 3,SPA 5 - West,Los Angeles - Mar Vista,5645328.39453125,13688.4966818095
4498,06037271300,1,1,4506,0.6,7979.4,District 3,SPA 5 - West,Los Angeles - Mar Vista,15742696.8300781,19362.7557488996
4499,06037271400,1,1,3391,0.4,7643.4,District 3,SPA 5 - West,Los Angeles - Mar Vista,12368283.8984375,14507.9322443687
4500,06037231900,1,1,5968,0.2,27172.8,District 2,SPA 6 - South,Los Angeles - South Park,6123051.69433594,10087.4795164533
4501,06037232110,1,1,3191,0.1,21747.2,District 2,SPA 6 - South,Los Angeles - West Vernon,4090675.07714844,8787.834136781
4502,06037232200,1,1,3119,0.2,15447.1,District 2,SPA 6 - South,Los Angeles - Vermont Square,5629115.33886719,10868.6418332075
4503,06037242700,1,1,5273,0.4,13452.3,District 2,SPA 6 - South,Los Angeles - Watts,10928154.0048828,14365.6502740864
4504,06037242200,1,1,6554,0.3,20873.2,District 2,SPA 6 - South,Los Angeles - Watts,8753872.40820313,12926.529574084
4505,06037243100,1,1,5350,0.2,22827.2,District 2,SPA 6 - South,Los Angeles - Watts,6534175.68066406,10679.286153112
4506,06037232500,1,1,4619,0.3,15583.3,District 2,SPA 6 - South,Los Angeles - West Vernon,8263480.37792969,11962.4356315049
4507,06037232700,1,1,5895,0.3,20880.2,District 2,SPA 6 - South,Los Angeles - West Vernon,7870718.13671875,11504.1877469195
4508,06037232800,1,1,3823,0.2,23208.7,District 2,SPA 6 - South,Los Angeles - South Park,4592442.83984375,8716.84535818007
4509,06037234000,1,1,5335,0.5,11126.3,District 2,SPA 6 - South,Los Angeles - Leimert Park,13367568.2841797,17575.2782524251
4510,06037232120,1,1,5263,0.2,26119.5,District 2,SPA 6 - South,Los Angeles - West Vernon,5617477.71386719,9730.33918734041
4511,06037540201,1,1,2370,0.1,23538.4,District 4,SPA 6 - South,City of Lynwood,2807089.83886719,10415.367186972
4512,06037240600,1,1,4932,0.3,18900,District 2,SPA 6 - South,Los Angeles - Green Meadows,7275157.38671875,11292.4420796351
4513,06037530901,1,1,4080,0.2,23792.3,District 1,SPA 7 - East,Unincorporated - East Los Angeles,4780656.015625,8761.15085306001
4514,06037552800,1,1,6401,0.5,12814.3,District 4,SPA 7 - East,City of Norwalk,13926657.4677734,15865.6596366269
4515,06037601402,1,1,5059,0.4,13325.3,District 2,SPA 8 - South Bay,City of Inglewood,10584567.2675781,13265.2169080523
4516,06037601502,1,1,3963,0.2,20913.4,District 2,SPA 8 - South Bay,Unincorporated - Lennox,5283115.37109375,11514.4757577826
4517,06037532800,1,1,4409,0.2,20723.3,District 2,SPA 6 - South,Unincorporated - Florence-Firestone,5931393.33398438,10039.0798571455
4518,06037552700,1,1,6985,0.5,13153,District 4,SPA 7 - East,City of Norwalk,14805978.7753906,16500.3101697911
4519,06037501501,1,1,2244,2.4,931.3,District 4,SPA 7 - East,Unincorporated - Whittier,67307418.3486328,48962.9693575689
4520,06037601600,1,1,4375,0.4,12419.1,District 2,SPA 8 - South Bay,Unincorporated - Lennox,9821883.2265625,12866.0456297947
4521,06037601700,1,1,5646,0.3,18734.8,District 2,SPA 8 - South Bay,Unincorporated - Lennox,8405662.91796875,12703.1864860769
4522,06037601802,1,1,4658,0.2,24920.7,District 2,SPA 8 - South Bay,Unincorporated - Lennox,5211014.90136719,10562.9374732409
4523,06037502100,1,1,5110,0.7,6848.6,District 4,SPA 7 - East,City of Whittier,20798350.5048828,20327.626844468
4524,06037602002,1,1,3195,0.2,15580.2,District 2,SPA 8 - South Bay,City of Hawthorne,5763859.60253906,10775.7547936038
4525,06037602004,1,1,4126,0.2,18039.7,District 2,SPA 8 - South Bay,City of Inglewood,6376532.9921875,10199.2085308349
4526,06037602103,1,1,6992,0.3,21660.6,District 2,SPA 8 - South Bay,City of Hawthorne,8997950.96191406,11939.413137554
4527,06037602104,1,1,5416,0.3,19450.6,District 2,SPA 8 - South Bay,City of Hawthorne,7760375.46777344,11489.5771606778
4528,06037530700,1,1,2213,0.4,5422.5,District 1,SPA 4 - Metro,Unincorporated - East Los Angeles,11383409.6162109,17884.1692941499
4529,06037531201,1,1,5335,0.2,24892.3,District 1,SPA 7 - East,Unincorporated - East Los Angeles,5977859.24414063,11143.5576339965
4530,06037531000,1,1,5629,0.4,14586.8,District 1,SPA 7 - East,Unincorporated - East Los Angeles,10758153.5,15826.8850173974
4531,06037531102,1,1,3548,0.2,18434.6,District 1,SPA 7 - East,Unincorporated - East Los Angeles,5364456.94726563,9848.27692022768
4532,06037531301,1,1,5601,0.3,18305.2,District 1,SPA 7 - East,Unincorporated - East Los Angeles,8532657.78125,15266.0561135636
4533,06037531302,1,1,6709,0.3,19657,District 1,SPA 7 - East,Unincorporated - East Los Angeles,9512667.86425781,15826.3094012674
4534,06037702202,1,1,3751,0.4,9586.8,District 3,SPA 5 - West,City of Santa Monica,10907984.0361328,13838.4700987916
4535,06037920028,2,2,5684,1,5447.7,District 5,SPA 2 - San Fernando,City of Santa Clarita,28167869.1142578,30059.5033227016
4536,06037920035,2,2,7720,1,8105.6,District 5,SPA 2 - San Fernando,City of Santa Clarita,26548831.6845703,20241.1058918196
4537,06037900607,1,1,3904,0.7,5901.9,District 5,SPA 1 - Antelope Valley,City of Lancaster,18438328.9052734,20160.4228829564
4538,06037920038,2,2,4430,0.4,11533.7,District 5,SPA 2 - San Fernando,City of Santa Clarita,10689439.1416016,19846.962012647
4539,06037900703,1,1,4375,1,4360.1,District 5,SPA 1 - Antelope Valley,City of Lancaster,27968912.5722656,21130.1826635918
4540,06037920039,2,2,1896,0.4,4719.5,District 5,SPA 2 - San Fernando,City of Santa Clarita,11226689.0058594,17515.6326934403
4541,06037900300,1,1,4514,22.7,198.5,District 5,SPA 1 - Antelope Valley,Unincorporated - North Lancaster,633384711.65332,124709.598859498
4542,06037900705,1,1,4285,2,2102.6,District 5,SPA 1 - Antelope Valley,City of Lancaster,56834643.0136719,31928.3214028404
4543,06037900803,1,1,8284,1,8141.3,District 5,SPA 1 - Antelope Valley,City of Lancaster,28446614.9580078,21356.4801461746
4544,06037920110,2,2,5010,0.4,12418.2,District 5,SPA 2 - San Fernando,City of Santa Clarita,11341635.6904297,17025.2320237702
4545,06037900504,1,1,5816,4.1,1425.6,District 5,SPA 1 - Antelope Valley,City of Lancaster,113810815.451172,64094.4089181463
4546,06037910301,1,1,4219,1.5,2769.2,District 5,SPA 1 - Antelope Valley,Unincorporated - Quartz Hill,42485569.7744141,27749.5866166167
4547,06037137502,1,1,4202,0.8,5206.5,District 3,SPA 2 - San Fernando,Los Angeles - Woodland Hills,22497691.046875,19258.4265640422
4548,06037910302,1,1,6387,1.6,4018.9,District 5,SPA 1 - Antelope Valley,City of Palmdale,44601633.8496094,30489.8042735371
4549,06037910401,1,1,6608,3.8,1754.1,District 5,SPA 1 - Antelope Valley,City of Palmdale,105434700.304688,41989.7736994347
4550,06037920112,2,2,4287,0.7,6423.4,District 5,SPA 2 - San Fernando,City of Santa Clarita,18603776.2402344,17646.7208084186
4551,06037920200,2,2,6920,4,1719.9,District 5,SPA 2 - San Fernando,Unincorporated - Castaic,122197782.50293,65914.5521403987
4552,06037192410,1,1,3628,0.3,13739.6,District 3,SPA 4 - Metro,Los Angeles - Melrose,7361266.34667969,10853.9412468796
4553,06037534403,1,1,2948,0.1,23993,District 4,SPA 7 - East,City of Cudahy,3425489.65332031,8451.53570986643
4554,06037531602,1,1,4494,0.2,25962.4,District 1,SPA 7 - East,Unincorporated - East Los Angeles,4825625.06347656,10203.4604346868
4555,06037920328,2,2,1990,0.9,2189.9,District 5,SPA 2 - San Fernando,City of Santa Clarita,25861019.2880859,20861.3128083085
4556,06037219700,1,1,4306,0.4,10208.3,District 2,SPA 6 - South,Los Angeles - Exposition,11759434.4335938,16598.0931601433
4557,06037221820,1,1,3095,0.1,39243.6,District 2,SPA 6 - South,Los Angeles - University Park,2198662.4765625,5840.35233760184
4558,06037242000,1,1,3938,0.2,15770.6,District 2,SPA 6 - South,Los Angeles - Watts,6961643.93359375,10528.1785329662
4559,06037195600,1,1,3340,0.2,16396.6,District 1,SPA 4 - Metro,Los Angeles - Silverlake,5678700.8046875,11167.7870601996
4560,06037920330,2,2,5349,1.3,4208.7,District 5,SPA 2 - San Fernando,City of Santa Clarita,35486326.9003906,24061.7911974756
4561,06037264301,1,1,4646,0.2,28639.4,District 3,SPA 5 - West,Los Angeles - Brentwood,4522566.89648438,8707.55219588912
4562,06037195710,1,1,4328,0.2,23188.5,District 1,SPA 4 - Metro,Los Angeles - Temple-Beaudry,5203272.56445313,9761.83887001909
4563,06037195720,1,1,2304,0.1,20680.8,District 1,SPA 4 - Metro,Los Angeles - Temple-Beaudry,3110500.27929688,8346.48538621346
4564,06037272302,1,1,4074,0.2,20888.7,District 3,SPA 5 - West,Los Angeles - Mar Vista,5437258.84375,10565.2365835399
4565,06037141500,1,1,2984,1.3,2316.6,District 3,SPA 2 - San Fernando,Los Angeles - Encino,35858565.9990234,31690.6644226956
4566,06037195500,1,1,4971,0.5,10594.8,District 1,SPA 4 - Metro,Los Angeles - Silverlake,13080072.1933594,19969.4341670291
4567,06037264302,1,1,5683,0.7,8708.9,District 3,SPA 5 - West,Los Angeles - Brentwood,18191933.5273438,22147.174049584
4568,06037267502,1,1,3243,0.2,19321.5,District 3,SPA 5 - West,Los Angeles - West Los Angeles,4679180.69726563,8926.77577495238
4569,06037502700,1,1,6956,2.7,2580,District 4,SPA 7 - East,City of Santa Fe Springs,75158463.2714844,44475.3693473553
4570,06037555002,1,1,3475,0.3,10164.2,District 4,SPA 7 - East,City of Lakewood,9798253.79589844,12796.7000623619
4571,06037503000,1,1,6057,0.5,11806.7,District 4,SPA 7 - East,Unincorporated - South Whittier,14302650.2773438,16102.3435044992
4572,06037463800,1,1,3869,1.1,3536.4,District 5,SPA 3 - San Gabriel,City of Pasadena,30868548.8779297,29985.9175760361
4573,06037273100,1,1,2197,0.5,4839.8,District 3,SPA 5 - West,Los Angeles - Venice,12651251.7509766,15491.3216529718
4574,06037464100,1,1,7210,2.4,2980,District 5,SPA 3 - San Gabriel,City of San Marino,67460493.3857422,46426.6814564254
4575,06037271500,1,1,2937,0.4,8358.4,District 3,SPA 5 - West,Los Angeles - Mar Vista,9796013.25195313,13061.3570016539
4576,06037272301,1,1,2941,0.2,12610.7,District 3,SPA 5 - West,Los Angeles - Mar Vista,6501743.76171875,12731.194382007
4577,06037273200,1,1,3711,0.2,14973.1,District 3,SPA 5 - West,Los Angeles - Venice,6909620.78710938,11507.9501700551
4578,06037273300,1,1,3695,0.2,16733.9,District 3,SPA 5 - West,Los Angeles - Venice,6155887.28027344,11235.8926856234
4579,06037480803,1,1,3464,0.4,8218.8,District 1,SPA 3 - San Gabriel,City of Alhambra,11749685.8955078,14283.4294052711
4580,06037503201,1,1,3912,0.5,7534,District 4,SPA 7 - East,Unincorporated - South Whittier,14476484.6738281,15142.2210616944
4581,06037503202,1,1,4462,0.4,10129.3,District 4,SPA 7 - East,Unincorporated - South Whittier,12281026.8681641,15954.6004896497
4582,06037501300,1,1,7238,0.8,9341.5,District 4,SPA 7 - East,City of Whittier,21608753.9755859,21401.5020563386
4583,06037501400,1,1,3978,0.4,9645.8,District 4,SPA 7 - East,City of Whittier,11498255.5175781,15041.0583348575
4584,06037501503,1,1,5016,0.3,16142.4,District 4,SPA 7 - East,City of Whittier,8662975.87988281,12547.4179394808
4585,06037501504,1,1,3592,0.3,12478.5,District 4,SPA 7 - East,City of Whittier,8025116.52636719,12471.3378073869
4586,06037501802,1,1,3326,0.3,11109.2,District 4,SPA 7 - East,City of Whittier,8346743.84863281,13998.1173165149
4587,06037480102,1,1,4303,0.5,9060.4,District 5,SPA 3 - San Gabriel,Unincorporated - Northeast San Gabriel,13221904.2158203,15030.5681776606
4588,06037480202,1,1,2534,0.6,4325.4,District 1,SPA 3 - San Gabriel,City of San Gabriel,16331791.8662109,16295.0653314303
4589,06037480804,1,1,4998,0.3,15638.9,District 1,SPA 3 - San Gabriel,City of Alhambra,9024257.00878906,15035.6393559052
4590,06037480903,1,1,3206,0.3,10330,District 1,SPA 3 - San Gabriel,City of Alhambra,8652149.56445313,11806.2392632045
4591,06037481002,1,1,5447,0.4,15094.6,District 1,SPA 3 - San Gabriel,City of Alhambra,10059885.8691406,14016.605718252
4592,06037481102,1,1,3624,0.2,15258.9,District 1,SPA 3 - San Gabriel,City of San Gabriel,6620982.70019531,11588.5609631212
4593,06037481103,1,1,5350,0.5,9802.2,District 1,SPA 3 - San Gabriel,City of San Gabriel,15288796.1328125,19877.987259049
4594,06037553502,1,1,4183,0.5,8560.5,District 4,SPA 6 - South,City of Paramount,13623335.5449219,15451.8499029776
4595,06037481300,1,1,3153,0.3,9106.4,District 1,SPA 3 - San Gabriel,City of Rosemead,9652440.67480469,14112.5185507606
4596,06037601900,1,1,5685,0.3,21135.4,District 2,SPA 8 - South Bay,City of Inglewood,7499025.46484375,11034.7026454379
4597,06037502200,1,1,6585,0.7,9743.5,District 4,SPA 7 - East,Unincorporated - West Whittier/Los Nietos,18965756.0478516,19106.2217990748
4598,06037531603,1,1,3568,0.2,21290.1,District 1,SPA 7 - East,Unincorporated - East Los Angeles,4672132.26269531,8755.23678435399
4599,06037502401,1,1,4747,0.4,13044.8,District 4,SPA 7 - East,City of Pico Rivera,10177297.7490234,13255.4851699427
4600,06037481712,1,1,5225,0.3,18381.1,District 1,SPA 3 - San Gabriel,City of Monterey Park,7924518.43164063,12707.8093456835
4601,06037481713,1,1,2507,0.2,13927.8,District 1,SPA 3 - San Gabriel,City of Monterey Park,5018014.45800781,10376.9548856481
4602,06037481714,1,1,2551,0.2,14620.1,District 1,SPA 3 - San Gabriel,City of Monterey Park,4898370.63964844,10358.4429199016
4603,06037481800,1,1,2596,0.3,8191.3,District 1,SPA 3 - San Gabriel,City of Alhambra,8848246.21679688,13011.5624072887
4604,06037480012,1,1,4763,0.5,9616,District 5,SPA 3 - San Gabriel,Unincorporated - Northeast San Gabriel,13808182.3125,15252.6041699683
4605,06037481901,1,1,5770,0.7,8148.6,District 1,SPA 3 - San Gabriel,City of Alhambra,19740159.1835938,19732.1632451688
4606,06037481402,1,1,7175,0.7,10128.9,District 1,SPA 3 - San Gabriel,City of San Gabriel,19747759.1425781,20798.9787665167
4607,06037481500,1,1,4361,0.8,5147.4,District 1,SPA 3 - San Gabriel,City of Alhambra,23551642.2734375,24596.5422277571
4608,06037531604,1,1,3580,0.1,25281.3,District 1,SPA 7 - East,Unincorporated - East Los Angeles,3947756.5234375,8092.73617210598
4609,06037481902,1,1,3355,0.3,9803.4,District 1,SPA 3 - San Gabriel,City of Alhambra,9559211.90820313,17761.6188359254
4610,06037482002,1,1,6947,1,7230.6,District 1,SPA 3 - San Gabriel,City of Monterey Park,26784552.4033203,22704.1270436355
4611,06037576601,1,1,4399,0.2,26480.7,District 4,SPA 8 - South Bay,City of Long Beach,4966360.05957031,11462.6620895709
4612,06037500402,1,1,4910,0.5,9497.7,District 4,SPA 7 - East,City of Pico Rivera,14379148.2519531,15368.2444406938
4613,06037502602,1,1,4321,0.5,8857.6,District 4,SPA 7 - East,City of Pico Rivera,13600312.3808594,16471.9674638891
4614,06037195300,1,1,3203,0.2,14294.4,District 1,SPA 4 - Metro,Los Angeles - Silverlake,6246653.32128906,11071.7029681309
4615,06037137501,1,1,4124,1,4250.7,District 3,SPA 2 - San Fernando,Los Angeles - Woodland Hills,27063405.6103516,24228.6463786956
4616,06037500800,1,1,5470,0.7,7805.4,District 4,SPA 7 - East,City of Pico Rivera,20718790.6064453,18465.5086752168
4617,06037500900,1,1,5719,0.5,10460.7,District 4,SPA 7 - East,City of Pico Rivera,15241799.8027344,15984.4378460052
4618,06037134424,1,1,2887,1.4,2014.2,District 3,SPA 2 - San Fernando,Los Angeles - West Hills,39941924.5634766,27350.1583628256
4619,06037500500,1,1,2950,0.3,10541.1,District 4,SPA 7 - East,City of Pico Rivera,8128371.65429688,14280.089901016
4620,06037500700,1,1,6496,1,6480.9,District 4,SPA 7 - East,City of Pico Rivera,34971679.8408203,25855.8835187527
4621,06037480400,1,1,5654,0.5,11391.1,District 1,SPA 3 - San Gabriel,City of Alhambra,13837042.9707031,17488.567425454
4622,06037113235,1,1,1602,0.6,2893.5,District 3,SPA 2 - San Fernando,Unincorporated - Lake Manor,15430375.9130859,28997.0458133355
4623,06037553400,1,1,3861,0.3,13638.6,District 4,SPA 7 - East,City of Downey,7892688.52636719,11760.4621301478
4624,06037800327,1,1,5305,2.2,2425.9,District 3,SPA 2 - San Fernando,City of Agoura Hills,61055323.7724609,37913.4809346852
4625,06037553200,1,1,7055,0.7,9822.8,District 4,SPA 7 - East,City of Bellflower,20708192.9628906,20498.1462722306
4626,06037553300,1,1,3390,0.3,10442.2,District 4,SPA 7 - East,City of Bellflower,9051052.14257813,14219.7343385235
4627,06037554403,1,1,5483,0.3,16826.4,District 4,SPA 7 - East,City of Bellflower,9085200.44238281,12224.8423820417
4628,06037554404,1,1,4447,0.3,13669.5,District 4,SPA 7 - East,City of Bellflower,9070132.74414063,12159.5471899607
4629,06037554512,1,1,6108,1.5,4126.9,District 4,SPA 7 - East,City of Cerritos,41263313.84375,26498.547493253
4630,06037602105,1,1,4273,0.2,17329.9,District 2,SPA 8 - South Bay,City of Hawthorne,6874249.65625,10463.5267061683
4631,06037602106,1,1,5702,0.3,18012.7,District 2,SPA 8 - South Bay,City of Hawthorne,8825443.3984375,13276.514233974
4632,06037553901,1,1,6896,0.5,13981.3,District 4,SPA 6 - South,City of Paramount,13751249.9082031,15765.3889022093
4633,06037602200,1,1,7314,0.8,8980.8,District 2,SPA 8 - South Bay,Unincorporated - Del Aire,22715704.6494141,23705.2109966727
4634,06037602403,1,1,5230,0.2,23126.1,District 2,SPA 8 - South Bay,City of Hawthorne,6305101.35644531,10061.7808826078
4635,06037602404,1,1,5863,0.2,23514.6,District 2,SPA 8 - South Bay,City of Hawthorne,6951424.11816406,11317.6265396101
4636,06037531701,1,1,5718,0.2,23244.5,District 1,SPA 7 - East,Unincorporated - East Los Angeles,6857886.90332031,11506.4208799631
4637,06037555001,1,1,5411,0.5,11101.1,District 4,SPA 7 - East,City of Lakewood,13869127.8476563,17435.4159830717
4638,06037531702,1,1,4754,0.3,18318.2,District 1,SPA 7 - East,Unincorporated - East Los Angeles,7235136.74902344,12152.7390161003
4639,06037531901,1,1,6529,0.3,21835.3,District 1,SPA 7 - East,Unincorporated - East Los Angeles,8297933.90332031,11917.9183797844
4640,06037531902,1,1,4077,0.3,14916.8,District 1,SPA 7 - East,Unincorporated - East Los Angeles,7619705.66601563,11338.9775714627
4641,06037532101,1,1,6663,0.5,12473.6,District 1,SPA 7 - East,City of Montebello,15458032.5224609,15715.2268518148
4642,06037532002,1,1,3151,0.3,9792.5,District 1,SPA 7 - East,City of Montebello,8970697.7421875,14983.8724819122
4643,06037553702,1,1,4902,0.3,16358.3,District 4,SPA 6 - South,City of Paramount,10006644.8388672,19069.735843289
4644,06037553801,1,1,4174,0.5,8349.1,District 4,SPA 6 - South,City of Paramount,13938320.1396484,15855.23461372
4645,06037553802,1,1,6342,0.7,9439.7,District 4,SPA 6 - South,City of Paramount,19122958.3574219,24497.78845726
4646,06037554002,1,1,5659,0.5,11543.8,District 4,SPA 7 - East,City of Bellflower,13667447.4375,20544.1215942174
4647,06037554101,1,1,3799,0.2,20761.9,District 4,SPA 7 - East,City of Bellflower,5101466.3671875,12582.3074567599
4648,06037554201,1,1,4108,0.4,10955.4,District 4,SPA 7 - East,City of Bellflower,10454205.5224609,13186.0301587498
4649,06037554516,1,1,3902,0.6,6951.3,District 4,SPA 7 - East,City of Cerritos,15649964.1767578,21523.3713044308
4650,06037620701,1,1,6704,0.4,17038.8,District 2,SPA 8 - South Bay,City of Redondo Beach,10969667.1396484,15220.0262654188
4651,06037554519,1,1,3613,0.6,5690.5,District 4,SPA 7 - East,City of Cerritos,18675912.1152344,19600.8004304078
4652,06037554521,1,1,5752,1.9,3084.1,District 4,SPA 7 - East,City of Cerritos,53226097.6875,38654.1450016871
4653,06037554700,1,1,4874,0.3,15751.2,District 4,SPA 7 - East,City of Norwalk,8627202.76757813,13803.1264767341
4654,06037554801,1,1,3366,0.3,9638.9,District 4,SPA 7 - East,City of Artesia,9736063.16601563,15120.042526378
4655,06037554802,1,1,6165,0.6,10399.6,District 4,SPA 7 - East,City of Artesia,16528832.7441406,19175.121144692
4656,06037620602,1,1,5376,0.5,10298.2,District 2,SPA 8 - South Bay,City of Redondo Beach,14546426.0136719,18812.473365628
4657,06037620702,1,1,7059,0.5,13797.5,District 2,SPA 8 - South Bay,City of Redondo Beach,14268812.1367188,16993.3293344066
4658,06037620901,1,1,2621,0.3,7772.3,District 2,SPA 8 - South Bay,City of Manhattan Beach,9401915.96484375,12903.2751729338
4659,06037621001,1,1,4119,0.4,11475.2,District 2,SPA 8 - South Bay,City of Hermosa Beach,10007644.2558594,15955.0655954181
4660,06037621002,1,1,1093,0.1,9629.5,District 2,SPA 8 - South Bay,City of Hermosa Beach,13206097.0332031,18555.8812797735
4661,06037621102,1,1,2883,0.2,13720.3,District 2,SPA 8 - South Bay,City of Hermosa Beach,5853873.35546875,10895.934603422
4662,06037541604,1,1,6207,0.3,19268.2,District 2,SPA 6 - South,City of Compton,8981139.67480469,12183.9671643858
4663,06037532500,1,1,4078,0.4,10415,District 4,SPA 7 - East,City of Huntington Park,10966013.8652344,19244.7860593759
4664,06037192510,1,1,3670,0.1,27895.1,District 3,SPA 4 - Metro,Los Angeles - Melrose,3667715.25488281,8117.7783354076
4665,06037800331,1,1,766,0.7,1038.8,District 3,SPA 2 - San Fernando,City of Westlake Village,20534569.4980469,23335.2745489615
4666,06037541002,1,1,3209,1.3,2422.8,District 2,SPA 8 - South Bay,City of Carson,36931874.4707031,25849.2817241945
4667,06037541100,1,1,3321,0.5,6911.7,District 2,SPA 6 - South,Unincorporated - Rosewood/West Rancho Dominguez,13396088.1083984,15380.3045157133
4668,06037192520,1,1,5067,0.1,42636.1,District 3,SPA 4 - Metro,Los Angeles - Melrose,3313098.5,7806.6812467635
4669,06037541200,1,1,5662,0.8,7046.9,District 2,SPA 6 - South,City of Compton,22982096.3076172,22997.5900047873
4670,06037541300,1,1,6044,0.5,11682,District 2,SPA 6 - South,City of Compton,14585485.4726563,16276.1394192536
4671,06037541400,1,1,7312,0.4,19840.1,District 2,SPA 6 - South,Unincorporated - Willowbrook,10275097.3095703,15506.6032264518
4672,06037541603,1,1,2983,0.5,6157.3,District 2,SPA 6 - South,City of Compton,13506847.2001953,20576.5521611304
4673,06037554900,1,1,6991,0.7,10301.7,District 4,SPA 7 - East,City of Artesia,18920995.0292969,25776.21627766
4674,06037555102,1,1,6526,0.6,11402.1,District 4,SPA 7 - East,City of Lakewood,15957744.2441406,16634.8200535774
4675,06037195802,1,1,2881,0.2,18537.8,District 1,SPA 4 - Metro,Los Angeles - Temple-Beaudry,4332620.78808594,9935.90876999144
4676,06037137504,1,1,1939,1.5,1308.6,District 3,SPA 2 - San Fernando,Los Angeles - Woodland Hills,41305116.3925781,32874.7738747659
4677,06037204920,1,1,2598,0.4,7394.5,District 1,SPA 4 - Metro,Los Angeles - Boyle Heights,9794921.05664063,12795.9481680628
4678,06037138000,1,1,4484,1.7,2596.7,District 3,SPA 2 - San Fernando,Los Angeles - Woodland Hills,48135943.0859375,31253.1303791812
4679,06037192610,1,1,4389,0.2,27364.6,District 3,SPA 4 - Metro,Los Angeles - Melrose,4471291.14355469,9148.65687396613
4680,06037143200,1,1,3743,0.4,10128.9,District 5,SPA 2 - San Fernando,Los Angeles - North Hollywood,10301572.9580078,14060.067521745
4681,06037143300,1,1,5871,0.6,9220,District 5,SPA 2 - San Fernando,Los Angeles - Studio City,17811684.8457031,19899.8245820909
4682,06037205110,1,1,3766,0.1,33990.4,District 1,SPA 4 - Metro,Los Angeles - Boyle Heights,3088819.34960938,9229.48190000546
4683,06037201301,1,1,3442,0.3,10214.2,District 1,SPA 4 - Metro,Los Angeles - El Sereno,9323296.5390625,19559.4357566334
4684,06037201302,1,1,3732,0.4,9746.6,District 1,SPA 4 - Metro,Los Angeles - Highland Park,10674526.1708984,14999.8815654385
4685,06037194500,1,1,2037,0.3,7698.1,District 3,SPA 4 - Metro,Los Angeles - Melrose,7376766.36230469,14978.227816105
4686,06037201401,1,1,4803,0.5,9771.1,District 1,SPA 4 - Metro,Los Angeles - El Sereno,14080873.2832031,15489.9911046557
4687,06037201402,1,1,4311,0.7,5751.7,District 1,SPA 4 - Metro,Los Angeles - El Sereno,20894870.6923828,19009.7794796171
4688,06037205120,1,1,3618,0.6,6391.4,District 1,SPA 4 - Metro,Los Angeles - Boyle Heights,15781304.2763672,20062.4973900943
4689,06037206020,1,1,7883,0.3,24282,District 1,SPA 4 - Metro,Los Angeles - Wholesale District,9402533.02734375,12029.068454871
4690,06037206050,1,1,2146,0.6,3379,District 1,SPA 4 - Metro,Los Angeles - Wholesale District,18707984.2460938,25458.8697229609
4691,06037207400,1,1,1363,0.3,4091.1,District 1,SPA 4 - Metro,Los Angeles - Downtown,9358165.87109375,15170.8717902609
4692,06037195100,1,1,4717,0.6,7799.6,District 1,SPA 4 - Metro,Los Angeles - Silverlake,20400893.2382813,21728.6733598046
